name,ratings,count_of_rating,company_types,hq,salary,interview_counts,jobs,benefits
TCS,3.3,1.2L,IT Services & Consulting,Bengaluru,10.4L,11.4k,5.1k,10.9k
Accenture,3.7,75.6k,IT Services & Consulting,Bengaluru,7.2L,9.5k,19.7k,6.9k
Wipro,3.6,66.7k,IT Services & Consulting,Hyderabad,4.9L,7k,182,4.9k
Cognizant,3.7,63k,IT Services & Consulting,Hyderabad,6.1L,6.6k,906,5.6k
Capgemini,3.6,55.1k,IT Services & Consulting,Bengaluru,5L,5.7k,2.1k,3.8k
HDFC Bank,3.8,54.3k,Banking,Mumbai,1.5L,3.2k,373,3.3k
Infosys,3.5,50.2k,IT Services & Consulting,Bengaluru,5.3L,8.6k,3.1k,4.9k
HCLTech,3.4,47.3k,IT Services & Consulting,Chennai,4L,4.6k,287,3.9k
ICICI Bank,3.9,46.9k,Banking,Mumbai,1.6L,3k,18,3.7k
Tech Mahindra,3.3,44.5k,IT Services & Consulting,Hyderabad,2.9L,4.7k,620,3.5k
Genpact,3.6,43.7k,Analytics & KPO,Hyderabad,2.4L,4k,486,3.6k
TP,3.9,39.9k,BPO,Mumbai,1L,2.3k,1.7k,1.9k
Axis Bank,3.6,34.4k,Banking,Mumbai,1L,2k,201,2.2k
Jio,4.4,34.2k,Telecom,Mumbai,61.1k,4.5k,--,2.5k
Concentrix Corporation,3.5,33.1k,BPO,Bengaluru,1.3L,2k,10,3.2k
Amazon,3.9,32.6k,Internet,Bengaluru,1.6L,6.1k,76,3.4k
Reliance Retail,3.9,27.9k,Retail,Mumbai,74.6k,2k,90,1.9k
iEnergizer,4.5,27.7k,BPO,Noida,25.2k,1.7k,64,804
LTM Limited,3.6,27.3k,IT Services & Consulting,Bengaluru,2L,3.5k,792,863
HDB Financial Services,3.9,26.4k,NBFC,Mumbai,49.3k,1.1k,2,1.4k
IBM,3.9,26.4k,IT Services & Consulting,Bengaluru,2.2L,2.7k,318,2.6k
Larsen & Toubro Limited,3.9,24.6k,Engineering & Construction,Mumbai,77k,1.9k,288,2.6k
Deloitte,3.6,24.1k,Management Consulting,Hyderabad,2.8L,3.4k,467,2.5k
Kotak Mahindra Bank,3.6,23.2k,Banking,Mumbai,88.2k,1.4k,203,1.3k
Reliance Industries,4.0,20.8k,Oil & Gas,Jamnagar,75.6k,1.7k,107,1.9k
Vodafone Idea,3.9,17.9k,Telecom,Pune,48.7k,715,74,2k
Bharti Airtel,3.8,17.5k,Telecom,Gurugram,50.3k,1.1k,162,1.6k
BYJU'S,3.2,16.4k,EdTech,Bengaluru,50k,2.1k,5,1.7k
WNS,3.3,15.7k,IT Services & Consulting,Pune,71.7k,1.3k,56,1.4k
IDFC FIRST Bank,4.0,15.6k,Banking,Mumbai,51.5k,1k,37,803
Ernst & Young,3.4,15.1k,Management Consulting,Bengaluru,1.5L,1.4k,3.2k,1.1k
IndusInd Bank,3.4,14.7k,Banking,Mumbai,52.8k,791,196,811
AU Small Finance Bank,3.8,14.6k,Banking,Jaipur,30.7k,725,162,611
Tata Motors,4.1,14.5k,Automobile,Pune,44.2k,1.3k,33,1.7k
Bajaj Finserv,3.9,13.7k,NBFC,Pune,32.4k,819,15,727
Muthoot FinCorp,4.5,13.4k,NBFC,Bengaluru,9.7k,2.4k,57,312
Flipkart,3.9,13.4k,Internet,Bengaluru,56.9k,1.8k,151,1.4k
PwC,3.3,13.2k,Management Consulting,Bengaluru,1.3L,1.6k,1.3k,869
Mahindra & Mahindra,4.0,12.5k,Automobile,Pune,42.1k,913,2,1.2k
HDFC Life,3.8,12.5k,Insurance,Mumbai,33.9k,841,145,644
Infosys BPM,3.5,12.4k,BPO,Bengaluru,78.4k,1.1k,31,1.2k
DXC Technology,3.6,12.3k,IT Services & Consulting,Bengaluru,75k,912,69,1.1k
Bandhan Bank,3.6,11.7k,Banking,Kolkata,27.9k,784,--,568
Digitide Solutions,3.4,10.6k,IT Services & Consulting,Hyderabad,27.3k,597,336,779
Yes Bank,3.7,10.5k,Banking,Mumbai,43.8k,581,196,628
Mphasis,3.3,10.5k,IT Services & Consulting,Bengaluru,75.5k,954,31,873
Tata Steel,4.0,10.2k,Iron & Steel,Jamshedpur,34.8k,1.1k,--,684
Quess,3.8,10.1k,Recruitment,Bengaluru,31.8k,554,29,448
Asian Paints,3.9,9.9k,Chemicals,Mumbai,26.7k,901,63,921
UltraTech Cement,4.1,9.8k,Building Material,Mumbai,25.3k,848,91,663
Startek,3.0,9.8k,BPO,Bengaluru,25.1k,674,261,702
Maruti Suzuki,4.1,9.8k,Automobile,Gurugram,29.6k,827,301,1k
Bajaj Finance,3.9,9.6k,NBFC,Pune,24.1k,468,7.7k,525
Paytm,3.2,9.6k,FinTech,Noida,35.7k,922,1.1k,566
Shriram Finance,3.9,9.4k,NBFC,Chennai,16k,477,4,76
Sutherland Global Services,3.3,9.4k,BPO,Chennai,36.4k,834,283,931
Equitas Small Finance Bank,4.3,9.2k,Banking,Chennai,14.2k,1k,35,454
Coforge,3.3,9.1k,IT Services & Consulting,Hyderabad,68.6k,985,324,428
Wells Fargo,3.6,9k,Financial Services,Bengaluru,65.5k,714,140,895
Cipla,4.1,8.8k,Pharma,Mumbai,27.1k,624,54,892
EXL Service,3.6,8.8k,Analytics & KPO,Noida,45.6k,942,95,818
Ericsson,3.9,8.6k,Telecom,Noida,42.6k,483,47,1k
Samsung,3.9,8.5k,Consumer Electronics & Appliances,Noida,26.7k,642,57,548
Dr. Reddy's,4.0,8.4k,Pharma,Hyderabad,26.2k,541,66,749
Optum Global Solutions,4.0,8.2k,IT Services & Consulting,Hyderabad,52.8k,796,427,724
JSW Steel,3.9,8.2k,Iron & Steel,Ballari,32.8k,884,162,641
Delhivery,3.7,8.1k,Logistics,Gurugram,23.1k,635,433,647
JPMorgan Chase & Co.,3.8,8k,Financial Services,Bengaluru,94.1k,894,418,879
ICICI Prudential Life Insurance,3.9,8k,Insurance,Mumbai,23.4k,498,429,630
Hexaware Technologies,3.4,8k,IT Services & Consulting,Chennai,56.6k,852,1.7k,579
Ujjivan Small Finance Bank,4.0,7.9k,Banking,Bengaluru,13.7k,344,126,578
Jana Small Finance Bank,3.7,7.9k,Banking,Bengaluru,14.4k,316,93,606
Sun Pharmaceutical Industries,4.0,7.9k,Pharma,Vadodara,24k,718,405,628
Zydus Lifesciences,4.0,7.8k,Pharma,Ahmedabad,20.6k,565,43,684
Ekart Logistics,3.9,7.8k,Logistics,Bengaluru,17.4k,422,1,425
HGS,3.7,7.7k,Emerging Technologies,Bengaluru,20.1k,279,21,962
KPMG India,3.4,7.6k,Management Consulting,Bengaluru,71.2k,966,116,771
Amazon Development Centre India,3.8,7.6k,Internet,Hyderabad,39.5k,913,17,609
Lupin,4.1,7.6k,Pharma,Pune,22.5k,459,50,778
Axis Max Life Insurance,4.0,7.5k,Insurance,New Delhi,20.8k,437,2.4k,547
ITC,3.8,7.4k,FMCG,Bengaluru,25.5k,720,80,647
L&T Construction,4.0,7.4k,Engineering & Construction,Chennai,19.1k,962,--,921
Hindustan Unilever,4.2,7.3k,FMCG,Mumbai,21k,487,47,708
Megha Engineering & Infrastructures,3.9,7.2k,Engineering & Construction,Hyderabad,19.8k,600,50,560
Tata Projects,4.2,7.1k,Engineering & Construction,Mumbai,23.1k,647,40,579
Cholamandalam Investment & Finance,3.8,6.9k,Financial Services,Chennai,13.4k,311,83,310
Bajaj Life Insurance,3.8,6.9k,Insurance,Pune,18.3k,459,108,494
L&T Technology Services,3.1,6.9k,IT Services & Consulting,Bengaluru,45.7k,659,1,514
FIS,3.7,6.7k,FinTech,Pune,39.1k,555,99,738
Oracle,3.3,6.7k,Software Product,Bengaluru,66k,970,313,651
JLL,4.1,6.7k,Real Estate,Gurugram,26k,511,514,568
Omega Healthcare,3.7,6.6k,BPO,Chennai,28.7k,576,164,412
Muthoot Finance,3.7,6.6k,NBFC,Bengaluru,13.3k,377,207,335
IIFL Finance,4.0,6.5k,NBFC,Mumbai,14k,343,67,397
eClerx,3.1,6.5k,IT Services & Consulting,Pune,34k,659,419,570
Indian Army,4.7,6.4k,Defence & Aerospace,New Delhi,9.5k,215,--,742
DMart,3.9,6.4k,Retail,Mumbai,19.8k,579,210,486
PolicyBazaar,3.7,6.4k,Internet,Gurugram,19k,670,1.3k,283
Indiamart Intermesh,3.6,6.3k,Internet,Noida,22k,816,263,511
Piramal Finance,4.2,6.3k,NBFC,Mumbai,13.1k,307,133,447
Virtusa Consulting Services,3.7,6.3k,IT Services & Consulting,Hyderabad,58.1k,696,237,335
HSBC Group,3.8,6.2k,Financial Services,Bengaluru,46.5k,570,124,1.1k
SMFG India Credit,3.9,6.2k,NBFC,Mumbai,11.4k,221,146,358
Access Healthcare,3.7,6.1k,BPO,Chennai,30.1k,424,825,392
HCL Group,3.5,6.1k,IT Services & Consulting,Chennai,38.6k,529,--,656
BigBasket,3.9,6k,Internet,Bengaluru,20.3k,513,80,392
Manappuram Finance,3.9,6k,NBFC,Bengaluru,9.7k,239,17,245
GlobalLogic,3.5,6k,IT Services & Consulting,Hyderabad,42.8k,705,62,545
ICICI Lombard General Insurance Company,3.5,6k,Insurance,Mumbai,20.9k,379,249,391
Siemens,4.0,6k,Industrial Automation,Bengaluru,35.5k,525,804,645
Apollo Hospitals,4.0,6k,Healthcare,Chennai,17.3k,512,388,525
Firstsource Solutions,3.5,6k,BPO,Bengaluru,25.4k,376,106,575
Aurobindo Pharma,4.0,5.9k,Pharma,Hyderabad,20.5k,306,22,465
Shapoorji Pallonji Group,4.1,5.9k,Engineering & Construction,Mumbai,15.5k,456,59,650
Tata Capital,4.0,5.9k,NBFC,Mumbai,16.5k,302,5.3k,275
UST,3.7,5.9k,IT Services & Consulting,Bengaluru,41.5k,616,671,407
Swiggy,3.7,5.9k,Internet,Bengaluru,25.2k,612,172,373
Standard Chartered,3.6,5.8k,Banking,Chennai,42.8k,336,14,317
Mahindra Finance,3.8,5.8k,NBFC,Mumbai,12.4k,230,135,524
Bosch Global Software Technologies,3.7,5.8k,IT Services & Consulting,Bengaluru,41.5k,399,57,645
Udaan,3.9,5.7k,Internet,Bengaluru,15.1k,376,6,704
Citicorp,3.6,5.7k,Financial Services,Pune,55.5k,648,--,532
Ashok Leyland,4.0,5.7k,Automobile,Chennai,19.1k,336,2,651
Hero MotoCorp,4.1,5.6k,Automobile,Gurugram,16.8k,435,4,605
CGI Inc,4.0,5.6k,IT Services & Consulting,Bengaluru,48.2k,580,501,360
SBI Cards & Payment Services,3.6,5.5k,Financial Services,Gurugram,16.4k,334,95,351
NTT DATA,3.8,5.5k,IT Services & Consulting,Bengaluru,39.9k,782,19,547
Kalpataru Projects International,4.1,5.5k,Engineering & Construction,Mumbai,14.4k,351,2,227
BNY,3.6,5.4k,Financial Services,Pune,32.5k,408,40,556
Nagarjuna Construction Company,4.0,5.4k,Engineering & Construction,Hyderabad,12.7k,470,21,421
Cyient,3.6,5.4k,IT Services & Consulting,Hyderabad,27.9k,340,153,449
IQVIA,3.7,5.4k,Clinical Research,Bengaluru,32.7k,579,33,548
Schneider Electric,4.1,5.4k,Industrial Automation,Bengaluru,26.6k,474,526,456
SBI Life Insurance Company,3.7,5.3k,Insurance,Mumbai,12.2k,330,6,344
CBRE,4.1,5.3k,Real Estate,Hyderabad,19.7k,367,37,484
JustDial,3.5,5.3k,Internet,Noida,15.3k,403,35,362
TVS Motor,3.8,5.3k,Automobile,Hosur,16.9k,435,162,555
State Bank of India,3.9,5.2k,Banking,Mumbai,11.9k,351,6,405
Persistent Systems,3.5,5.2k,IT Services & Consulting,Pune,48.4k,729,470,394
KEC International,4.0,5.1k,Engineering & Construction,Mumbai,13.9k,443,25,470
ITC Infotech,3.8,5.1k,IT Services & Consulting,Bengaluru,30.5k,430,121,295
Amdocs,3.6,5.1k,Software Product,Pune,38.2k,571,--,629
Atos,3.8,5.1k,IT Services & Consulting,Pune,33.5k,420,107,467
vivo,4.0,5k,Consumer Electronics & Appliances,Noida,12.9k,249,25,624
Varun Beverages,4.0,5k,Beverage,New Delhi,12.4k,364,34,331
JBM Group,3.9,5k,Auto Components,Gurugram,14.3k,375,74,358
Utkarsh Small Finance Bank,3.6,5k,Banking,Varanasi,11.6k,340,49,294
Ecom Express,4.1,4.9k,Logistics,Gurugram,9.4k,270,--,304
Randstad,3.7,4.9k,Recruitment,Hyderabad,17.7k,346,530,355
Nagarro,3.9,4.8k,IT Services & Consulting,Gurugram,34.4k,846,314,1.1k
Lenskart,3.4,4.8k,Internet,New Delhi,13.9k,534,240,321
EY Global Delivery Services ( EY GDS),3.5,4.8k,IT Services & Consulting,Bengaluru,55.2k,926,16,359
Bosch,4.1,4.8k,Auto Components,Bengaluru,21.5k,393,--,610
Hetero,3.9,4.8k,Pharma,Hyderabad,15.7k,446,118,381
Eviden,3.6,4.8k,IT Services & Consulting,Pune,26.6k,316,--,3
Intas Pharmaceuticals,4.1,4.8k,Pharma,Ahmedabad,18.4k,274,33,400
Havells,3.9,4.8k,Electrical Equipment,Noida,16.3k,313,28,323
L&T Finance,3.9,4.8k,NBFC,Mumbai,12.4k,239,--,248
R1 RCM,3.8,4.7k,BPO,Hyderabad,23.2k,373,183,353
Aditya Birla Fashion and Retail,4.1,4.7k,Fashion & Textile,Bengaluru,13.3k,279,71,398
Tata AIA Life Insurance,3.8,4.7k,Insurance,Mumbai,15.2k,269,779,315
Hewlett Packard Enterprise,4.0,4.7k,IT Services & Consulting,Bengaluru,27.8k,272,219,550
Cars24,3.4,4.7k,Internet,Gurugram,16k,420,79,400
Mahindra Logistics,3.7,4.7k,Logistics,Mumbai,13k,254,196,444
Berger Paints,3.7,4.7k,Chemicals,Kolkata,10.8k,462,283,278
Dell,3.8,4.6k,Consumer Electronics & Appliances,Bengaluru,29.3k,442,18,546
Deutsche Bank,3.8,4.6k,Banking,Pune,39k,439,283,425
Home Credit Finance,4.0,4.6k,NBFC,Gurugram,9.1k,155,124,597
Motilal Oswal Financial Services,3.7,4.6k,Financial Services,Mumbai,13.7k,562,41,179
OPPO,3.9,4.5k,Consumer Electronics & Appliances,Greater Noida,11.5k,265,13,583
TeamLease Services,3.9,4.5k,Recruitment,Bengaluru,16.8k,263,--,221
Hyundai Motor India Limited,4.1,4.5k,Automobile,Chennai,14.6k,334,7,530
VE Commercial Vehicles,3.9,4.5k,Automobile,Indore,14.7k,304,24,363
Thermax Limited,4.2,4.4k,Industrial Machinery,Pune,13.6k,362,46,393
Jubilant Foods Works,3.7,4.4k,Hospitality,Noida,10.1k,266,365,202
Macleods Pharmaceuticals,3.7,4.4k,Pharma,Mumbai,16.1k,282,33,348
Carelon Global Solutions,4.0,4.4k,IT Services & Consulting,Bengaluru,29.4k,435,134,32
Jindal Steel Limited,3.9,4.3k,Iron & Steel,Angul,16.6k,451,33,350
Aakash Educational Services,3.2,4.3k,Education & Training,New Delhi,14.2k,384,118,213
State Street Corporation,3.5,4.3k,Financial Services,Bengaluru,35k,305,10,274
State Street Corporation,3.5,4.3k,Financial Services,Bengaluru,35k,305,10,274
Bajaj Auto,3.8,4.3k,Automobile,Pune,15.2k,338,40,486
LG Electronics,3.8,4.3k,Consumer Electronics & Appliances,Pune,11.4k,273,14,404
HDFC ERGO General Insurance,3.9,4.2k,Insurance,Mumbai,12.3k,212,7,278
DCB Bank,3.8,4.2k,Banking,Mumbai,9.8k,239,14,259
Kogta Financial India Limited,4.6,4.2k,NBFC,Jaipur,2k,252,100,38
Royal Enfield,4.2,4.2k,Automobile,Chennai,15.3k,212,1,397
RBL Bank,3.5,4.2k,Banking,Mumbai,18.9k,254,41,221
John Deere,4.0,4.2k,Industrial Machinery,Pune,15.9k,278,4,440
Publicis Sapient,3.2,4.1k,IT Services & Consulting,Bengaluru,33.7k,717,88,407
Cloudnine Hospital,4.5,4.1k,Healthcare,Bengaluru,3.2k,1.6k,32,199
Tata Communications,3.8,4.1k,Telecom,Pune,24k,312,186,429
Cummins,4.3,4.1k,Industrial Machinery,Pune,15.9k,299,185,467
Alembic Pharmaceuticals,3.9,4.1k,Pharma,Vadodara,16k,272,53,390
Pidilite Industries,4.2,4.1k,Chemicals,Mumbai,12.3k,278,13,366
Aditya Birla Sun Life Insurance,4.0,4k,Insurance,Mumbai,10.7k,194,--,217
Grasim Industries,4.0,4k,Building Material,Bharuch,13.4k,300,5,298
Bank of America,4.1,4k,Banking,Gurugram,30.6k,298,--,417
PNB MetLife,3.3,4k,Insurance,New Delhi,8.5k,202,1,224
American Express,4.1,4k,Financial Services,Gurugram,26.3k,443,244,460
Aditya Birla Capital,3.8,4k,NBFC,Mumbai,14.9k,274,--,225
Kyndryl,3.9,4k,IT Services & Consulting,Bengaluru,28.7k,242,676,178
Oyo Rooms,3.0,4k,Hospitality,Gurugram,13.2k,268,129,393
Subros,3.8,4k,Auto Components,Noida,12.9k,233,1,399
KPIT Technologies,2.8,4k,Software Product,Pune,24.6k,355,18,295
ADP Private Limited,3.9,4k,Software Product,Hyderabad,22.6k,305,59,469
Escorts Kubota Limited,4.1,3.9k,Industrial Machinery,Faridabad,14.2k,318,6,277
Maersk,3.9,3.9k,Logistics,Chennai,20.1k,257,65,439
JK Cement,4.0,3.9k,Building Material,New Delhi,10.8k,363,6,275
Viatris,4.1,3.9k,Pharma,Hyderabad,14.5k,174,13,508
XpressBees,4.1,3.9k,Logistics,Pune,8.5k,448,8,161
Blinkit,3.8,3.9k,Internet,Gurugram,14.9k,405,1,240
PVR INOX,3.9,3.9k,Media & Entertainment,New Delhi,9.7k,226,51,252
PhonePe,4.0,3.9k,FinTech,Bengaluru,14.5k,452,72,207
Altruist Technologies,4.3,3.9k,BPO,Bengaluru,8.4k,726,6,84
Birlasoft,3.4,3.9k,IT Services & Consulting,Pune,29.9k,323,602,255
Synechron,3.4,3.9k,IT Services & Consulting,Pune,29.5k,417,149,261
Glenmark Pharmaceuticals,3.8,3.8k,Pharma,Mumbai,12.3k,195,219,333
Sodexo,4.0,3.8k,Hospitality,Mumbai,10.3k,220,2.2k,366
Kotak Mahindra Life Insurance Company,3.5,3.8k,Insurance,Mumbai,12.9k,269,292,263
Reliance Communications,3.9,3.8k,Telecom,Mumbai,9.2k,110,--,357
Bharat Electronics,4.2,3.8k,Electronics Manufacturing,Bengaluru,13k,258,--,316
Dabur,3.8,3.8k,FMCG,New Delhi,9.2k,355,41,280
Cogent E Services,3.1,3.8k,BPO,Noida,10.6k,300,2,222
UNO Minda,3.9,3.8k,Auto Components,Pune,12.1k,279,151,309
ArcelorMittal Nippon Steel India,4.1,3.8k,Iron & Steel,Surat,13.3k,287,12,134
Godrej & Boyce Manufacturing,3.8,3.7k,Consumer Electronics & Appliances,Mumbai,15.3k,247,55,409
Abbott,4.1,3.7k,Pharma,Mumbai,12.2k,192,208,367
Ipca Laboratories,3.8,3.7k,Pharma,Mumbai,11.8k,226,48,246
Aarti Industries,4.1,3.7k,Agro Chemicals,Bharuch,14.7k,341,93,357
Samvardhana Motherson Group,3.7,3.7k,Auto Components,Noida,12k,266,24,415
Reliance Projects & Property Management Services,4.0,3.7k,Other,Kolkata,7.6k,218,--,34
Reliance Digital,4.1,3.7k,Retail,Mumbai,8.4k,184,2,255
IGT Solutions,3.2,3.7k,BPO,New Delhi,14k,261,293,225
MRF Tyres,3.6,3.7k,Auto Components,Chennai,13.4k,395,80,350
Indian Oil Corporation,4.3,3.6k,Oil & Gas,New Delhi,7.9k,249,--,302
Alkem Laboratories,3.9,3.6k,Pharma,Mumbai,10.3k,208,51,327
"NTT DATA, Inc.",3.9,3.6k,IT Services & Consulting,Bengaluru,21k,162,128,259
Johnson Controls,3.5,3.6k,Industrial Automation,Pune,18.1k,312,4,273
Honda Motorcycle & Scooter,4.1,3.6k,Automobile,Gurugram,11.2k,215,--,347
[24]7.ai,3.4,3.6k,Hospitality,Bengaluru,11.7k,203,64,418
Vishal Mega Mart,3.7,3.6k,Retail,New Delhi,6.3k,224,3,274
Barclays,3.7,3.6k,Banking,Pune,35k,329,--,274
Hindustan Coca Cola Beverages,4.0,3.5k,Beverage,Bengaluru,8.2k,197,24,384
DTDC Express,3.7,3.5k,Logistics,New Delhi,9k,208,41,267
Bajaj General Insurance Limited,3.6,3.5k,Insurance,Pune,11.2k,149,344,244
TVS Credit Services Ltd,4.1,3.5k,NBFC,Chennai,7.5k,171,39,197
RSPL Group,4.0,3.5k,FMCG,Kanpur,10.1k,274,43,298
IndusInd Nippon Life Insurance,3.3,3.5k,Insurance,Mumbai,8.1k,175,13,216
ABB,4.0,3.5k,Industrial Machinery,Bengaluru,19.3k,311,557,368
UBS,3.8,3.5k,Financial Services,Pune,32.5k,382,2,130
AGS Health,3.9,3.5k,Analytics & KPO,Chennai,15.4k,225,54,299
Ceat Tyres,3.9,3.5k,Auto Components,Nagpur,13.1k,217,51,352
Sagility,3.9,3.5k,BPO,Bengaluru,13.9k,311,77,130
NatWest Group,3.9,3.4k,Banking,Gurugram,22.1k,244,5,379
Ford Motor,4.2,3.4k,Automobile,Chennai,15.7k,180,6,404
Alstom Transportation,3.7,3.4k,Engineering & Construction,Bengaluru,16.1k,294,175,191
Croma,3.8,3.4k,Retail,Mumbai,9.9k,197,47,200
HARMAN,3.8,3.4k,Consumer Electronics & Appliances,Bengaluru,24.3k,301,158,109
Niva Bupa Health Insurance Company,4.0,3.4k,Insurance,New Delhi,8.9k,390,225,137
InterGlobe Aviation,3.4,3.4k,Aviation,New Delhi,13.8k,387,30,319
Conduent,3.4,3.4k,BPO,Bengaluru,17.3k,250,177,377
Tata Technologies,3.4,3.4k,Automobile,Pune,23.8k,318,294,320
Tata AIG,4.0,3.3k,Insurance,Mumbai,12.2k,203,113,242
Indian Air Force,4.6,3.3k,Defence & Aerospace,New Delhi,5.3k,88,2,355
Tata AutoComp Systems,3.7,3.3k,Auto Components,Pune,11.8k,226,99,190
GeBBS Healthcare Solutions,3.8,3.3k,BPO,Mumbai,11.5k,191,79,302
Jindal Stainless,4.1,3.3k,Iron & Steel,Jajpur,12.1k,343,178,210
Canara HSBC Life Insurance,4.1,3.3k,Insurance,Gurugram,6.5k,580,1,179
PepsiCo,4.0,3.3k,Food Processing,Hyderabad,14.6k,257,244,263
UPL,4.1,3.3k,Agro Chemicals,Ankleshwar,11.3k,229,46,296
Tata Electronics,3.8,3.3k,Semiconductors,Hosur,13.8k,303,19,115
Max Healthcare,4.0,3.3k,Healthcare,New Delhi,10.8k,208,178,299
Mankind Pharma,3.8,3.3k,Pharma,New Delhi,10k,271,10,261
Titan Company,4.2,3.3k,Retail,Bengaluru,10.1k,220,99,349
Ambuja Cements,3.9,3.3k,Building Material,Ahmedabad,8.8k,259,28,311
Amazon Transportation Services,4.2,3.2k,Logistics,Hyderabad,8.9k,265,--,250
S&P Global,3.9,3.2k,Analytics & KPO,Hyderabad,21.5k,340,95,227
Dilip Buildcon,3.9,3.2k,Engineering & Construction,Bhopal,8k,197,9,296
Societe Generale Global Solution Centre,3.6,3.2k,IT Services & Consulting,Bengaluru,23.8k,308,34,304
Allcargo Logistics,3.8,3.2k,Logistics,Mumbai,6.8k,143,8,327
Varroc Group,3.6,3.2k,Auto Components,Pune,9.8k,229,27,246
MSN Laboratories,3.6,3.2k,Pharma,Hyderabad,10.1k,183,25,165
Quest Global,3.5,3.2k,IT Services & Consulting,Bengaluru,22.5k,376,192,205
Walmart,3.4,3.2k,Retail,Bengaluru,25.1k,452,213,323
ESAF Small Finance Bank,3.6,3.2k,Banking,Thrissur,7.8k,185,75,112
Ola Electric Mobility,3.3,3.2k,Automobile,Bengaluru,9.8k,316,--,94
IDFC FIRST Bharat,4.1,3.2k,Financial Services,Chennai,5.3k,168,3,92
Afcons Infrastructure,4.2,3.2k,Engineering & Construction,Mumbai,8.8k,283,45,323
Torrent Pharmaceuticals,4.0,3.2k,Pharma,Ahmedabad,10.4k,178,24,320
DS Group,4.0,3.2k,FMCG,Noida,8.2k,240,25,229
Zepto,3.6,3.1k,Internet,Bengaluru,11.3k,493,44,64
Bharat Financial Inclusion,3.7,3.1k,Financial Services,Hyderabad,5.7k,130,4,182
Marpu Foundation,4.9,3.1k,Non-Profit,Hyderabad,61,266,--,8
Tata Elxsi,3.4,3.1k,IT Services & Consulting,Bengaluru,25k,350,84,215
Suzlon Group,4.0,3.1k,Power,Pune,8.4k,190,51,333
Indus Towers,3.6,3.1k,Telecom,Gurugram,9.6k,240,53,214
HDFC Sales,3.9,3.1k,Financial Services,Mumbai,8.3k,202,39,188
Zensar Technologies,3.6,3.1k,IT Services & Consulting,Pune,25.9k,288,421,251
Square Yards,3.5,3.1k,Internet,Gurugram,9.7k,238,76,227
Eternal Limited,3.6,3.1k,Internet,Gurugram,15.6k,371,12,226
Fujitsu,3.8,3.1k,IT Services & Consulting,Pune,17.9k,214,73,204
I Process Services,3.8,3k,Recruitment,Mumbai,5.5k,142,2,114
VVDN Technologies,3.6,3k,IT Services & Consulting,Gurugram,14.4k,269,17,136
CMS IT Services,3.1,3k,IT Services & Consulting,Mumbai,9.2k,161,22,187
Future Group,4.2,3k,Retail,Mumbai,6.1k,85,--,399
IKS Health,3.5,3k,BPO,Mumbai,11.8k,278,22,240
ACC,3.9,3k,Building Material,Mumbai,9.2k,239,20,269
Yazaki,3.9,3k,Auto Components,Pune,9.4k,200,36,273
Shree Cement,3.8,3k,Building Material,Beawar,10.2k,247,16,229
Nokia,4.0,3k,Telecom,Bengaluru,17.6k,334,9,549
Shoppers Stop,3.9,3k,Retail,Mumbai,7.1k,152,49,319
Apollo Tyres,4.0,3k,Auto Components,Chennai,10.1k,159,35,335
Fiserv,2.7,2.9k,FinTech,Pune,17.7k,204,24,324
Physicswallah,3.6,2.9k,EdTech,Noida,9.9k,315,434,73
Britannia,4.0,2.9k,Hospitality,Pune,8.5k,251,35,251
Exl India,3.5,2.9k,Logistics,New Delhi,19.2k,139,2,187
Landmark Group,3.8,2.9k,Retail,Bengaluru,9.7k,182,4,269
Foxconn,3.8,2.9k,Electronics Manufacturing,Chennai,12.5k,261,4,142
SRF,4.1,2.9k,Chemicals,Bharuch,9.4k,215,19,260
SRF,4.1,2.9k,Chemicals,Bharuch,9.4k,215,19,260
ZS,3.0,2.9k,Management Consulting,Pune,22.6k,539,82,280
Kansai Nerolac Paints,3.8,2.9k,Chemicals,Mumbai,8.2k,201,65,190
Star Health & Allied Insurance,3.5,2.9k,Insurance,Chennai,10.7k,164,40,174
Blue Dart Express Ltd,3.9,2.8k,Logistics,Mumbai,7.1k,139,6,234
Nestlé,3.7,2.8k,FMCG,Gurugram,10.1k,295,14,312
Exide Industries,3.4,2.8k,Electrical Equipment,Kolkata,9.2k,227,4,241
Shell,3.9,2.8k,Oil & Gas,Bengaluru,14.5k,244,42,259
UnitedHealth,4.0,2.8k,Healthcare,Hyderabad,13.3k,84,--,434
Micro Labs,3.6,2.8k,Pharma,Bengaluru,9.9k,158,12,205
KPMG Global Services,3.4,2.8k,Management Consulting,Bengaluru,24.8k,275,40,14
Flex,3.9,2.8k,Electronics Manufacturing,Chennai,15.3k,217,45,438
TVS Supply Chain Solutions,3.8,2.8k,Logistics,Chennai,8.5k,172,18,194
Blue Star,4.0,2.7k,Consumer Electronics & Appliances,Mumbai,10k,206,123,251
Gallagher,3.6,2.7k,Insurance,Bengaluru,15.1k,284,213,141
ElasticRun,3.6,2.7k,Logistics,Pune,6.7k,280,4,224
Care Health Insurance,3.5,2.7k,Insurance,Gurugram,9.2k,172,39,174
Photon Interactive,4.0,2.7k,IT Services & Consulting,Chennai,7.8k,142,877,113
Tata Advanced Systems,3.7,2.7k,Defence & Aerospace,Bengaluru,13.4k,197,14,149
KFintech,3.3,2.7k,Financial Services,Hyderabad,11.3k,181,27,57
Ajanta Pharma,3.9,2.7k,Pharma,Mumbai,9.3k,173,23,229
G4S,4.0,2.7k,Law Enforcement & Security,Gurugram,5.3k,138,916,241
Movate,3.1,2.7k,IT Services & Consulting,Chennai,15.5k,299,140,13
Sonalika Tractors,3.5,2.7k,Automobile,Hoshiarpur,9.3k,179,1,183
Voltas,4.0,2.7k,Consumer Electronics & Appliances,Mumbai,8.7k,180,24,259
Capita,3.5,2.7k,BPO,Pune,12.4k,169,39,322
Whitehat jr,3.3,2.7k,EdTech,Mumbai,8.8k,266,--,926
DBS Bank,3.7,2.7k,Banking,Hyderabad,13.5k,209,454,195
Adani Power,3.8,2.7k,Power,Mundra,10.1k,339,--,180
ACT Fibernet,3.8,2.7k,Telecom,Hyderabad,8k,169,217,262
NoBroker,3.0,2.7k,Internet,Bengaluru,11.2k,292,433,363
BlackBuck,3.7,2.7k,Internet,Bengaluru,6.5k,223,11,243
IntouchCX,2.7,2.7k,BPO,Hyderabad,10.7k,245,117,165
Himalaya Wellness,3.9,2.7k,Pharma,Bengaluru,6.2k,157,163,262
Foundever,3.3,2.7k,BPO,Hyderabad,9.4k,196,86,214
Laurus Labs,4.3,2.7k,Pharma,Visakhapatnam,7.5k,164,7,226
Fortis Healthcare,4.1,2.7k,Healthcare,New Delhi,7.8k,197,1.4k,148
Domino's Pizza,3.9,2.7k,Hospitality,New Delhi,4.4k,146,--,396
GAO Tek,4.4,2.6k,Electrical Equipment,New York,269,760,--,130
BT Group,3.8,2.6k,Telecom,Gurugram,12.2k,235,6,285
V-Mart,4.0,2.6k,Retail,Gurugram,4.7k,202,18,220
JCB,3.9,2.6k,Industrial Machinery,Pune,10k,177,--,247
Sahrudaya Healthcare (Medicover Hospitals),4.3,2.6k,Healthcare,Hyderabad,3.7k,147,54,1
Alldigi Tech,3.8,2.6k,BPO,Chennai,7.6k,239,5,116
Northern Trust Operating Services,3.6,2.6k,Financial Services,Bengaluru,18k,248,139,229
Adani Group,3.8,2.6k,Power,Ahmedabad,12.3k,323,680,124
CorroHealth Infotech,3.5,2.6k,Analytics & KPO,Hyderabad,8.2k,289,12,20
Sterlite Technologies,3.8,2.6k,Hardware & Networking,Chhatrapati Sambhajinagar,10k,192,124,211
ICICI Securities,3.9,2.6k,Financial Services,Mumbai,9.9k,202,49,196
Tractors and Farm Equipment,3.9,2.6k,Industrial Machinery,Chennai,8.5k,140,39,284
Bajaj Electricals,3.9,2.5k,Consumer Electronics & Appliances,Mumbai,7.4k,161,21,289
Parle Agro,3.9,2.5k,Beverage,Mumbai,7.2k,156,1,221
Sammaan Capital Limited,3.7,2.5k,NBFC,Gurugram,5.7k,115,39,118
TaskUs,2.9,2.5k,BPO,Indore,10.5k,236,184,135
Emcure Pharmaceuticals,3.6,2.5k,Pharma,Pune,8.9k,135,69,249
Biocon Limited,4.0,2.5k,Biotechnology,Bengaluru,11.5k,191,15,14
Hero FinCorp,3.9,2.5k,NBFC,New Delhi,6k,125,79,130
Planet Spark,3.8,2.5k,EdTech,Gurugram,3.8k,606,65,203
Mahindra Holidays & Resorts,3.5,2.5k,Hospitality,Mumbai,6.1k,136,76,197
Cadila Pharmaceuticals,3.1,2.5k,Pharma,Ahmedabad,8.3k,170,114,183
Intellect Design Arena,3.5,2.5k,Software Product,Chennai,14.2k,184,15,118
Datamatics Global Services,3.4,2.5k,IT Services & Consulting,Mumbai,11.7k,184,110,178
Syngene International,3.7,2.5k,Clinical Research,Bengaluru,12.8k,192,1,221
Mahindra Rural Housing Finance,4.0,2.5k,NBFC,Mumbai,4.8k,110,6,177
Newgen Software Technologies,4.1,2.5k,IT Services & Consulting,Noida,11.8k,210,31,151
McDonald's,3.8,2.5k,Hospitality,New Delhi,5.1k,163,1,404
Team Computers,3.8,2.5k,IT Services & Consulting,New Delhi,8.9k,226,197,158
Bureau Veritas,3.8,2.5k,Other,Mumbai,8.6k,149,55,189
Patanjali Ayurved,3.9,2.5k,FMCG,Haridwar,5.9k,142,--,240
RMSI,3.5,2.5k,IT Services & Consulting,Hyderabad,9.2k,202,10,194
Paras Hospital,4.1,2.5k,Healthcare,Patna,3.3k,108,83,125
Aditya Birla Group,4.1,2.5k,Metals & Mining,Mumbai,10.2k,249,2,252
3i Infotech,3.4,2.5k,IT Services & Consulting,Mumbai,10.7k,172,93,153
Cholamandalam MS General Insurance,3.7,2.4k,Insurance,Chennai,5.9k,119,--,169
Info Edge,3.8,2.4k,Internet,Noida,11.6k,388,432,309
Taj Hotels Resorts and Palaces,4.2,2.4k,Hospitality,Mumbai,5k,165,--,182
Delhi Public School,3.7,2.4k,Education & Training,New Delhi,5.3k,166,112,265
Aavas Financiers,3.9,2.4k,NBFC,Jaipur,5.7k,129,62,134
Statestreet HCL Services,3.4,2.4k,BPO,Chennai,12.3k,221,--,202
Lodha,4.2,2.4k,Real Estate,Mumbai,9.2k,186,182,184
Capgemini Engineering,3.3,2.4k,IT Services & Consulting,Bengaluru,13.1k,409,--,142
TCE,3.9,2.4k,Engineering & Construction,Mumbai,10.3k,305,26,182
Apollo Pharmacy,3.7,2.4k,Pharma,Hyderabad,7.4k,211,1.1k,138
Axis Direct,3.6,2.4k,Financial Services,Mumbai,4.6k,90,44,208
Kia India,3.9,2.4k,Automobile,Anantapur,8.4k,185,94,173
Cybage,3.7,2.4k,IT Services & Consulting,Pune,17.3k,216,25,275
Straive,3.3,2.4k,IT Services & Consulting,Chennai,10.8k,237,77,125
Sopra Steria,3.9,2.4k,IT Services & Consulting,Noida,14.4k,188,138,245
GVK Emergency Management and Research Institute,3.6,2.4k,Non-Profit,Lucknow,4.7k,122,65,181
SBI Securities,3.6,2.4k,Financial Services,Mumbai,7k,197,107,107
Xoriant,4.0,2.4k,IT Services & Consulting,Pune,11.7k,237,50,407
Star Union Dai-ichi Life Insurance,3.8,2.4k,Insurance,Mumbai,5.5k,148,17,104
KocharTech,3.6,2.4k,IT Services & Consulting,Kolkata,3.8k,83,16,559
Akums Drugs & Pharmaceuticals Limited,4.2,2.4k,Pharma,Haridwar,6.3k,338,28,152
Sobha,3.8,2.4k,Real Estate,Bengaluru,8.6k,169,61,235
Endurance Technologies Limited,3.9,2.4k,Auto Components,Chhatrapati Sambhajinagar,8.1k,148,33,248
Daikin Airconditioning India Pvt. Ltd.,4.2,2.3k,Consumer Electronics & Appliances,Neemrana,8.1k,222,14,161
BNP Paribas,3.7,2.3k,Banking,Mumbai,19.5k,225,35,188
Bharat Petroleum,4.2,2.3k,Oil & Gas,Mumbai,7.5k,192,--,192
JK Tyre,3.9,2.3k,Auto Components,Chennai,7.1k,223,7,263
Eureka Forbes,3.6,2.3k,Consumer Electronics & Appliances,Mumbai,5.7k,95,8,228
Panasonic Life Solutions India,3.9,2.3k,Consumer Electronics & Appliances,Mumbai,7.3k,100,18,120
Lifestyle,4.2,2.3k,Retail,Bengaluru,6.7k,91,27,270
Myntra,3.8,2.3k,Internet,Bengaluru,10.9k,390,9,309
AWL Agri Business,4.1,2.3k,FMCG,Ahmedabad,7.1k,146,15,190
Radisson Hotels,4.0,2.3k,Hospitality,New Delhi,5.3k,110,169,316
SBI General Insurance,3.5,2.3k,Insurance,Mumbai,6.8k,137,39,134
Bharti AXA Life Insurance,3.6,2.3k,Insurance,Mumbai,5.2k,156,858,169
Unacademy,3.0,2.3k,EdTech,Bengaluru,10.4k,243,11,158
Renault Nissan Technology & Business Centre India,3.6,2.3k,Automobile,Chennai,15.4k,159,25,211
Cisco,4.1,2.3k,Hardware & Networking,Bengaluru,19.5k,428,303,229
Meesho,3.7,2.3k,Internet,Bengaluru,10.2k,458,45,301
Coromandel International,4.1,2.3k,Agro Chemicals,Visakhapatnam,7.9k,131,42,225
ValueLabs,3.4,2.3k,IT Services & Consulting,Hyderabad,16.6k,221,83,270
Sify Technologies,3.6,2.3k,IT Services & Consulting,Chennai,10.2k,151,60,159
Henry Harvin Education,4.0,2.2k,EdTech,Noida,993,138,24,76
Indian Railways,4.2,2.2k,Railways,Kolkata,3.6k,116,--,162
Lava International,3.9,2.2k,Consumer Electronics & Appliances,Noida,4.4k,95,9,296
Whirlpool,4.0,2.2k,Consumer Electronics & Appliances,Pune,7.9k,122,15,199
Shahi Exports,3.9,2.2k,Fashion & Textile,Bengaluru,6.9k,129,59,226
Allstate,3.7,2.2k,Insurance,Pune,12.1k,158,18,190
Bank of Baroda,3.6,2.2k,Banking,Mumbai,7.1k,128,--,150
Manipal Hospitals,4.0,2.2k,Healthcare,Bengaluru,7.5k,146,245,151
Mercedes-Benz Research and Development India,3.5,2.2k,IT Services & Consulting,Bengaluru,18.6k,212,--,199
GlaxoSmithKline Pharmaceuticals,4.1,2.2k,Pharma,Bengaluru,6k,133,21,116
Generali Central Life Insurance,3.4,2.2k,Insurance,Mumbai,6.9k,123,21,165
Infinite Computer Solutions,3.2,2.2k,IT Services & Consulting,Bengaluru,16.2k,185,154,113
Poonawalla Fincorp,3.5,2.2k,NBFC,Pune,6.3k,91,8,133
FirstCry,3.5,2.2k,Retail,Pune,9.3k,220,6,80
Jio Platforms,3.4,2.2k,IT Services & Consulting,Mumbai,15.3k,274,--,69
Spark Minda,3.8,2.2k,Auto Components,Pune,7.6k,165,15,49
Saint-Gobain,3.8,2.2k,Building Material,Mumbai,12.3k,222,162,260
Nuvoco Vistas,4.1,2.2k,Building Material,Kolkata,7.4k,139,57,148
Life Insurance Corporation of India,4.4,2.2k,Insurance,Mumbai,4.7k,108,2,232
CAMS,3.5,2.2k,Financial Services,Chennai,9.2k,154,8,56
Brakes India,3.9,2.2k,Auto Components,Chennai,7.4k,110,47,218
Cargill,3.9,2.2k,Food Processing,Bengaluru,8.8k,115,119,157
NTT DATA Business Solutions,4.1,2.2k,IT Services & Consulting,Bengaluru,13.5k,287,27,37
BHEL,4.2,2.2k,Electrical Equipment,Bengaluru,5.3k,142,53,231
upGrad,3.3,2.2k,EdTech,Bengaluru,9.6k,220,27,135
Kotak Securities,3.4,2.2k,Financial Services,Mumbai,9.7k,151,29,153
Nokia Networks,4.1,2.2k,Hardware & Networking,Chennai,10.3k,130,7,13
Power Mech Projects,3.8,2.2k,Engineering & Construction,Hyderabad,7k,127,2,165
Microsoft Corporation,3.8,2.2k,Software Product,Bengaluru,32.9k,641,--,199
Force Motors,3.7,2.2k,Automobile,Pune,8.3k,150,22,157
CitiusTech,3.1,2.2k,IT Services & Consulting,Mumbai,15k,327,10,173
Provana,4.1,2.1k,BPO,Noida,4.7k,280,10,328
"Maruti Suzuki India Limited, Hansalpur",4.2,2.1k,Automobile,Ahmedabad,6.9k,241,365,175
Pfizer,3.9,2.1k,Pharma,Visakhapatnam,6k,92,93,283
EPAM Systems,3.6,2.1k,IT Services & Consulting,Hyderabad,25.7k,673,247,145
SGS,3.7,2.1k,Engineering & Construction,Mumbai,6.8k,134,142,188
IndusInd General Insurance,3.6,2.1k,Insurance,Mumbai,7.2k,106,14,133
Biological E,4.3,2.1k,Pharma,Hyderabad,7.3k,150,37,229
Morgan Stanley,3.5,2.1k,Financial Services,Mumbai,28.6k,345,58,164
ITC Hotels,4.0,2.1k,Hospitality,Bengaluru,5.5k,109,--,202
Reliance Trends,4.1,2.1k,Retail,Bengaluru,4.1k,127,--,205
Huawei Technologies,4.1,2.1k,Telecom,Bengaluru,7.6k,120,34,280
K12 Techno Services,3.7,2.1k,EdTech,Bengaluru,5.5k,448,348,73
Simplex Infrastructures,3.4,2.1k,Engineering & Construction,Kolkata,4.2k,86,1,280
Raymond Lifestyle Limited,4.2,2.1k,Fashion & Textile,Mumbai,6.3k,126,26,233
Delphi TVS,3.8,2.1k,Auto Components,Chennai,5.6k,103,3,201
Aditya Birla Health Insurance Co,3.7,2.1k,Insurance,Mumbai,7.3k,135,4,101
Narayana Health,4.0,2.1k,Healthcare,Bengaluru,6.3k,101,114,149
YASH Technologies,3.6,2.1k,IT Services & Consulting,Hyderabad,16.3k,180,580,184
Shadowfax Technologies,3.5,2.1k,Logistics,Bengaluru,8k,176,35,85
Ola Cabs,3.2,2.1k,Internet,Bengaluru,8.8k,156,2,212
Trent,3.8,2.1k,Retail,Mumbai,5.4k,114,36,133
Extramarks Education,3.2,2.1k,EdTech,Noida,7.2k,178,5,146
Haier Appliances India,3.9,2k,Consumer Electronics & Appliances,Pune,7.3k,173,28,173
IDBI Bank,3.3,2k,Banking,Mumbai,6.4k,89,--,129
Novartis,4.2,2k,Pharma,Hyderabad,10.6k,172,1,232
Senco Gold,4.4,2k,Jewellery,Kolkata,1.6k,634,1,29
Motherson Automotive Technologies and Engineering,3.7,2k,Auto Components,Chennai,7.8k,166,--,158
Honeywell Automation,3.8,2k,Industrial Automation,Pune,12.8k,140,--,164
R.R. Donnelley,3.6,2k,Marketing & Advertising,Chennai,10.3k,130,13,212
AECOM,4.2,2k,Engineering & Construction,Gurugram,7.3k,158,429,250
Schindler,3.9,2k,Industrial Machinery,Pune,6.4k,126,54,193
TELUS Digital,3.5,2k,IT Services & Consulting,Noida,10.9k,151,43,54
Microland,3.5,2k,IT Services & Consulting,Bengaluru,10.8k,156,660,176
Aye Finance,4.1,2k,NBFC,Gurugram,3.7k,107,82,119
HSBC Electronic Data Processing,4.0,2k,IT Services & Consulting,Bengaluru,8.3k,94,--,6
Globiva,3.0,2k,BPO,Gurugram,5.5k,143,210,86
L&T Energy Hydrocarbon,3.8,2k,Engineering & Construction,Vadodara,8.4k,121,--,202
SAP,4.1,2k,Software Product,Bengaluru,18.4k,325,--,282
V-Guard,4.3,2k,Consumer Electronics & Appliances,Kochi,4.7k,125,44,278
Paisabazaar.com,3.4,2k,Internet,Gurugram,7.1k,176,57,104
CMS Infosystems,3.5,2k,Software Product,Mumbai,5k,83,5,102
Torrent Power,3.8,2k,Power,Ahmedabad,8.1k,182,69,174
Godrej Properties,3.6,2k,Real Estate,Mumbai,9.8k,136,--,129
Uflex,3.8,2k,Packaging,Noida,6.9k,133,66,129
Ninjacart,3.8,2k,Internet,Bengaluru,4.9k,105,21,126
Crisil,3.5,2k,Analytics & KPO,Mumbai,13.9k,216,665,227
Aadhar Housing Finance,4.0,2k,NBFC,Mumbai,5k,123,22,109
Spinny,3.6,2k,Internet,Gurugram,8.1k,219,56,107
Dr Lal PathLabs,4.2,2k,Healthcare,New Delhi,4.6k,198,102,194
Adecco Group,3.8,2k,Recruitment,Bengaluru,7.6k,124,3,138
Gabriel India Limited,4.0,2k,Auto Components,Pune,5.8k,136,3,255
Orchids International School,4.0,2k,Education & Training,Bengaluru,4k,462,19,123
CNH (Case New Holland),3.7,2k,Industrial Machinery,Gurugram,6.3k,143,13,166
NCR Voyix,3.4,2k,IT Services & Consulting,Hyderabad,9.5k,145,40,174
CSB Bank,3.2,2k,Banking,Mumbai,7.4k,113,1.4k,53
Hinduja Leyland Finance,4.3,2k,NBFC,Chennai,3k,519,3,313
Parle Products,3.9,2k,FMCG,Mumbai,3.6k,131,19,202
HTC Global Services,3.3,2k,IT Services & Consulting,Chennai,13.7k,170,5,112
DHL Supply Chain,4.1,2k,Logistics,Mumbai,6.4k,132,132,136
State Street Syntel,3.7,2k,Financial Services,Pune,6.1k,81,8,283
Philips,3.8,2k,Medical Equipment,Bengaluru,11.4k,185,117,178
Tata Power,3.9,2k,Power,Mumbai,7.8k,223,33,138
G R Infraprojects,4.1,2k,Engineering & Construction,Gurugram,5.4k,169,40,159
Trident Group,3.3,2k,Hospitality,Barnala,5.6k,145,18,131
Angel One,3.5,2k,FinTech,Mumbai,7.9k,173,58,158
Rungta Mines,3.9,2k,Metals & Mining,Chaibasa,6.3k,216,1,71
NTPC,4.2,2k,Power,New Delhi,4.4k,195,--,192
Tekwissen,4.9,2k,IT Services & Consulting,Visakhapatnam,617,341,251,70
ICICI Home Finance,3.8,2k,Financial Services,Mumbai,5.9k,106,7,97
Iris Software,3.7,2k,IT Services & Consulting,Noida,8.3k,219,420,267
Verizon,3.5,2k,Telecom,Hyderabad,12.3k,136,--,211
NeoSOFT,3.2,1.9k,IT Services & Consulting,Mumbai,11.1k,308,49,105
Thomson Reuters,3.7,1.9k,Software Product,Bengaluru,11k,143,106,232
Infinx,3.7,1.9k,Software Product,Hyderabad,5.6k,213,65,75
Safexpress,3.9,1.9k,Logistics,New Delhi,5.8k,132,2,154
Lucas-TVS,3.9,1.9k,Auto Components,Chennai,6.2k,100,14,213
PI Industries,3.8,1.9k,Agro Chemicals,Vadodara,7.1k,142,15,172
Google,4.4,1.9k,Software Product,Bengaluru,37.6k,1.1k,422,141
Jindal Saw,4.1,1.9k,Iron & Steel,Mundra,7k,152,48,187
Polycab Wires,4.0,1.9k,Electrical Equipment,Vadodara,7.4k,137,118,96
Capri Global Capital,3.6,1.9k,NBFC,New Delhi,4.5k,78,36,50
Medi Assist India,3.4,1.9k,Insurance,Bengaluru,7.5k,142,33,149
Hindustan Aeronautics,4.3,1.9k,Defence & Aerospace,Bengaluru,4.6k,93,2,179
Fusion CX,3.2,1.9k,BPO,Kolkata,4.6k,148,66,97
Infra.Market,3.8,1.9k,Building Material,Mumbai,4k,284,--,23
Tata Tele Business Services,3.4,1.9k,Telecom,Mumbai,4.5k,58,55,270
TVS Sundram Fasteners,3.6,1.9k,Auto Components,Chennai,6.7k,95,17,209
Aragen Life Sciences,3.9,1.9k,Clinical Research,Hyderabad,6.7k,129,2,290
Digit Insurance,3.6,1.9k,Insurance,Bengaluru,6.4k,241,32,115
AXA Global Business Services,3.7,1.9k,IT Services & Consulting,Pune,7.2k,109,39,175
KENT RO Systems,3.7,1.9k,Consumer Electronics & Appliances,Noida,4.5k,107,19,106
First American (India),3.5,1.9k,Insurance,Bengaluru,9.6k,101,82,175
Haldiram Foods International Limited,3.8,1.9k,FMCG,Nagpur,6.3k,169,--,108
Honda Cars,4.3,1.9k,Automobile,Bhiwadi,6.3k,118,--,188
AkzoNobel,4.1,1.9k,Chemicals,Pune,4.6k,145,22,138
Adani Green Energy,3.9,1.9k,Power,Ahmedabad,6.3k,168,1,90
Hindustan Petroleum,4.2,1.8k,Oil & Gas,Mumbai,6.2k,119,1,136
Labmentix,4.5,1.8k,,Bengaluru,44,612,--,65
DIVI'S Laboratories,3.6,1.8k,Pharma,Visakhapatnam,6.9k,106,--,172
Innovsource Services,3.9,1.8k,Recruitment,Mumbai,4.6k,80,--,118
MetLife,4.0,1.8k,Insurance,Noida,9.7k,103,80,242
Air India,3.4,1.8k,Aviation,New Delhi,8.4k,231,42,169
Isgec Heavy Engineering,3.8,1.8k,Engineering & Construction,Noida,7.1k,149,68,135
Sterling & Wilson,4.1,1.8k,Engineering & Construction,Mumbai,6.6k,91,22,198
Pine Labs,3.2,1.8k,FinTech,Noida,7.9k,144,7,112
Cafe Coffee Day,3.7,1.8k,Hospitality,Bengaluru,3.7k,86,6,167
USV,4.0,1.8k,Pharma,Mumbai,5.8k,91,43,178
Reckitt Benckiser,3.9,1.8k,FMCG,Gurugram,6.4k,107,102,173
USHA International,4.0,1.8k,Consumer Electronics & Appliances,Gurugram,4.9k,121,17,168
SS&C TECHNOLOGIES,3.2,1.8k,IT Services & Consulting,Mumbai,13.6k,205,191,199
HDFC Securities,3.4,1.8k,Financial Services,Mumbai,6.3k,130,73,144
Annapurna Finance,3.8,1.8k,NBFC,Bhubaneswar,3.9k,89,1,129
LivSpace,3.3,1.8k,Architecture & Interior Design,Bengaluru,8.3k,173,155,92
XBP Global,3.1,1.8k,Internet,Chennai,7.6k,105,62,83
Granules India Limited,3.8,1.8k,Pharma,Hyderabad,6.6k,87,9,169
Kalyan Jewellers,4.4,1.8k,Jewellery,Thrissur,1.6k,90,66,65
Hitachi Astemo,4.0,1.8k,Auto Components,Neemrana,6.7k,146,--,124
Bata,3.5,1.8k,Fashion & Textile,Gurugram,4.2k,91,4,124
Security and Intelligence Services (India),4.1,1.8k,Law Enforcement & Security,New Delhi,4.6k,86,36,129
NielsenIQ,3.4,1.8k,Analytics & KPO,Chennai,11.5k,244,19,71
Tata Communications Transformation Services,3.8,1.8k,Telecom,Pune,8.4k,101,--,166
BT Business,3.9,1.8k,Telecom,Gurugram,9.2k,90,--,270
TTEC India,3.6,1.8k,BPO,Ahmedabad,5.6k,198,8,154
Stellar Migration,1.3,1.8k,Other,Dubai,2,2,--,8
BVG India,4.2,1.8k,Facility Management Services,Pune,4.1k,178,105,102
Mother Dairy Fruit & Vegetable,4.0,1.8k,Hospitality,New Delhi,5.2k,105,4,156
Cushman & Wakefield,4.1,1.8k,Real Estate,Gurugram,6.8k,129,113,139
IIFL SAMASTA,3.7,1.8k,NBFC,Bengaluru,3.3k,89,3,24
Orange Business,4.1,1.8k,IT Services & Consulting,Gurugram,9.2k,121,11,246
Medanta the Medicity,4.0,1.8k,Healthcare,Gurugram,5.3k,142,72,159
Vedantu,3.2,1.7k,EdTech,Bengaluru,7.8k,202,26,152
HighRadius,2.4,1.7k,Software Product,Hyderabad,9.5k,217,98,89
FactSet,3.7,1.7k,Analytics & KPO,Hyderabad,11k,240,27,191
Tata 1mg,3.6,1.7k,Internet,Gurugram,7.5k,234,244,115
Caterpillar Inc,4.1,1.7k,Industrial Machinery,Chennai,11.8k,213,327,146
Cavinkare,3.9,1.7k,FMCG,Chennai,5k,73,19,144
Metro Cash & Carry,3.9,1.7k,Retail,Bengaluru,4.9k,77,4,161
Future Retail,4.4,1.7k,Retail,Mumbai,3.6k,61,--,230
Sysnet Global Technologies,3.6,1.7k,IT Services & Consulting,New Delhi,4.4k,144,10,80
Dhani Loans and Services,3.9,1.7k,NBFC,Gurugram,4.2k,72,36,41
Patanjali Foods,3.7,1.7k,FMCG,Haridwar,4.7k,114,22,128
Clover Infotech,3.3,1.7k,IT Services & Consulting,Mumbai,12.2k,146,194,103
Indian Navy,4.6,1.7k,Defence & Aerospace,Mumbai,3.5k,40,--,237
Shriram Life Insurance,3.5,1.7k,Insurance,Hyderabad,5k,119,124,90
Frankfinn Institute of Air Hostess Training,3.9,1.7k,Education & Training,Gurugram,3.1k,130,12,171
L.G.Balakrishnan & Bros,3.5,1.7k,Auto Components,Coimbatore,5.9k,86,--,119
Compass Group Support Services,4.0,1.7k,Hospitality,Bengaluru,5.7k,92,35,142
Health Care Global Enterprises,4.4,1.7k,Healthcare,Bengaluru,2.9k,178,112,30
ReNew,4.2,1.7k,Power,Gurugram,6.7k,148,76,106
KONE,4.1,1.7k,Industrial Machinery,Chennai,5.8k,146,37,198
NEC,4.0,1.7k,IT Services & Consulting,Noida,5.5k,81,5,81
Yamaha Motor,4.0,1.7k,Automobile,Chennai,5.4k,97,--,168
CG Power and Industrial Solutions,3.8,1.7k,Electrical Equipment,Bhopal,6.9k,113,--,219
Rane (Madras),3.8,1.7k,Auto Components,Chennai,4.8k,99,30,164
Vardhman Fabrics,4.0,1.7k,Fashion & Textile,Baddi,5.3k,91,14,143
Suryoday Small Finance Bank,3.9,1.7k,Banking,Mumbai,4.7k,101,13,94
MagicBricks,3.9,1.7k,Internet,Noida,4.7k,350,12,72
DHL Express,4.1,1.7k,Logistics,Mumbai,6.2k,80,--,174
Toyota Kirloskar Motor,4.3,1.7k,Automobile,Bengaluru,4.9k,89,12,169
Matrimony.com,3.9,1.7k,Internet,Chennai,4.4k,121,41,82
BA Continuum,3.9,1.7k,IT Services & Consulting,Hyderabad,10k,114,--,291
JSW Bhushan Power & Steel,4.0,1.7k,Iron & Steel,Jharsuguda,4.8k,86,--,178
Goldman Sachs,3.3,1.7k,Financial Services,Bengaluru,21.6k,424,175,106
Urban Company,3.3,1.7k,Internet,Gurugram,7.5k,180,53,105
Belrise Industries,3.7,1.7k,Auto Components,Pune,6.2k,108,9,94
Veritas Finance,4.2,1.7k,NBFC,Chennai,2.3k,92,--,39
Coronis Ajuba Solutions,3.9,1.7k,BPO,Chennai,5.8k,95,37,144
Krishna Maruti,3.8,1.7k,Auto Components,Gurugram,5.3k,143,10,129
Procter & Gamble,4.0,1.7k,FMCG,Mumbai,6k,138,31,161
CMA CGM,4.0,1.7k,Ports & Shipping,Chennai,8k,106,37,210
mPokket,4.5,1.7k,NBFC,Kolkata,1.7k,423,1,50
Arvind Group,4.0,1.7k,Fashion & Textile,Ahmedabad,5.4k,89,16,294
Dixon Technologies,3.9,1.7k,Electronics Manufacturing,Noida,5.9k,157,30,122
Johnson & Johnson,3.9,1.7k,Healthcare,Mumbai,6k,118,88,181
Godrej Industries Group,3.9,1.6k,Real Estate,Mumbai,3.2k,158,1,162
Marico,3.8,1.6k,FMCG,Mumbai,5.9k,112,39,163
Wipro Enterprises Ltd,3.8,1.6k,FMCG,Bengaluru,8.5k,215,5,443
Satin Creditcare Network,4.0,1.6k,NBFC,Gurugram,3.1k,69,10,129
Sanofi,4.0,1.6k,Pharma,Hyderabad,6.2k,109,85,171
Welspun Living Limited,3.9,1.6k,Fashion & Textile,Anjar,5.2k,93,1,150
Teva Pharmaceuticals,3.9,1.6k,Pharma,Bengaluru,5.9k,122,3,191
Chegg,4.1,1.6k,EdTech,New Delhi,4k,167,14,86
iOPEX Technologies,3.1,1.6k,IT Services & Consulting,Chennai,6.3k,95,26,515
IndiaFirst Life Insurance,3.8,1.6k,Insurance,Mumbai,4k,87,25,105
HERE Technologies,3.7,1.6k,IT Services & Consulting,Mumbai,7.7k,114,16,285
Hero Motors Company,3.9,1.6k,Automobile,Ghaziabad,6.3k,101,4,117
Supreme Industries,4.0,1.6k,Petrochemicals,Gwalior,5.9k,102,--,118
Tata Play,4.0,1.6k,Broadcasting,Mumbai,4.6k,90,1,174
Asahi India Glass,3.8,1.6k,Auto Components,Chennai,5.5k,119,4,136
Troikaa Pharmaceuticals,4.3,1.6k,Pharma,Ahmedabad,3.9k,165,15,188
Cemindia Projects,4.2,1.6k,Engineering & Construction,Kolkata,3.5k,100,2,144
Broadridge Financial Solutions,3.8,1.6k,FinTech,Hyderabad,11.3k,165,73,140
Emami,3.8,1.6k,FMCG,Kolkata,5.4k,109,15,138
Relaxo Footwear,4.0,1.6k,Fashion & Textile,New Delhi,4.7k,118,38,151
ZF Commercial Vehicle Control Systems,3.8,1.6k,Auto Components,Chennai,3.8k,86,4,7
Kotak Mahindra Prime,3.9,1.6k,NBFC,Mumbai,5.3k,73,--,63
SHYAM METALICS AND ENERGY,3.4,1.6k,Metals & Mining,Kolkata,5.1k,159,128,51
Wockhardt,3.8,1.6k,Pharma,Chhatrapati Sambhajinagar,4.2k,67,29,183
Lumax Industries,3.9,1.6k,Auto Components,Pune,5.9k,109,40,131
KFC,4.0,1.6k,Hospitality,New Delhi,3.1k,89,--,148
Mercer,3.6,1.6k,Management Consulting,New Delhi,10k,99,--,209
Tata Consumer Products,3.5,1.6k,FMCG,Bengaluru,6.4k,106,2,93
Amul India,4.0,1.6k,Hospitality,Ahmedabad,4.3k,165,--,12
PharmEasy,3.7,1.6k,Internet,Bengaluru,6.4k,122,4,148
Bisleri,4.2,1.6k,Beverage,Mumbai,4.5k,129,18,139
IFB,3.5,1.6k,Consumer Electronics & Appliances,Bengaluru,5.6k,126,23,61
Marriott International,4.1,1.6k,Hospitality,Bengaluru,4.7k,108,1.9k,186
Muthoot Microfin,4.2,1.6k,NBFC,Kochi,2.6k,86,11,67
Gujarat Fluorochemicals,3.9,1.6k,Chemicals,Bharuch,6.8k,111,7,132
Karur Vysya Bank,3.5,1.6k,Banking,Chennai,5.1k,112,13,63
Patra India,3.5,1.6k,BPO,Visakhapatnam,6.4k,123,1,85
Bajaj Capital,3.5,1.6k,Financial Services,New Delhi,3.9k,170,110,98
Suguna Foods,3.9,1.6k,Food Processing,Coimbatore,4.2k,97,17,128
GE VERNOVA,4.1,1.6k,Power,Bengaluru,5.8k,115,6,14
GE VERNOVA,4.1,1.6k,Power,Bengaluru,5.8k,115,6,14
Honda,4.0,1.6k,Automobile,Gurugram,3.8k,114,13,194
XL Dynamics,3.7,1.5k,IT Services & Consulting,Mumbai,3.6k,98,14,196
Piramal Pharma,3.9,1.5k,Pharma,Mumbai,6.9k,136,49,116
Canara Bank,3.6,1.5k,Banking,Bengaluru,4.1k,53,--,97
Evalueserve,3.0,1.5k,Analytics & KPO,Gurugram,10.8k,142,59,134
Dainik Bhaskar Group,4.1,1.5k,Printing & Publishing,Bhopal,4.5k,85,69,147
GMR Group,3.9,1.5k,Engineering & Construction,New Delhi,4.7k,110,--,194
Nayara Energy,4.2,1.5k,Oil & Gas,Jamnagar,5.9k,97,7,169
Tanishq,4.2,1.5k,Jewellery,Kolkata,3.1k,121,--,77
Sonata Software,3.4,1.5k,IT Services & Consulting,Bengaluru,12.1k,147,173,90
Tesco,3.6,1.5k,Retail,Bengaluru,9.4k,152,87,192
SAI Life Sciences,3.9,1.5k,Clinical Research,Hyderabad,6.2k,110,59,134
Page Industries,4.1,1.5k,Fashion & Textile,Bengaluru,5.2k,78,5,107
Chetu,3.8,1.5k,Software Product,Noida,7.3k,238,5,143
PNB Housing Finance,3.7,1.5k,NBFC,New Delhi,4.9k,58,16,88
American Broadcasting Company,4.0,1.5k,Engineering & Construction,Bengaluru,37.8k,605,5,9
Wheelseye Technology,3.4,1.5k,Internet,Gurugram,4.1k,125,26,95
Oracle Cerner,3.3,1.5k,Software Product,Bengaluru,9.8k,172,--,254
QualityKiosk Technologies,3.2,1.5k,IT Services & Consulting,Mumbai,11.7k,167,252,101
Airtel Payments Bank,3.8,1.5k,Banking,Gurugram,5.4k,124,26,103
Ashoka Buildcon,4.1,1.5k,Engineering & Construction,Nashik,4.2k,83,4,130
Devyani International,3.7,1.5k,Hospitality,Gurugram,3.6k,73,21,113
V5 Global Services,3.9,1.5k,Recruitment,New Delhi,3.8k,95,8,69
Gland Pharma,3.9,1.5k,Pharma,Hyderabad,6k,93,10,127
Acuity Analytics,3.1,1.5k,Analytics & KPO,Bengaluru,13.3k,185,228,84
SBFC Finance,3.8,1.5k,NBFC,Mumbai,2.9k,104,94,52
Amneal Pharmaceuticals,4.2,1.5k,Pharma,Ahmedabad,6.5k,87,62,147
Heritage Foods,4.0,1.5k,Food Processing,Hyderabad,3.8k,108,49,143
Valeo,3.9,1.5k,Auto Components,Chennai,8.2k,109,139,130
ALTEN,3.5,1.5k,IT Services & Consulting,Bengaluru,8.9k,170,95,74
Happiest Minds Technologies,3.4,1.5k,IT Services & Consulting,Bengaluru,13.1k,156,586,94
Daimler India Commercial Vehicles,3.9,1.5k,Automobile,Chennai,6.8k,79,--,181
ISS Facility Services,4.0,1.5k,Facility Management Services,Mumbai,4.3k,71,16,133
Max Fashion,4.0,1.5k,Retail,Bengaluru,3.5k,78,12,168
Apexon,3.2,1.5k,IT Services & Consulting,Bengaluru,9.8k,178,42,45
HCL Infosystems,4.0,1.5k,IT Services & Consulting,Noida,6.4k,144,--,228
Altimetrik,3.4,1.5k,IT Services & Consulting,Bengaluru,13.1k,278,244,115
Apco Infratech,3.8,1.5k,Engineering & Construction,Mumbai,4.3k,145,18,114
Indoco Remedies,3.4,1.5k,Pharma,Mumbai,5.8k,93,24,109
Jaquar,4.1,1.5k,Building Material,Gurugram,5.3k,92,40,129
VOIS,3.7,1.5k,IT Services & Consulting,Pune,9.3k,186,39,26
Honeywell Technology Solutions,3.7,1.5k,Industrial Automation,Bengaluru,11.4k,165,--,204
Aon,3.8,1.5k,Management Consulting,Bengaluru,6.7k,96,78,213
Chandigarh University,4.2,1.5k,Education & Training,Chandigarh,2.9k,111,45,48
Bharat Forge,3.7,1.5k,Auto Components,Pune,6.6k,80,12,125
City Union Bank,2.9,1.5k,Banking,Chennai,6k,133,5,74
Oberoi Group of Hotels,4.0,1.5k,Hospitality,New Delhi,3.8k,96,--,232
Aumovio,3.7,1.5k,Auto Components,Bengaluru,9.5k,83,15,136
Fusion Finance,3.9,1.5k,NBFC,New Delhi,3.3k,62,1,79
NIIT,3.5,1.5k,Education & Training,Gurugram,6.1k,108,15,158
Morningstar,3.7,1.5k,Financial Services,Mumbai,10.6k,268,35,132
Hyatt Regency,4.0,1.5k,Hospitality,New Delhi,3.1k,64,1,198
Narayana Educational Society,3.6,1.5k,Education & Training,Hyderabad,4.1k,70,1,119
Taurus BPO Services,4.0,1.5k,BPO,Pune,996,35,2,497
Amara Raja Energy & Mobility,4.0,1.5k,Auto Components,Tirupati,4.3k,118,57,116
CIE Automotive India Limited (Formerly known as Mahindra CIE Automotive Limited),3.6,1.5k,Auto Components,Pune,5.1k,93,1,11
Indegene,3.3,1.5k,Healthcare,Bengaluru,10.2k,178,30,131
AB InBev India,3.3,1.5k,Beverage,Bengaluru,8k,121,76,144
Sony,4.2,1.5k,Consumer Electronics & Appliances,New Delhi,4.7k,92,3,189
Aerial Telecom Solutions,4.1,1.5k,Telecom,Sahibzada Ajit Singh Nagar,2.4k,128,19,70
MedPlus,3.5,1.5k,Retail,Hyderabad,4.5k,114,50,65
Nykaa,3.4,1.4k,Internet,Mumbai,7.1k,161,27,62
Tieto,4.1,1.4k,IT Services & Consulting,Pune,9.4k,109,18,118
R Systems International,3.8,1.4k,IT Services & Consulting,Noida,7.7k,189,37,136
Vfs Global Services,3.4,1.4k,IT Services & Consulting,Mumbai,4.4k,74,8,121
DCM Shriram,4.0,1.4k,Chemicals,Bharuch,5.1k,113,16,117
Sansera Engineering,4.0,1.4k,Auto Components,Bengaluru,5.7k,99,1,116
Agilus Diagnostics,4.1,1.4k,Healthcare,Mumbai,3.3k,86,3,129
Eaton,3.9,1.4k,Electronics Manufacturing,Pune,8.4k,154,15,127
TEKsystems,3.1,1.4k,IT Services & Consulting,Bengaluru,11.6k,140,30,78
Adobe,3.7,1.4k,Software Product,Bengaluru,13.7k,277,240,155
Hire In Global,4.9,1.4k,Recruitment,Mumbai,8,304,--,35
Acmegrade,3.9,1.4k,EdTech,Bengaluru,303,69,2,1
TÜV SÜD,4.0,1.4k,"Testing, Inspection and Certification (TIC)",Bengaluru,4k,109,45,112
Slk Software Services,3.2,1.4k,IT Services & Consulting,Bengaluru,9.4k,115,1,88
AtkinsRealis,3.7,1.4k,Engineering & Construction,Bengaluru,6.2k,113,413,98
VLCC,3.2,1.4k,Beauty & Personal Care,New Delhi,3.4k,55,56,94
J. Kumar Infraprojects,4.1,1.4k,Engineering & Construction,Mumbai,4.5k,96,3,112
Citco,3.1,1.4k,Management Consulting,Hyderabad,10.2k,173,109,57
Tenarai,3.5,1.4k,Emerging Technologies,Bengaluru,11.1k,139,76,126
Xiaomi,3.7,1.4k,Consumer Electronics & Appliances,Bengaluru,5.6k,113,6,129
Oracle Financial Services Software,3.2,1.4k,Software Product,Bengaluru,10.5k,204,--,188
Kantar,3.4,1.4k,Analytics & KPO,Bengaluru,6.9k,120,--,77
Unisys,3.4,1.4k,IT Services & Consulting,Bengaluru,10.2k,82,14,152
EOSGlobe,3.0,1.4k,BPO,Mumbai,4k,91,10,81
Tata Group,4.2,1.4k,IT Services & Consulting,Mumbai,5.7k,386,--,143
The Muthoot Group,3.6,1.4k,Financial Services,New Delhi,3.6k,84,--,215
FedEx Express,4.0,1.4k,Logistics,Mumbai,5.4k,117,123,190
Rashmi Metaliks,3.1,1.4k,Iron & Steel,Kharagpur,4.9k,119,3,64
JSW Cement,4.0,1.4k,Building Material,Mumbai,4.4k,142,18,116
Sunknowledge Services,3.4,1.4k,BPO,Kolkata,4k,110,16,208
Worley,4.1,1.4k,Engineering & Construction,Mumbai,7.6k,141,140,119
Novo Nordisk,3.6,1.4k,Pharma,Bengaluru,6.6k,101,165,136
iMerit,3.2,1.4k,IT Services & Consulting,Kolkata,5.9k,120,8,102
Fino Payments Bank,3.8,1.4k,Banking,Mumbai,4.1k,64,10,101
Amity University,3.6,1.4k,Education & Training,Noida,5.3k,119,4,122
IDC Technologies,3.0,1.4k,IT Services & Consulting,Noida,6.8k,76,--,44
Incedo,2.9,1.4k,IT Services & Consulting,Gurugram,10.8k,213,77,115
Sharekhan,3.7,1.4k,Financial Services,Mumbai,5.2k,100,109,115
Bajaj Housing Finance,3.5,1.4k,NBFC,Pune,6k,74,86,55
TCS iON,3.8,1.4k,IT Services & Consulting,Bengaluru,4.1k,412,--,172
INDIUM,3.9,1.4k,IT Services & Consulting,Chennai,7.3k,265,117,51
The Ramco Cements,4.1,1.4k,Building Material,Chennai,4.5k,549,--,104
TE Connectivity,4.1,1.4k,Electronics Manufacturing,Bengaluru,7.7k,102,157,158
Faurecia,3.9,1.4k,Auto Components,Pune,6k,72,17,187
Unichem Laboratories,3.7,1.4k,Pharma,Ghaziabad,5.1k,96,57,39
Paytm Payments Bank,3.8,1.4k,Banking,Noida,5.7k,144,--,101
Grant Thornton,3.4,1.4k,Accounting & Auditing,Bengaluru,11.9k,121,282,87
Aforeserve,3.4,1.4k,IT Services & Consulting,Mumbai,3.6k,93,29,83
Iffco Tokio General Insurance Co.,3.8,1.4k,Insurance,Gurugram,4.2k,53,--,106
ZF Steering Gear,3.7,1.4k,Auto Components,Hyderabad,7.5k,62,14,98
Bharat FIH,3.7,1.4k,Electronics Manufacturing,Chennai,5.2k,92,--,128
Burger King,3.9,1.4k,Hospitality,New Delhi,3.6k,104,6,136
NetAmbit,4.0,1.4k,BPO,Noida,3.1k,177,4,47
Viraj Profiles,4.0,1.4k,Iron & Steel,Mumbai,4.5k,102,12,149
Brillio,3.4,1.4k,IT Services & Consulting,Bengaluru,11.1k,144,--,83
Aptara,3.1,1.4k,Content Development,Noida,6.4k,80,14,115
FDC,3.7,1.4k,Pharma,Mumbai,3.8k,70,29,87
CenturyPly,3.8,1.4k,Furniture & Furnishing,Kolkata,4.5k,103,50,60
Hindware Limited,3.9,1.4k,Building Material,Hyderabad,4.6k,88,9,129
CreditAccess Grameen,3.9,1.4k,NBFC,Bengaluru,2.6k,55,14,61
Sheenlac Paints,4.1,1.4k,Chemicals,Chennai,1.8k,210,1,47
Baroda Global Shared Services,3.9,1.4k,BPO,Gandhinagar,3.1k,137,38,38
Hatsun Agro Product,3.8,1.4k,Food Processing,Chennai,4.8k,86,14,98
Nippon Paint India,4.0,1.4k,Chemicals,Chennai,4k,82,2,86
SK Finance Limited,3.8,1.4k,NBFC,Jaipur,3.8k,92,--,22
ManpowerGroup,3.6,1.4k,Recruitment,Bengaluru,5.2k,71,179,87
GEP Worldwide,3.6,1.4k,IT Services & Consulting,Mumbai,9.7k,158,11,131
Decathlon,3.7,1.4k,Retail,Bengaluru,4.3k,120,--,116
DEXIT Global,3.4,1.4k,IT Services & Consulting,Mumbai,5.6k,142,3,103
RBL FinServe,3.9,1.4k,Financial Services,Mumbai,3.1k,72,5,76
Collabera Talent Solutions,3.5,1.3k,Recruitment,Bengaluru,6.9k,152,4,109
GE,4.1,1.3k,Defence & Aerospace,Bengaluru,7.5k,117,10,139
OM Logistics,3.9,1.3k,Logistics,New Delhi,4k,96,3,107
More Supermarket,3.6,1.3k,Retail,Bengaluru,4.1k,97,27,58
Globant,3.3,1.3k,IT Services & Consulting,Pune,10.7k,210,88,107
Punjab National Bank,3.9,1.3k,Banking,New Delhi,3k,66,--,101
JioMart,3.9,1.3k,Retail,Mumbai,4.3k,120,--,75
Shubham Housing Development Finance,4.0,1.3k,NBFC,New Delhi,2.9k,54,6,73
VIBGYOR Group of Schools,3.5,1.3k,Education & Training,Bengaluru,4.2k,101,221,105
ICICI Prudential Mutual Fund,3.9,1.3k,Financial Services,Mumbai,5.9k,92,--,94
NxtWave,3.5,1.3k,EdTech,Hyderabad,3.5k,294,180,23
Cinépolis,3.8,1.3k,Media & Entertainment,New Delhi,3k,84,--,145
Centre for Development of Advanced Computing,3.6,1.3k,IT Services & Consulting,Pune,7k,127,--,64
Astral Pipe,4.0,1.3k,Building Material,Ahmedabad,4.3k,96,87,34
Mondelez International,4.1,1.3k,Food Processing,Mumbai,4.7k,77,68,128
Royal Migration Solutions,4.9,1.3k,Other,Dubai,5,1,--,1
Spicejet,3.3,1.3k,Aviation,New Delhi,5.1k,106,2,150
Atul,3.9,1.3k,Chemicals,Valsad,5.3k,104,3,116
Ion Exchange India,3.7,1.3k,Waste Management,Mumbai,5.4k,102,32,89
Luminous Power Technologies,4.1,1.3k,Consumer Electronics & Appliances,Gurugram,4.2k,102,25,125
Samsung Research,2.9,1.3k,IT Services & Consulting,Bengaluru,10k,151,1,143
Big Bazaar,4.4,1.3k,Retail,New Delhi,2.1k,47,--,173
Aarvee Associates,3.7,1.3k,Engineering & Construction,Hyderabad,3.3k,103,--,107
Fabindia,3.7,1.3k,Retail,New Delhi,4k,64,58,119
Jakson Group,4.1,1.3k,Power,Noida,4k,108,19,98
Hindustan Construction Company,4.2,1.3k,Engineering & Construction,Mumbai,3.2k,96,7,158
OpenText Technologies,3.3,1.3k,Software Product,Bengaluru,12.4k,200,22,92
Bluestock ™,4.5,1.3k,FinTech,Pune,63,389,--,1
Apex Group,2.6,1.3k,Financial Services,Pune,8.7k,190,442,43
Pantaloons,4.1,1.3k,Retail,Mumbai,3.1k,69,--,129
Spandana Sphoorty Financial,3.7,1.3k,NBFC,Hyderabad,2.4k,57,9,84
T-Systems ICT India,3.7,1.3k,IT Services & Consulting,Pune,9.1k,113,27,98
Tenneco,3.6,1.3k,Auto Components,Pune,5.4k,73,14,121
Vestas,4.1,1.3k,Power,Chennai,5.3k,101,35,137
ANZ Banking Group,3.7,1.3k,Banking,Bengaluru,8.4k,113,9,106
H.G. Infra Engineering,4.0,1.3k,Engineering & Construction,Jaipur,3.3k,111,9,98
Godrej Consumer Products,4.0,1.3k,FMCG,Mumbai,4.9k,62,--,118
DP World,3.8,1.3k,Logistics,Mumbai,5.5k,104,181,70
KIMS Hospital,3.7,1.3k,Healthcare,Hyderabad,3.8k,63,7,75
Dassault Systemes,3.7,1.3k,Software Product,Pune,7.5k,191,--,136
Fresenius Kabi,4.0,1.3k,Pharma,Pune,4.2k,59,7,119
Willis Towers Watson,3.7,1.3k,Financial Services,Mumbai,8k,120,22,109
Sigma Electric Manufacturing Corporation,4.0,1.3k,Industrial Machinery,Pune,2.8k,78,8,207
Panasonic,4.0,1.3k,Consumer Electronics & Appliances,Gurugram,4.7k,52,11,148
SKF,4.0,1.3k,Auto Components,Pune,4.7k,78,63,155
Automotive Manufacturers,3.8,1.3k,Automobile,Hyderabad,5.2k,106,72,69
PNC Infratech,3.8,1.3k,Engineering & Construction,Agra,3.6k,84,--,74
Prodapt,3.5,1.3k,IT Services & Consulting,Chennai,10k,120,93,77
Prodapt,3.5,1.3k,IT Services & Consulting,Chennai,10k,120,93,77
Intertek,3.7,1.3k,"Testing, Inspection and Certification (TIC)",New Delhi,4.1k,86,69,109
Mu Sigma,2.5,1.3k,Analytics & KPO,Bengaluru,6.8k,255,--,123
Electronics Corporation of India Limited,4.2,1.3k,Electronics Manufacturing,Hyderabad,3.2k,63,4,93
Diageo,3.7,1.3k,Beverage,Bengaluru,6.5k,94,20,107
Shriram Pistons & Rings,4.0,1.3k,Auto Components,Bhiwadi,4.7k,79,3,135
AGS Transact Technologies,2.8,1.3k,FinTech,Mumbai,3.7k,45,--,124
AIIMS,4.2,1.3k,Education & Training,New Delhi,4.6k,71,--,68
Kalpataru Limited,4.1,1.3k,Real Estate,Mumbai,4.6k,283,21,81
Dell EMC,3.8,1.3k,IT Services & Consulting,Bengaluru,8.3k,74,--,188
iSON Xperiences,3.1,1.3k,BPO,Chennai,3.3k,81,24,87
Colliers India,3.9,1.3k,Real Estate,Bengaluru,5k,100,75,78
DLF,4.0,1.3k,Real Estate,Gurugram,5.1k,103,21,83
Synchrony,4.3,1.3k,Financial Services,Hyderabad,5.6k,96,15,204
Indostar Capital Finance Limited,4.3,1.3k,NBFC,Mumbai,2.1k,202,1,43
Nielsen,3.0,1.2k,Analytics & KPO,Bengaluru,6.8k,163,2,130
Parexel International,3.8,1.2k,Clinical Research,Hyderabad,6.1k,90,11,127
Oil And Natural Gas Corporation,4.3,1.2k,Oil & Gas,Mumbai,3.1k,82,--,135
Rockman Industries,3.8,1.2k,Auto Components,Haridwar,3.9k,101,18,96
Wind World,4.0,1.2k,Power,Jaisalmer,3.4k,89,--,123
Ahluwalia Contracts India,4.0,1.2k,Engineering & Construction,New Delhi,3.6k,82,16,73
Jindal X,3.5,1.2k,BPO,New Delhi,2.8k,114,4,151
Qualcomm,3.7,1.2k,Semiconductors,Hyderabad,15.6k,302,486,138
ExcelR,3.5,1.2k,Education & Training,Bengaluru,1.1k,109,24,3
JTEKT,4.1,1.2k,Auto Components,Gurugram,4.5k,99,4,95
Fidelity Investments,4.1,1.2k,Financial Services,Bengaluru,8.1k,129,1,163
Strides Pharma,3.9,1.2k,Pharma,Bengaluru,4.5k,81,--,155
Rupeek,4.1,1.2k,FinTech,Bengaluru,3.4k,135,17,59
Kirloskar Oil Engines,4.1,1.2k,Industrial Machinery,Pune,4.3k,66,3,99
DENSO,4.1,1.2k,Auto Components,Gurugram,3.8k,86,4,176
JK Lakshmi Cement,3.7,1.2k,Building Material,New Delhi,3.8k,89,--,98
Innova Solutions,3.3,1.2k,IT Services & Consulting,Hyderabad,8.4k,105,96,27
Zetwerk,4.0,1.2k,Industrial Machinery,Bengaluru,4.3k,121,30,63
Genius HRTech,3.8,1.2k,Recruitment,Kolkata,4k,76,2,66
Best Sellers,4.1,1.2k,Retail,Mumbai,3.2k,34,4,122
Balkrishna Industries,4.0,1.2k,Auto Components,Bhuj,4.4k,71,--,69
EbixCash Limited,3.5,1.2k,Software Product,Noida,5.1k,111,--,73
Federal Bank,3.6,1.2k,Banking,Mumbai,6k,122,--,75
ACG Worldwide,3.8,1.2k,Pharma,Mumbai,4k,87,62,48
Fidelity National Financial,3.7,1.2k,Financial Services,Bengaluru,6.3k,63,5,155
Schaeffler India,4.0,1.2k,Auto Components,Vadodara,6k,69,22,114
Leadec India,4.1,1.2k,Facility Management Services,Pune,3.6k,155,50,88
Sri Chaitanya Techno Schools,3.5,1.2k,Education & Training,Bengaluru,3.7k,80,1,5
Intel,4.1,1.2k,Semiconductors,Bengaluru,9.4k,243,56,91
Baazar Retail Private Limited,4.5,1.2k,Retail,Kolkata,1.6k,89,2,22
PHN Technology,4.2,1.2k,EdTech,Pune,397,43,--,3
Indira IVF Hospital,3.8,1.2k,Healthcare,Mumbai,3.1k,79,71,76
Aparna Constructions and Estates,3.9,1.2k,Real Estate,Hyderabad,4.2k,117,52,96
Aptiv,3.4,1.2k,Auto Components,Bengaluru,8.7k,127,16,49
HFCL Limited,3.7,1.2k,Telecom,Hyderabad,4.1k,87,8,90
Meril,3.6,1.2k,Medical Equipment,Vapi,5.1k,91,26,78
Thyrocare Technologies,3.7,1.2k,Healthcare,Mumbai,4.4k,88,26,95
Prism Johnson,3.7,1.2k,Building Material,Mumbai,4.4k,72,18,67
Salesforce,3.9,1.2k,Software Product,Hyderabad,15.3k,255,342,106
London Stock Exchange Group,3.6,1.2k,Financial Services,Bengaluru,11.5k,163,2,58
Imperial Auto Industries,3.7,1.2k,Auto Components,Faridabad,5k,80,11,70
Electronica Finance,4.1,1.2k,NBFC,Pune,2.7k,145,18,37
Birla Corporation,4.0,1.2k,Building Material,Satna,3.8k,77,12,89
PayPal,3.7,1.2k,FinTech,Bengaluru,10.3k,245,--,121
IIFL Home Finance,3.8,1.2k,NBFC,Gurugram,3.1k,60,1.8k,27
MDIndia Health Insurance TPA,3.6,1.2k,Insurance,Pune,3.8k,73,38,87
Birla Opus,4.1,1.2k,Chemicals,Mumbai,2.7k,107,--,23
Deccan Fine Chemicals,3.6,1.2k,Agro Chemicals,Tuni,5.3k,109,7,64
Apollo Health and Lifestyle Limited,4.3,1.2k,Healthcare,Hyderabad,3.6k,133,43,87
FOCUS EDUMATICS,2.9,1.2k,EdTech,Coimbatore,3k,128,--,36
The Jaypee Group,3.8,1.2k,Engineering & Construction,Noida,3.4k,54,11,116
Podar International School,4.0,1.2k,Education & Training,Mumbai,3.3k,83,10,113
Johnson Lifts,3.9,1.2k,Industrial Machinery,Chennai,3.7k,52,10,89
Nilkamal,3.7,1.2k,Furniture & Furnishing,Mumbai,3.8k,85,31,89
Coca-Cola Company,4.0,1.2k,Beverage,Bengaluru,3.4k,109,--,102
Dhoot Transmission,3.7,1.2k,Auto Components,Chhatrapati Sambhajinagar,3.9k,71,1,106
Barclays Shared Services,3.7,1.2k,Financial Services,Chennai,4.6k,38,585,179
Biocon Biologics,3.7,1.2k,Biotechnology,Bengaluru,7k,115,3,346
Stanza Living,3.4,1.2k,Internet,Bengaluru,3.6k,127,19,79
Motilal Oswal Home Finance,4.3,1.2k,NBFC,Mumbai,1.4k,127,--,26
Ocwen Financial Solutions,3.8,1.2k,Financial Services,Bengaluru,4.2k,53,29,172
INDO-MIM,4.0,1.2k,Metals & Mining,Bengaluru,4.5k,80,18,116
CaratLane - A Tata Product,4.0,1.2k,Jewellery,Chennai,3.2k,68,13,75
Dishtv,3.4,1.2k,Broadcasting,Noida,3.3k,77,16,100
Bajaj Motors,3.9,1.2k,Auto Components,Gurugram,3.5k,70,13,108
Kinara Capital,4.4,1.2k,NBFC,Bengaluru,2.2k,130,33,207
Edelweiss Life Insurance,3.7,1.2k,Insurance,Mumbai,3.7k,60,36,97
Navitasys India,4.0,1.2k,Electronics Manufacturing,Bawal,2.7k,149,5,58
Kohler,3.6,1.2k,Building Material,Pune,5.3k,79,3,74
Svatantra Microfin,3.9,1.2k,NBFC,Mumbai,2.3k,50,12,80
Edelweiss,3.6,1.2k,Financial Services,Mumbai,5.5k,66,--,135
Asirvad Microfinance,3.8,1.1k,NBFC,Chennai,2.3k,49,3,64
Jacobs Engineering Group,4.2,1.1k,Engineering & Construction,Mumbai,5.4k,93,17,95
Jabil Circuit India,4.0,1.2k,Electronics Manufacturing,Pune,4.4k,74,73,89
Innodata India Private Limited,3.7,1.1k,IT Services & Consulting,Noida,3.2k,210,44,60
Advantmed,4.0,1.1k,Healthcare,Ahmedabad,2.8k,173,11,57
V2 Retail,3.3,1.1k,Retail,New Delhi,2.7k,93,46,80
Air India Sats Airport Services,3.6,1.1k,Aviation,New Delhi,2.6k,72,--,73
Onward Technologies Inc,2.8,1.1k,IT Services & Consulting,Pune,6.3k,95,39,43
Unicharm,3.9,1.1k,FMCG,Gurugram,2.9k,68,3,104
Barbeque Nation,3.9,1.1k,Hospitality,Bengaluru,2.8k,52,5,120
TÜV NORD,3.7,1.1k,"Testing, Inspection and Certification (TIC)",Pune,4.2k,82,370,70
Piaggio,3.6,1.1k,Automobile,Pune,3.8k,74,49,126
TK Elevator,3.8,1.1k,Industrial Machinery,Pune,4.4k,66,6,97
MG Motor,3.9,1.1k,Automobile,Vadodara,5k,85,19,77
Hyundai Mobis,3.7,1.1k,Auto Components,Chennai,5.3k,81,4,129
Zydus Wellness,4.1,1.1k,FMCG,Ahmedabad,2.8k,111,22,74
Sundaram Finance,3.9,1.1k,NBFC,Chennai,3.2k,52,1,82
Hikal,3.8,1.1k,Pharma,Bengaluru,4.8k,77,5,89
1Point1 Solutions Ltd,3.5,1.1k,IT Services & Consulting,Bengaluru,3.1k,84,81,84
MAHLE ANAND Filter Systems,3.9,1.1k,Auto Components,Pune,3.6k,42,--,116
Godrej Agrovet,4.0,1.1k,Agriculture,Mumbai,3.6k,65,7,82
Tube Investments of India,3.8,1.1k,Engineering & Construction,Chennai,3.8k,70,31,53
BDR Pharmaceuticals International,4.2,1.1k,Pharma,Vadodara,2.1k,172,15,73
Unity Small Finance Bank,3.6,1.1k,Banking,Mumbai,4.4k,80,4,21
Kirloskar Brothers,3.8,1.1k,Industrial Machinery,Pune,4.6k,94,47,98
Wonder Home Finance,4.6,1.1k,NBFC,Jaipur,794,192,2,9
Hinduja Housing Finance,3.7,1.1k,NBFC,New Delhi,2.9k,49,41,32
ICON Plc,4.0,1.1k,Clinical Research,Chennai,4.7k,150,4,62
Tata Capital Housing Finance,3.9,1.1k,NBFC,Mumbai,3.4k,55,--,12
Wistron,4.0,1.1k,Electronics Manufacturing,Bengaluru,5.1k,93,--,128
Aarvi Encon,4.0,1.1k,Recruitment,Mumbai,3.1k,88,262,71
Knorr-Bremse,3.2,1.1k,Auto Components,Pune,5.3k,73,9,118
Sri Chaitanya Educational Institutions,3.5,1.1k,Education & Training,Hyderabad,3.1k,52,2,64
Syngenta,4.1,1.1k,Agriculture,Pune,3.7k,84,35,98
Vedanta Aluminium Metal,3.8,1.1k,Metals & Mining,Jharsuguda,4.7k,72,--,116
Saipem,4.2,1.1k,Engineering & Construction,Chennai,3.4k,55,17,151
HPCL-Mittal Energy Limited,4.3,1.1k,Petrochemicals,Bathinda,4.7k,47,--,105
Hitachi Energy,4.0,1.1k,Power,Chennai,7.9k,129,488,63
Malabar Gold and Diamonds,4.1,1.1k,Jewellery,Hyderabad,2.9k,107,68,75
Gmmco,4.1,1.1k,Industrial Machinery,Chennai,2.9k,53,9,113
CALIBEHR,3.9,1.1k,IT Services & Consulting,Mumbai,2.7k,70,20,54
TKIL,4.0,1.1k,Industrial Machinery,Pune,4.6k,77,33,96
Dana Anand,4.0,1.1k,Auto Components,Pune,3k,57,--,129
SLMG Beverages,3.9,1.1k,Beverage,Lucknow,3.6k,72,1,38
Pernod Ricard,3.5,1.1k,Beverage,Gurugram,4.7k,63,4,106
VMware Software,4.4,1.1k,Software Product,Bengaluru,8.8k,146,35,129
Shyam Steel Group,3.5,1.1k,Iron & Steel,Kolkata,3.8k,87,14,50
Thermo Fisher Scientific,3.8,1.1k,Biotechnology,Bengaluru,7k,109,276,92
Writer Information Management Services,3.2,1.1k,BPO,Mumbai,3.7k,56,--,49
GAIL,4.4,1.1k,Oil & Gas,New Delhi,3.3k,82,--,85
Power Grid Corporation of India,4.3,1.1k,Power,Gurugram,2.1k,80,--,76
Adani Ports and SEZ,3.6,1.1k,Ports & Shipping,Mundra,3.9k,77,--,120
QX Global Group,3.0,1.1k,BPO,Ahmedabad,4.7k,179,106,46
Crompton Greaves Consumer Electricals,3.7,1.1k,Consumer Electronics & Appliances,Mumbai,4.4k,63,47,6
Metropolis Healthcare,3.9,1.1k,Healthcare,Mumbai,3.7k,70,19,75
Thomas Cook,4.1,1.1k,Travel & Tourism,Mumbai,3.7k,105,--,112
Vayona Energy,4.0,1.1k,Power,Bengaluru,4.8k,60,1,101
Aspire Systems,3.8,1.1k,IT Services & Consulting,Chennai,10k,131,51,85
Netcracker Technology,2.9,1.1k,IT Services & Consulting,Hyderabad,9.3k,145,--,87
Fractal Analytics,4.0,1.1k,Analytics & KPO,Bengaluru,11.9k,233,374,115
Northcorp Software,4.8,1.1k,IT Services & Consulting,Gurugram,229,865,--,54
Hindustan Zinc,3.7,1.1k,Metals & Mining,Udaipur,4.4k,58,11,103
Vertiv,3.8,1.1k,Electronics Manufacturing,Pune,4.8k,62,214,7
Wheels,3.9,1.1k,Auto Components,Chennai,5.2k,73,4,75
Greenko Group,3.9,1.1k,Power,Hyderabad,3.9k,75,--,101
Bajaj Capital Insurance Broking Limited,4.3,1.1k,Insurance,New Delhi,1.3k,230,2,38
Gharda Chemicals Limited,3.9,1.1k,Agro Chemicals,Mumbai,4.8k,84,69,107
Renault Nissan Automotive India Private Limited,4.1,1.1k,Automobile,Chennai,34,12,--,6
Xyz Company,3.8,1.1k,Financial Services,Bengaluru,49.4k,547,--,63
GVPR Engineers,3.8,1.1k,Engineering & Construction,Hyderabad,3.1k,78,12,140
Zf Rane Automotive,3.9,1.1k,Auto Components,Chennai,3.9k,66,5,131
IB Group,3.7,1.1k,Food Processing,Rajnandgaon,3.4k,86,1,50
ValueMomentum,3.2,1.1k,IT Services & Consulting,Hyderabad,9k,100,27,60
Jet Airways,4.6,1.1k,Aviation,Mumbai,1.8k,27,--,175
Nexa,3.9,1.1k,Automobile,New Delhi,2.3k,41,--,106
Atlas Copco,4.1,1.1k,Industrial Machinery,Pune,5.6k,102,--,94
Uber,4.0,1.1k,Internet,Hyderabad,8.8k,176,20,104
ALLEN Career Institute,3.7,1.1k,Education & Training,Kota,4.5k,73,44,41
Bharat Sanchar Nigam,3.8,1.1k,Telecom,Bengaluru,2.5k,50,--,92
BirlaNu,3.8,1.1k,Building Material,Hyderabad,2.9k,74,32,72
Otis Elevator,4.0,1.1k,Industrial Machinery,Bengaluru,4.2k,65,150,86
Tata Cummins,4.4,1.1k,Auto Components,Jamshedpur,1.5k,90,--,5
Skipper,3.9,1.1k,Industrial Machinery,Kolkata,3.2k,88,9,63
NBC Bearings,3.9,1.1k,Auto Components,Jaipur,3.8k,113,5,47
Klm Axiva Finvest,4.4,1.1k,NBFC,Bengaluru,798,438,5,6
United Breweries,3.4,1.1k,Beverage,Bengaluru,3.5k,57,35,93
Spencer's Retail,3.8,1.1k,Retail,Kolkata,2.8k,68,5,90
GlobalData,3.3,1.1k,Analytics & KPO,Hyderabad,5.6k,96,18,100
Nippon Life India Asset Management,4.6,1.1k,Financial Services,Mumbai,1.6k,158,77,27
Syrma SGS Technologies,4.1,1.1k,Electronics Manufacturing,Chennai,3.6k,75,7,8
Hitachi Payment Services,3.6,1.1k,FinTech,Mumbai,3.5k,56,54,66
Motherson Sumi Wiring,3.7,1.1k,Electrical Equipment,Noida,4.3k,110,9,13
Lakshmi Machine Works,3.8,1.1k,Industrial Machinery,Coimbatore,4.3k,62,112,68
Siemens Energy,4.0,1.1k,Power,Pune,6.4k,102,3,73
Amara Raja Group,4.1,1.1k,Auto Components,Tirupati,3.5k,75,--,101
Vistaar Finance,3.9,1.1k,NBFC,Bengaluru,2.1k,39,29,138
Allianz Technology,4.0,1k,IT Services & Consulting,Pune,6.9k,73,3,112
Suzuki Motorcycle,4.0,1.1k,Automobile,Gurugram,4k,53,2,88
Vaco Binary Semantics,3.1,1k,IT Services & Consulting,Gurugram,5.5k,97,41,80
Fortrea Development India Private Limited,3.9,1k,Clinical Research,Bengaluru,5.1k,87,70,59
Comviva Technology,2.7,1k,Software Product,Gurugram,6.3k,88,121,77
iQor Global Services,3.3,1k,BPO,Noida,2.6k,47,31,116
MakeMyTrip,3.5,1k,Travel & Tourism,Gurugram,7.8k,149,84,102
Skoda Auto Volkswagen India,3.9,1k,Automobile,Pune,4.8k,51,7,85
Zudio,3.9,1k,Retail,New Delhi,2.3k,66,--,24
Ceasefire Industries,3.1,1k,Industrial Machinery,New Delhi,2.4k,122,5,74
Merino Industries,3.7,1k,Building Material,New Delhi,3.6k,80,22,77
Perfetti Van Melle,4.2,1k,FMCG,Gurugram,2.9k,39,10,95
SitusAMC,3.2,1k,Financial Services,Bengaluru,5.5k,73,--,45
Arohan Financial Services,3.8,1k,NBFC,Kolkata,2.1k,41,14,62
Westside,3.7,1k,Retail,Mumbai,2.1k,58,--,70
Visionet Systems,3.3,1k,IT Services & Consulting,Bengaluru,5.9k,81,31,85
Secure Meters,3.9,1k,Electronics Manufacturing,Udaipur,4.6k,88,54,103
Colgate Palmolive,4.0,1k,FMCG,Mumbai,4.4k,89,39,121
Lemon Tree Hotels,4.0,1k,Hospitality,New Delhi,2.8k,64,1,141
Aparajitha Corporate Services,3.8,1k,Legal,Madurai,3.2k,56,2,60
Bounteous,3.1,1k,IT Services & Consulting,Bengaluru,8.5k,250,185,111
Star Cement,4.0,1k,Building Material,Guwahati,3.3k,89,--,88
Tiger Analytics,3.8,1k,IT Services & Consulting,Bengaluru,11k,261,73,40
Cult.fit,3.5,1k,Fitness & Wellness,Bengaluru,4.3k,85,186,83
MasterCard,3.8,1k,FinTech,Pune,13.5k,174,342,108
Sahara India Pariwar,3.9,1k,Broadcasting,Lucknow,2.5k,30,--,87
TradeIndia (Infocom Network Private Limited),3.3,1k,Internet,New Delhi,4.5k,90,40,61
AstraZeneca,3.8,1k,Pharma,Chennai,7.5k,70,1,150
Mastek,3.6,1k,IT Services & Consulting,Mumbai,6.6k,134,31,47
VeeTechnologies,4.0,1k,IT Services & Consulting,Salem,4.4k,133,17,91
Technip Energies,3.9,1k,Engineering & Construction,Noida,5.6k,94,14,46
Pristyn Care,3.1,1k,Internet,Gurugram,4.2k,86,9,147
Wonder Cement,4.2,1k,Building Material,Nimbahera,3.7k,64,44,64
Temenos,3.1,1k,Software Product,Chennai,8.5k,97,13,57
Xebia,3.0,1k,IT Services & Consulting,Gurugram,6.6k,97,24,228
Collins Aerospace,3.8,1k,Defence & Aerospace,Bengaluru,8k,89,17,106
Amazon Web Services,3.8,1k,IT Services & Consulting,Bengaluru,7k,194,--,82
eClinicalWorks,3.5,1k,Software Product,Mumbai,5.1k,78,6,159
National Payments Corporation of India,3.9,1k,FinTech,Mumbai,4.4k,107,154,36
Incheon Motors,4.7,1k,Automobile,Kochi,358,297,10,7
Psp Projects,3.8,1k,Engineering & Construction,Ahmedabad,3.1k,84,5,45
Marsh McLennan,3.8,1k,Management Consulting,Mumbai,8.8k,55,46,82
Mahindra Automotives,3.8,1k,Automobile,Pune,5.2k,49,--,43
Entain,3.5,1k,IT Services & Consulting,Hyderabad,7.3k,143,--,94
JSW Group,3.9,1k,Iron & Steel,Mumbai,4.5k,136,--,62
CarDekho Group,3.6,1k,Internet,Gurugram,5.1k,87,42,110
Lumina Datamatics,3.1,1k,IT Services & Consulting,Mumbai,4.8k,64,77,51
Capacit'e Infraprojects,3.7,1k,Engineering & Construction,Mumbai,3.3k,80,10,65
Quantiphi Analytics Solutions Private Limited,3.1,1k,IT Services & Consulting,Bengaluru,7.7k,211,153,58
Jyothy Labs,4.0,1k,FMCG,Mumbai,2.4k,57,15,78
C&S Electric,4.0,1k,Electrical Equipment,Noida,3.8k,68,23,92
J B Chemicals And Pharmaceuticals,3.9,1k,Pharma,Mumbai,3.4k,66,12,85
Rebel Foods,3.7,1k,Hospitality,Mumbai,3.5k,78,2,61
Yokohama Off-Highway Tires,3.7,1k,Auto Components,Bharuch,4.3k,72,3,42
KEI Industries,4.2,1k,Electrical Equipment,New Delhi,3.3k,72,2,93
SYSKA LED Lights,2.9,1k,Consumer Electronics & Appliances,Pune,2.3k,59,--,75
Softenger,4.0,1k,IT Services & Consulting,Pune,2.7k,76,--,161
Natco Pharma,4.0,1k,Pharma,Hyderabad,3.6k,56,--,85
Napino Auto & Electronics,3.9,1k,Auto Components,Gurugram,4k,67,2,78
JW Marriott,4.2,1k,Hospitality,Mumbai,2k,50,--,152
Everest Industries,3.8,1k,Building Material,Mumbai,3.3k,65,37,89
General Mills,4.1,1k,Food Processing,Mumbai,5.3k,87,16,120
Lowe's,4.0,1k,Retail,Bengaluru,10.5k,157,57,131
Pizza Hut,4.1,1k,Hospitality,New Delhi,2.1k,50,--,80
TechnipFMC,3.9,1k,Engineering & Construction,Hyderabad,5k,84,47,107
Defence Research & Development Organisation,4.4,1k,Defence & Aerospace,Hyderabad,4k,78,--,89
Salcomp Manufacturing,4.0,1k,Electronics Manufacturing,Chennai,4.6k,89,6,72
Guidehouse,3.5,999,Management Consulting,Chennai,6k,83,152,45
Kendriya Vidyalaya Sangathan,4.2,996,Education & Training,New Delhi,1.7k,70,--,64
Hiranandani Financial Services,4.4,996,NBFC,Mumbai,1k,208,10,24
Barclays Global Service Centre,3.9,995,IT Services & Consulting,Pune,8k,103,--,143
Astral Adhesives,3.8,995,Chemicals,Ahmedabad,2.6k,59,--,60
JSW Paints,3.7,993,Chemicals,Mumbai,3.4k,105,1,37
VIP Industries,3.7,993,Retail,Mumbai,3k,51,23,88
Xceedance,3.5,992,IT Services & Consulting,Gurugram,6.8k,138,--,86
Bhanzu,3.8,1k,EdTech,Bengaluru,1.4k,202,1,13
Shriram General Insurance,3.6,991,Insurance,Jaipur,2.8k,43,32,47
LOREAL,3.7,990,Beauty & Personal Care,Mumbai,3.9k,70,69,96
Financial Software & Systems,3.6,990,Software Product,Chennai,5.2k,75,14,59
Pricol,3.9,987,Auto Components,Coimbatore,4.4k,56,11,88
Cohance Lifesciences,3.9,984,Pharma,Hyderabad,3.3k,43,7,47
LanceSoft,3.2,982,Recruitment,Hyderabad,5.8k,77,33,49
Adani Enterprises,3.6,979,Metals & Mining,Ahmedabad,5k,108,2,77
Pramerica Life Insurance,3.7,979,Insurance,Gurugram,2.5k,43,30,68
Altisource,3.5,979,Real Estate,Bengaluru,3.5k,45,67,139
Jaro Education,3.3,979,Education & Training,Mumbai,2.3k,119,20,71
Signify,3.4,976,Consumer Electronics & Appliances,Bengaluru,4.7k,64,47,80
Aristo Pharmaceuticals,3.9,975,Pharma,Mumbai,2.6k,55,4,68
Navayuga Engineering Company,3.9,975,Engineering & Construction,Hyderabad,2.5k,67,18,86
Amphenol Interconnect,4.2,974,Electrical Equipment,Pune,3.9k,54,14,69
Renault-Nissan,3.9,972,Automobile,Chennai,3.7k,99,--,211
SFO Technologies,3.4,973,Electronics Manufacturing,Bengaluru,4.9k,50,31,67
Velocis Systems,3.8,971,IT Services & Consulting,New Delhi,5.2k,71,20,54
Timken,3.9,971,Industrial Machinery,Jamshedpur,4.3k,62,1,102
KMV Projects Limited,4.3,969,Engineering & Construction,Hyderabad,2.3k,65,--,89
Knight Frank,4.0,968,Real Estate,Mumbai,3.4k,61,1,76
ICCS,3.0,967,BPO,Noida,2.9k,68,8,46
Gannon Dunkerley & Co.,3.4,966,Engineering & Construction,Kolkata,1.9k,44,2,116
Nasser S. Al Hajri Corporation,3.6,965,Engineering & Construction,Chennai,1.8k,43,--,97
"Commonwealth Bank of Australia, India",2.7,965,Financial Services,Bengaluru,8.2k,116,1,56
Regulated Council of Immigration Consultants,4.9,963,Other,Dubai,--,--,--,--
Integra Software Services,4.0,969,IT Services & Consulting,Puducherry,3.2k,78,47,70
Mando Automotive,4.0,961,Auto Components,Chennai,4.2k,55,--,125
Reliance Power,4.1,960,Power,Singrauli,3.3k,68,6,68
Sandhar Technologies,3.7,959,Auto Components,Gurugram,3.6k,59,16,78
Godfrey Phillips India,4.0,959,FMCG,New Delhi,3.3k,44,4,101
FLSmidth,3.5,958,Industrial Machinery,Chennai,4.2k,46,40,111
Volvo,4.0,959,Automobile,Bengaluru,5.8k,82,5,95
Medha Servo Drives,4.2,958,Electrical Equipment,Hyderabad,3.2k,94,17,112
CIEL HR,3.9,957,Recruitment,Bengaluru,3.3k,75,4,55
Target,4.0,956,Retail,Bengaluru,7.3k,146,97,94
M3M India,4.1,955,Real Estate,Gurugram,3.5k,69,--,42
Tikona Infinet,3.3,955,Telecom,Mumbai,2.6k,33,6,84
Re Sustainability Limited,3.8,954,Waste Management,Hyderabad,3.2k,64,27,84
Episource,3.9,954,IT Services & Consulting,Chennai,3.1k,229,--,78
Medhaj Techno Concept,4.0,953,Management Consulting,Lucknow,2k,61,3,161
Hathway,3.4,953,Telecom,Mumbai,3.5k,50,4,73
FastInfo,4.2,953,Internet,Kolkata,924,116,--,346
Petrofac,4.3,952,Oil & Gas,Chennai,2.4k,47,--,117
Steag Energy Services,4.3,952,Power,Jharsuguda,2.8k,53,6,108
Jubilant Pharmova,3.7,950,Pharma,Noida,3.3k,63,77,110
MAS Financial Services Ltd,3.6,954,NBFC,Ahmedabad,2.4k,59,65,37
Naukri,4.1,948,Internet,Noida,3.4k,234,1,115
Tafe Motors & Tractors,3.8,948,Industrial Machinery,Bhopal,3.1k,61,--,24
Greenlam Industries,4.1,948,Furniture & Furnishing,New Delhi,3.4k,67,15,61
Wakefit,3.9,949,Furniture & Furnishing,Bengaluru,3.2k,83,25,29
SKH Metals,4.0,949,Auto Components,Gurugram,3k,86,13,61
Deepak Fertilisers and Petrochemicals,4.0,947,Chemicals,Mumbai,3.6k,50,19,80
Bayer,4.0,947,Pharma,Bengaluru,4.5k,62,--,135
Intellipaat Software Solutions,3.8,946,EdTech,Bengaluru,2.1k,206,--,16
Apotex Research,3.7,946,Pharma,Bengaluru,2.9k,38,34,106
OCS Group,4.1,945,Facility Management Services,Mumbai,2.6k,64,11,53
Schlumberger,3.7,943,Oil & Gas,Pune,5.7k,159,5,116
Orient Electric,3.7,942,Consumer Electronics & Appliances,New Delhi,3.5k,66,14,57
GE Healthcare,3.9,939,Medical Equipment,Bengaluru,6.2k,87,1,100
HomeLane,3.3,938,Architecture & Interior Design,Bengaluru,4.2k,96,112,68
Aviva Life Insurance India,3.4,937,Insurance,Gurugram,2.7k,37,7,66
Simplilearn,3.8,935,EdTech,Bengaluru,4.7k,151,86,59
Nirma,4.3,934,FMCG,Bhavnagar,3.1k,54,27,121
HT Media,3.0,934,Media & Entertainment,New Delhi,4.8k,61,--,88
Sundaram Clayton,3.9,934,Auto Components,Chennai,2.8k,36,10,90
Experis IT,3.0,933,Recruitment,Bengaluru,3.8k,72,6,44
Test Yantra Software Solutions,3.0,933,IT Services & Consulting,Bengaluru,26.1k,151,7,130
Vijay Sales,4.0,931,Retail,Mumbai,3k,69,8,58
Amazon Sellers Services,4.0,930,Internet,Bengaluru,2.5k,136,--,106
Neel Metal Products,4.0,929,Auto Components,Gurugram,2.7k,57,--,76
Netscribes,2.7,929,Analytics & KPO,Kolkata,3.1k,95,33,74
Sona Comstar,4.0,928,Auto Components,Gurugram,4.2k,83,1,68
Ashirvad Pipes,3.8,928,Building Material,Bengaluru,3.1k,70,18,89
Yashoda Hospitals,3.9,927,Healthcare,Hyderabad,3.5k,71,30,90
Michelin,3.7,928,Auto Components,Pune,5.1k,68,16,113
Alok Industries,3.6,926,Fashion & Textile,Dadra & Nagar Haveli,3.4k,54,13,86
Aircel,4.5,925,Telecom,New Delhi,1.2k,9,--,142
Nityo Infotech,3.2,926,IT Services & Consulting,Bengaluru,5.1k,98,42,46
ACL Digital,3.5,925,IT Services & Consulting,Bengaluru,6.8k,96,158,49
Impact Infotech Pvt. Ltd.,3.8,922,IT Services & Consulting,Mumbai,2.7k,74,--,92
Nibav Lifts,4.0,920,Industrial Machinery,Chennai,1.8k,105,177,25
Carborundum Universal Limited,3.7,920,Industrial Machinery,Chennai,3.7k,39,18,65
Egis India Consulting Engineers,4.3,918,Engineering & Construction,Gurugram,2.4k,57,1,99
Ageas Federal Life Insurance,3.4,918,Insurance,Mumbai,2.4k,59,52,69
Wipro PARI,3.2,919,Industrial Automation,Pune,3.9k,69,30,24
Bosch Chassis Systems,4.1,915,Auto Components,Pune,2.7k,48,--,110
Musashi Auto Parts,3.8,915,Auto Components,Bengaluru,2.9k,45,5,78
Updater Services,3.7,915,Facility Management Services,Chennai,3k,49,22,51
Alorica,3.1,915,BPO,Bengaluru,3.5k,96,99,27
WSP,4.2,913,Management Consulting,Bengaluru,4.4k,112,2,28
Truhome Finance,3.7,913,Financial Services,Mumbai,2.8k,61,39,47
Centum Electronics,3.4,910,Electronics Manufacturing,Bengaluru,3.7k,32,8,109
RAMTeCH Software Solutions,3.7,907,IT Services & Consulting,Hyderabad,3.5k,47,5,59
TNQ Tech Private Limited,3.5,907,Printing & Publishing,Chennai,4.1k,67,16,67
Acme Cleantech Solutions,4.0,908,Power,Gurugram,2.7k,86,9,96
H&M,3.8,906,Fashion & Textile,Bengaluru,3.3k,122,114,82
Silaris Informations,2.9,905,BPO,New Delhi,3k,61,6,55
Apar Industries,4.1,905,Semiconductors,Mumbai,3.6k,66,11,53
Ups Logistics,3.6,906,Logistics,Pune,4.7k,88,159,81
Satya MicroCapital,3.7,905,NBFC,New Delhi,2.2k,71,5,40
Volkswagen,4.1,904,Automobile,Pune,3.1k,54,--,101
Epsilon,3.6,905,Marketing & Advertising,Bengaluru,7.5k,109,164,93
MOURI Tech,3.6,903,IT Services & Consulting,Hyderabad,6.5k,77,70,56
Ather Energy,4.1,902,Automobile,Bengaluru,4.9k,76,14,38
Fedbank Financial Services,4.0,903,NBFC,Mumbai,3.3k,49,19,40
Nlb Services,3.6,901,Recruitment,Noida,3.3k,37,3,60
UKG,2.8,899,Software Product,Noida,6.7k,133,26,56
Magna International,3.9,899,Auto Components,Pune,5.8k,54,67,70
Tata Chemicals,3.9,897,Chemicals,Jamnagar,2.9k,79,1,131
India Shelter Finance Corporation,3.8,895,NBFC,Gurugram,2.4k,38,5,33
Tata Starbucks,4.1,896,Hospitality,Mumbai,2k,67,425,105
IDEMIA,3.8,895,Electronics Manufacturing,Noida,3.8k,62,18,79
AJIO,3.6,895,Internet,Bengaluru,2.7k,65,--,90
Marks & Spencer,3.8,893,Retail,New Delhi,3.2k,37,111,108
Shilpa Medicare,3.4,892,Pharma,Hyderabad,3.8k,65,3,54
Parag Milk Foods,3.9,894,Food Processing,Mumbai,2.6k,81,12,58
Metso,4.0,891,Metals & Mining,Alwar,3.4k,84,10,62
Shivalik Small Finance Bank,4.2,891,Banking,Noida,1.8k,115,8,77
BGR Energy Systems,3.8,892,Engineering & Construction,Chennai,3.1k,47,--,115
Nexdigm,3.7,889,Management Consulting,Pune,3.5k,75,57,17
Panacea Biotec,3.5,889,Biotechnology,Baddi,2.8k,69,37,101
Casagrand,3.8,889,Real Estate,Chennai,4.7k,76,107,32
Rohan Builders,4.1,890,Real Estate,Pune,2.5k,63,59,67
Athena BPO,3.3,888,BPO,Mumbai,2.8k,58,4,54
KGISL,3.2,887,IT Services & Consulting,Coimbatore,5.4k,97,11,101
C.R.I. Pumps,3.9,886,Industrial Machinery,Coimbatore,2.7k,37,5,73
Swaraj Tractors,4.0,886,Automobile,Sahibzada Ajit Singh Nagar,2.9k,44,--,128
National Health Mission,3.5,886,Healthcare,Guwahati,2.3k,36,--,50
Porter,3.5,886,Internet,Bengaluru,3.9k,104,139,60
Vedanta Limited,3.7,886,Metals & Mining,Jharsuguda,3.2k,73,39,74
Victura Technologies Private Limited,4.0,886,Auto Components,Faridabad,3.4k,49,--,44
Next Education India,3.2,884,EdTech,Hyderabad,2.7k,50,11,121
Parekh Integrated Services,4.0,883,Logistics,Mumbai,2.7k,42,28,86
Future Focus Infotech,3.3,882,IT Services & Consulting,Bengaluru,4.1k,61,--,47
Jaya Hind Industries,3.7,882,Auto Components,Pune,2.7k,66,2,60
Shaktiman Tirth Agro Technology,3.8,882,Industrial Machinery,Rajkot,3k,64,1,82
enGen Global,3.8,882,IT Services & Consulting,Chennai,5.9k,76,48,60
Ascendion,3.1,880,IT Services & Consulting,Bengaluru,4.9k,132,109,14
Union Bank of India,3.9,880,Banking,Mumbai,3k,45,--,66
Sutherland Healthcare Solutions,3.7,880,Analytics & KPO,Hyderabad,4.1k,50,--,54
Tata Power Solar,4.1,879,Power,Bengaluru,3.3k,87,--,49
Clarivate,3.7,881,Analytics & KPO,Bengaluru,7.1k,96,52,47
Torry Harris Integration Solutions,4.1,877,IT Services & Consulting,Bengaluru,4.4k,191,38,38
Precision Infomatic M Pvt Ltd,3.9,876,IT Services & Consulting,Chennai,2.8k,57,6,28
Welspun Corp,3.9,878,Iron & Steel,Anjar,2.7k,50,--,53
Rico Auto Industries,3.8,875,Auto Components,Gurugram,3.5k,62,1,52
Tata Hitachi Construction Machinery,4.0,875,Industrial Machinery,Kharagpur,3.2k,68,13,80
Patel Infrastructure Limited,4.3,872,Engineering & Construction,Vadodara,2.1k,121,15,89
BDO,3.2,871,Accounting & Auditing,Mumbai,6.3k,61,--,22
Rockwell Automation,3.7,868,Industrial Automation,Pune,5.9k,90,522,77
HP India,3.7,868,Consumer Electronics & Appliances,Bengaluru,6.1k,168,1,109
Lumen Technologies,3.8,870,Hardware & Networking,Bengaluru,4k,57,8,105
Bechtel,3.9,868,Engineering & Construction,Gurugram,4k,75,140,90
RR kabel,4.1,868,Electrical Equipment,Vadodara,3.1k,74,2,49
Petpooja,3.9,867,Software Product,Ahmedabad,1.9k,99,47,89
IBS Software Services,3.6,866,Software Product,Kochi,6.7k,125,84,69
LEAD School,3.2,866,EdTech,Mumbai,3.4k,95,16,76
Sanden Vikas,4.0,866,Auto Components,Faridabad,2.7k,58,10,72
Eris Lifesciences,3.6,864,Pharma,Ahmedabad,2.4k,47,10,72
Syneos Health,3.5,863,Clinical Research,Hyderabad,4k,65,140,51
Mahindra First Choice,3.9,862,Internet,Mumbai,3k,43,15,75
AuthBridge Research Services,3.1,861,IT Services & Consulting,Gurugram,3.1k,52,5,57
K Raheja Corp,4.2,860,Hospitality,Mumbai,3.3k,74,67,77
Bank of India,4.0,859,Banking,Mumbai,2.8k,58,--,89
Fareportal,2.9,860,Travel & Tourism,Gurugram,3.6k,46,4,103
Royal Sundaram General Insurance,3.7,861,Insurance,Chennai,2.9k,24,30,61
Greaves Cotton,4.0,858,Travel & Tourism,Chhatrapati Sambhajinagar,3k,32,9,97
Mahindra Tractors,4.1,858,Automobile,Nagpur,2.7k,57,--,3
Waaree Energies,4.0,858,Power,Surat,3.6k,78,50,48
Guardian India,3.7,858,Insurance,Chennai,4.5k,64,6,87
Luxoft,3.6,859,IT Services & Consulting,Bengaluru,5.4k,139,410,102
Poly Medicure,3.4,856,Medical Equipment,Faridabad,3.1k,88,37,48
Five-Star Business Finance,4.1,856,NBFC,Chennai,2.2k,32,6,35
Principal Financial Group,3.6,856,Insurance,Pune,6.3k,86,58,104
Rodic Consultants,4.2,853,Engineering & Construction,New Delhi,1.9k,48,15,76
DBG Technology,3.7,852,Electronics Manufacturing,Rewari,2.3k,92,1,36
Baxter International,3.8,851,Healthcare,Bengaluru,3.8k,54,62,86
Rashmi Group,3.5,851,Iron & Steel,Kharagpur,3.4k,54,3,36
Medusind Solutions,3.5,850,IT Services & Consulting,Chennai,3.1k,37,38,101
Serco,4.3,850,Analytics & KPO,Mumbai,1.2k,33,--,136
eTeam,3.2,848,Recruitment,Bengaluru,3.7k,54,4,32
Universal Sompo General Insurance,4.4,848,Insurance,Mumbai,2.2k,163,12,51
Orion Edutech,4.1,849,EdTech,Kolkata,1.4k,43,--,99
Encore Capital Group,3.8,848,Financial Services,Gurugram,2.1k,48,8,115
Teamware Solutions,4.1,847,Recruitment,Hyderabad,3.3k,72,6,47
Zydus Healthcare,4.0,846,Pharma,Mumbai,2.3k,73,--,10
Duck Creek Technologies,4.5,845,Software Product,Mumbai,1.3k,87,11,393
Freshworks,3.3,845,Software Product,Chennai,7.6k,186,59,61
Dineshchandra R. Agrawal Infracon,4.0,846,Engineering & Construction,Ahmedabad,2.8k,66,18,40
Ugro Capital,3.7,845,NBFC,Mumbai,2.9k,50,38,30
Bpo Convergence,3.4,845,BPO,Hyderabad,2.1k,67,2,32
Consolidated Contractors,4.2,844,Engineering & Construction,Mumbai,1.4k,40,--,164
Vastu Housing Finance,4.1,844,NBFC,Mumbai,2.4k,58,6,135
Praj Industries,4.0,841,Biotechnology,Pune,3.4k,47,35,69
Credence Resource Management,3.0,841,BPO,Pune,3.5k,39,122,85
Advik Hi Tech,3.8,842,Auto Components,Pune,3.2k,65,7,66
Artech Infosystems,3.3,841,Recruitment,Bengaluru,3.9k,85,--,73
Ramkrishna Forgings,3.5,841,Auto Components,Jamshedpur,3.2k,70,11,65
Feedback Infrastructure Services,3.5,840,Engineering & Construction,Gurugram,2.4k,47,4,88
Amber Enterprises India,3.8,839,Electronics Manufacturing,Gurugram,3.1k,60,6,41
FIITJEE,3.2,838,Education & Training,New Delhi,2k,57,--,50
Y-Axis Overseas Careers,4.1,839,Other,Hyderabad,1.5k,158,3,241
Y-Axis Overseas Careers,4.1,839,Other,Hyderabad,1.5k,158,3,241
JK Paper,3.8,837,Pulp & Paper,Rayagada,2.9k,68,15,70
Linde India,3.9,836,Chemicals,Vadodara,3.8k,58,23,91
Ramco Systems,3.7,836,Software Product,Chennai,5.3k,73,9,60
Ford Business Solutions,4.1,836,IT Services & Consulting,Chennai,4.2k,54,45,26
Arvind Lifestyle Brands,4.0,835,Fashion & Textile,Bengaluru,1.9k,22,37,1
Qualitest,3.6,835,IT Services & Consulting,Bengaluru,7.1k,93,35,30
Bill Gosling Outsourcing India,3.5,833,,Gurugram,3k,51,41,86
Prama Hikvision India,3.5,833,Electronics Manufacturing,Mumbai,3.2k,67,8,43
Vijaya Diagnostic Centre,3.7,834,Healthcare,Hyderabad,2.2k,48,30,136
Jio-bp,3.6,831,Oil & Gas,Mumbai,3k,80,7,27
Novac Technology Solutions,3.5,831,Software Product,Chennai,5.6k,77,43,50
Huhtamaki,3.9,828,Packaging,Mumbai,2.7k,27,14,86
Prince Pipes & Fittings,4.1,827,Building Material,Mumbai,2.6k,57,14,57
Qinecsa Solutions,2.7,826,Clinical Research,Mysuru,2.8k,64,1,2
Aequs,3.4,826,Defence & Aerospace,Belagavi,3.6k,61,13,52
Zuventus Healthcare,3.9,826,Pharma,Mumbai,2.4k,63,6,61
Ask Automotive,4.2,825,Auto Components,Gurugram,3.1k,39,4,51
Radical Minds,2.8,823,BPO,Gurugram,2.7k,70,28,38
Border Security Force,4.5,822,Law Enforcement & Security,New Delhi,1.4k,19,--,77
Nippon Koei India,4.7,822,Engineering & Construction,New Delhi,1.4k,167,2,32
THE LEELA PALACES HOTELS & RESORTS,4.0,822,Hospitality,New Delhi,2.3k,41,--,116
Punj Lloyd,4.0,821,Engineering & Construction,Gurugram,1.6k,20,--,138
RenewBuy,3.3,821,Internet,Gurugram,3k,65,--,25
IFFCO,4.1,820,Agro Chemicals,New Delhi,2k,60,--,90
AISIN,4.1,820,Auto Components,Rohtak,2.8k,59,8,93
Investors Clinic,3.5,820,Real Estate,Noida,1.6k,76,21,28
Engineers India,4.2,819,Engineering & Construction,New Delhi,3.4k,91,10,80
Progressive Techserve,3.2,817,IT Services & Consulting,Noida,2.8k,46,17,63
PUMA,4.1,816,Fashion & Textile,Bengaluru,2.7k,74,14,83
Fluor Corporation,4.1,816,Engineering & Construction,Gurugram,1.8k,32,185,9
Wabtec,3.9,816,Auto Components,Bengaluru,4.3k,64,8,54
Eveready Industries,3.9,815,Consumer Electronics & Appliances,Kolkata,2.5k,44,1,81
Chennai Radha Engineering Works,3.9,815,Engineering & Construction,Chennai,2.3k,42,--,94
Wipro Consumer Care & Lighting,3.6,815,FMCG,Bengaluru,3.8k,76,9,268
Hitachi,3.8,814,Industrial Machinery,Bengaluru,5k,98,2,58
Somany Ceramics,4.2,816,Building Material,New Delhi,2.8k,31,8,67
Zidio Development,4.4,813,IT Services & Consulting,Bengaluru,115,173,--,2
Indo Autotech,4.0,812,Auto Components,Faridabad,2.8k,56,8,66
Travel Food Services Ltd,4.0,812,Hospitality,Mumbai,2.1k,51,1,66
Axtria,2.7,811,Software Product,Gurugram,8k,136,168,77
Careernet,3.5,811,Recruitment,Bengaluru,4.7k,51,--,51
Action Construction Equipment,3.7,812,Industrial Machinery,Faridabad,2.9k,77,1,41
Denave,3.4,810,Marketing & Advertising,Noida,2.8k,50,8,79
Maveric Systems,3.3,810,IT Services & Consulting,Chennai,7.3k,132,9,71
Creative Synergies Group,3.8,808,IT Services & Consulting,Bengaluru,2.4k,30,23,17
JM Financial,3.8,808,Financial Services,Mumbai,4k,61,--,35
Franklin Templeton Investments,3.9,808,Financial Services,Hyderabad,3.9k,35,47,73
Rallis India,4.0,808,Agro Chemicals,Ankleshwar,2.5k,46,12,79
Hilti,3.3,806,Industrial Machinery,Gurugram,3.8k,75,15,82
Jai Balaji Group,3.2,806,Iron & Steel,Durgapur,3.3k,56,--,67
Microtek International,3.7,805,Consumer Electronics & Appliances,New Delhi,2.8k,54,3,54
Intex Technologies,3.6,804,Consumer Electronics & Appliances,New Delhi,1.5k,20,2,97
Wapcos,3.1,804,Engineering & Construction,New Delhi,2.3k,42,--,36
Hitachi Digital Services,3.5,804,IT Services & Consulting,Hyderabad,2.4k,70,38,52
Forever Living Products,4.2,804,Fitness & Wellness,Mumbai,1.6k,79,--,47
Lenovo,4.0,804,Consumer Electronics & Appliances,Bengaluru,4.3k,61,14,59
Toyo Engineering,4.0,804,Engineering & Construction,Mumbai,3.8k,62,2,81
People Tech Group,2.3,802,IT Services & Consulting,Hyderabad,5.4k,89,16,35
First Advantage,3.4,802,Recruitment,Bengaluru,4.6k,32,35,62
Padget Electronics,3.7,802,Electronics Manufacturing,Noida,2.9k,85,--,27
Ksb Pumps,3.7,801,Industrial Machinery,Pune,3.5k,59,131,42
Pratap Technocrats,3.7,802,Telecom,Pune,1.9k,37,5,38
Neurealm,3.4,800,IT Services & Consulting,Chennai,6.9k,102,52,56
Transrail Lighting,4.0,799,Engineering & Construction,Mumbai,2.8k,64,5,52
Lea Associates South Asia,4.2,799,Engineering & Construction,New Delhi,1.9k,34,--,79
Fleetguard Filters Private Limited,4.3,798,Auto Components,Pune,2.8k,53,15,63
ManipalCigna Health Insurance,3.7,797,Insurance,Mumbai,3.1k,45,204,45
Protiviti,3.0,796,Management Consulting,Gurugram,5.7k,73,7,24
Celebal Technologies,3.0,796,IT Services & Consulting,Jaipur,4.9k,143,32,22
NTT,3.9,795,IT Services & Consulting,Mumbai,4.9k,72,1,63
Allied Digital Services,3.1,794,IT Services & Consulting,Mumbai,3.6k,68,20,34
Reliance Smart,4.1,794,Retail,Hyderabad,2.2k,37,--,22
Eastman Auto and Power Limited,3.9,795,Electronics Manufacturing,Gurugram,2.3k,111,38,36
Fidelity International,3.5,794,Financial Services,Gurugram,6k,63,64,84
Isuzu Motors,4.2,795,Automobile,Chennai,3k,57,1,95
Edubridge Learning,3.8,792,EdTech,Mumbai,1.3k,67,79,150
Alivus Life Sciences,3.8,792,Pharma,Ankleshwar,4.1k,42,--,46
Neuland Laboratories,3.9,792,Pharma,Hyderabad,3.1k,56,9,72
Mindsprint,3.5,792,IT Services & Consulting,Chennai,4.7k,72,25,109
Sterling Tools,4.5,791,Auto Components,Faridabad,1.2k,235,11,31
Exicom,3.9,790,Semiconductors,Gurugram,3.1k,62,14,75
ESL Steel,3.8,789,Iron & Steel,Bokaro,2.1k,38,--,91
VA Tech Wabag,3.8,788,Waste Management,Chennai,3k,61,18,87
Volkswagen Group Digital Solutions [India],3.9,788,IT Services & Consulting,Pune,5.2k,86,32,4
Ameriprise Financial,3.7,788,Financial Services,Gurugram,5.4k,75,5,104
JioStar,3.6,789,Media & Entertainment,Mumbai,4.9k,65,187,24
Forvia Hella,3.7,788,Auto Components,Pune,3.6k,51,78,81
Bses Rajdhani Power,3.8,787,Power,New Delhi,2.8k,60,--,61
Amadeus,3.7,787,Software Product,Bengaluru,7.6k,128,24,94
Bunge India,3.9,787,Food Processing,Sahibzada Ajit Singh Nagar,3.3k,50,448,59
Assystem,3.3,786,Engineering & Construction,Chennai,2.2k,51,165,5
Quatrro Business Support Services,3.2,786,Recruitment,Gurugram,2.6k,62,--,86
Vaaman Engineers,3.8,786,Engineering & Construction,Jharsuguda,2.3k,76,6,58
Central Industrial Security Force,4.3,786,Law Enforcement & Security,New Delhi,2k,24,--,77
Bitwise Solutions,3.7,784,IT Services & Consulting,Pune,4.5k,62,5,127
Creambell,3.8,785,Hospitality,New Delhi,2.2k,44,3,74
Times Internet,3.4,784,Internet,Noida,5.6k,75,13,73
Aurigo Software Technologies,4.7,783,Software Product,Bengaluru,1.1k,37,26,127
Mott MacDonald,3.9,783,Management Consulting,Mumbai,2.9k,58,151,53
TO THE NEW,3.6,783,IT Services & Consulting,Noida,6k,155,26,98
Skill Lync,3.1,782,EdTech,Chennai,3.5k,93,1,29
Steel Authority Of India,4.1,783,Iron & Steel,Bokaro,2.3k,51,--,59
India Japan Lighting,4.0,783,Auto Components,Chennai,2.7k,69,5,69
BNP Paribas India Solutions,3.5,782,IT Services & Consulting,Mumbai,6.4k,83,8,116
Sharda Motor Industries,3.7,781,Auto Components,Chennai,2.9k,58,13,86
National Informatics Centre,3.9,780,Government,New Delhi,4.3k,44,--,27
CMS Computers Limited (INDIA),3.6,780,IT Services & Consulting,New Delhi,3.3k,44,4,57
KreditBee,3.7,781,FinTech,Bengaluru,3.6k,73,25,48
Wipro Infrastructure Engineering,3.7,778,Industrial Machinery,Bengaluru,4k,63,18,89
Greenply,3.8,777,Building Material,Kolkata,2.5k,58,1,54
Google Operations Center,3.5,776,BPO,Hyderabad,4.4k,104,--,49
UnitedLex,2.6,775,Analytics & KPO,New Delhi,3.7k,75,50,61
JSW Energy,4.1,776,Power,Mumbai,4.1k,61,9,44
McDermott International,4.2,775,Engineering & Construction,Chennai,3.6k,65,61,74
Finolex Cables,3.7,774,Electrical Equipment,Pune,2.6k,45,17,47
Smollan Group,3.9,774,Marketing & Advertising,Mumbai,1.9k,51,1,43
Stellantis,3.4,774,Automobile,Chennai,5.5k,68,--,23
Veradigm,3.7,773,Software Product,Pune,3.5k,43,74,2
R.V.R. PROJECTS,3.8,774,Engineering & Construction,Hyderabad,1.9k,71,18,37
Zee Entertainment Enterprises,3.3,772,Media & Entertainment,Mumbai,4.4k,57,--,50
Livguard,3.8,771,Electronics Manufacturing,Gurugram,2.4k,45,--,19
Rackspace,3.6,771,IT Services & Consulting,Gurugram,4.7k,86,9,61
HSBC Software Development,4.0,772,Software Product,Pune,7.8k,29,--,3
India Cements,3.9,768,Building Material,Chennai,2.7k,55,9,63
Eugia Pharma Specialities,4.0,769,Pharma,Hyderabad,2.9k,49,--,36
Hapag-Lloyd,3.8,768,Ports & Shipping,Chennai,3.2k,31,5,74
LG Soft India,2.6,767,IT Services & Consulting,Bengaluru,4.8k,116,36,73
Religare,3.6,766,Financial Services,New Delhi,2.5k,36,38,33
Samsung E&A,4.0,766,Engineering & Construction,Noida,2.4k,73,--,116
Integreon,3.1,766,BPO,Mumbai,4.1k,58,33,86
Care Hospital,4.1,765,Healthcare,Hyderabad,2.2k,36,34,67
ReSource Pro,3.7,765,BPO,Bengaluru,4.2k,140,37,55
RITES,3.9,765,Engineering & Construction,Gurugram,2.6k,41,8,61
Electrosteel Casting,3.6,763,Building Material,Kolkata,2.9k,57,1,42
bp,3.7,765,Oil & Gas,Pune,4.9k,98,24,35
Trianz,3.7,763,IT Services & Consulting,Hyderabad,4.8k,61,40,60
Brane Enterprises,2.1,762,Software Product,Hyderabad,3.7k,151,--,19
Primus Global Technologies,3.6,762,IT Services & Consulting,Bengaluru,3.2k,26,--,56
LifeCell International,3.3,762,Biotechnology,Chennai,2.9k,53,36,69
BCD Travel,4.3,761,Travel & Tourism,Bengaluru,1.8k,152,30,40
Better.com,3.0,762,Financial Services,Gurugram,3.8k,58,8,115
EMERSON PROCESS MANAGEMENT,4.0,760,Industrial Automation,Pune,4.6k,66,--,76
Deepak Nitrite,3.8,759,Chemicals,Vadodara,3.2k,53,23,76
Genus Power Infrastructures,3.9,759,Electronics Manufacturing,Jaipur,3.1k,72,2,49
AI Airport Services,3.3,759,Aviation,Mumbai,1.8k,50,--,7
Boeing,3.8,759,Aviation,Bengaluru,7.2k,103,9,67
Shalby Hospitals,4.3,757,Healthcare,Ahmedabad,2.2k,120,66,65
B. G. Shirke Construction Technology,4.1,757,Engineering & Construction,Pune,2.8k,44,5,83
Mitsubishi Electric India,4.2,758,Electronics Manufacturing,Pune,3.1k,48,5,62
Redcliffe Labs,3.9,756,Healthcare,Noida,1.9k,73,12,60
Turtlemint,3.7,756,Internet,Mumbai,2.7k,61,1,34
Dunzo,3.5,756,Internet,Bengaluru,3.1k,71,--,22
ASG Eye Hospital,3.5,757,Healthcare,Jaipur,1.8k,63,104,40
Razorpay,3.4,755,FinTech,Bengaluru,7.1k,179,5,50
CADD Centre Training Services,3.9,755,Education & Training,Chennai,2k,38,6,91
V-Trans,3.8,754,Logistics,Mumbai,2k,34,--,50
Sterlite Power,4.1,754,Power,New Delhi,3.3k,42,21,72
Tredence,3.3,753,IT Services & Consulting,Bengaluru,7.3k,154,150,54
1 India Family Mart,4.6,752,Retail,New Delhi,1.5k,40,--,40
BDO INDIA SERVICES PRIVATE LIMITED,3.1,753,Accounting & Auditing,Mumbai,3.9k,94,173,39
Delta Electronics,3.8,752,Electronics Manufacturing,Bengaluru,3.8k,69,1,46
Sun Life Financial,3.8,751,Financial Services,Gurugram,4.2k,55,189,114
Mswipe Technologies,3.2,751,FinTech,Mumbai,2.3k,36,5,47
Koch Business Solutions,3.1,750,IT Services & Consulting,Bengaluru,5.3k,71,4,51
The Akshaya Patra Foundation,4.4,749,Non-Profit,Bengaluru,2k,62,17,65
Ag Industries,4.0,748,Auto Components,Gurugram,2.8k,62,10,55
Kissht Finance,3.9,748,FinTech,Mumbai,2.2k,103,17,48
Galfar,3.9,748,Engineering & Construction,Muscat,1.9k,32,--,78
OLX India,3.8,747,Internet,Gurugram,3.3k,69,8,114
URC Construction,3.6,746,Engineering & Construction,Chennai,2.6k,76,8,36
GirnarSoft,3.7,745,IT Services & Consulting,Gurugram,3.3k,36,3,92
BDO RISE Private Limited,3.6,746,Accounting & Auditing,Bengaluru,3.4k,98,27,34
Home First Finance Company India,3.5,745,NBFC,Mumbai,2.8k,68,297,27
SLK Global Services,4.0,744,BPO,Bengaluru,2.4k,35,--,86
Nvidia,3.4,743,Hardware & Networking,Pune,5.7k,135,340,68
McKinsey & Company,3.8,743,Management Consulting,Gurugram,8.8k,254,5,69
TDK India Private Limited,3.9,741,Semiconductors,Nashik,2.3k,48,29,63
Evision Technoserve,4.8,740,IT Services & Consulting,Pune,214,324,--,24
Rentokil Pest Control,3.5,740,Facility Management Services,Mumbai,2.1k,44,347,73
Tavant Technologies,3.8,739,IT Services & Consulting,Bengaluru,6.4k,81,79,93
Molex,3.8,740,Electronics Manufacturing,Bengaluru,4k,71,5,63
Lohia Corp,4.1,740,Industrial Machinery,Kanpur,2.5k,93,3,54
Adidas,3.9,739,Fashion & Textile,Gurugram,4.1k,85,57,57
Indusind Marketing & Financial Services,3.7,737,Financial Services,Chennai,1.6k,33,--,55
Bahwan CyberTek,3.3,737,IT Services & Consulting,Chennai,5.1k,53,351,30
Cotiviti,3.5,735,Analytics & KPO,Hyderabad,4.9k,92,37,58
Central Bank of India,4.0,736,Banking,Mumbai,1.6k,46,--,36
Bikanervala,3.9,735,FMCG,New Delhi,2.1k,31,2,59
Expleo Solutions,3.6,734,IT Services & Consulting,Chennai,4.8k,75,4,26
Bristlecone,3.6,734,IT Services & Consulting,Bengaluru,6.2k,77,129,57
Medreich,3.8,734,Pharma,Bengaluru,3k,64,9,71
Thriveni Earthmovers,3.9,733,Metals & Mining,Jamshedpur,2.6k,65,--,90
Jubilant Ingrevia,3.8,733,Chemicals,Bharuch,3k,56,--,27
Revolut,2.5,734,FinTech,Bengaluru,3.6k,128,--,16
Zaalima Development,4.3,734,IT Services & Consulting,Bengaluru,20,247,--,38
YOKOGAWA,3.9,738,Industrial Automation,Bengaluru,3.8k,75,115,83
Goodyear,3.5,731,Auto Components,Chhatrapati Sambhajinagar,2.7k,76,10,53
PrimEra Medical Technologies,3.5,731,IT Services & Consulting,Hyderabad,4.1k,73,12,41
DuPont,4.2,730,Waste Management,Hyderabad,3k,45,19,94
Visteon,3.1,729,Auto Components,Chennai,4.7k,65,279,49
Biba Apparels,3.5,729,Fashion & Textile,New Delhi,2.2k,52,--,67
Infor Global Solution,3.9,728,Software Product,Hyderabad,7k,86,66,66
Gartner,3.8,728,Management Consulting,Gurugram,6.8k,102,50,26
Vindhya Telelinks,4.0,728,Engineering & Construction,Lucknow,2.2k,51,1,37
Vertex Customer Solutions,3.7,727,IT Services & Consulting,Chennai,1k,16,--,83
BSH Home Appliances Group,3.8,727,Consumer Electronics & Appliances,Bengaluru,2.6k,39,8,6
Lavender Technology,4.9,724,IT Services & Consulting,Bengaluru,19,4,--,53
Apple,4.3,724,Consumer Electronics & Appliances,Bengaluru,5.7k,177,163,55
Amrit Cement,3.9,724,Building Material,Guwahati,1.5k,86,24,30
TTK Prestige,3.8,724,Consumer Electronics & Appliances,Bengaluru,2.6k,52,16,52
NecLife,3.5,723,Pharma,Chandigarh,2.2k,62,2,56
TransUnion,3.6,724,Financial Services,Chennai,6.7k,106,45,61
Dodla Dairy,4.2,723,Food Processing,Hyderabad,2k,47,25,56
Diebold Nixdorf,3.6,722,Software Product,Hyderabad,3.6k,56,17,87
Lovely Professional University,3.3,721,Education & Training,Jalandhar,2.1k,66,6,52
Wolters Kluwer,3.8,721,Software Product,Pune,5.3k,96,10,56
Raychem RPG,3.7,720,Electrical Equipment,Mumbai,2.5k,34,1,95
Ness Digital Engineering,3.2,720,IT Services & Consulting,Bengaluru,5.7k,73,31,12
CtrlS,3.6,720,IT Services & Consulting,Hyderabad,3.3k,60,6,93
Progressive Infovision,3.9,720,Recruitment,New Delhi,1.2k,64,--,73
Moglix,3.3,719,Internet,Noida,3.8k,70,43,48
ffreedom app,3.4,718,Internet,Bengaluru,1.5k,64,--,1
Ramky Infrastructure,4.2,718,Engineering & Construction,Hyderabad,2k,54,--,66
Patel Engineering,4.1,717,Engineering & Construction,Mumbai,2.4k,47,--,51
Magic Bus India Foundation,3.9,717,Non-Profit,Chennai,1.8k,50,42,54
Radico Khaitan,4.0,716,Beverage,Rampur,2.1k,70,1,38
Asb International,3.7,716,Industrial Machinery,Mumbai,2.8k,38,--,55
Technotask Business Solutions,3.4,717,BPO,Bhopal,2.2k,66,7,11
Vizag Steel,3.8,715,Iron & Steel,Visakhapatnam,1.7k,37,--,50
Bisk Farm,3.9,715,Food Processing,Kolkata,1.4k,32,12,44
Joyalukkas,4.6,715,Retail,Bengaluru,1k,191,4,191
Elite Elevators,4.2,715,Industrial Machinery,Chennai,1.1k,53,--,72
Nomura Holdings,3.6,715,Investment Banking / Venture Capital / Private Equity,Mumbai,7.2k,84,317,90
IHG,3.6,714,Hospitality,New Delhi,2.7k,40,125,92
Wuerth,3.5,714,Industrial Machinery,Pune,2.4k,46,1,77
Wow Momo Foods,4.1,714,Hospitality,Kolkata,2k,189,19,20
Mynd Solutions Private,3.7,713,BPO,Gurugram,3.2k,36,6,40
Autoliv,3.9,713,Auto Components,Bengaluru,3k,44,5,59
HRH Next Services,2.9,713,BPO,Hyderabad,2k,57,9,50
uFaber,2.3,713,Education & Training,Mumbai,1.4k,54,--,55
Blue Yonder,3.5,712,Software Product,Bengaluru,7.7k,74,183,75
Bharat Serums and Vaccines,3.9,712,Pharma,Mumbai,2.4k,31,7,63
PPG Asian Paints,3.8,712,Chemicals,Mumbai,2.9k,46,4,65
NephroPlus,3.9,711,Healthcare,Hyderabad,3k,336,13,46
Emami Agrotech,3.8,712,Food Processing,Kolkata,2.6k,46,11,57
SG Analytics,2.5,710,Analytics & KPO,Pune,3.8k,84,16,53
Bridgestone - Global Capability Center,4.0,710,Auto Components,Pune,2.9k,50,20,63
XcelServ Solutions,4.4,709,IT Services & Consulting,New Delhi,415,12,--,11
Impetus Technologies,3.2,709,IT Services & Consulting,Indore,6.5k,122,71,66
Kaar Tech,4.3,709,IT Services & Consulting,Chennai,2.3k,235,16,16
Capco Technologies,3.8,711,IT Services & Consulting,Bengaluru,5.4k,99,231,52
Tejas Networks,3.8,709,Hardware & Networking,Bengaluru,4.3k,93,--,30
Csc E Governance Services,3.7,707,Government,New Delhi,1.7k,48,8,37
Magic EdTech,3.6,710,EdTech,Noida,3.7k,101,13,34
LEAP India Limited,4.6,707,Packaging,Mumbai,1.3k,32,13,31
Mahindra Integrated Business Solutions,3.3,707,BPO,Mumbai,2.7k,48,4,25
Transsion,3.9,706,Consumer Electronics & Appliances,Noida,2.6k,41,5,67
Surya Roshni,4.1,705,Building Material,New Delhi,2.3k,23,11,48
Rane NSK Steering Systems,3.9,705,Auto Components,Chennai,2.1k,43,--,66
InternEzy,4.9,704,EdTech,Chennai,5,149,4,120
Micro Turners,3.8,704,Auto Components,Baddi,2.2k,36,4,52
CJ Darcl Logistics Limited,4.0,703,Logistics,Gurugram,2.1k,46,1,51
Keventer,3.7,704,FMCG,Kolkata,2.2k,35,6,54
BrightCHAMPS,4.2,703,EdTech,Bengaluru,1.2k,107,27,52
VRL Logistics,3.8,703,Logistics,Bengaluru,1.7k,27,1,37
TVS Electronics,3.7,702,Electronics Manufacturing,Chennai,2.4k,33,7,65
TCNS Clothing Company,4.2,703,Fashion & Textile,New Delhi,1.5k,27,2,59
NSB Bpo Solutions,2.8,702,BPO,Noida,1.7k,36,--,33
North East Small Finance Bank,3.5,702,Banking,Guwahati,1.8k,30,--,41
HCL Healthcare,4.5,703,Healthcare,Noida,1.1k,179,9,26
Quislex Legal Services,4.1,701,Legal,Hyderabad,1.7k,39,--,58
BASF,4.2,701,Chemicals,Mumbai,2.5k,36,14,65
Medtronic,3.8,702,Medical Equipment,Hyderabad,4.8k,82,117,64
Flash Electronics,3.6,701,Electronics Manufacturing,Pune,2.5k,37,--,60
Caparo Engineering India,4.0,702,Auto Components,Chennai,2.5k,35,--,60
Titan Eye Plus,4.1,701,Other,Kolkata,1.5k,41,--,57
Welspun World,3.7,700,Building Material,Anjar,2.6k,60,100,84
ChannelPlay,3.8,699,Marketing & Advertising,Gurugram,2k,32,152,94
R.S. Infraprojects,4.0,699,Engineering & Construction,Noida,1.7k,41,1,61
ChannelPlay,3.8,699,Marketing & Advertising,Gurugram,2k,32,152,94
Leverage Edu,4.0,698,EdTech,Noida,1.9k,70,14,11
Teamlease Digital,3.3,698,Recruitment,Bengaluru,3.3k,40,4,46
Lionbridge Technologies,3.4,698,Content Development,Mumbai,3.9k,52,14,61
Samunnati,4.5,698,NBFC,Chennai,969,84,--,278
HSBC Bank,3.9,697,Banking,Bengaluru,3k,45,--,22
Testbook.com,3.3,697,EdTech,Noida,4.5k,111,1,22
MPS Limited,3.5,697,Content Development,Dehradun,3k,39,11,44
Triveni Engineering & Industries,4.1,697,Food Processing,Noida,2.5k,51,4,58
Vasudha Pharma Chem,4.0,697,Pharma,Visakhapatnam,2.3k,39,5,65
Neeyamo Enterprise Solutions,3.5,696,,Madurai,4.1k,72,3,67
Wissen Infotech,3.5,696,IT Services & Consulting,Bengaluru,5.1k,64,66,59
Sykes Business Services Of India,3.4,696,BPO,Hyderabad,2.5k,53,42,199
Livpure,3.8,695,Consumer Electronics & Appliances,Gurugram,2.3k,41,6,48
PCBL Chemical Limited,3.9,695,Petrochemicals,Vadodara,2.7k,75,--,54
Solv,3.4,694,Internet,Bengaluru,1.7k,46,--,16
Doosan Power Systems,4.3,693,Power,Gurugram,2.5k,44,--,82
Avaada Group,4.3,696,Power,Noida,2.4k,73,78,53
Wissen Technology,3.8,693,IT Services & Consulting,Bengaluru,5.5k,215,61,86
Bayer Crop Science Vegetable Seeds,4.2,693,,Bengaluru,1k,38,--,4
SMC Global Securities,3.5,692,Financial Services,New Delhi,2.7k,60,7,32
CSC,3.6,692,Financial Services,Bengaluru,4.8k,68,53,5
ANAROCK Property Consultants,3.5,692,Real Estate,Mumbai,3.2k,66,58,37
Cohesity,3.8,693,Software Product,Pune,5.2k,87,23,86
Orient Cement,4.4,691,Building Material,Hyderabad,2.4k,48,7,76
Grihum Housing Finance,3.6,691,NBFC,Pune,2.2k,33,38,13
Dhanuka Agritech,3.7,693,Agro Chemicals,Gurugram,1.9k,50,7,61
Belstar Microfinance,3.9,690,NBFC,Chennai,1.6k,44,--,18
Corteva Agriscience,4.3,690,Agro Chemicals,Hyderabad,2.7k,41,5,59
Narayana e-Techno School,3.6,691,Education & Training,Bengaluru,2.1k,56,--,30
Kurlon,4.3,689,Furniture & Furnishing,Bengaluru,2.1k,37,8,87
Embibe,3.4,686,EdTech,Bengaluru,2.7k,61,--,85
Redington,4.1,685,Hardware & Networking,Chennai,3.1k,37,--,70
JoulestoWatts Business Solutions,3.3,685,IT Services & Consulting,Bengaluru,3.5k,79,--,15
EPL Limited,3.8,684,Packaging,Mumbai,1.8k,30,5,72
Office Beacon,4.5,684,BPO,Vadodara,923,68,4,15
Surin Automotive,3.9,684,Industrial Machinery,Pune,2k,63,--,33
Housing.com,3.5,684,Internet,Gurugram,3k,81,85,68
Osource Global,3.5,684,BPO,Mumbai,2.8k,28,25,4
Krsnaa Diagnostics,3.5,684,Healthcare,Pune,1.7k,53,37,28
My Home Industries,4.1,683,Building Material,Hyderabad,2.3k,44,3,61
Optimum Infosystem,3.2,685,IT Services & Consulting,Chennai,3.6k,60,107,18
Toppr,3.4,682,EdTech,Mumbai,3k,66,--,87
Saint Gobain Glass,3.9,682,Building Material,Chennai,2.1k,31,--,2
Indorama,3.9,682,Agro Chemicals,Haldia,2.4k,43,11,41
TCI Express,3.9,680,Logistics,New Delhi,1.9k,48,2,57
Sigma Engineered Solutions,3.9,681,Industrial Machinery,Pune,2.7k,34,--,19
Licious,3.5,680,Hospitality,Bengaluru,3.1k,79,16,87
DeHaat,3.6,679,Internet,Gurugram,2.2k,70,5,22
Ingram Micro,3.6,679,IT Services & Consulting,Mumbai,3.4k,33,--,65
Quess IT Staffing Solutions,3.2,679,,Bengaluru,1.5k,45,--,9
Finova Capital,3.9,679,NBFC,Jaipur,1.6k,30,24,25
TDS Lithium-Ion Battery,4.2,679,Auto Components,Ahmedabad,2.4k,99,--,34
Nihilent,3.2,678,IT Services & Consulting,Pune,4.9k,65,33,49
Sintex BAPL,3.6,677,Petrochemicals,Ahmedabad,2.4k,43,4,71
DAV Public School,3.9,677,Education & Training,New Delhi,1.2k,37,--,82
Careon Healthcare Solutions,3.9,677,Medical Equipment,Bengaluru,3.1k,10,1,5
MAQ Software,3.0,673,IT Services & Consulting,Noida,4.1k,175,1,25
Carrier,3.6,673,Industrial Machinery,Hyderabad,4.9k,56,3,46
Snapdeal,3.6,673,Internet,Gurugram,2.8k,78,35,123
MAQ Software,3.0,673,IT Services & Consulting,Noida,4.1k,175,1,25
Snapdeal,3.6,673,Internet,Gurugram,2.8k,78,34,123
Carrier,3.6,674,Industrial Machinery,Hyderabad,4.9k,56,3,46
Tata Power Delhi Distribution,3.8,672,Power,New Delhi,2.9k,37,3,66
Suroj Buildcon,4.0,674,Engineering & Construction,Pune,1.7k,41,5,62
Chaitanya India Fin Credit,4.1,671,NBFC,Bengaluru,1.6k,39,--,30
Corporate Infotech,3.7,671,IT Services & Consulting,New Delhi,2.4k,89,8,19
Omaxe,4.2,670,Real Estate,New Delhi,2.2k,40,2,55
Quality Austria Central Asia,3.5,670,Other,New Delhi,1.9k,32,16,52
Vikram Solar,3.6,671,Power,Kolkata,2.4k,41,3,58
AML RightSource,2.5,669,IT Services & Consulting,New Delhi,3.9k,68,17,20
PeopleStrong,3.3,669,Recruitment,Gurugram,3.3k,55,3,45
BankBazaar,3.3,669,FinTech,Chennai,2.9k,63,22,62
NextComm Corporation,4.8,669,Software Product,Bengaluru,39,6,--,31
Collegedunia,3.2,669,Internet,Gurugram,3.3k,141,27,38
Marlabs,3.5,668,IT Services & Consulting,Bengaluru,5.1k,44,7,53
NiCE,3.6,669,Software Product,Pune,4.8k,104,52,66
Future Supply Chain Solutions,4.4,667,Logistics,Nagpur,2.1k,22,--,83
Anudip Foundation,4.0,667,Non-Profit,Kolkata,1.3k,213,16,42
Kiya.ai,4.0,669,IT Services & Consulting,Mumbai,4.3k,51,151,27
Qatar Airways,3.4,666,Aviation,Ahmedabad,2.1k,73,6,62
Times Group,3.7,666,Printing & Publishing,Mumbai,4.7k,35,6,78
Infinity Learn,4.1,666,EdTech,Hyderabad,2.3k,104,189,10
Kiya.ai,4.0,667,IT Services & Consulting,Mumbai,4.3k,51,151,27
Airports Authority of India,4.3,666,Aviation,New Delhi,1.7k,56,--,70
SOLAR INDUSTRIES INDIA,3.7,665,Defence & Aerospace,Nagpur,3.2k,78,17,47
FCC Clutch,3.9,666,Auto Components,Gurugram,2.3k,46,3,36
Kutumbh Care,4.0,665,Recruitment,Noida,1.6k,33,--,51
Inspirisys Solution,3.7,665,IT Services & Consulting,Chennai,3.9k,65,60,28
RealPage,3.6,666,Software Product,Hyderabad,4.3k,80,6,55
Epicenter Technologies,3.4,664,BPO,Mumbai,2.2k,45,7,76
Pennar Industries,3.5,665,Engineering & Construction,Hyderabad,3.1k,39,10,61
Yatra,3.3,663,Travel & Tourism,Gurugram,3.1k,39,--,60
Monte Carlo,4.2,663,Fashion & Textile,Ahmedabad,2.5k,37,11,47
Motilal Oswal Wealth Management,4.4,663,Financial Services,Mumbai,449,44,--,20
Myk Laticrete,3.7,663,Building Material,Hyderabad,2.4k,29,62,37
Hetero Healthcare,3.6,662,Pharma,Hyderabad,2.4k,37,7,48
Kaizen IT Services,3.8,662,IT Services & Consulting,Kolkata,1.4k,38,--,19
L&T Power,3.9,662,Power,Vadodara,3.3k,38,--,97
Celebi Aviation Holding,4.1,662,Aviation,New Delhi,1.2k,37,--,4
Ramboll,3.9,661,Engineering & Construction,Gurugram,3.4k,47,146,73
Fiat India Automobiles,3.6,660,Automobile,Pune,2.3k,48,21,57
Healthians,4.1,660,Internet,Gurugram,2k,146,--,22
Me n Moms,4.1,659,Retail,Mumbai,1.1k,155,3,38
Gainwell Commosales,4.0,660,Industrial Machinery,Kolkata,2.4k,46,8,56
Cogoport,3.2,657,Internet,Mumbai,1.9k,58,--,5
South Indian Bank,3.3,656,Banking,Kochi,3.2k,49,--,34
Geojit Financial Services,3.3,656,Financial Services,Kochi,2.2k,55,6,49
Talentpro,3.8,656,Recruitment,Chennai,2.4k,36,29,44
Alshaya Group,3.8,656,Retail,Bengaluru,2.4k,51,1,82
Adani Cement,3.4,657,Building Material,Ahmedabad,2.6k,63,--,10
Danfoss Industries,3.8,655,Industrial Machinery,Chennai,3.6k,45,4,67
ICA Edu Skills,3.8,655,Education & Training,Kolkata,1.4k,42,10,52
Global Healthcare Billing Partners,3.3,655,BPO,Chennai,3.8k,47,85,15
TIAA Global Business Services,3.7,655,Financial Services,Pune,5k,52,13,123
GKN,3.9,654,Defence & Aerospace,Pune,2.4k,44,30,83
Philips Innovation Campus,3.7,654,Software Product,Bengaluru,4.6k,58,--,49
Forbes Marshall,3.9,654,Industrial Machinery,Pune,2.8k,47,32,52
Blackrock,3.5,655,Financial Services,Gurugram,7.8k,121,--,68
InsuranceDekho,3.5,654,Internet,Gurugram,2.4k,81,79,9
Ferrero,3.9,653,Food Processing,Pune,2.1k,31,25,67
ACKO,3.3,653,Insurance,Bengaluru,3.2k,66,16,31
TVS Eurogrip,3.6,653,Auto Components,Madurai,2.2k,35,18,39
Vyapar,3.6,652,Software Product,Bengaluru,2.5k,83,114,37
The Lalit,3.3,651,Hospitality,New Delhi,1.6k,26,19,78
B.L. Kashyap & Sons,3.7,651,Engineering & Construction,Bengaluru,1.7k,70,17,49
ExportersIndia,4.9,651,Internet,New Delhi,130,32,--,11
Uno Mindarika,4.0,651,Auto Components,Gurugram,2.1k,52,--,58
UKB Electronics Limited,3.5,651,Electronics Manufacturing,Noida,2.3k,56,3,95
Sapphire Foods India,3.8,651,Hospitality,Mumbai,2k,38,24,55
Sir H. N. Reliance Foundation Hospital and Research,4.3,651,Healthcare,Mumbai,1.3k,170,32,19
Varun Motors,3.7,651,Automobile,Hyderabad,2.2k,25,1,51
IDBI Intech Limited,3.2,650,IT Services & Consulting,Mumbai,3.1k,60,5,48
Serum Institute of India,4.1,649,Biotechnology,Pune,3.5k,45,4,61
Schwing Stetter,3.8,650,Industrial Machinery,Chennai,2.7k,49,98,54
Ebixcash Global Services,3.2,649,BPO,Mumbai,2.2k,59,--,10
Avalon Technologies,3.8,649,Electronics Manufacturing,Chennai,3.5k,43,8,43
Videocon d2h,3.7,648,Internet,New Delhi,1.2k,31,--,102
Electrotherm,4.2,648,Iron & Steel,Ahmedabad,2.9k,42,6,57
Hamilton Housewares,3.8,649,Consumer Electronics & Appliances,Mumbai,2.8k,45,85,34
Action Tesa,3.9,648,Building Material,Sitarganj,1.5k,114,2,19
NoBrokerHood,2.7,648,Software Product,Bengaluru,2.1k,68,2,207
Varthana,4.0,648,NBFC,Bengaluru,1.4k,48,11,59
NRB Bearings,4.0,648,Auto Components,Chhatrapati Sambhajinagar,2.1k,53,48,65
Suraksha Diagnostic,3.6,647,Healthcare,Kolkata,1.6k,53,29,40
Sapiens,3.0,647,Software Product,Bengaluru,5.6k,67,26,66
Kirloskar Ferrous Industries,3.6,647,Iron & Steel,Koppal,2.3k,35,2,34
Sandvik Asia,4.0,646,Industrial Machinery,Pune,1.6k,33,--,92
Central Reserve Police Force,4.6,645,Government,New Delhi,1.3k,10,--,44
Maharashtra Seamless,3.5,645,Building Material,Mumbai,2.3k,63,6,40
Mount Litera Zee School,3.7,645,Education & Training,Bengaluru,1.5k,43,15,66
Manjushree Technopack,3.5,645,,Bengaluru,2.8k,50,13,58
Data Entry,4.2,645,BPO,New Delhi,1.9k,138,--,55
Turbo Energy,4.1,644,Auto Components,Chennai,2k,25,--,81
Tecnimont,3.8,645,Engineering & Construction,Mumbai,2.9k,44,77,64
Emids Technologies Limited,3.6,644,IT Services & Consulting,Bengaluru,5.1k,49,19,68
Khazana Jewellery,3.9,644,Jewellery,Chennai,1.8k,66,11,49
Reliance Jewels,3.9,644,Jewellery,Mumbai,1.3k,38,--,49
Sasken,3.5,642,IT Services & Consulting,Bengaluru,4.4k,95,50,50
NetConnectGlobal,3.1,641,IT Services & Consulting,Bengaluru,2.8k,33,164,30
Cashify,3.9,641,Internet,Gurugram,2.8k,53,9,37
Continental,3.7,641,Auto Components,Bengaluru,3.6k,59,83,51
Pyramid IT Consulting,3.2,640,IT Services & Consulting,Noida,2.9k,28,5,46
Varindera Constructions,4.4,639,Engineering & Construction,New Delhi,1.5k,51,6,29
EaseMyTrip.com,4.0,637,Travel & Tourism,New Delhi,1.4k,70,33,217
Suma Soft,3.5,636,IT Services & Consulting,Pune,3.2k,52,17,40
HDFC Asset Management Company,4.1,636,Financial Services,Mumbai,2.5k,48,--,29
Sterling Oil Exploration & Energy Production,3.5,636,Oil & Gas,Lagos,1.4k,73,5,37
Finastra,3.6,635,Software Product,Bengaluru,4.6k,63,44,73
Trigent Software,3.3,635,IT Services & Consulting,Bengaluru,4.1k,81,--,49
Eli Lilly and Company,3.2,638,Pharma,Bengaluru,5.1k,85,17,70
Annalect,3.4,635,Marketing & Advertising,Bengaluru,4.4k,83,--,18
Shriram Automall,4.0,634,Internet,New Delhi,1.4k,55,--,111
Finolex Industries,3.7,635,Building Material,Pune,2.4k,50,4,25
Einfochips,3.5,635,IT Services & Consulting,Ahmedabad,4k,80,187,52
Dr. Batras' Positive Health Clinic,3.7,633,Healthcare,Mumbai,1.1k,23,20,34
Sl Lumax,3.4,633,Auto Components,Chennai,2.4k,30,2,88
Nspira Management Services,3.7,634,Management Consulting,Hyderabad,2.6k,39,56,27
Medcode,3.7,633,IT Services & Consulting,Hyderabad,545,14,18,1
HashedIn by Deloitte,3.8,634,IT Services & Consulting,Bengaluru,6.3k,151,7,53
Okaya Power,3.8,633,Electronics Manufacturing,New Delhi,2.2k,46,7,50
Nucleus Software Exports,3.1,632,Software Product,Noida,4.3k,49,28,76
Jubilant Agri and Consumer Products,3.9,632,Chemicals,Gurugram,2k,38,--,30
Paytm Payments Services,3.1,635,FinTech,Noida,1.5k,27,2,10
Fiem Industries,3.7,632,Auto Components,Hosur,2.7k,29,11,55
IRB Infrastructure,3.9,632,Engineering & Construction,Mumbai,1.4k,30,29,57
Hpl Electric & Power,3.8,631,Electrical Equipment,Gurugram,2.3k,70,4,26
The Saraswat Co-operative Bank,3.1,632,Banking,Mumbai,3.2k,30,2,27
Kajaria Ceramics,3.8,631,Building Material,New Delhi,2.1k,32,6,47
CSM Technologies,4.0,631,IT Services & Consulting,Bhubaneswar,2.2k,36,16,24
Royaloak Incorporation,3.6,631,Furniture & Furnishing,Bengaluru,1.6k,43,8,15
Renovision Automation Services,3.3,630,IT Services & Consulting,New Delhi,1.8k,27,14,38
Sudarshan Chemical Industries,3.8,630,Chemicals,Roha,2.8k,36,11,50
Crowne Plaza,4.1,630,Hospitality,New Delhi,1.3k,23,--,109
Godrej Industries,4.0,630,Real Estate,Mumbai,2.9k,60,164,63
ITC Limited Foods Division,4.0,629,Food Processing,Bengaluru,2k,79,--,64
Mrs Bector's Food Specialities,3.8,631,Hospitality,Greater Noida,2k,34,22,34
Heidelberg Cement,3.9,628,Building Material,Damoh,2k,37,1,43
Sintex Industries,4.0,628,Industrial Machinery,Ahmedabad,2k,26,10,57
Cyfuture,2.9,629,Emerging Technologies,Noida,2.8k,110,40,71
Shivam Autotech,3.5,627,Auto Components,Gurugram,2.3k,37,4,44
Aster Dm Healthcare,3.7,627,Healthcare,Bengaluru,3.1k,60,90,32
C5i,4.2,627,Analytics & KPO,Bengaluru,3k,55,19,32
Rocket India,4.0,626,Financial Services,Chennai,3.8k,120,16,38
Toyoda Gosei Minda,4.2,627,Auto Components,Neemrana,1.9k,34,--,55
Becton Dickinson,3.9,625,Medical Equipment,Bengaluru,3.5k,38,39,47
Super Smelters,3.7,625,Iron & Steel,Asansol,2.1k,42,--,44
Mavenir Systems,3.4,624,IT Services & Consulting,Bengaluru,3.6k,63,17,48
BMC Software,3.9,624,Software Product,Pune,3.9k,52,57,82
IKEA,4.0,624,Retail,Bengaluru,2.3k,53,2,60
Bharat Biotech International,3.1,625,Biotechnology,Hyderabad,2.3k,67,6,39
FNP,3.7,624,Retail,New Delhi,2.5k,79,15,31
Gestamp,3.7,624,Auto Components,Pune,2.2k,26,3,67
ThoughtWorks,3.9,623,IT Services & Consulting,Bengaluru,7.3k,178,13,50
AgroStar,3.9,623,Agriculture,Pune,1.6k,63,1,67
Family Health Plan,3.7,624,Insurance,Hyderabad,2.1k,48,5,34
Ongc Petro Additions,4.0,623,Petrochemicals,Bharuch,3.3k,36,--,76
Karvy Stock Broking,3.6,622,,Hyderabad,1.5k,9,--,67
Netmeds.com,3.8,622,Pharma,Chennai,2.3k,50,--,29
BT E Serv,3.9,622,BPO,Kolkata,2.7k,55,1,131
Ofbusiness,3.0,621,Internet,Gurugram,2.7k,52,82,24
Pinnacle,3.5,620,IT Services & Consulting,Durgapur,3k,63,24,54
HLL Lifecare,3.7,620,Healthcare,Thiruvananthapuram,1.8k,49,5,42
Grab A Grub Services,3.9,621,Logistics,Mumbai,1.9k,38,1,31
Consulting Engineers Group,4.0,620,Engineering & Construction,Jaipur,1.8k,49,9,45
BAXY Limited,3.9,621,Auto Components,Bhiwadi,2.1k,35,1,54
Jain Irrigation Systems,3.6,619,Agriculture,Jalgaon,2k,32,--,53
CSG International,3.5,619,IT Services & Consulting,Bengaluru,4.4k,61,--,44
DHL Global Forwarding,3.8,619,Logistics,Chennai,3k,39,--,76
Anmol Industries,3.9,619,FMCG,Kolkata,1.9k,69,--,46
Jayaswal Neco Industries Limited,4.1,619,Iron & Steel,Raipur,2.1k,37,16,48
VDA Infosolutions,3.8,618,IT Services & Consulting,Pune,2k,55,--,25
Expleo Group,3.5,618,IT Services & Consulting,Pune,5.9k,50,82,23
Royal Caribbean International,4.1,618,Travel & Tourism,Mumbai,704,34,--,69
EdgeVerve Systems,3.2,618,Software Product,Bengaluru,4.4k,78,36,70
Vindhya e-Info Media,4.0,616,BPO,Bengaluru,1.2k,67,2,36
APL Apollo Tubes,4.1,616,Iron & Steel,Raipur,2k,55,9,24
Hitachi Systems Micro Clinic,4.0,615,IT Services & Consulting,Mumbai,2.6k,32,--,68
Perficient,3.7,615,IT Services & Consulting,Chennai,4.7k,49,13,33
United Colors of Benetton,4.4,615,Fashion & Textile,Gurugram,1.4k,25,2,62
Vedang Cellular Services,3.7,616,Telecom,Mumbai,1.8k,30,12,33
United Colors of Benetton,4.4,615,Fashion & Textile,Gurugram,1.4k,25,2,62
Aurionpro Solutions,3.4,614,Software Product,Mumbai,3.8k,40,10,34
Laxmi Organic Industries,3.6,614,Chemicals,Mahad,2.2k,48,13,51
Hettich,3.5,614,Furniture & Furnishing,Mumbai,2.5k,45,14,42
Kauvery Hospital,3.9,614,Healthcare,Chennai,2.3k,39,42,23
Holiday Inn,3.8,613,Hospitality,New Delhi,1.4k,18,2,75
Lulu International Shopping Mall,3.7,613,Retail,Bengaluru,2.7k,45,--,22
Accion Labs,3.5,613,IT Services & Consulting,Bengaluru,5.1k,86,68,44
Allianz Services,4.0,614,Insurance,Thiruvananthapuram,2.6k,34,4,50
DealShare,3.6,613,Internet,Bengaluru,2.6k,42,--,34
Blackberrys,3.7,612,Fashion & Textile,Gurugram,1.8k,34,4,48
Pathkind Diagnostics Private Limited,4.0,612,Healthcare,New Delhi,1.9k,56,9,45
Equifax,4.0,610,FinTech,Pune,2.8k,130,8,32
Iron Mountain Inc,3.7,611,IT Services & Consulting,Bengaluru,3.3k,35,152,49
Apitoria Pharma,4.2,611,Pharma,Hyderabad,994,42,14,2
MothersonSumi INfotech & Designs,3.4,609,IT Services & Consulting,Noida,3.6k,39,21,56
Carnival Cruise Lines,4.1,609,Travel & Tourism,Mumbai,667,25,--,75
Orra Fine Jewellery,3.5,609,Jewellery,Mumbai,1.8k,53,35,29
Jaipur Rugs,4.2,608,Fashion & Textile,Jaipur,866,73,5,27
Jaipur Rugs,4.2,608,Fashion & Textile,Jaipur,869,73,5,27
IDP Education Limited,3.6,608,Education & Training,Chennai,2.5k,71,12,52
Ambit Finvest,4.0,607,NBFC,Mumbai,2.1k,31,5,20
Inspira Enterprise India Limited,3.6,607,IT Services & Consulting,Mumbai,3.6k,51,4,39
SIS Prosegur Holdings,3.4,608,Law Enforcement & Security,New Delhi,1.5k,21,6,42
Vadilal Industries,4.1,607,FMCG,Ahmedabad,1.8k,38,10,58
Maxicus,3.8,606,BPO,Vadodara,790,135,--,74
NLC India Limited,4.4,605,Metals & Mining,Neyveli,1.3k,32,--,23
Dr. Reddy's Foundation,3.7,605,Non-Profit,Hyderabad,1.8k,58,44,78
Indecomm Global Services,4.3,605,IT Services & Consulting,Bengaluru,2.6k,32,14,54
Colt Technology Services,4.2,605,Hardware & Networking,Gurugram,3.3k,25,16,81
QSpiders,3.7,604,Education & Training,Bengaluru,1.9k,102,--,21
Polaris Consulting,4.2,603,IT Services & Consulting,Hyderabad,2.6k,33,--,86
ArcelorMittal,4.0,603,Iron & Steel,Surat,3.6k,46,9,32
Ascent HR Technologies Private Limited,3.6,603,Software Product,Bengaluru,1.8k,47,15,20
Gandhi Automations,4.0,607,Industrial Machinery,Mumbai,1.3k,48,1,109
Fenesta Building Systems,4.0,603,Building Material,Gurugram,2.1k,41,19,42
Coal India,3.9,602,Metals & Mining,Kolkata,1.9k,54,--,71
HUDL,3.2,601,Software Product,Mumbai,2.1k,64,1,30
SAEL Industries Limited,4.0,601,Power,New Delhi,2.1k,59,47,31
HUDL,3.2,601,Software Product,Mumbai,2.1k,64,1,30
IKF Finance,4.0,602,Financial Services,Hyderabad,1.4k,32,5,25
Medley Pharmaceuticals,3.8,600,Pharma,Mumbai,1.8k,39,14,38
Cvent,3.2,600,Software Product,Gurugram,4.9k,103,55,56
Excitel Broadband,3.7,601,Telecom,New Delhi,2k,60,4,29
Bridge & Roof Co,3.4,599,Engineering & Construction,Kolkata,2.5k,27,--,101
Congruex Asia Pacific,3.7,599,Engineering & Construction,Sahibzada Ajit Singh Nagar,2.2k,75,1,43
Prochant,3.8,599,Analytics & KPO,Chennai,2.5k,75,25,37
PTC,4.2,601,Software Product,Pune,4k,70,19,56
MR.DIY,3.4,598,Retail,Mumbai,1.5k,52,5,14
Affinity Express,2.8,598,Marketing & Advertising,Pune,2.5k,41,4,42
Saudi Aramco,4.4,598,Oil & Gas,Mumbai,1.5k,62,--,76
Sandoz,3.9,598,Pharma,Hyderabad,2.6k,26,--,55
Country Delight,3.9,598,Hospitality,Gurugram,2.6k,45,4,10
Maharashtra State Electricity Distribution Company,4.2,597,Power,Pune,1.2k,25,--,38
Titan Engineering & Automation,3.7,599,Engineering & Construction,Hosur,3.7k,40,18,37
PayU Payments,3.3,597,FinTech,Gurugram,4.5k,70,120,48
Empower,4.0,597,Financial Services,Bengaluru,4.5k,63,40,43
Magma General Insurance Limited,3.7,597,Insurance,Mumbai,2.4k,43,22,38
Crystal Crop Protection,3.8,596,Agro Chemicals,New Delhi,1.9k,25,4,41
ShareChat,3.6,595,Internet,Bengaluru,2.6k,87,7,39
Alcon,3.8,595,Medical Equipment,Bengaluru,3.1k,44,19,50
UTL Solar,3.5,595,Electronics Manufacturing,New Delhi,1.9k,65,34,30
PureSoftware,2.9,595,Software Product,Noida,3.8k,70,17,39
Efs Facilities Services,3.8,595,Facility Management Services,New Delhi,1.4k,42,1,55
Columbia Asia,4.6,594,Healthcare,Bengaluru,1.4k,19,--,98
Vishwa Samudra Engineering,3.6,596,Engineering & Construction,Hyderabad,1.7k,38,5,13
Unified Mentor,4.0,594,IT Services & Consulting,Bengaluru,424,129,4,2
Jubilant Generics,3.9,594,Pharma,Roorkee,2.3k,20,--,71
Ugam Solution,3.5,594,IT Services & Consulting,Mumbai,3.2k,51,--,96
Jindal Poly Films,3.6,594,Packaging,Nashik,2.4k,40,--,52
BUSINESSNEXT,3.4,594,Software Product,Noida,4k,79,14,27
Paramount Health Services Tpa,3.9,593,Insurance,Mumbai,2.3k,36,22,35
McCain Foods,4.0,593,FMCG,Mahesana,1.7k,38,4,47
Capital Numbers Infotech,4.1,593,IT Services & Consulting,Kolkata,1.2k,49,11,88
AVTEC,3.5,592,Auto Components,Hosur,2.1k,26,16,54
Kellogg,4.2,592,FMCG,Mumbai,2.3k,31,5,72
Axiscades,3.2,592,IT Services & Consulting,Bengaluru,3.8k,65,6,32
Matrimonialsindia,4.9,592,Internet,New Delhi,117,13,--,6
Prestige Group,4.3,592,Real Estate,Bengaluru,2.7k,51,15,52
BEML,3.6,591,Industrial Machinery,Bengaluru,1.7k,30,--,58
Damco Solutions,3.4,591,IT Services & Consulting,Noida,2.3k,45,66,23
Army Public School,4.0,591,Education & Training,New Delhi,1.2k,44,1,54
Voyants Solutions,3.6,590,Engineering & Construction,Gurugram,1.7k,60,229,25
smartData Enterprises,3.8,590,IT Services & Consulting,Nagpur,1.6k,72,7,78
Andritz Hydro Location India,3.9,590,Industrial Machinery,Chennai,2.9k,36,2,47
AM Infoweb,3.9,590,BPO,Pune,1.5k,97,18,68
NAV Backoffice,3.9,590,Accounting & Auditing,Jaipur,2.6k,38,--,28
J K Fenner,3.8,589,Engineering & Construction,Chennai,2.1k,38,11,45
Maxop Engineering Co.,4.1,589,Auto Components,Gurugram,2.4k,49,2,30
Western Refrigeration,3.8,589,Industrial Machinery,Vapi,2.4k,42,40,40
Wood Group,3.8,589,Engineering & Construction,Chennai,2.9k,68,107,27
Datamatics Business Solutions,3.3,588,Management Consulting,Mumbai,2.6k,48,13,33
Genesys International Corporation,3.2,587,IT Services & Consulting,Mumbai,2.3k,24,5,53
Baker Hughes,4.0,587,Oil & Gas,Bengaluru,4.1k,65,126,62
Hilton,4.2,587,Hospitality,Bengaluru,1.5k,29,246,68
Hitachi Cash Management Services,3.1,587,Other,Mumbai,1.4k,44,13,35
Mahendra NextWealth IT,3.3,587,IT Services & Consulting,Salem,2k,26,12,19
Quest Retail Private Limited,3.9,586,Retail,Gurugram,934,16,2,237
Icl Fincorp,4.7,585,NBFC,Thrissur,650,143,5,1
Lear Corporation,4.0,584,Auto Components,Pune,3k,25,2,66
Hitachi Systems,4.0,584,IT Services & Consulting,Mumbai,3.1k,21,6,6
Dishman Carbogen Amcis,3.6,583,Pharma,Ahmedabad,2.1k,38,25,35
Applied Materials,3.7,583,Semiconductors,Bengaluru,5k,91,182,62
Bajaj Consumer Care,3.8,583,FMCG,Mumbai,1.6k,34,7,45
Toyota Industries Engine India,4.3,583,Auto Components,Bengaluru,1.6k,32,--,69
Marelli,3.5,584,Auto Components,Gurugram,2.9k,49,28,74
FiveS Digital,3.3,583,BPO,Jamshedpur,1.5k,59,4,8
TSYS|Total System Services,4.1,582,FinTech,Pune,4.3k,68,15,10
Paras Dairy,3.5,581,Food Processing,New Delhi,1.7k,33,6,51
AVIOM,4.0,582,NBFC,New Delhi,1.2k,32,1,14
Kirloskar Pneumatic,4.0,581,Industrial Machinery,Pune,2.7k,41,1,45
Infotact Solutions,4.4,583,IT Services & Consulting,Bengaluru,57,139,--,19
GAMMON INDIA,3.8,580,Engineering & Construction,Mumbai,1.1k,32,1,75
Transport Corporation Of India,3.8,580,Logistics,Gurugram,2k,39,--,61
Harman Finochem,3.6,579,Pharma,Chhatrapati Sambhajinagar,3k,45,28,35
DB Schenker,4.3,580,Logistics,Gurugram,2.3k,26,--,47
HBL Power Systems,4.0,578,Electrical Equipment,Hyderabad,2.2k,34,10,56
WPP Media,3.5,578,Marketing & Advertising,Gurugram,4.3k,46,12,38
"DATAMARK, Inc.",3.5,578,BPO,Chennai,1.8k,37,50,43
Amway India Enterprises,4.1,578,Fitness & Wellness,Gurugram,2.1k,19,23,83
Navin Fluorine International,3.8,577,Chemicals,Surat,2.8k,30,6,43
Carlsberg,3.9,577,Beverage,Gurugram,1.9k,41,16,59
Haldiram Snacks,3.8,578,Food Processing,Noida,1.9k,25,23,4
Levi Strauss & Co.,4.2,577,Fashion & Textile,Bengaluru,2.1k,34,25,66
WayCool Foods and Products,3.4,577,FMCG,Chennai,2.8k,43,--,34
Amara Raja Infra,4.0,577,Engineering & Construction,Hyderabad,1.7k,61,--,20
SoftAge Information Technology,3.6,575,IT Services & Consulting,Gurugram,975,24,6,63
LendingKart,3.6,575,NBFC,Ahmedabad,2.7k,39,68,23
Innovaccer,2.6,574,Software Product,Noida,3.8k,99,25,34
MITS Global Consulting,4.5,574,Recruitment,Mumbai,948,46,--,105
Larsen & Toubro Group,4.0,574,Engineering & Construction,Chennai,1.1k,96,--,48
Solara Active Pharma Sciences,3.7,574,Pharma,Visakhapatnam,2.8k,45,2,55
Head Field Solutions,4.4,573,Recruitment,Noida,1.4k,67,--,26
Renault,3.9,573,Automobile,Chennai,2k,34,--,45
GSPANN Technologies,4.0,573,IT Services & Consulting,Hyderabad,3.8k,53,69,34
L & W Constructions,4.0,573,Engineering & Construction,Bengaluru,1.8k,29,--,41
AVEVA,3.9,573,Software Product,Hyderabad,1.9k,31,51,302
Macawber Beekay,4.2,571,Industrial Machinery,Noida,1.8k,28,21,64
Toothsi,2.6,571,Internet,Mumbai,2.2k,67,--,18
Allianz Partners,3.6,571,Insurance,Gurugram,2.8k,40,--,35
Virtual Employee,3.2,571,Recruitment,Noida,3.2k,53,--,53
The Times of India,3.6,570,Media & Entertainment,New Delhi,2.9k,47,1,52
Vimta Labs,3.3,570,Clinical Research,Hyderabad,2.2k,43,7,59
Roop Polymers,3.9,570,Auto Components,Gurugram,1.8k,33,17,42
Bharat Fritz Werner,3.9,570,Industrial Machinery,Bengaluru,2.5k,34,12,51
My Home Constructions,4.3,569,Real Estate,Hyderabad,2.3k,35,7,32
Craftsman Automation,3.7,569,Auto Components,Coimbatore,2.5k,24,--,57
Statusneo,4.1,569,IT Services & Consulting,Gurugram,1.8k,182,77,58
National Australia Bank,3.0,569,Banking,Gurugram,4.5k,61,5,13
Kellogg Brown and Root,4.1,569,Engineering & Construction,Chennai,2.4k,42,77,57
MUTHOOT HOMEFIN (I) LTD.,3.8,568,NBFC,Mumbai,1.5k,35,4,14
Herbalife International,4.1,568,Healthcare,Bengaluru,2.7k,31,8,44
Saksoft,3.4,567,IT Services & Consulting,Bengaluru,3.6k,54,8,23
RAK Ceramics,3.6,568,Building Material,Mumbai,1.8k,36,13,49
Micromax Informatics,3.9,567,Consumer Electronics & Appliances,New Delhi,1.3k,23,--,90
United Spirits,4.0,567,Beverage,Bengaluru,1.5k,15,5,69
Innominds Software,3.2,567,IT Services & Consulting,Hyderabad,4.8k,49,100,29
Enco Engineers Combine,3.7,566,Auto Components,Gurugram,1.6k,36,--,40
Brigade Group,4.1,566,Real Estate,Bengaluru,2.8k,46,124,43
Innovatiview India Ltd,4.2,566,Emerging Technologies,Noida,1.4k,82,20,32
Tracxn,2.5,565,Internet,Bengaluru,2.4k,116,57,37
Regalix,2.7,565,Marketing & Advertising,Hyderabad,2.9k,59,65,49
Sulzer,3.8,565,Industrial Machinery,Pune,2.8k,36,4,62
PC Solutions,4.4,564,IT Services & Consulting,New Delhi,1.3k,81,5,65
Unimoni,3.9,564,Travel & Tourism,Chennai,2k,19,--,26
Artemis Hospitals,4.1,566,Healthcare,Gurugram,1.6k,20,16,50
BLK Super Speciality Hospital,3.9,564,Healthcare,New Delhi,1.5k,37,--,38
Practo,2.9,563,Internet,Bengaluru,3.1k,83,16,58
Yokohama,3.5,563,Auto Components,Bahadurgarh,2.1k,28,4,60
Welspun Enterprises,4.1,562,Engineering & Construction,Mumbai,1.9k,54,14,41
Legrand,3.7,562,Electrical Equipment,Mumbai,2.4k,34,--,42
Offshore Infrastructures,4.1,561,Engineering & Construction,Mumbai,1.7k,28,--,62
DFM Foods,4.0,561,FMCG,New Delhi,1.7k,38,9,40
Fena,4.0,562,FMCG,New Delhi,1.5k,34,27,41
Courtyard by Marriott,4.3,561,Hospitality,Mumbai,1.1k,25,--,84
RuralShores,3.7,561,BPO,Bengaluru,1.2k,24,3,56
Indian Bank,3.4,560,Banking,Chennai,2k,28,--,35
Micron Electricals,4.1,560,Engineering & Construction,Bengaluru,2.3k,39,2,26
Ralson Tyres Limited,3.7,559,Auto Components,Ludhiana,2.3k,49,10,31
Vidal Health Insurance,3.5,560,Insurance,Bengaluru,2k,22,--,15
Kidzee,4.0,558,EdTech,Kolkata,1.1k,26,2,44
BOBCARD Ltd.,4.0,558,NBFC,Mumbai,1.4k,30,90,21
GUS Education India,3.1,558,Education & Training,Hyderabad,2.2k,53,28,20
Mobikwik,3.3,557,FinTech,Gurugram,2.7k,66,22,28
Hi Tech Gears,3.9,557,Auto Components,Bhiwadi,2.1k,34,11,63
Tuaman Engineering,4.3,557,Engineering & Construction,Kolkata,1.6k,79,--,42
Zolo,3.3,557,Internet,Bengaluru,2.2k,62,5,36
Sterling,4.0,556,Healthcare,Mumbai,1.1k,39,--,64
ThoughtSol Infotech Limited,4.6,559,IT Services & Consulting,New Delhi,641,109,8,23
Propertypistol Realty,3.8,557,Internet,Mumbai,2k,80,55,17
Voya India,3.7,557,Financial Services,Bengaluru,3.3k,31,33,10
Eicher Motors,4.0,557,Automobile,Indore,1.6k,45,--,47
NMDC Limited,4.1,555,Metals & Mining,Jagdalpur,2.1k,46,--,20
Dr. Agarwal's Eye Hospital,3.8,555,Healthcare,Chennai,1.8k,39,62,36
Insolutions Global,3.3,555,FinTech,Mumbai,2.9k,38,12,26
Inox Wind,3.8,555,Power,Noida,1.7k,50,4,71
Sanmina Sci,4.1,556,Electronics Manufacturing,Chennai,2.8k,35,30,48
Scaler Academy,3.5,555,EdTech,Bengaluru,2.6k,92,12,81
FMC Corporation,3.9,555,Agro Chemicals,Bharuch,1.8k,42,1,48
Capital Business Systems,3.5,554,IT Services & Consulting,New Delhi,1.7k,37,3,7
Dusters Total Solutions Services,3.9,554,Facility Management Services,Bengaluru,1.6k,21,3,38
General Motors,4.0,554,Automobile,Pune,2.1k,35,17,85
Adda 247,3.4,554,EdTech,Gurugram,2k,82,29,19
Aptus Value Housing Finance India,4.0,554,NBFC,Chennai,1.4k,23,3,33
Gayatri Projects,4.0,553,Engineering & Construction,Hyderabad,1.8k,40,11,73
Hafele,3.9,553,Furniture & Furnishing,Mumbai,2.3k,32,3,65
Pitti Engineering,3.7,553,Industrial Machinery,Hyderabad,2.1k,30,--,51
Pierian Services,3.2,554,Management Consulting,Bengaluru,3k,41,40,22
RadiSys,3.8,553,Telecom,Bengaluru,2.5k,52,--,55
Utility Powertech,3.9,553,Power,New Delhi,1.8k,30,--,34
Emaar India Limited,3.5,553,Real Estate,Gurugram,2.5k,30,--,42
Z X Learning,4.3,553,EdTech,Lucknow,364,44,--,177
Spectrum Talent Management,3.6,552,Recruitment,Noida,2.1k,39,36,30
Bharat Gears,4.0,551,Auto Components,Faridabad,2.1k,28,3,44
RSM India,3.3,550,Accounting & Auditing,Mumbai,2.8k,72,5,29
Maini Precision Products,3.4,550,Auto Components,Bengaluru,2.8k,40,3,39
OutworX,3.5,550,IT Services & Consulting,Pune,2.4k,35,4,14
Zycus Infotech,2.5,550,Software Product,Mumbai,3.2k,77,11,48
Reliance Life Sciences,3.7,550,Clinical Research,Mumbai,2.8k,33,10,57
ExxonMobil,3.7,549,Oil & Gas,Bengaluru,4.2k,86,240,57
RSB Transmissions,3.9,548,Auto Components,Pune,2.1k,41,--,42
Suprajit Engineering,3.8,548,Auto Components,Bengaluru,2.5k,43,5,57
Atomberg Technologies,3.8,548,Consumer Electronics & Appliances,Pune,2.6k,47,32,27
RMC Readymix,3.5,547,Building Material,Mumbai,1.5k,44,5,51
Canon,4.0,547,Consumer Electronics & Appliances,Gurugram,2k,23,1,60
Maxgen Technologies,4.5,547,IT Services & Consulting,Pune,1.1k,14,--,113
Metalman Auto,3.8,547,Auto Components,Chhatrapati Sambhajinagar,2k,27,28,34
Castrol,4.3,546,Petrochemicals,Mumbai,2k,27,68,51
Alight Solutions,3.1,546,IT Services & Consulting,Gurugram,3k,32,9,54
5paisa Capital Ltd.,4.1,546,Financial Services,Mumbai,1.7k,48,5,66
Vedanta Resources,3.6,545,Metals & Mining,Udaipur,3.2k,79,--,63
Hamdard,3.9,545,FMCG,New Delhi,1.5k,44,3,31
Chemplast Sanmar,3.4,544,Chemicals,Salem,2.5k,47,16,33
Stylebaazar,4.0,544,Retail,Kolkata,1.2k,38,15,7
WaniWani,3.9,543,,New Delhi,--,--,--,2
Uttar Pradesh Power Corporation,4.0,543,Power,Lucknow,1.3k,11,--,38
Cpf India,4.0,543,Food Processing,Bengaluru,1.7k,25,3,61
BharatPe,3.4,543,FinTech,Gurugram,2.9k,56,4,15
V.S.T Tillers Tractors,3.5,543,Industrial Machinery,Bengaluru,1.9k,43,5,38
Dhani Healthcare,3.4,542,FinTech,Gurugram,2.2k,59,--,51
Mecon,3.8,542,Metals & Mining,Ranchi,1.7k,46,--,35
Systra Consulting,4.0,542,Engineering & Construction,New Delhi,1.6k,38,135,57
N.C.L. Industries,3.7,541,Building Material,Hyderabad,1.6k,38,2,35
Consero Global Solutions,3.0,541,Financial Services,Bengaluru,2.8k,103,--,25
Insuremile,4.7,541,Internet,Bengaluru,88,83,1,1
S P Singla Constructions,3.4,540,Engineering & Construction,Patna,1.6k,38,--,40
Kokilaben Dhirubhai Ambani Hospital,3.8,540,Healthcare,Mumbai,1.8k,31,64,37
Sheela Foam,4.0,541,Furniture & Furnishing,Noida,1.6k,36,24,43
Infiniti Research,3.3,539,Analytics & KPO,Bengaluru,1.6k,39,7,67
SunTec Web Services,3.2,539,BPO,New Delhi,1.9k,53,6,32
CompuCom,3.8,539,IT Services & Consulting,Pune,3.1k,37,9,60
F1 Info Solutions and Services,3.6,539,IT Services & Consulting,Noida,1.2k,29,--,38
Satyam Auto Components,3.8,541,Auto Components,Gurugram,2.3k,41,3,39
African Industries,3.9,538,Iron & Steel,Lagos,1.1k,43,10,32
Metro Group of Hospitals,3.8,538,Healthcare,New Delhi,1.4k,16,49,3
Vestige,4.3,537,Fitness & Wellness,New Delhi,1.4k,40,--,70
Wellness Forever Medicare,3.8,538,Retail,Mumbai,1.7k,56,3,36
Addverb Technologies,3.4,537,Industrial Automation,Noida,2.5k,88,11,32
Dalmia Bharat Group,3.9,537,Building Material,New Delhi,2.2k,38,--,35
Macquarie Group,3.1,536,Financial Services,Gurugram,4.8k,55,69,53
Morepen Laboratories,3.8,537,Pharma,New Delhi,2k,25,25,39
Coats,3.6,536,Fashion & Textile,Bengaluru,1.9k,27,70,47
WAA SOLAR,5.0,2,Power,New Delhi,6,--,--,2
Bharti Infratel,4.7,535,Telecom,Gurugram,1.1k,6,--,67
Chaayos,3.3,535,Hospitality,New Delhi,1.7k,39,11,53
CDK Global,3.8,535,IT Services & Consulting,Hyderabad,3.5k,42,10,70
Amar Ujala,3.8,534,Printing & Publishing,Noida,1.8k,23,3,51
Hero Cycles,3.2,534,Automobile,Ludhiana,1.9k,60,6,38
Signature Global,3.8,534,Real Estate,Gurugram,2.3k,45,7,28
House Of Anita Dongre,3.9,534,Fashion & Textile,Mumbai,1.4k,19,--,56
HSBC Global Banking and Markets,3.9,534,Banking,Bengaluru,3.7k,29,--,28
TÜV Rheinland,4.2,534,"Testing, Inspection and Certification (TIC)",Bengaluru,1.8k,23,2,41
JK Tech,3.8,533,IT Services & Consulting,Bengaluru,3.1k,40,--,34
Williams Lea,3.6,533,BPO,Chennai,3.2k,53,17,41
EC-Council,3.9,533,EdTech,Hyderabad,2.5k,51,35,41
Wockhardt Hospital,3.8,533,Healthcare,Mumbai,1.7k,24,24,62
Kandhari Beverages,3.7,533,Beverage,Jammu,1.7k,36,13,21
Metriqe Solutions,3.9,533,BPO,Chennai,1.4k,28,3,24
FinThrive,3.3,532,Analytics & KPO,New Delhi,1.5k,22,14,2
Muthoot MCred,3.4,532,NBFC,Kochi,1.5k,29,11,14
Galaxy Surfactants,3.9,533,Chemicals,Mumbai,2.1k,28,47,57
Jindal Power Limited,4.2,532,Power,Raigarh,1.8k,59,34,34
Stock Holding Corporation of India,3.5,532,Financial Services,Mumbai,1.8k,35,--,43
Hitech Projects Limited,4.6,532,Engineering & Construction,Ahmedabad,710,59,1,17
Ramraj Cotton,4.0,532,Fashion & Textile,Tiruppur,1.1k,44,9,6
AT&T,3.7,531,Telecom,Bengaluru,4.7k,65,26,61
Walkaroo International,3.6,531,Fashion & Textile,Coimbatore,2.5k,50,85,23
DM Immigration Consultant,1.0,530,Other,Bengaluru,39,--,--,--
Safari Industries India,4.0,530,Retail,Mumbai,1.8k,37,5,31
Akal Information Systems,4.4,531,Software Product,New Delhi,1.8k,26,3,14
Lakme,4.2,530,Beauty & Personal Care,Mumbai,1.7k,27,11,58
India Private Driver,,,Travel & Tourism,Pune,2,--,--,--
LearningMate Solutions,2.9,529,EdTech,Mumbai,3.7k,50,31,46
MathCo,3.2,530,Analytics & KPO,Bengaluru,3.2k,135,30,23
Webskitters,3.5,529,IT Services & Consulting,Kolkata,933,27,2,105
Micron Technology,3.7,528,Semiconductors,Hyderabad,4.7k,83,1,31
Kalyani Technoforge,3.9,529,Auto Components,Pune,2k,26,6,42
Alchemy Techsol India,3.4,528,IT Services & Consulting,Bengaluru,2.2k,92,--,16
Foray Software,3.5,528,IT Services & Consulting,Hyderabad,3.6k,39,32,24
PEGATRON,3.9,528,Electronics Manufacturing,Chennai,2.1k,31,3,6
Ascent Business Solutions,3.4,527,Healthcare,Nagpur,3k,33,18,41
CMR Green Technologies,3.4,527,Metals & Mining,Faridabad,1.8k,60,70,53
Nivea,4.1,527,Beauty & Personal Care,Mumbai,1.8k,34,9,50
Bluestone.com,3.3,528,Jewellery,Bengaluru,2.1k,61,8,23
BKT Tyres,4.2,527,Auto Components,Bhuj,2k,79,29,35
Great Learning,3.3,527,EdTech,Bengaluru,3.9k,70,24,36
CTS Consulting & Technical Support,3.7,526,Engineering & Construction,Chennai,6.5k,176,--,69
Ziqitza Health Care,3.9,526,Healthcare,Mumbai,1.2k,25,--,68
Telenor,4.1,526,Telecom,Gurugram,580,9,--,101
Gyan Dairy,4.0,526,Food Processing,Lucknow,1.4k,50,2,40
Securitas,3.8,526,Law Enforcement & Security,Gurugram,2.1k,40,7,39
Ge India Industrial,4.1,525,Industrial Machinery,Pune,1.9k,19,--,61
MindGate Solutions,3.1,526,IT Services & Consulting,Mumbai,3.3k,79,13,19
Vivanta by Taj,4.2,525,Hospitality,New Delhi,1.1k,28,--,75
Hindusthan National Glass,3.8,525,Packaging,Bahadurgarh,2k,34,--,35
InCred Finance,3.8,524,NBFC,Mumbai,2.7k,34,46,21
BCG,3.6,524,Management Consulting,Gurugram,8.3k,225,3,42
Communications Test Design,3.7,524,IT Services & Consulting,Bengaluru,1.8k,32,33,18
Rusan Pharma,3.4,524,Pharma,Dehradun,1.9k,25,9,38
Cairn Vedanta Oil and Gas,3.8,524,Oil & Gas,Barmer,729,34,--,33
Axa XL,3.7,524,Insurance,Gurugram,3.8k,52,40,58
Tradeshala,4.5,522,Education & Training,Bengaluru,37,119,--,1
ACTE,4.6,522,Education & Training,Chennai,127,9,--,171
Protium Finance,3.7,522,NBFC,Mumbai,2.3k,38,5,6
Johnson Matthey,3.8,522,Metals & Mining,Gurugram,1.9k,42,18,59
Aparna Enterprises,4.0,522,Building Material,Hyderabad,1.8k,43,10,34
Yardi Systems,3.6,522,Software Product,Pune,2.7k,81,--,40
Orcapod Consulting Services,2.9,522,IT Services & Consulting,Hyderabad,1.9k,35,46,18
Karvy Data Management Services,4.0,521,Analytics & KPO,Hyderabad,2.2k,20,--,126
ATS Infrastructure,4.1,521,Real Estate,Noida,1.8k,35,--,60
ServiceNow,3.8,521,Software Product,Hyderabad,6.3k,141,--,18
ZEISS India,3.6,521,Industrial Machinery,Bengaluru,2.9k,40,16,34
Lotus Herbals Private Limited,4.1,522,Beauty & Personal Care,New Delhi,1.5k,50,2,26
Mobile Programming,2.8,520,IT Services & Consulting,Bengaluru,3.7k,81,363,14
LIC Housing Finance,3.9,519,NBFC,Mumbai,1.5k,22,13,30
Sarovar Hotels & Resorts,4.0,519,Hospitality,New Delhi,1.4k,23,--,64
Athenahealth Technology,3.9,519,Hospitality,Chennai,4.2k,92,5,45
RapiPay,3.6,519,FinTech,Noida,1.7k,40,--,21
Realty Assistant,3.7,519,Real Estate,Noida,716,53,22,79
Deloitte Digital,3.7,519,IT Services & Consulting,Bengaluru,3.5k,64,--,57
Mars International India,4.2,519,Food Processing,Hyderabad,1.8k,19,22,50
QUICK HEAL TECHNOLOGIES,3.5,518,Software Product,Pune,2.7k,32,4,49
QHTalbros,3.8,517,Auto Components,Gurugram,1.4k,19,1,48
OMICS International,2.5,517,Printing & Publishing,Hyderabad,1.6k,25,--,58
Epiroc,4.0,517,Industrial Machinery,Bengaluru,2.5k,45,46,45
TAO Digital,3.5,517,IT Services & Consulting,Hyderabad,1.6k,122,71,2
DiGibizz,,,,Mumbai,1,--,--,--
Quikr,3.6,516,Internet,Bengaluru,2k,33,9,53
TRINAMIX,4.4,516,IT Services & Consulting,Pune,1k,66,70,95
Poorvika Mobiles,3.9,516,Retail,Chennai,1.7k,34,5,33
Markets and Markets,2.7,515,Analytics & KPO,Pune,2.7k,64,22,33
Cuemath,3.4,515,EdTech,Bengaluru,1.9k,49,5,84
Tractebel,4.1,515,Power,Gurugram,1.8k,46,14,41
Ministry of Defence,4.4,515,Government,New Delhi,1.9k,19,--,58
ASM Technologies,3.4,515,Engineering & Construction,Bengaluru,3.6k,46,32,31
IDS Infotech,3.8,514,IT Services & Consulting,Sahibzada Ajit Singh Nagar,1.4k,88,7,56
Vishvaraj Environment,4.1,514,Waste Management,Nagpur,1.9k,35,8,32
Rakuten,3.5,514,Internet,Bengaluru,5.6k,98,6,49
Hinduja Tech,3.1,513,IT Services & Consulting,Chennai,3.3k,35,31,25
Pace Setters Business Solutions,3.4,512,BPO,Mumbai,1.3k,24,2,39
Centum Learning,3.8,512,Education & Training,New Delhi,1.3k,26,--,62
Nelito System,3.2,512,IT Services & Consulting,Mumbai,2.4k,32,42,39
Comcast,3.9,512,Telecom,Chennai,6.2k,100,--,16
Voltech,3.5,512,Electrical Equipment,Chennai,1.6k,35,--,58
Avalara Technologies,2.8,512,Software Product,Pune,3.5k,88,14,40
Par Health,4.1,512,Pharma,Indore,2.1k,30,--,9
Techwave Consulting,3.6,511,IT Services & Consulting,Hyderabad,3.7k,42,20,22
Gilbarco Veeder Root,3.7,511,Industrial Machinery,Mumbai,2.2k,31,29,37
LogixHealth,3.4,511,Analytics & KPO,Bengaluru,2.3k,23,7,33
EID Parry (India),3.9,510,Food Processing,Chennai,1.6k,28,11,52
Value Point Systems,3.5,510,IT Services & Consulting,Bengaluru,2.2k,29,131,28
Iol Chemicals & Pharmaceuticals,3.8,510,Pharma,Barnala,2k,33,4,21
QBurst Technologies,4.2,510,Software Product,Kochi,4.1k,88,--,43
Sri Krishna Pharmaceuticals,3.9,510,Pharma,Hyderabad,1.9k,18,1,36
Namaste India Foods,3.9,509,Food Processing,Kanpur,1.3k,30,--,41
2COMS,3.1,509,Recruitment,Kolkata,1.5k,62,348,26
Moon Beverages,3.8,509,Beverage,New Delhi,1.7k,27,6,23
N+A,3.8,509,Financial Services,Bengaluru,18.8k,177,1,16
Leighton Contractors,4.0,508,Engineering & Construction,Mumbai,1.2k,25,3,62
Pepperfry,3.0,508,Hospitality,Mumbai,2k,35,30,42
KRBL Limited,3.8,508,Food Processing,Noida,1.7k,38,4,30
Emerson Electric Co.,4.0,508,Software Product,Pune,3.2k,59,207,37
Infovision,3.6,507,IT Services & Consulting,Pune,4.1k,55,26,12
Saxo Bank,3.8,507,Banking,Gurugram,2.5k,78,20,35
Varuna Integrated Logistics,3.7,508,Logistics,Gurugram,1.6k,37,3,36
Titagarh Rail Systems,2.6,508,Railways,Kolkata,1.9k,38,2,15
CollegeDekho,2.7,507,EdTech,Gurugram,2.6k,69,15,14
Kirby Building Systems,3.9,507,Building Material,Hyderabad,2k,27,5,37
MediBuddy,3.3,508,Internet,Bengaluru,2.6k,43,23,17
Romsons Group Of Industries,3.7,508,Medical Equipment,Agra,1.7k,37,15,31
BharatMatrimony.com,3.8,507,Internet,Chennai,1.3k,25,--,28
India Post,3.7,506,Government,Bengaluru,1.5k,25,--,46
CARE,4.3,506,Non-Profit,Patna,1.2k,42,--,75
Global Autotech,3.9,506,Auto Components,Greater Noida,2.1k,55,3,42
Encube Ethicals,3.7,506,Pharma,Mumbai,2.5k,29,15,32
Mahanagar Gas,4.1,505,Oil & Gas,Mumbai,2.2k,32,3,46
Texmo Industries,3.7,505,Industrial Machinery,Coimbatore,1.6k,27,7,36
Allana Group of Companies,3.7,505,Food Processing,Mumbai,1.6k,43,--,14
Invesco,3.7,505,Financial Services,Hyderabad,3.4k,52,51,49
Invesco,3.7,505,Financial Services,Hyderabad,3.4k,52,51,49
House of EdTech,4.2,504,EdTech,Kolkata,305,122,22,18
L. N. Malviya Infra Projects Group,3.1,504,Engineering & Construction,Bhopal,1.2k,28,--,19
AIG Hospital,4.2,504,Healthcare,Hyderabad,1.7k,33,--,28
Vakrangee,3.5,503,BPO,Mumbai,1.1k,10,5,60
Welspun Transformation Services Limited,4.1,503,IT Services & Consulting,Ahmedabad,907,50,3,11
India Glycols,4.0,503,Chemicals,Kashipur,2k,39,2,36
Jiva Ayurvedic Pharmacy,3.8,503,,Faridabad,1.2k,46,39,49
Symbiotec Pharmalab,3.9,503,Pharma,Indore,2k,32,5,36
NTPC GE Power Services,3.9,503,Power,Jharsuguda,1.7k,59,--,30
Knowledgeworks Global,2.9,504,Printing & Publishing,Mumbai,2.3k,35,21,9
Flowserve,3.7,502,Industrial Machinery,Bengaluru,3.4k,39,57,54
Siemens Healthineers,3.9,502,Healthcare,Bengaluru,4.2k,71,--,50
Kellton,2.9,503,IT Services & Consulting,Gurugram,3.4k,65,11,45
Cosmo Films,3.7,501,Packaging,Chhatrapati Sambhajinagar,2.1k,40,23,54
C-Edge Technologies,3.7,501,IT Services & Consulting,Mumbai,2.8k,28,12,37
Mediamint,2.8,501,Marketing & Advertising,Hyderabad,3.1k,45,13,32
Buzzworks Business Services,3.5,501,Recruitment,Chennai,2.1k,20,4,17
SUEZ Group,4.2,501,Waste Management,New Delhi,2k,22,5,39
Pawzz,4.6,509,,Gurugram,3,247,--,84
Everforth Quinnox,3.9,500,IT Services & Consulting,Bengaluru,3.4k,42,12,39
Paradeep Phosphates,3.8,500,Agro Chemicals,Paradip,1.6k,64,14,22
Maersk Line,4.0,500,Logistics,Pune,2.4k,34,--,66
Think Gas Ludhiana,3.6,500,Oil & Gas,Chennai,2.4k,51,1,30
WM Universal Solutions Private Limited,3.6,501,Waste Management,Indore,2.4k,49,160,43
Equiniti,3.6,500,Financial Services,Chennai,3.4k,52,9,29
Otsuka Pharmaceutical India Private Limited,4.0,501,Pharma,Ahmedabad,1.6k,30,33,72
Medikabazaar,4.2,500,Medical Equipment,Mumbai,1.1k,14,1,14
Samsung Display,3.7,500,Electronics Manufacturing,Noida,2.3k,53,1,47
Common Service Centres,4.4,499,Government,New Delhi,1.2k,19,--,12
Thales,3.5,499,Defence & Aerospace,Noida,3.6k,52,201,51
GD Goenka Public School,3.3,499,Education & Training,New Delhi,1.3k,48,18,48
Sterling Holiday Resort,3.8,499,Hospitality,Chennai,1.6k,23,3,59
Ppap Automotive,3.8,499,Auto Components,Noida,1.8k,44,--,44
Future Lifestyle Fashion,4.2,498,Retail,Bengaluru,1.6k,8,--,76
Aditya Birla Housing Finance,3.8,498,NBFC,Mumbai,1.9k,22,--,5
Lite Bite Foods,4.4,498,Hospitality,New Delhi,1.3k,23,8,54
HealthifyMe,2.7,498,Internet,Bengaluru,1.6k,53,4,26
Brainvire,2.8,497,IT Services & Consulting,Ahmedabad,1.7k,78,12,233
Technico Industries,3.6,497,Auto Components,Gurugram,2.1k,43,7,28
NJ India Invest,3.7,497,Financial Services,Surat,1.1k,59,24,65
SBI Mutual Fund,3.7,497,Financial Services,Mumbai,2k,31,6,38
Dow Chemical International Private Limited,3.5,496,Chemicals,Mumbai,2.4k,41,79,41
Aludecor Lamination,3.8,497,Building Material,Haridwar,1.7k,44,27,29
Giesecke & Devrient,3.4,495,IT Services & Consulting,Gurugram,2.2k,33,11,68
Matrix Business Services,3.5,495,Analytics & KPO,Chennai,2k,44,12,19
Fynd,2.9,495,Software Product,Mumbai,2.4k,77,18,27
Bira 91,3.3,495,Beverage,New Delhi,1.5k,30,--,10
Jumbotail Technologies,3.6,494,Retail,Bengaluru,1.7k,42,13,11
Juniper Networks,4.2,493,Hardware & Networking,Bengaluru,4.5k,76,--,48
Bridgestone India Automotive Products,4.1,493,Auto Components,Gurugram,2.3k,29,1,54
Mediterranean Shipping Company,4.0,493,Ports & Shipping,Chennai,2.4k,26,2,30
RND Softech,3.0,494,BPO,Coimbatore,2k,43,--,16
Alpla,3.9,493,Packaging,Hyderabad,1.8k,36,28,60
ESDS Software Solutions,3.2,493,IT Services & Consulting,Nashik,3.1k,39,67,43
Numeric UPS,4.0,492,Electrical Equipment,Chennai,1.3k,15,24,5
ZF Friedrichshafen,3.8,493,Auto Components,Chennai,2.2k,35,--,12
Clove Dental,4.0,492,Healthcare,New Delhi,1.3k,77,26,14
Xanadu,3.6,492,Real Estate,Mumbai,1.9k,63,3,29
TresVista,2.3,492,Analytics & KPO,Pune,3.3k,141,47,15
Clix Capital Services,4.0,492,NBFC,Gurugram,1.6k,31,219,19
Grindwell Norton,3.6,491,Industrial Machinery,Bengaluru,1.8k,28,28,62
Onshore Construction,3.7,491,Engineering & Construction,Mumbai,1.6k,31,9,49
Godrej Interio,3.9,491,Furniture & Furnishing,Mumbai,2.1k,33,--,43
Westin,4.1,491,Hospitality,Mumbai,1.3k,21,4,68
Plastic Omnium,3.8,491,Automobile,Pune,2k,32,20,23
Gopal Snacks Limited,4.2,491,FMCG,Rajkot,1.2k,41,2,33
Akamai Technologies,4.4,491,Software Product,Bengaluru,4.5k,81,76,65
Avery Dennison,3.6,490,Packaging,Bengaluru,2k,42,45,58
Kaynes Technology,3.1,490,Electronics Manufacturing,Mysuru,1.8k,53,14,37
Confidence Petroleum India,3.2,490,Oil & Gas,Nagpur,1.8k,36,10,21
Cadbury,4.3,489,Food Processing,Mumbai,1k,29,--,35
MKC Infrastructure Ltd.,3.4,489,Engineering & Construction,Gandhinagar,1.5k,40,14,31
Cera Sanitaryware,4.0,489,Building Material,Ahmedabad,1.7k,36,5,32
Sany Heavy Industry,3.6,488,Industrial Machinery,Pune,2k,41,1,52
Go First,3.9,488,Aviation,Mumbai,1.9k,51,--,37
Trimax IT Infrastructure Services,3.8,488,IT Services & Consulting,Mumbai,1.1k,13,--,33
National Commodities Management Services,4.0,488,Agriculture,Gurugram,1.4k,16,4,45
Ivrcl Infrastructures & Projects,4.3,488,Engineering & Construction,Hyderabad,847,10,3,81
Honda Logistics,3.5,487,Logistics,Bhiwadi,1.5k,32,7,42
Grant Thornton Bharat,3.3,488,Accounting & Auditing,Gurugram,2.7k,92,15,22
Honda Logistics,3.5,487,Logistics,Bhiwadi,1.5k,32,7,42
Tekion,3.7,488,Software Product,Bengaluru,5.3k,122,79,97
Nash Industries,3.3,487,Industrial Machinery,Bengaluru,2.3k,37,12,36
Shalimar Paints,3.5,487,Chemicals,Gurugram,1.7k,32,6,26
Atyati Technologies,3.9,486,IT Services & Consulting,Bengaluru,1.5k,35,2,34
Xerox,3.7,486,Printing & Publishing,Bengaluru,2.1k,25,23,1
Mikuni,4.1,486,Auto Components,Neemrana,1.4k,27,1,58
Aculife Healthcare,3.3,490,Pharma,Ahmedabad,1.5k,48,5,58
Greenpanel Industries,3.9,486,Furniture & Furnishing,Srikalahasti,1.9k,25,2,22
CS TECH Ai,3.9,486,IT Services & Consulting,Nagpur,1.7k,41,--,30
Tetra Pak,4.1,486,Packaging,Pune,2.5k,43,3,61
Purplle.com,3.6,486,Retail,Mumbai,2.2k,37,1,25
Sadbhav Engineering,4.2,485,Engineering & Construction,Ahmedabad,1.3k,10,--,66
Jindal Aluminium,3.9,486,Metals & Mining,Bengaluru,2k,49,19,54
Keysight Technologies,3.8,485,Electronics Manufacturing,Gurugram,2.7k,36,52,52
Star Bazaar,3.7,486,Retail,Mumbai,1.5k,22,1,28
Thought Focus,3.3,485,IT Services & Consulting,Bengaluru,3.6k,52,49,34
Landis+Gyr,2.9,484,Electrical Equipment,Noida,2.8k,34,58,41
Bhagwati Products,3.5,484,Consumer Electronics & Appliances,Noida,1.3k,24,12,41
Ramco Industries,4.1,484,Building Material,Chennai,1.9k,22,3,46
Suzlon Global Services,3.8,484,,Pune,1.3k,54,--,35
Saud Bahwan Group,3.7,483,Automobile,Muscat,989,14,--,70
Espire Infolabs,2.3,483,IT Services & Consulting,Gurugram,2.6k,27,23,25
Gulf Oil Lubricants,4.1,483,Oil & Gas,Mumbai,1.7k,30,3,42
Meghmani Organics,3.8,483,Chemicals,Bharuch,2.3k,46,1,31
Bhilosa Industries,3.6,486,Fashion & Textile,Dadra & Nagar Haveli,2.3k,39,4,25
Tata International,3.5,482,Import & Export,Mumbai,2.2k,25,20,60
Central Public Works Department,4.1,482,Government,New Delhi,1.3k,15,--,45
Yethi Consulting,3.4,482,IT Services & Consulting,Bengaluru,3.4k,66,7,17
Realme,3.6,482,Consumer Electronics & Appliances,Gurugram,1.7k,34,4,17
Qcon,4.3,482,Engineering & Construction,Mumbai,1.1k,44,--,61
Paharpur Cooling Towers,3.9,481,Industrial Machinery,Kolkata,2k,29,1,29
Teradata,3.5,481,Software Product,Hyderabad,3.7k,63,4,47
Liberty General Insurance,3.6,481,Insurance,Mumbai,1.9k,21,1,34
Speridian Technologies,3.5,481,IT Services & Consulting,Bengaluru,3.4k,58,5,22
Allied Blenders & Distillers,4.0,481,Beverage,Mumbai,1.5k,25,3,32
MagicPin,2.5,481,Internet,Gurugram,2k,62,6,25
Hyundai Glovis,3.6,481,Logistics,Anantapur,1.9k,26,4,49
Visaka Industries,3.8,480,Building Material,Hyderabad,1.7k,31,12,39
Henkel Adhesives Technologies,4.1,480,Chemicals,Pune,2.1k,26,2,49
Stovekraft,3.9,480,Consumer Electronics & Appliances,Bengaluru,1.9k,33,12,28
Bharat Seats,3.7,480,Auto Components,Gurugram,1.7k,34,7,38
Riya Travel,3.6,480,Travel & Tourism,Mumbai,1.5k,14,4,32
GM Modular,3.8,480,Electrical Equipment,Mumbai,1.9k,28,14,33
Jupiter Hospital,4.0,480,Healthcare,Pune,1.7k,24,6,25
LuLu Group International,3.4,480,Retail,Kochi,2.4k,34,--,31
NBTC GROUP,3.3,480,Oil & Gas,Chennai,1k,26,4,61
Sayaji Hotels,4.1,479,Hospitality,Indore,1k,14,--,70
SBI Capital Markets,3.7,479,Financial Services,Mumbai,2.2k,26,--,17
Prime Focus Technologies,3.1,479,Software Product,Bengaluru,2.2k,41,--,52
AIRBUS,3.6,480,Aviation,Bengaluru,5k,83,1,47
Stryker,3.9,479,Medical Equipment,Gurugram,3.9k,52,8,58
Anthem Biosciences,3.9,478,Pharma,Bengaluru,2.6k,38,1,33
Bajaj Auto Credit,3.9,478,NBFC,Pune,1.1k,19,2,11
GHCL Limited,3.9,478,Chemicals,Sutrapada,1.7k,38,6,58
Bahwan Engineering,4.0,478,Engineering & Construction,Muscat,1k,25,1,53
Kiswok Industries,3.3,479,Iron & Steel,Kolkata,1.8k,41,3,36
Dana India,4.1,480,Auto Components,Pune,1.7k,40,4,59
McNally Bharat Engineering,3.9,478,Engineering & Construction,Kolkata,1.4k,13,1,58
In Time Tec Visionsoft,3.2,477,IT Services & Consulting,Jaipur,2.5k,51,28,70
Zypp Electric,4.0,477,Internet,Gurugram,1k,41,9,17
Torrent Gas,3.1,478,Oil & Gas,Ahmedabad,2.4k,58,1,40
CommScope,3.8,477,Telecom,Bengaluru,3.2k,43,6,49
Revent Group,3.8,477,Auto Components,Gurugram,747,17,2,5
LT Foods,3.8,476,FMCG,Gurugram,1.7k,27,3,42
Anunta Technology Management Services,3.3,476,IT Services & Consulting,Mumbai,2.3k,42,3,31
Loadshare Networks,3.5,476,Logistics,Bengaluru,1.7k,45,27,21
Gaurs Group,4.2,476,Real Estate,Noida,1.6k,31,16,24
Seoyon E-hwa Automotive,3.5,476,Auto Components,Chennai,2.3k,27,2,26
Oriental Structural Engineers,4.3,475,Engineering & Construction,New Delhi,1.2k,10,2,57
Pocket FM,2.7,475,Media & Entertainment,Bengaluru,2.1k,72,11,7
Majesco,3.2,475,IT Services & Consulting,Mumbai,3k,45,36,55
Polestar Analytics,4.0,476,IT Services & Consulting,Noida,1.2k,24,1,56
Symphony,4.6,474,Consumer Electronics & Appliances,Ahmedabad,1.1k,63,1,21
Marble Box,3.8,474,BPO,Kolkata,846,29,--,30
Texmaco Rail and Engineering,3.8,473,Engineering & Construction,Kolkata,1.8k,26,14,44
NKG Infrastructure,3.2,473,Engineering & Construction,New Delhi,1.4k,27,9,25
British Council,3.5,473,Education & Training,New Delhi,2k,27,13,55
Aimil Pharmaceuticals,3.6,473,Pharma,New Delhi,1.8k,24,3,46
AQM Technologies,3.0,473,IT Services & Consulting,Mumbai,3.7k,57,35,23
SMEC,3.7,473,Real Estate,Bengaluru,1.5k,30,46,46
Dharampal Premchand,4.3,473,FMCG,Noida,1.3k,25,2,42
Mahle Anand Thermal Systems,4.0,473,Auto Components,Pune,1.7k,32,--,29
Bandhan Life,3.3,473,Insurance,Mumbai,1.3k,17,30,27
Puravankara,3.4,473,Real Estate,Bengaluru,2.1k,26,41,7
Orion Innovation,3.5,473,IT Services & Consulting,Chennai,3.8k,47,1,12
Gokaldas Exports,3.9,472,Fashion & Textile,Bengaluru,1.8k,39,13,22
Magneti Marelli Motherson Auto System,3.9,472,Auto Components,Pune,1.3k,24,--,58
Indofil Industries,4.1,473,Agro Chemicals,Mumbai,2k,19,--,51
Kyungshin Industrial Motherson,3.3,471,Electrical Equipment,Chennai,2.1k,25,--,36
iNurture Education Solutions,2.5,471,EdTech,Bengaluru,1.4k,45,3,35
Mymd Healthcare,4.2,470,Internet,Kolkata,430,28,--,2
Pratham Education Foundation,4.2,471,Education & Training,New Delhi,999,17,--,50
Birla White,4.0,471,Building Material,Jodhpur,1.3k,40,--,35
Yutika Natural,3.6,471,Beauty & Personal Care,Indore,1.1k,27,7,18
Iksula,3.2,470,IT Services & Consulting,Mumbai,1.8k,35,2,108
Sulekha.com,3.3,470,Internet,Chennai,1.6k,23,1,45
Kolte Patil Developers,4.1,471,Real Estate,Pune,2k,22,30,48
Aizant Drug Research Solutions,4.3,470,Clinical Research,Hyderabad,1.3k,35,8,56
Haleon,3.5,470,Healthcare,Bengaluru,1.7k,54,75,7
Venky's,3.7,470,Food Processing,Pune,1.6k,27,5,34
Balmer Lawrie,3.5,471,Packaging,Kolkata,1.9k,33,--,39
St. Xavier's High School,3.7,469,Pharma,Gurugram,1.5k,19,35,47
Novotel Hotels,3.9,469,Hospitality,Mumbai,1.3k,27,--,76
Red Hat,4.3,469,Software Product,Pune,3.8k,64,27,46
SISL Infotech,3.5,469,IT Services & Consulting,New Delhi,2.5k,24,276,19
Paper Boat(Hector Beverages Pvt. Ltd.),3.9,469,Beverage,Bengaluru,1.4k,25,3,33
Honour Lab,3.9,469,Pharma,Hyderabad,1.8k,26,3,25
Caresoft Global,3.3,469,Automobile,Coimbatore,3.4k,52,2,48
Synopsys,3.5,468,Semiconductors,Bengaluru,4.2k,106,49,44
Eurokids,4.0,468,Education & Training,Mumbai,1.4k,19,--,34
Yusen Logistics,3.9,468,Logistics,Mumbai,1.9k,20,6,36
Del Monte Foods,4.0,468,Food Processing,Gurugram,1.6k,19,13,50
RPG Life Sciences,3.6,467,Pharma,Ankleshwar,1.6k,15,20,53
Dun & Bradstreet,3.1,468,Analytics & KPO,Mumbai,3.1k,43,30,52
Allegis Group,3.4,466,Recruitment,Bengaluru,2.8k,24,--,43
Ergode,3.1,466,IT Services & Consulting,Mumbai,1.5k,31,35,53
Rapido,3.5,467,Internet,Bengaluru,2.5k,43,2,28
Freecharge,3.7,466,FinTech,Gurugram,3.2k,71,14,19
Sahyadri Hospital,4.2,466,Healthcare,Pune,1.5k,33,46,33
Vision India Services,4.0,466,Recruitment,Noida,1.5k,57,--,23
Bada Business,4.0,465,Internet,New Delhi,1.6k,61,636,37
Neilsoft,3.1,465,Engineering & Construction,Pune,3.2k,49,89,33
Flamingo Pharmaceuticals,3.1,466,Pharma,Mumbai,1.9k,36,26,35
CodeClouds,3.8,466,Software Product,Kolkata,1.2k,60,36,127
Prodair Air Products,3.7,465,Oil & Gas,Pune,2.4k,29,--,18
Midland Microfin Limited,3.6,465,NBFC,Jalandhar,960,35,4,16
Ozone Overseas,3.8,467,Building Material,New Delhi,1.6k,34,5,37
Emergys,3.4,465,IT Services & Consulting,Pune,3.3k,44,37,25
Ashapura Group Of Industries,4.1,467,Metals & Mining,Bhuj,1.8k,32,8,45
TruBridge Healthcare Private Limited,3.8,465,Analytics & KPO,Mumbai,763,147,1,3
Godrej Jersey,4.1,464,Food Processing,Hyderabad,1.4k,29,4,10
Essjay Ericsson,4.2,464,Analytics & KPO,New Delhi,873,11,--,57
Subex,3.4,464,Telecom,Bengaluru,3.2k,38,7,53
HealthKart,3.9,464,Internet,Gurugram,2.1k,37,26,54
Saudi Binladin Group,4.2,464,Engineering & Construction,Jeddah,743,34,--,68
Railtel Corporation Of India,3.6,464,Hardware & Networking,New Delhi,2k,29,--,21
Flatworld Solutions,3.3,464,IT Services & Consulting,Bengaluru,2.8k,34,30,42
Bharat Bijlee,4.2,463,Electrical Equipment,Mumbai,1.6k,28,11,48
Nuvama Wealth and Investment,3.3,463,Financial Services,Mumbai,2.5k,20,13,8
Bharat Bijlee,4.2,463,Electrical Equipment,Mumbai,1.6k,28,11,48
Kataria Automobiles,3.6,463,Automobile,Ahmedabad,1.6k,21,7,33
Tutopia,4.5,462,EdTech,Kolkata,420,272,--,3
Cipla Health,4.2,462,Pharma,Mumbai,1.5k,46,--,35
Echobooom Management & Entrepreneurial Solutions,3.9,464,Marketing & Advertising,Mumbai,507,122,34,198
ByteDance,4.1,462,Internet,Gurugram,2.2k,38,10,58
Miracle Software Systems,3.8,461,IT Services & Consulting,Visakhapatnam,2k,44,12,25
Brembo Brake India,4.0,461,Auto Components,Pune,1.6k,22,3,40
ELGI Equipments,4.0,461,Industrial Machinery,Coimbatore,2.1k,28,43,47
Zscaler Softech,3.2,461,Software Product,Bengaluru,3.3k,84,94,35
LKQ INDIA,3.3,461,IT Services & Consulting,Bengaluru,2.7k,39,18,31
JNS Instruments,3.9,461,Industrial Machinery,Gurugram,1.9k,35,12,36
NeoGrowth Credit,3.3,466,NBFC,Mumbai,1.8k,33,6,33
B. Braun Medical,4.1,460,Healthcare,Mumbai,1.7k,22,14,65
Go Colors,3.9,460,Fashion & Textile,Chennai,1.1k,13,1,7
Almarai,4.2,460,Food Processing,Riyadh,859,25,--,65
The Indian Hotels Company,4.0,461,Hospitality,Mumbai,1.9k,30,--,43
Rieter,3.3,460,Hospitality,Pune,2.4k,31,4,52
UNIVO Education,3.5,460,EdTech,Noida,1.6k,41,6,10
Falcon Autotech,3.9,460,Industrial Automation,Noida,2k,54,2,40
NetApp,3.6,459,IT Services & Consulting,Bengaluru,4.3k,77,70,37
Bengal Beverages,3.0,459,Beverage,Kolkata,1.5k,38,4,30
Khadims,3.6,460,Fashion & Textile,Kolkata,1.3k,17,--,48
SirionLabs,3.9,459,Software Product,Gurugram,2k,29,5,45
Prism Cement,4.0,459,Building Material,Satna,1.2k,38,1,55
Mjunction Services,3.7,459,IT Services & Consulting,Kolkata,1.9k,26,--,45
Konexions Back Office Services,2.6,460,BPO,New Delhi,1.7k,37,5,13
Ciena,3.9,458,Telecom,Gurugram,3.3k,48,--,53
Corona Remedies,4.2,458,Pharma,Ahmedabad,1.5k,15,--,28
BSCPL Infrastructure,3.9,458,Engineering & Construction,Hyderabad,1.3k,31,2,49
Alankit,3.2,458,Financial Services,New Delhi,1.2k,59,44,28
AVAYA,3.3,457,Software Product,Pune,2.9k,46,1,42
Fuji Electric,3.6,458,Electronics Manufacturing,Chennai,1.9k,21,4,15
Usha Martin,4.0,456,Iron & Steel,Ranchi,1.4k,24,1,51
ZUCOL Services,3.8,456,IT Services & Consulting,Jaipur,766,122,19,16
Indian Immunologicals,4.1,457,Biotechnology,Hyderabad,1.8k,24,2,50
SMFG India Home Finance Co,3.7,456,NBFC,Mumbai,1.2k,27,--,5
Reliance Infrastructure,4.1,457,Engineering & Construction,Mumbai,2k,30,--,63
Tata Steel Utilities and Infrastructure Services,3.6,456,Engineering & Construction,Jamshedpur,1.2k,41,--,42
Portea Medical,3.7,456,Healthcare,Bengaluru,1.3k,35,8,41
Clean Harbors,3.3,456,Waste Management,Hyderabad,3k,41,106,28
OLX Autos,3.9,455,Internet,Gurugram,1.5k,31,--,--
Toyota,4.2,455,Automobile,Bengaluru,1.9k,50,--,50
Group Bayport,4.2,455,Printing & Publishing,Gurugram,1.1k,36,62,17
NOON.COM,3.2,455,Internet,Gurugram,2.8k,64,3,31
InfoBeans,3.3,455,IT Services & Consulting,Indore,3.7k,51,47,42
Thrillophilia,3.7,455,Travel & Tourism,Jaipur,1k,41,18,36
Knack RCM,3.0,454,BPO,Jaipur,1.8k,56,19,18
Flipkart Health+,3.6,454,Internet,Kolkata,1.7k,35,--,29
Mashreq Global Services,3.1,454,Banking,Bengaluru,2.5k,29,49,31
TCL,4.1,454,Consumer Electronics & Appliances,Tirupati,2.2k,47,--,27
Regency Hospital Ltd,4.0,454,Healthcare,Kanpur,1.4k,24,14,21
Meyer Organics,3.6,454,Pharma,Mumbai,1.6k,30,18,36
Deluxe Entertainment,3.5,454,Media & Entertainment,Bengaluru,2.5k,38,6,40
Mungi Group,3.9,454,Auto Components,Pune,1.9k,24,20,36
Transasia Bio-Medicals,3.2,454,Medical Equipment,Mumbai,1.8k,23,10,32
NR Switch N Radio Services,3.8,453,Telecom,Kota,1.2k,22,21,27
Tata Steel Downstream Products,3.6,453,Iron & Steel,Jamshedpur,1.6k,48,2,28
Talbros,3.9,453,Auto Components,Faridabad,1.8k,34,7,34
Indian Political Action Committee,2.8,453,Other,Kolkata,1.7k,52,--,15
TriGeo Technologies,3.2,452,IT Services & Consulting,Hyderabad,1.7k,28,--,38
Tata Steel Colors,3.7,453,Iron & Steel,Pune,1.7k,34,16,34
Vijai Electricals,3.6,452,Power,Hyderabad,1.3k,18,--,48
Orient Craft,3.8,451,Fashion & Textile,Gurugram,1.4k,8,--,61
State Street Bank,3.4,451,Banking,Bengaluru,3.4k,18,--,14
Freyr Solutions,3.6,452,IT Services & Consulting,Hyderabad,2.8k,34,5,22
e2open,3.4,451,Hospitality,Bengaluru,3.7k,65,4,36
Tyger Capital,3.9,451,Financial Services,Mumbai,1.5k,30,5,28
Kaya Skin Clinic,3.4,451,Beauty & Personal Care,Mumbai,1.2k,25,19,41
Fossil Group,3.9,451,Fashion & Textile,Bengaluru,2.2k,36,22,34
Ingersoll Rand,3.8,450,Industrial Machinery,Bengaluru,2.6k,38,81,38
Cimpress,3.8,450,Printing & Publishing,Mumbai,3.1k,70,11,34
Chettinad Cements,3.8,449,Building Material,Chennai,2k,42,--,20
NIFTEL COMMUNICATIONS,3.6,449,BPO,Lucknow,870,95,11,7
CMA CGM Global Business Services,4.0,449,Ports & Shipping,Chennai,2.4k,33,--,5
FabHotels,3.1,449,Hospitality,Gurugram,2.1k,46,3,24
DB Power Limited,4.7,449,Power,Raigarh,740,66,--,24
Intercontinental Exchange,3.2,449,Financial Services,Hyderabad,3.1k,45,--,7
Adani Logistics,3.7,449,Logistics,Ahmedabad,1.9k,16,--,13
Webkul Software,3.9,449,Software Product,Noida,1.4k,91,16,42
OnePlus,3.8,450,Consumer Electronics & Appliances,Bengaluru,2k,41,--,47
Nexteer Automotive,3.8,448,Auto Components,Bengaluru,2.7k,29,--,31
Vcare Trichology,3.5,448,Healthcare,Chennai,1.9k,45,22,15
Dee Piping System,4.1,449,Engineering & Construction,Faridabad,1.6k,30,7,25
SPAR Hypermarkets,4.0,448,Retail,Bengaluru,1.3k,25,6,41
Sunwoda Electronic India Pvt Ltd,3.9,447,Electronics Manufacturing,Noida,1.9k,41,--,44
Karvy Data Management,3.1,447,,Hyderabad,784,3,--,--
SABIC,4.1,448,Chemicals,Bengaluru,1.5k,34,--,52
Montecarlo Construction,4.2,447,Engineering & Construction,Ahmedabad,1.4k,51,--,44
Axis Finance,3.8,447,NBFC,Mumbai,2.2k,26,223,18
Premium Transmission,3.3,446,Industrial Machinery,Pune,2k,55,12,38
DesignTech Systems,3.4,446,IT Services & Consulting,Pune,2k,47,25,29
Arvind Fashions,3.7,446,Fashion & Textile,Bengaluru,1.9k,28,--,24
Siyaram Silk Mills,3.9,446,Fashion & Textile,Mumbai,1.5k,24,11,43
Aptech,3.2,446,Education & Training,Mumbai,1.8k,29,--,44
GS Lab,3.6,445,IT Services & Consulting,Pune,3k,64,5,34
AppInventiv Technologies,3.9,445,IT Services & Consulting,Noida,2.8k,86,10,68
Indian Institute of Technology Gandhinagar,4.2,445,Education & Training,New Delhi,2.6k,27,1,31
Bonfiglioli Transmissions Limited,3.5,445,Industrial Machinery,Chennai,1.8k,39,7,35
Skillmine Technology Consulting,3.8,445,Software Product,Bengaluru,1.7k,51,7,15
Theobroma Foods,3.9,445,Hospitality,Mumbai,1.4k,25,17,22
Mahindra Lifespace Developers,4.2,444,Real Estate,Mumbai,1.9k,27,11,49
SoftwareOne,3.8,444,Software Product,Gurugram,3.7k,53,46,48
Citykart Retail,3.7,444,Retail,Gurugram,975,30,2,25
Shiprocket Private Limited,3.4,444,Internet,Gurugram,3k,62,22,20
FM LOGISTIC,4.0,444,Logistics,Pune,1.4k,31,14,10
Infosys Consulting,3.4,444,IT Services & Consulting,Bengaluru,4.1k,181,--,63
Marksans Pharma,3.4,444,Pharma,South Goa,1.9k,31,15,21
Mazagon Dock,4.2,443,Ports & Shipping,Mumbai,1.2k,23,--,37
Fitelo,3.1,443,Fitness & Wellness,Sahibzada Ajit Singh Nagar,791,49,--,71
H & R Johnson,3.5,443,Building Material,Mumbai,1.2k,10,--,43
Rakuten Symphony,3.6,443,Telecom,Indore,3.6k,43,12,13
Western Union,2.8,442,FinTech,Pune,2.8k,39,6,41
Nidec Corporation,3.6,442,Electronics Manufacturing,Neemrana,1.8k,29,6,40
T.v. Sundram Iyengar & Sons,3.9,442,Automobile,Chennai,1.1k,10,--,47
Ami Lifesciences,3.8,442,Pharma,Vadodara,1.9k,21,--,21
Kothari Agritech,4.2,441,Building Material,Solapur,738,48,6,6
Flipkart Wholesale,3.9,442,Internet,Bengaluru,1.1k,74,--,28
Calsoft,2.8,441,IT Services & Consulting,Pune,3.8k,57,34,28
Hero Housing Finance,3.7,441,NBFC,New Delhi,1.6k,23,2,10
International Automotive Components,3.9,441,Auto Components,Pune,2.1k,27,11,25
Lambda Therapeutic Research,3.8,441,Clinical Research,Ahmedabad,1.5k,22,20,25
A. O. Smith India Water Products Private Limited,3.5,441,Consumer Electronics & Appliances,Bengaluru,1.5k,22,1,46
K D Hospital,4.5,440,Healthcare,Ahmedabad,359,23,--,7
Mann And Hummel Filter,3.9,440,Industrial Machinery,Bengaluru,1.8k,23,23,38
Nous Infosystems,3.5,440,IT Services & Consulting,Bengaluru,3.6k,51,34,36
Aker Solutions,4.0,440,Engineering & Construction,Mumbai,2.2k,37,1,43
National Organic Chemical Industries,3.7,440,Chemicals,Bharuch,1.9k,37,4,47
Asian Granito India,3.6,440,Building Material,Ahmedabad,1.6k,18,1,20
Learning Routes,4.5,440,EdTech,Gurugram,453,124,6,39
Jyoti CNC Automation,3.9,440,Industrial Machinery,Rajkot,1.5k,28,10,32
KLAY Preschool and Daycare,3.5,439,Education & Training,Bengaluru,1.5k,46,62,44
ANR Software Private Limited,4.1,439,IT Services & Consulting,Noida,1.1k,48,19,39
TotalEnergies,3.7,439,Oil & Gas,Mumbai,1.7k,36,18,43
Imarticus Learning,3.9,439,EdTech,Mumbai,1.3k,34,5,33
IndusInd Capital,3.9,439,Financial Services,Mumbai,1.9k,20,6,72
GTL Infrastructure,4.2,439,Hardware & Networking,Mumbai,916,14,--,45
Powerweave,3.3,439,BPO,Mumbai,1.7k,28,--,33
Orient Bell,3.4,439,Building Material,New Delhi,1.5k,24,3,37
Intelizign Lifecycle Services,3.8,439,IT Services & Consulting,Pune,2.7k,61,30,24
ZTE Corporation,4.1,439,Telecom,Gurugram,1.2k,21,2,65
Honeywell International India,4.0,439,Defence & Aerospace,Pune,2.6k,39,--,50
Spice Money,4.2,442,FinTech,Noida,1.5k,41,6,29
Ind-Swift Laboratories,3.8,438,Pharma,Chandigarh,1.6k,22,12,58
Kutchina,3.4,438,Consumer Electronics & Appliances,Kolkata,1.2k,16,2,24
Paynearby Technologies,3.9,438,FinTech,Mumbai,1.6k,30,--,23
Ensono,4.1,438,IT Services & Consulting,Pune,2.7k,31,54,25
Mintifi,3.4,438,Financial Services,Mumbai,1.3k,23,--,6
Bmm Ispat,3.9,438,Iron & Steel,Hosapete,1.6k,35,4,37
Lotte India Corporation,4.0,439,FMCG,Chennai,1.5k,33,37,37
Carrier Midea,3.5,438,Consumer Electronics & Appliances,Pune,1.9k,19,6,22
PULSUS HealthTech Group,3.2,438,Printing & Publishing,Visakhapatnam,1.3k,36,15,34
Motilal Oswal Private Wealth Management,4.5,437,Financial Services,Mumbai,283,83,--,4
FCM Travel,3.4,437,Travel & Tourism,New Delhi,1.5k,16,1,29
Groupon,3.0,437,Internet,Chennai,2.3k,46,--,39
Tessolve,3.2,438,Semiconductors,Bengaluru,3.1k,65,49,15
CES,3.4,438,IT Services & Consulting,Hyderabad,2.7k,59,27,39
IL&FS Engineering and Construction,4.4,437,Engineering & Construction,Hyderabad,929,17,6,56
ARMSOFTECH.AIR,3.3,437,IT Services & Consulting,Chennai,1.4k,31,4,52
Impact Guru,3.5,437,Internet,Mumbai,1.7k,81,104,7
Baramati Agro,3.8,437,Food Processing,Pune,1.6k,29,4,27
NCSI Technologies Pvt Ltd,3.7,438,IT Services & Consulting,Pune,1.9k,70,1,21
360 Realtors,3.5,436,Real Estate,Pune,1.5k,36,2,45
Tally Solutions,4.0,436,Software Product,Bengaluru,2.4k,49,33,50
Haldia Petrochemicals,3.7,436,Petrochemicals,Haldia,2.1k,43,3,49
IIMI Image Management Private Limited,4.0,436,BPO,Kolkata,558,56,2,8
RSWM Limited,4.0,436,Fashion & Textile,Bhilwara,1.3k,20,18,44
India Nippon Electricals,3.6,436,Electrical Equipment,Hosur,1.6k,25,35,58
Desun Hospital & Heart Institute,3.8,436,Healthcare,Kolkata,1.1k,31,14,24
Nagarjuna Fertilizers and Chemicals,4.1,435,Agro Chemicals,Kakinada,1.3k,19,--,55
Entrata,3.8,435,Software Product,Pune,2.4k,44,1,51
IMS People,3.6,435,Recruitment,Ahmedabad,2.2k,46,--,37
Ramada,3.8,435,Hospitality,Mumbai,1.1k,22,1,70
Samsonite,4.1,435,Retail,Nashik,1.4k,17,22,30
Ashiana Housing,4.0,435,Real Estate,Jaipur,1.6k,37,19,52
Astra Microwave Products,4.0,435,Defence & Aerospace,Hyderabad,2.1k,32,1,25
Chambal Fertilisers And Chemicals,3.7,436,Agro Chemicals,Kota,1.6k,29,--,37
Nowfloats Technologies,3.8,435,Software Product,Hyderabad,1.1k,25,--,67
Eurofins It Solutions,2.8,435,IT Services & Consulting,Bengaluru,3.5k,71,--,60
Samsung C&T,4.2,435,Engineering & Construction,Mumbai,1.4k,15,11,45
Hike Education Private Limited,4.3,434,EdTech,Gurugram,725,147,3,12
Silver Touch Technologies,2.9,434,IT Services & Consulting,New Delhi,2.6k,35,7,7
Capital Foods,4.2,433,Food Processing,Mumbai,1.3k,32,6,55
Pon Pure Chemical,3.6,433,Chemicals,Chennai,1.5k,28,15,34
CWT,3.4,433,Travel & Tourism,New Delhi,1.4k,9,--,58
Europa Locks,3.8,433,Building Material,Pune,1.8k,31,21,40
Self Practice,4.4,433,Analytics & KPO,New Delhi,5.9k,69,--,20
YKK,3.7,433,Fashion & Textile,Rewari,1.4k,27,--,48
ABCI Infrastructures,3.3,433,Engineering & Construction,Bengaluru,8.1k,85,4,55
Samsung SDS,3.0,432,IT Services & Consulting,Gurugram,2.8k,34,--,20
Motherhood Hospital,3.6,432,Healthcare,Bengaluru,1.8k,23,82,18
Le Méridien,4.1,432,Hospitality,New Delhi,1.2k,23,--,63
Systems Plus,4.2,431,IT Services & Consulting,Pune,1.6k,32,37,16
Novartis Healthcare,4.0,431,Pharma,Hyderabad,3.1k,23,2,48
Reshamandi,3.5,430,Fashion & Textile,Bengaluru,604,17,--,125
NR Consulting,4.6,431,IT Services & Consulting,Noida,337,96,266,21
Uniparts Group,3.7,432,Industrial Machinery,Noida,1.6k,23,1,33
Shyam Sel & Power,3.7,430,Electronics Manufacturing,Kolkata,1.5k,57,--,20
AIMLAY,4.7,431,EdTech,New Delhi,450,17,11,32
Buhler,3.8,429,Industrial Machinery,Bengaluru,1.9k,33,--,39
Universal Corporation,3.6,429,Consumer Electronics & Appliances,Kolkata,1.3k,22,2,20
Mahindra Last Mile Mobility,3.7,429,Automobile,Bengaluru,1.3k,23,--,4
B.C. Jindal Group of Companies,3.9,429,Iron & Steel,New Delhi,1.1k,29,--,16
TTK Healthcare,4.1,429,Medical Equipment,Chennai,1.4k,18,11,54
Daimler Truck,3.6,428,Automobile,Bengaluru,3.1k,42,38,3
Nettur Technical Training Foundation,3.6,428,Education & Training,Bengaluru,1.1k,28,3,38
Dorset Industries,4.4,428,Building Material,Gurugram,961,92,6,36
Aka Logistics,3.2,429,Logistics,Kolkata,1.4k,39,7,28
Franchise India Brands,2.8,428,Marketing & Advertising,New Delhi,1.4k,42,7,8
Viva Composite Panel,4.5,427,Building Material,Mumbai,647,104,35,13
Prolifics Corporation,3.5,427,IT Services & Consulting,Hyderabad,2.5k,65,43,25
Indigo Paints,3.8,427,Chemicals,Pune,1.4k,33,--,16
Oberoi Realty,4.3,427,Real Estate,Mumbai,2k,21,8,38
Rama Medical College Hospital & Research Centre,3.7,427,Healthcare,Kanpur,1.3k,39,--,45
Sagar Cements,4.3,427,Building Material,Hyderabad,1.4k,42,2,30
Bangalore International Airport,4.3,426,Aviation,Bengaluru,1.6k,35,3,34
Zealous Services,2.6,426,Design,Chennai,1.2k,22,1,51
Starbucks,4.1,426,Hospitality,Mumbai,1.2k,38,1,42
Indiafilings,3.9,426,Internet,Chennai,1.1k,162,36,16
Saama Technologies,3.6,426,IT Services & Consulting,Pune,3.7k,60,21,45
Global Indian International School,4.2,426,Education & Training,Noida,1k,21,43,55
Secure Value,3.4,426,IT Services & Consulting,Mumbai,864,20,--,22
V-Xpress,3.9,425,Logistics,Mumbai,1.1k,22,--,31
Bonace Engineers,4.0,426,Recruitment,Mumbai,1.2k,36,--,26
DataMetica,3.0,425,IT Services & Consulting,Pune,3k,49,48,20
Medica Superspecialty Hospital,3.9,425,Healthcare,Kolkata,1.5k,20,180,46
MyMoneyMantra,3.2,425,Internet,New Delhi,1.8k,15,--,11
Owens Corning,3.6,425,Building Material,Mumbai,1.8k,21,5,41
Tagros Chemicals,3.6,425,Agro Chemicals,Cuddalore,1.9k,40,14,41
National Bulk Handling Corporation,4.1,424,Agriculture,Mumbai,1.1k,23,9,41
Havmor Ice Cream,4.1,424,Food Processing,Ahmedabad,1.3k,30,--,46
Indian Overseas Bank,3.5,424,Banking,Chennai,1k,18,--,26
Roca Bathroom Products,3.7,424,Building Material,Chennai,1.4k,23,7,45
Apex Laboratories,3.9,424,Pharma,Chennai,1.9k,27,4,34
Adani Infra,3.7,424,Engineering & Construction,Ahmedabad,1.8k,42,--,6
P.D. Hinduja National Hospital and Medical Research Centre,3.9,424,Healthcare,Mumbai,2.4k,30,29,44
Enphase Energy,2.6,424,Power,Bengaluru,3.2k,58,36,19
Capital Trust,3.4,423,NBFC,New Delhi,846,23,--,28
Educomp Solutions,3.4,423,EdTech,Gurugram,630,5,--,46
Gtpl Hathway,4.0,423,Broadcasting,Ahmedabad,1.9k,29,15,25
myGate,3.0,424,Law Enforcement & Security,Bengaluru,2.1k,33,7,23
CogentHubCX.AI,3.1,423,BPO,Kolkata,925,37,16,20
The Belgian Waffle co,4.4,423,Hospitality,Mumbai,762,58,2,5
SKH Y-TEC,3.9,423,Auto Components,Ahmedabad,1.3k,32,--,23
Metrochem Api,3.1,423,Pharma,Hyderabad,2k,36,5,36
Qwik Supply Chain,3.9,424,,Mumbai,1.1k,28,--,17
Balaji Wafers,4.3,423,FMCG,Indore,1.2k,32,6,23
ITC Limited - Paperboards Specialty Papers Division,3.9,423,Packaging,Bhadrachalam,1.6k,19,3,38
PowerSchool India,3.3,423,Software Product,Bengaluru,3k,48,12,29
HYT Engineering Company Pvt Ltd,3.2,423,Industrial Machinery,Pune,1.5k,38,20,33
CapeStart,4.6,424,IT Services & Consulting,Nagercoil,656,87,44,134
Virchow Biotech,3.3,423,Pharma,Hyderabad,1.7k,27,--,37
Aliens Group,3.8,422,Real Estate,Hyderabad,1.3k,46,9,58
Venus Remedies,4.2,422,Pharma,Baddi,1k,43,68,83
Accelya Solutions India Limited,3.4,422,IT Services & Consulting,Mumbai,2.7k,51,19,31
Jubilant Biosys,3.5,422,Biotechnology,Bengaluru,2k,44,50,33
Unilever Global,3.6,422,FMCG,Bengaluru,909,32,--,8
Himatsingka Seide,3.5,422,Fashion & Textile,Bengaluru,1.5k,30,4,35
Slice,3.2,423,Banking,Bengaluru,2.4k,58,12,9
Ipsos,3.1,421,Analytics & KPO,Mumbai,2.6k,43,11,25
Agro Tech Foods,4.0,421,FMCG,Hyderabad,1.1k,22,17,38
Essar Group,3.8,421,Engineering & Construction,Mumbai,1.9k,33,5,52
Workcell Solutions,3.5,421,Pharma,Mumbai,1.3k,28,1,1
ArisGlobal,2.8,421,IT Services & Consulting,Bengaluru,2.8k,43,1,12
Raptakos Brett and Company,3.4,421,Pharma,Mumbai,1.5k,23,7,26
Indus Net Technologies,3.0,420,IT Services & Consulting,Kolkata,2k,35,8,21
Pole To Win,3.2,420,Gaming,Bengaluru,2k,62,27,44
Aramex,3.3,420,Logistics,Mumbai,1.3k,27,--,46
Gujarat Ambuja Exports,3.3,421,Agro Chemicals,Ahmedabad,1.5k,23,3,25
Indian Space Research Organisation,4.6,420,Defence & Aerospace,Bengaluru,1.3k,24,--,40
Bharat Aluminium Company (BALCO),3.9,419,Metals & Mining,Korba,1.7k,37,--,41
Odessa,3.6,419,Software Product,Bengaluru,2.4k,46,1,52
Copeland,3.8,420,Electronics Manufacturing,Pune,2.5k,26,35,3
BPTP,4.1,419,Real Estate,New Delhi,1.4k,29,23,50
VRB Consumer Products Private Limited,4.1,419,FMCG,New Delhi,1.4k,23,22,37
CGI India,4.1,419,Marketing & Advertising,Bengaluru,2k,9,--,63
Fortis Escorts Hospital,4.2,418,Healthcare,New Delhi,954,21,--,37
Magus Customer Dialog,3.9,418,BPO,Hyderabad,765,12,3,42
GRT Jewellers,4.1,418,Jewellery,Chennai,1.6k,31,12,22
Merck,4.0,418,Pharma,Bengaluru,2.8k,21,21,40
Kanpur Fertilizers & Chemicals,3.7,419,Agro Chemicals,Kanpur,1.2k,39,--,19
SHARE Microfin,4.2,418,Financial Services,Hyderabad,537,24,--,41
PC Jewellers,3.8,418,Metals & Mining,New Delhi,930,26,5,32
Core Integra Consulting Services,3.4,417,Recruitment,Mumbai,1.3k,26,--,24
Bank of Maharashtra,3.3,417,Banking,Pune,1.5k,20,--,31
Euler Motors,3.6,417,Automobile,New Delhi,1.7k,43,25,10
Oda Class,2.9,416,EdTech,Bengaluru,675,30,--,10
Onsitego,3.6,416,Internet,Mumbai,1.4k,20,14,30
Manhattan Associates,3.3,416,IT Services & Consulting,Bengaluru,3.5k,43,3,42
Win Medicare,4.1,416,Pharma,New Delhi,1k,24,--,31
Kailash Hospital,3.9,416,Healthcare,Noida,1k,24,--,23
V-bazaar Retail,3.9,416,Retail,Gurugram,945,35,--,26
Air Liquide,3.4,415,Chemicals,New Delhi,1.7k,39,58,41
Zenex Animal Health,4.7,415,Pharma,Ahmedabad,255,92,3,33
RDC Concrete (India),4.0,416,Real Estate,Mumbai,1.3k,40,3,35
Greet Technologies,2.7,415,BPO,Bengaluru,1.3k,40,--,28
Dodsal Engineering & Construction,4.5,414,Engineering & Construction,Mumbai,691,16,--,71
Gold Plus Glass,3.4,416,Other,Roorkee,1.5k,21,5,54
Auro Realty Private Limited,4.3,414,Real Estate,Hyderabad,1.6k,27,16,11
Hindustan Foods,3.6,414,FMCG,Hyderabad,1.9k,35,8,25
Sarvodaya Hospital,3.8,414,Healthcare,Faridabad,1.5k,21,218,25
Invensis Technologies,3.4,414,BPO,Bengaluru,2k,33,18,17
Eversendai,3.5,414,Engineering & Construction,Chennai,1.6k,32,3,42
Dixit Infotech Services,3.5,414,IT Services & Consulting,Mumbai,1.5k,29,3,22
PGP Glass,4.0,414,Packaging,Vadodara,1.4k,37,27,18
SolarSquare Energy,3.0,414,Power,Pune,1.5k,40,166,16
Piramal Swasthya,4.1,413,,Hyderabad,987,21,--,38
Schoolnet India,3.8,413,EdTech,Mumbai,1.1k,24,21,54
M Baazar,3.8,413,Retail,Kolkata,905,33,15,6
SMS India Private Limited,4.0,414,Engineering & Construction,Gurugram,2.1k,33,--,23
Spoton Logistics,4.4,412,Logistics,Bengaluru,1.1k,18,--,54
STUDDS Accessories Limited,4.0,413,Auto Components,Faridabad,1.3k,58,2,29
UCAL Fuel Systems,3.8,412,Auto Components,Chennai,1.4k,14,2,28
SML Isuzu,4.1,412,Automobile,Chandigarh,1.5k,30,8,35
ICFAI University,3.6,411,Education & Training,Hyderabad,862,24,--,42
Recpdcl.ltd,4.1,411,Facility Management Services,New Delhi,814,17,--,35
TVS Mobility,4.0,411,Automobile,Chennai,1.5k,37,6,13
Bses Yamuna Power,3.7,412,Power,New Delhi,1.4k,25,--,29
Venkateshwara Hatcheries,3.8,411,Food Processing,Pune,1.5k,13,--,32
Bses Yamuna Power,3.7,412,Power,New Delhi,1.4k,25,--,29
Munjal Showa,3.2,411,Auto Components,Gurugram,1.2k,19,7,36
MAYORA,3.9,410,FMCG,Hyderabad,964,25,4,46
The Phoenix Mills,3.9,410,Real Estate,Mumbai,1.9k,26,14,27
Stanley Black & Decker,3.7,410,Industrial Machinery,Pune,1.9k,30,23,30
Leixir Dental Group,4.6,413,Healthcare,Gurugram,675,140,1,61
Thyssenkrupp Industrial Solutions,4.1,410,Industrial Machinery,Mumbai,1.5k,24,--,29
Adroit Synergies,3.1,411,BPO,Noida,1.3k,47,28,17
LOGISTEED India Pvt. Ltd.,4.0,409,Logistics,Chennai,1.4k,9,--,16
Writer Corporation,3.3,409,Logistics,Mumbai,1.5k,24,32,29
eNoah iSolution,3.8,409,IT Services & Consulting,Chennai,2.3k,33,16,19
CEVA Logistics,3.8,409,Logistics,Mumbai,1.5k,14,--,29
Huron,3.7,409,Management Consulting,Bengaluru,3k,39,203,22
Black Knight,3.5,409,IT Services & Consulting,Hyderabad,2.6k,29,--,43
Etech Global Services,3.6,409,BPO,Gandhinagar,1.8k,45,4,43
CANTABIL RETAIL INDIA,3.9,409,Fashion & Textile,New Delhi,1.1k,29,4,13
Hexagon Nutrition,4.0,409,Food Processing,Mumbai,1k,20,21,132
Azentio,3.1,409,Software Product,Chennai,3.7k,48,4,11
L&T Heavy Engineering,3.7,409,,Surat,853,31,--,33
Cheil India,2.8,409,Marketing & Advertising,Gurugram,2.1k,19,4,49
Nyati Group,4.2,410,Real Estate,Pune,1.5k,37,1,25
Hanon Systems,4.0,408,Auto Components,Chennai,1.6k,16,3,52
Broadcom,3.2,408,Semiconductors,Bengaluru,3.1k,45,37,37
MRF Vapocure Paints,4.0,408,Chemicals,Chennai,1.3k,33,--,18
American Axle & Manufacturing,4.3,408,Auto Components,Pune,1.5k,27,--,38
Gravita,4.4,408,Metals & Mining,Jaipur,1.2k,63,29,30
Christian Medical College,4.1,408,Education & Training,Vellore,1.3k,14,2,29
The Hans Foundation,4.1,408,Non-Profit,New Delhi,809,41,132,4
Marelli Motherson Automotive Lighting,3.7,411,Auto Components,Pune,1.5k,28,--,15
Acadecraft,3.6,408,EdTech,Noida,890,62,2,48
Muthoot Housing Finance Company,4.1,408,NBFC,Mumbai,1.2k,32,16,10
Uplers,3.6,408,Internet,Ahmedabad,1.7k,47,9,108
Kuehne + Nagel,3.6,407,Logistics,Gurugram,1.7k,27,4,43
Al Turki Enterprises,3.5,407,Oil & Gas,Muscat,941,16,--,50
Roop Automotives,4.2,407,Auto Components,Gurugram,1.3k,31,--,40
ClearTax,3.0,407,IT Services & Consulting,Bengaluru,2.4k,50,37,18
Aeries Technology,3.1,408,IT Services & Consulting,Bengaluru,2.6k,34,149,34
Karamtara Engineering Limited,3.6,407,Engineering & Construction,Mumbai,1.6k,44,15,25
Gps Renewables,4.0,407,Oil & Gas,Bengaluru,966,90,4,6
Bosch Rexroth India,3.9,407,Industrial Machinery,Ahmedabad,1.6k,20,--,44
Tudip Technologies,3.9,406,IT Services & Consulting,Pune,1.6k,90,35,57
Connectwise India,3.3,406,IT Services & Consulting,Pune,2.9k,61,5,40
Wonderla Holidays,4.4,407,Events,Bengaluru,1.1k,40,37,48
Welspun Flooring,3.8,406,Building Material,Hyderabad,1.2k,22,--,25
Thermax Babcock Wilcox Energy Solutions,4.1,405,Industrial Machinery,Pune,1.8k,25,--,23
S. M. Auto Engineering,3.4,406,Auto Components,Pune,1.5k,27,2,14
Mettler-Toledo,3.5,405,Electrical Equipment,Mumbai,2.1k,27,1,43
ABC Consultants,3.9,405,Recruitment,Bengaluru,28k,244,--,21
Mantra Properties,4.2,405,Real Estate,Pune,954,40,15,20
National Fertilizers,4.3,404,Agro Chemicals,Bathinda,1.1k,30,--,41
Burns & McDonnell,4.1,404,Engineering & Construction,Mumbai,2.4k,54,13,35
Pearson Education India,3.8,404,Education & Training,Bengaluru,1.7k,9,57,50
GE Vernova T&D India,4.1,403,Power,Chennai,1.6k,11,--,44
GMR Hyderabad International Airport,4.0,404,Aviation,Hyderabad,1.3k,21,--,49
Call 2 Connect,2.5,404,BPO,Mumbai,1.1k,21,1,14
Icertis,3.3,403,Software Product,Pune,3.3k,59,19,50
Tirumala Milk Products,4.2,403,Food Processing,Chennai,1.1k,34,12,40
Shree Baidyanath Ayurved Bhawan,3.8,403,Pharma,Kolkata,1.2k,34,4,24
Sunstone,3.7,403,Education & Training,Gurugram,1.7k,26,53,24
Federal Mogul Goetze,3.9,403,Auto Components,Bengaluru,1.4k,17,--,50
Evoke Technologies,3.6,402,IT Services & Consulting,Hyderabad,3k,30,23,19
Mindlance,3.6,402,Recruitment,Noida,1.6k,30,--,30
Cooper Corporation,4.1,402,Auto Components,Satara,1.5k,55,23,35
Sedemac Mechatronics,4.0,402,Emerging Technologies,Pune,1.6k,37,1,33
Netlink Software,3.1,402,IT Services & Consulting,Bhopal,2.2k,23,13,41
Nuziveedu Seeds,3.8,402,Agriculture,Hyderabad,1.2k,33,3,31
VTP Realty,3.5,402,Real Estate,Pune,2k,43,21,9
Hajee A P Bava Construction,3.8,402,Engineering & Construction,Hyderabad,967,15,6,27
Konecranes,3.9,401,Industrial Machinery,Pune,1.9k,23,4,55
Parksons Packaging,4.1,401,Packaging,Mumbai,1.5k,17,8,30
Dorf Ketal Chemicals,4.0,401,Oil & Gas,Mumbai,1.9k,23,8,30
SPRINKLR,2.9,401,Software Product,Bengaluru,4.1k,115,55,29
BCH Electric,4.0,401,Electrical Equipment,Faridabad,1.5k,23,19,32
Repco Home Finance,3.5,400,NBFC,Chennai,1k,19,--,21
RSM US in India,3.4,400,Management Consulting,Bengaluru,3.9k,53,321,15
Epsilon Carbon,3.9,400,Chemicals,Ballari,1.9k,42,2,40
Hurix Digital,3.1,400,IT Services & Consulting,Chennai,1.9k,39,30,27
Nobel Hygiene,3.9,401,Healthcare,Mumbai,1.3k,24,30,34
Wellness Forever Lifestyle Chemist,3.9,400,Retail,Mumbai,1.2k,29,--,15
GE Aerospace,4.0,400,Defence & Aerospace,Pune,2k,24,--,2
Nissan,3.6,399,Automobile,Chennai,1.8k,29,--,30
GE Aerospace,4.0,400,Defence & Aerospace,Pune,2k,24,--,2
Agilent Technologies,3.9,399,Pharma,Gurugram,2k,23,118,55
Indian Metals & Ferro Alloys,3.7,399,Iron & Steel,Bhubaneswar,1.5k,16,--,37
Triumphant Institute of Management Education,3.7,399,Education & Training,Hyderabad,1.3k,17,5,31
Publicis,3.5,399,Marketing & Advertising,Gurugram,4.2k,57,--,29
GSP Crop Science,4.0,399,Agro Chemicals,Vadodara,1.5k,32,13,27
D.p. Jain & Co. Infrastructure Pvt .,3.1,399,Engineering & Construction,Nagpur,1.3k,34,4,27
Smartworks,3.2,400,Real Estate,Bengaluru,2.3k,46,40,20
Shakti Pumps,3.7,399,Industrial Machinery,Indore,1.5k,41,113,29
Medline Industries India Private Limited,3.8,399,Medical Equipment,Pune,2.7k,49,5,25
Ambuja Neotia,3.8,399,Real Estate,Kolkata,1.3k,16,1,28
XL Health,4.2,398,Healthcare,Bengaluru,1.5k,24,--,55
Diverse Lynx,3.3,398,IT Services & Consulting,Noida,2k,23,4.3k,7
ABM Knowledgeware,3.7,398,IT Services & Consulting,Mumbai,1.5k,34,6,33
LeadSquared,2.7,398,Software Product,Bengaluru,3.2k,73,42,18
Merck Life Science,4.0,398,Pharma,Bengaluru,2.9k,22,--,28
Imarque Solutions,3.1,398,BPO,Chennai,1.4k,21,48,15
Karvy DigiKonnect,3.2,398,Financial Services,Hyderabad,1.2k,8,--,26
Kcc Buildcon,4.0,398,Engineering & Construction,Gurugram,1.5k,32,3,26
Examity,3.3,398,EdTech,Hyderabad,1.8k,38,5,31
Motherson Technology Services,3.3,398,IT Services & Consulting,Noida,2.4k,38,1,3
Alfa Laval,3.9,398,Industrial Machinery,Pune,1.9k,35,--,45
Jamna Auto Industries,3.9,397,Auto Components,Chennai,1.7k,20,2,37
Supertech,3.9,397,Real Estate,Noida,1.6k,19,--,33
Park Hospital,3.7,397,Healthcare,Gurugram,1.3k,28,19,14
Rosmerta Technologies,3.3,397,Auto Components,Gurugram,1.7k,33,3,14
Hexagon Capability Center,4.0,397,IT Services & Consulting,Hyderabad,2.9k,43,--,60
Kennametal,3.5,397,Industrial Machinery,Bengaluru,1.9k,31,28,37
Ess Kay Fincorp,4.2,396,NBFC,Jaipur,956,13,39,35
VIT University,4.0,396,Education & Training,Vellore,1.5k,36,70,27
Indifi Technologies,3.8,396,FinTech,Gurugram,1.9k,48,19,23
Scientific Publishing Services,3.8,396,Analytics & KPO,Chennai,1.3k,18,--,44
Everest Spices,3.8,396,FMCG,Mumbai,1.2k,17,2,18
Watertec India,3.7,396,Building Material,Coimbatore,1.4k,15,54,29
Accel Frontline,4.3,395,IT Services & Consulting,Chennai,755,7,--,42
HL Mando,4.0,395,Auto Components,Chennai,1.5k,25,--,8
Teamspace Financial Services,4.0,395,Recruitment,Mumbai,1.1k,23,4,11
Columbia Petro Chem,4.2,395,Oil & Gas,Mumbai,571,21,2,68
NTT Global Data Centers and Cloud Infrastructure,3.9,395,IT Services & Consulting,Mumbai,2.2k,28,--,10
Fosroc India,4.3,395,Chemicals,Bengaluru,1.4k,26,2,41
Omnicom Global Solutions,3.3,395,Marketing & Advertising,Bengaluru,2.8k,19,76,12
Grey Orange,3.1,395,Software Product,Gurugram,2.3k,47,12,49
Coronis Health,3.3,395,Analytics & KPO,Sahibzada Ajit Singh Nagar,1.2k,28,2,14
JBS Enterprises,3.2,394,Electronics Manufacturing,Mumbai,1k,27,5,39
Bharat Rasayan,3.9,394,Agro Chemicals,Bharuch,1.6k,37,2,41
Sumitomo Chemical,4.1,394,Chemicals,Bhavnagar,1.6k,21,46,24
People Prime Worldwide,4.1,394,Recruitment,Hyderabad,1.5k,64,1,18
Arjas Steel,3.8,395,Iron & Steel,Anantapur,1.3k,24,2,35
Elentec Power India (EPI) Pvt. Ltd.,3.9,394,IT Services & Consulting,Noida,1.4k,38,24,52
Amri Hospital,4.0,394,Healthcare,Kolkata,1.2k,27,--,32
Acme Generics LLP,3.3,394,Pharma,Baddi,1.2k,17,--,21
Phenom,3.3,395,Software Product,Hyderabad,2.4k,66,36,30
Sangeetha Mobile,3.6,394,Retail,Bengaluru,1.5k,20,5,25
SYSTRA,3.9,394,Engineering & Construction,New Delhi,1.5k,29,--,22
Vidal Health Tpa,3.3,393,Insurance,Bengaluru,1.3k,32,19,35
Siemens Healthcare,4.0,393,Healthcare,Bengaluru,2.3k,11,85,44
Servion Global Solutions,3.0,393,IT Services & Consulting,Chennai,2.5k,36,15,29
IPE Global,3.8,393,Management Consulting,New Delhi,1.1k,27,73,41
Elecon Engineering,4.2,393,Electrical Equipment,Anand,1.5k,24,6,33
Servion Global Solutions,3.0,393,IT Services & Consulting,Chennai,2.5k,36,15,29
Vidal Health Tpa,3.3,393,Insurance,Bengaluru,1.3k,32,19,35
Jeeves Consumer Services,3.5,393,Consumer Electronics & Appliances,Bengaluru,864,35,3,34
Healthcare At Home,3.8,393,Healthcare,Mumbai,1.3k,30,8,29
US Tech Solutions,3.6,393,Recruitment,Noida,2.1k,22,--,25
Elecon Engineering,4.2,393,Electrical Equipment,Anand,1.5k,24,6,33
Sandvik Mining and Rock Technology,4.1,393,Industrial Machinery,Pune,1.7k,32,--,27
Helloverify,2.8,393,Law Enforcement & Security,Noida,1.6k,35,1,27
AgreeYa Solutions,3.1,392,IT Services & Consulting,Noida,2.4k,27,10,17
Capri Global Housing Finance,3.6,394,NBFC,Mumbai,1.2k,25,--,11
MSCI,3.6,392,Financial Services,Mumbai,3.7k,58,26,24
Arcesium,3.4,392,IT Services & Consulting,Hyderabad,3.9k,95,36,58
Dynacons Systems & Solutions,3.7,392,IT Services & Consulting,Mumbai,1.4k,28,37,18
Krishna Group,4.0,392,Auto Components,Gurugram,1.6k,33,6,4
S2 Infotech,3.5,391,Recruitment,Mumbai,1.5k,13,--,19
Ven Consulting,3.2,391,Recruitment,Bengaluru,966,46,--,7
Indraprastha Gas,3.9,391,Oil & Gas,New Delhi,1.7k,21,--,31
Jade Global,3.4,391,IT Services & Consulting,Pune,3.1k,47,300,25
Intelliswift - An LTTS Company,3.2,391,IT Services & Consulting,Bengaluru,2.4k,32,5,16
Ryan,4.0,391,Accounting & Auditing,Hyderabad,1.9k,32,2,137
Ryan,4.0,391,Accounting & Auditing,Hyderabad,1.9k,32,2,137
Duroshox,4.1,391,Engineering & Construction,Pune,1.1k,21,3,24
Navi Limited,3.1,391,FinTech,Bengaluru,2.4k,69,49,18
TrueBlue,3.5,391,Recruitment,Gurugram,2.4k,29,1,24
Moolchand Hospital,4.1,391,Healthcare,New Delhi,758,22,12,12
OodlesTechnologies,3.2,390,IT Services & Consulting,Gurugram,1.5k,81,3,24
G. D. Foods MFG (TOPS),3.8,390,Food Processing,New Delhi,967,24,13,31
SRM University,3.6,390,Education & Training,Chennai,1.5k,31,8,33
Veeda Clinical Research,3.4,390,Clinical Research,Ahmedabad,1.5k,14,19,34
Técnicas Reunidas,3.9,390,Engineering & Construction,Bengaluru,1.7k,36,--,25
Sleek International,3.5,390,Furniture & Furnishing,Mumbai,1.2k,31,--,44
Intercontinental Consultants & Technocrats,4.1,390,Engineering & Construction,New Delhi,1.1k,32,6,26
Grand Hyatt,4.3,390,Hospitality,Mumbai,954,13,--,51
RNFI Services,3.2,389,FinTech,New Delhi,1.1k,21,--,7
Kaddacon Systems,4.6,389,IT Services & Consulting,Pune,--,18,--,--
Agarwal Packers and Movers Limited,3.3,389,Logistics,New Delhi,1.6k,18,18,16
Rubicon Research,3.3,389,Pharma,Mumbai,2k,28,21,25
Rail Vikas Nigam,3.5,389,FMCG,New Delhi,1.1k,15,--,30
World Vision,4.2,390,Non-Profit,Chennai,728,22,--,31
Kores,3.5,389,FMCG,Mumbai,1.7k,20,17,22
Synokem Pharmaceuticals,3.9,389,Pharma,Haridwar,1.6k,16,10,11
Polybond India,3.7,389,Auto Components,Pune,1.5k,19,20,26
Amartex Industries,4.5,393,Fashion & Textile,Panchkula,334,27,5,125
Paragon Footwear,4.0,389,Fashion & Textile,Bengaluru,1.4k,21,1,9
Transact Global,4.6,388,BPO,Bengaluru,410,95,40,11
ANTOLIN,3.7,388,Auto Components,Pune,1.8k,29,4,29
Eisai Pharmaceuticals,4.0,388,Healthcare,Visakhapatnam,1.3k,26,--,49
Centre For Sight,3.9,388,Healthcare,New Delhi,1.3k,21,30,33
Mobileum,3.2,388,Software Product,Bengaluru,2.4k,42,11,89
Bliss Gvs Pharma,4.1,388,Pharma,Mumbai,1.7k,30,4,17
Expedia Group,3.6,388,Travel & Tourism,Gurugram,3.8k,89,33,28
Alfanar,4.0,388,Electronics Manufacturing,Chennai,951,25,48,58
The Hershey Company,3.9,388,Food Processing,Mumbai,1.2k,22,25,26
Methodex,3.9,388,Law Enforcement & Security,New Delhi,1.3k,16,7,31
JUSTO Realfintech,4.4,388,Real Estate,Pune,711,124,45,6
Runwal Group,3.9,388,Real Estate,Mumbai,1.8k,26,--,38
Milkbasket,3.9,388,Internet,Gurugram,1.7k,30,--,19
Computacenter,3.9,388,IT Services & Consulting,Bengaluru,2.8k,45,39,28
Rainbow Hospital,3.7,387,Healthcare,Hyderabad,1.7k,21,--,13
Hathi Cement,4.1,387,Building Material,Porbandar,1.2k,25,15,26
Berkadia,3.8,388,Real Estate,Hyderabad,2.4k,32,2,37
Ultra Corpotech,4.0,388,Industrial Machinery,Pune,2k,25,13,8
Lauritz Knudsen Electrical & Automation,4.1,388,Electronics Manufacturing,Mumbai,1.6k,23,--,23
SATTVA,4.3,386,Real Estate,Bengaluru,1.7k,30,--,24
Hays Business Solutions,3.4,386,Recruitment,Noida,2k,23,4,41
Vectus Industries,4.1,386,Petrochemicals,Noida,1.3k,19,3,55
AQuity Solutions India,3.7,386,IT Services & Consulting,Hyderabad,2k,41,--,24
Brick&Bolt,3.3,385,Engineering & Construction,Bengaluru,1.4k,39,12,8
Xdbs,2.7,385,Marketing & Advertising,Pune,1.6k,39,--,41
Lloyds Metals And Energy,3.7,386,Metals & Mining,Chandrapur,1.5k,41,1,7
Yellow Diamond,4.0,385,FMCG,Indore,1.1k,24,6,16
Srei Equipment Finance,4.2,384,Financial Services,Kolkata,1k,11,--,47
Sharda University,3.7,384,Education & Training,Greater Noida,1.7k,27,6,35
Tega Industries,3.6,384,Industrial Machinery,Kolkata,1.5k,27,8,33
OneSource Specialty Pharma Limited,3.8,384,Pharma,Bengaluru,1.8k,44,--,40
Bss Microfinance,3.8,384,Financial Services,Bengaluru,871,18,--,12
Glaze Trading India,4.3,383,Retail,New Delhi,886,17,--,45
Lumino Industries,3.7,383,Electrical Equipment,Kolkata,1.1k,25,3,15
Bellsonica Auto Component,3.9,383,Auto Components,Gurugram,1.3k,24,5,28
SRMB SRIJAN,3.4,383,Iron & Steel,Kolkata,1.2k,37,50,24
MCM Telecom Equipment,3.9,382,Electronics Manufacturing,Noida,866,18,1,43
Rahee Group,3.9,382,Railways,Kolkata,1.2k,39,11,17
SiliconIndia,2.7,382,Printing & Publishing,Bengaluru,1.8k,30,2,8
Vaibhav Global,3.3,382,Jewellery,Jaipur,1.6k,29,36,38
Pharmarack Technologies,3.5,382,Pharma,Pune,1.8k,34,--,26
Kirloskar Toyota Textile Machinery,4.5,382,Industrial Machinery,Bengaluru,803,21,2,45
A-1 Fence Products,4.0,382,Building Material,Mumbai,1k,63,--,56
Andromeda Sales ans Distribution PVT LTD,3.2,381,Internet,Mumbai,1.5k,22,5,15
Endava,3.4,381,IT Services & Consulting,Bengaluru,2.5k,29,--,26
Capital Small Finance Bank,3.5,381,Banking,Jalandhar,1.4k,13,5,23
Foundit,3.2,381,,Hyderabad,2k,37,--,1
Heavy Engineering Industries & Shipbuilding,3.9,382,Engineering & Construction,Kuwait City,667,16,--,6
Berar Finance,3.6,381,NBFC,Nagpur,1k,22,--,6
K L University,3.9,381,Education & Training,Vijayawada,1.2k,50,3,31
Labournet Services,4.0,381,Non-Profit,Bengaluru,895,24,6,53
Dimension Data,4.5,380,IT Services & Consulting,Bengaluru,1.2k,8,--,38
Campus Activewear,4.1,381,Fashion & Textile,New Delhi,1.6k,23,6,10
Apmosys Technologies,3.1,380,IT Services & Consulting,Mumbai,2.9k,56,14,12
Apcer Life Sciences,3.5,380,Pharma,Ahmedabad,1.3k,23,1,24
Concord Biotech,3.8,380,Pharma,Ahmedabad,2k,23,15,23
Pranav Vikas India Private Limited,3.8,380,Automobile,Faridabad,1.3k,33,3,31
Data-Core Systems,2.9,379,IT Services & Consulting,Kolkata,1.2k,25,4,37
QUADRANT TECHNOLOGIES INDIA PRIVATE LIMITED,3.7,379,IT Services & Consulting,Hyderabad,2.3k,60,31,14
Awign Enterprises,3.7,380,Internet,Bengaluru,1.2k,47,40,13
Civica India,3.0,379,IT Services & Consulting,Vadodara,2.1k,38,3,18
SOTC Travel Limited,4.4,379,Travel & Tourism,Mumbai,1.2k,36,13,51
Jawahar Navodaya Vidyalaya,4.4,379,Education & Training,New Delhi,529,20,--,33
Captain Steel India Limited,3.7,379,Iron & Steel,Kolkata,921,25,28,11
Priya Cement,4.2,379,Building Material,Kurnool,1.1k,18,--,35
RWS Group,3.6,378,IT Services & Consulting,Indore,2.3k,33,16,16
PropTiger.com,3.8,378,Internet,Gurugram,1.2k,24,--,69
Wagh Bakri Tea Group,4.2,379,Beverage,Ahmedabad,1.3k,30,7,39
Rithwik Projects,3.9,378,Engineering & Construction,Hyderabad,1.2k,40,8,21
Cashpor Micro Credit,3.6,377,NBFC,Varanasi,862,28,--,24
Sunflag Iron and Steel,3.6,378,Iron & Steel,Bhandara,1.2k,32,4,28
KaaShiv InfoTech Company,4.8,377,EdTech,Chennai,227,37,--,2
Associated Road Carriers,4.1,377,Logistics,Hyderabad,1.2k,26,3,16
Utkarsh India,3.6,377,Iron & Steel,Kolkata,1.3k,52,1,18
Hilex,3.8,377,Automobile,Chennai,1.2k,18,9,35
Vedant Fashions,4.1,377,Fashion & Textile,Kolkata,1.3k,22,2,24
Gufic Biosciences,3.2,377,Pharma,Mumbai,1.5k,16,12,23
WPP,2.9,378,Marketing & Advertising,Mumbai,2.7k,22,107,16
Wildcraft,3.6,377,Fashion & Textile,Bengaluru,1.5k,14,--,38
Hitachi Vantara,3.5,376,IT Services & Consulting,Hyderabad,5.3k,7,29,37
Toshiba JSW Power Systems,4.3,376,Industrial Machinery,Chennai,1.5k,22,16,50
T&M Services consulting,3.6,376,Recruitment,Mumbai,1.2k,24,--,22
INOX Air Products,4.1,376,Oil & Gas,Pune,1.8k,25,--,28
Aquasub Engineering,3.8,376,Industrial Machinery,Coimbatore,1.3k,9,--,35
Sri Aurobindo Society,3.9,376,Non-Profit,New Delhi,761,53,--,37
Adani Electricity,3.5,376,Power,Mumbai,1.8k,26,--,15
Hyperpure,3.7,377,Internet,Gurugram,1.6k,34,--,7
TCG Lifesciences,4.1,375,Pharma,Kolkata,1.2k,14,--,38
Uneecops Technologies,3.7,375,IT Services & Consulting,Noida,2.2k,21,1,34
Evolent Health International,3.8,375,Software Product,Pune,1.8k,29,11,38
Mahendra’s Institute,3.1,375,Education & Training,Lucknow,687,11,1,37
Kokuyo Camlin,3.8,375,FMCG,Mumbai,1.1k,25,7,29
TRL Krosaki Refractories,3.9,375,Metals & Mining,Jharsuguda,1.6k,37,1,37
SBI Payment Services,3.9,376,Financial Services,Mumbai,1.3k,31,6,22
Choice Consultancy Services,3.6,375,Management Consulting,Mumbai,1.2k,17,--,7
Karvy Innotech,2.9,374,IT Services & Consulting,New Delhi,1.8k,31,13,16
doodleblue innovation,4.2,374,IT Services & Consulting,Chennai,1.3k,47,6,58
Royal Orchid Hotels,4.1,374,Hospitality,Bengaluru,959,15,71,44
Subway,4.2,374,Hospitality,New Delhi,893,29,1,34
Sj Contracts,4.2,374,Engineering & Construction,Pune,1.2k,25,29,25
Amoli Organics,3.7,374,Pharma,Vadodara,1.9k,17,--,30
Offshoot Agency,3.3,374,IT Services & Consulting,New Delhi,1.2k,27,--,22
Toshiba Transmission & Distribution Systems,3.8,374,Electrical Equipment,Hyderabad,1.8k,26,6,41
Mitra SK,3.8,374,Other,Kolkata,1k,16,3,29
Satyam Venture Engineering Services,3.3,374,Auto Components,Hyderabad,2.3k,25,104,19
Duroflex,3.9,374,Furniture & Furnishing,Bengaluru,1.7k,27,22,22
Maxxis Rubber,3.5,374,Auto Components,Ahmedabad,1.8k,33,4,44
Planetcast,3.6,374,Media & Entertainment,Noida,1.6k,32,--,24
SEIL Energy India,4.0,374,Power,Nellore,1.5k,19,--,37
Trident Hotels,4.1,373,Hospitality,Mumbai,993,18,--,64
Emami Paper Mills,4.2,373,Pulp & Paper,Balasore,824,57,3,24
Department of Agriculture,4.2,373,Agriculture,Bengaluru,1.3k,47,--,24
Light Microfinance,3.8,373,NBFC,Ahmedabad,940,19,4,20
Hollister Medical,4.1,373,Medical Equipment,Rewari,1.2k,27,19,42
Moser Baer,3.9,372,Consumer Electronics & Appliances,Noida,677,9,--,63
Actalent Services,3.6,372,Engineering & Construction,Bengaluru,1.7k,24,25,1
Zara,3.5,372,Fashion & Textile,New Delhi,835,42,--,41
Caparo Maruti,4.1,372,Auto Components,Gurugram,1.2k,14,--,30
Actalent Services,3.6,372,Engineering & Construction,Bengaluru,1.7k,24,25,1
Health India Tpa Services,3.2,372,Insurance,Mumbai,1.4k,26,6,28
Johnson Controls Hitachi Air Conditioning,3.7,372,Consumer Electronics & Appliances,Ahmedabad,1.6k,23,--,3
Tata Digital,2.3,371,IT Services & Consulting,Mumbai,2.1k,49,9,39
Mobiloitte Technologies,3.1,371,IT Services & Consulting,New Delhi,1k,36,13,31
RedBus,4.1,373,Internet,Bengaluru,2k,42,11,46
Gujarat Alkalies & Chemicals,4.6,371,Chemicals,Bharuch,1.5k,28,10,45
Birla Cement,4.1,372,Building Material,Satna,1.1k,30,--,30
Zebronics,4.0,372,Consumer Electronics & Appliances,Chennai,1.3k,39,15,33
Teachnook,2.8,370,EdTech,Bengaluru,416,91,--,2
Enterprise Growth Accelerator,3.5,370,Analytics & KPO,Faridabad,625,11,--,4
Descon Engineering,4.0,370,Engineering & Construction,Mumbai,678,22,--,57
Tribhovandas Bhimji Zaveri,3.9,370,Metals & Mining,Mumbai,1.1k,9,4,49
Time Technoplast,3.6,371,Petrochemicals,Mumbai,1.8k,16,6,39
Autocomp Corporation Panse,3.4,370,Auto Components,Pune,1.5k,25,9,13
Swiss Re,3.7,370,Insurance,Bengaluru,3k,52,330,30
N Ranga Rao And Sons,3.8,370,FMCG,Mysuru,1k,14,4,27
Hygienic Research Institute,3.8,370,Beauty & Personal Care,Mumbai,1.2k,19,18,42
Parul University,3.3,370,Education & Training,Vadodara,1.3k,27,13,32
ITSource Technologies,2.8,370,IT Services & Consulting,Mumbai,1.8k,32,--,20
New Opportunity Consultancy,4.1,371,Recruitment,Coimbatore,986,11,85,22
Seth M R Jaipuria School,3.5,370,Education & Training,Lucknow,928,30,2,35
Hyundai Engineering and Construction,4.3,369,Engineering & Construction,Chennai,534,25,--,41
Hitachi Hi-Rel Power Electronics,3.7,369,Electronics Manufacturing,Ahmedabad,1.6k,26,9,36
EXEDY,3.8,369,Auto Components,Bengaluru,1.5k,24,3,53
VST Industries,3.8,370,FMCG,Hyderabad,1.1k,18,--,34
Jaguar Security Services,4.5,369,Law Enforcement & Security,Bengaluru,971,32,12,31
Balrampur Chini Mills Limited,4.0,369,Food Processing,Lucknow,1k,40,1,33
GTPL-KCBPL,4.0,369,Telecom,Kolkata,493,45,--,7
R.K.M Powergen,3.9,368,Power,Raigarh,1.2k,24,--,31
Eaton India Innovation Center,3.7,368,Engineering & Construction,Pune,2.5k,42,--,41
Treebo Hotels,3.2,368,Hospitality,Bengaluru,1.5k,29,115,40
DCM Shriram Industries,4.1,369,Chemicals,Meerut,1.6k,20,--,1
Avineon India,4.0,367,IT Services & Consulting,Hyderabad,1.4k,31,3,30
Halonix Technologies,3.7,367,Consumer Electronics & Appliances,Noida,1.4k,21,11,28
Syncfusion,3.3,367,Software Product,Chennai,2.1k,59,--,36
NCCCL,3.4,367,Engineering & Construction,Bengaluru,1.1k,18,2,30
McNROE,4.0,367,FMCG,Kolkata,1.1k,24,21,25
GGS Information Services,3.9,367,IT Services & Consulting,Chennai,2k,30,3,31
McNROE,4.0,367,FMCG,Kolkata,1.1k,24,21,25
MSM Unify,4.0,367,EdTech,Gurugram,502,87,--,38
TCI Supply Chain Solutions,3.9,367,Logistics,Gurugram,881,22,--,30
Borosil Glass Works,3.7,367,Packaging,Jaipur,1.7k,14,4,25
JSW One Platforms,2.9,367,Internet,Mumbai,1.7k,48,4,7
Lalitha Jewellery,4.0,366,Jewellery,Chennai,1.1k,22,4,26
Tata Toyo Radiator,,,Auto Components,Pune,--,--,--,--
Lam Research,3.7,366,Semiconductors,Bengaluru,2.9k,58,92,31
Watchyourhealth.com,4.5,366,Emerging Technologies,Thane,373,56,1,22
Compunnel,3.8,366,IT Services & Consulting,Noida,2k,31,56,23
Ample Technologies,3.7,368,IT Services & Consulting,Bengaluru,1.6k,25,73,31
Woodenstreet.com,3.4,366,Furniture & Furnishing,Udaipur,1.5k,28,11,16
Ryan International School,3.2,366,Education & Training,Mumbai,970,19,--,34
Pegasystems,3.4,366,Software Product,Hyderabad,3.2k,34,9,52
Ace Designers,4.0,366,Industrial Machinery,Bengaluru,1.7k,30,2,43
SMC Corporation,3.8,366,Medical Equipment,Noida,2.1k,34,26,17
Protiviti India Member,2.7,366,Management Consulting,Gurugram,1.6k,37,198,16
Universal Mep Projects & Engineering Services,3.8,366,Engineering & Construction,Mumbai,1k,22,--,5
Roquette Riddhi Siddhi,3.8,365,Pharma,Rudrapur,1.3k,14,31,37
Aarti Drugs,3.5,365,Pharma,Mumbai,1.6k,25,7,29
Harjai Computers,3.2,365,Recruitment,Mumbai,1.8k,36,11,68
Audi,3.7,365,Automobile,New Delhi,1.2k,17,--,52
Lobo Staffing Solutions,4.2,365,Recruitment,Mumbai,1.3k,19,--,18
Cedcoss Technologies,2.9,365,IT Services & Consulting,Lucknow,1.9k,52,8,26
Ben Franklin Opticians,3.9,365,Retail,Hyderabad,820,25,--,29
Carraro,4.0,365,Industrial Machinery,Pune,1.4k,15,1,28
Al Tasnim Enterprises,3.5,365,Engineering & Construction,Muscat,1.3k,18,--,29
Qentelli,3.6,365,IT Services & Consulting,Hyderabad,2k,29,72,76
HBL Global,4.2,364,NBFC,New Delhi,369,9,--,42
Suzuki,3.8,364,Automobile,Ahmedabad,1.2k,38,--,59
Ssipl Lifestyle,4.1,364,Retail,New Delhi,949,6,1,32
The Park Hotels,3.9,364,Hospitality,Kolkata,1.2k,10,--,49
Technocon Services,3.3,364,Engineering & Construction,Kolkata,900,50,2,16
6D Technologies,2.8,365,Telecom,Bengaluru,2.7k,48,--,13
People Group,3.4,364,Internet,Mumbai,1.5k,16,24,31
B S R & Co Llp,3.1,364,Accounting & Auditing,Mumbai,3.9k,25,--,16
Yamaha Motor India Sales,4.1,364,Automobile,Chennai,978,17,--,19
Vini Cosmetics,4.0,364,Beauty & Personal Care,Mumbai,855,17,--,19
RV Solutions,3.8,364,IT Services & Consulting,Noida,1.3k,16,1,29
Coditas Technologies,3.8,364,Emerging Technologies,Pune,2.2k,96,11,11
Kalkine Solutions,4.3,364,Financial Services,Noida,903,24,2,50
Worldline,3.6,363,FinTech,Mumbai,2.5k,43,102,3
Oil India,4.2,363,Oil & Gas,Duliajan,916,22,--,31
Windlas Biotech,4.0,363,Pharma,Dehradun,1.4k,27,11,27
VGM Consultants,3.3,363,BPO,Kolkata,1.1k,19,--,8
Deenanath Mangeshkar Hospital,3.7,363,Healthcare,Pune,1k,17,--,29
Wipro GE Health Care,4.0,363,IT Services & Consulting,Bengaluru,1.6k,17,--,51
Sequel Logistics,3.9,363,Logistics,Bengaluru,1.2k,19,3,21
Advanced Micro Devices,3.8,363,Semiconductors,Hyderabad,3.5k,54,204,19
Transguard Group,3.7,362,Law Enforcement & Security,Dubai,496,20,--,47
DotPe,3.1,362,IT Services & Consulting,Gurugram,1.6k,43,4,11
Mitsubishi Electric Automotive India,4.5,363,Automobile,Gurugram,957,30,--,51
Godrej Infotech,3.7,363,IT Services & Consulting,Mumbai,2.1k,33,10,22
CityMall,3.2,362,Internet,Gurugram,1.5k,36,2,13
Prem Motors,3.7,362,Automobile,Gwalior,1.1k,16,11,25
Zoomcar,3.6,362,Internet,Bengaluru,1.7k,24,--,41
Trane Technologies,3.8,363,Industrial Machinery,Bengaluru,2.3k,29,--,17
MSP Steel & Power,3.7,362,Iron & Steel,Raigarh,1.1k,36,7,22
Council of Scientific and Industrial Research,4.2,362,Government,New Delhi,1.2k,26,--,9
GIVA Jewellery,3.0,362,Jewellery,Bengaluru,1.3k,29,3,3
Hindustan Syringes & Medical Devices,4.0,361,Medical Equipment,Faridabad,1.1k,27,13,30
Rio Tinto,3.5,361,Metals & Mining,Gurugram,1.8k,51,--,32
Yalamanchili Software Exports,2.9,361,Software Product,Chennai,1.4k,18,2,26
Toyota Financial Services,3.6,362,Financial Services,Bengaluru,1.2k,14,3,23
Yara Fertilisers,3.8,361,Agro Chemicals,Gurugram,1.1k,27,--,34
Asti Electronics India,4.1,361,Auto Components,Gurugram,1.3k,27,--,49
Red Tape,3.2,361,Fashion & Textile,New Delhi,1.3k,27,2,6
Groww,3.7,361,FinTech,Bengaluru,2.6k,89,13,15
Lido Learning,2.1,360,EdTech,Mumbai,1.5k,55,--,38
Padmini VNA Mechatronics,4.0,361,Auto Components,Gurugram,1.5k,29,2,50
Xpheno,3.5,360,Recruitment,Bengaluru,1.6k,28,4,22
Shaadi.com,3.4,360,Internet,Mumbai,1.4k,35,25,13
Udaan India - The Original Visa Company,4.3,360,,Bengaluru,1.4k,23,--,1
ACB (India),3.8,360,Oil & Gas,Korba,1.5k,20,1,37
Adarsh Credit Co-Operative Society,4.3,360,Investment Banking / Venture Capital / Private Equity,Ahmedabad,509,5,--,49
Netcore Pvt. Ltd.,4.1,360,Marketing & Advertising,Mumbai,1.7k,32,35,16
Yubi,4.2,359,FinTech,Chennai,2k,45,--,9
Rashtriya Chemicals and Fertilizers,4.4,359,Agro Chemicals,Mumbai,865,19,--,19
AVL,3.5,359,Automobile,Gurugram,1.7k,30,--,35
Medall Healthcare,3.6,359,Healthcare,Chennai,1.1k,6,--,32
Adient,4.0,359,Auto Components,Pune,1.9k,21,5,62
Muthoot Capital Services,3.6,359,Financial Services,Kochi,1k,14,3,14
Akumentis Healthcare,3.5,359,Healthcare,Mumbai,840,19,--,30
Vatika Group,4.2,360,Hospitality,Gurugram,1.4k,17,--,30
Cotmac Electronics,3.7,359,Industrial Automation,Pune,1.6k,25,21,13
Zydex Industries,3.7,359,Chemicals,Vadodara,1.1k,22,22,34
Jumio,3.9,359,Emerging Technologies,Jaipur,1k,18,13,42
Ventura Securities,4.1,358,Financial Services,Mumbai,1.3k,33,5,30
Vijay Nirman Company,3.7,358,Engineering & Construction,Hyderabad,867,8,--,57
Kraft Heinz,3.0,358,FMCG,Ahmedabad,1.5k,29,55,30
Jay Chemical Industries,4.0,359,Chemicals,Ahmedabad,1.5k,26,4,32
Holcim,3.5,358,Building Material,Mumbai,2k,24,35,39
Nabard Financial Services,4.0,358,NBFC,Bengaluru,873,21,3,19
Kpmg Resource Centre,3.5,358,Accounting & Auditing,Gurugram,2.4k,27,--,12
Stellar Innovations,3.3,358,IT Services & Consulting,Bengaluru,2.1k,29,13,16
Multiplier Brand Solutions,3.7,357,Marketing & Advertising,New Delhi,955,11,3,23
Orchid Pharma,3.7,357,Pharma,Chennai,1.2k,46,--,17
Vascon Engineers,3.7,357,Real Estate,Pune,1.2k,28,9,14
MUFG Bank,3.5,357,Banking,Bengaluru,2.6k,19,145,10
Bal Pharma,3.2,357,Pharma,Bengaluru,1.3k,25,3,23
Paperchase Accountancy,2.9,357,Accounting & Auditing,Ahmedabad,1.8k,36,7,17
UNext,3.0,357,EdTech,Bengaluru,1.8k,44,28,8
MapmyIndia,3.5,358,Software Product,New Delhi,1.9k,30,3,26
Control Print,4.1,357,Industrial Machinery,Mumbai,1.2k,85,20,33
Hindustan Latex Family Planning Promotion Trust,4.2,356,Healthcare,Noida,641,32,26,39
DEN Networks,3.9,356,Broadcasting,New Delhi,1.5k,14,1,27
e-Zest,3.9,356,IT Services & Consulting,Pune,3.4k,30,22,24
Fidelis Technology Services,3.5,357,IT Services & Consulting,Bengaluru,1.8k,31,--,23
TestingXperts,3.6,357,IT Services & Consulting,Chandigarh,2.3k,60,1,28
Motilal Oswal Asset Management Company,4.3,356,Financial Services,Mumbai,505,79,--,6
Ceat Specialty Tyres,3.8,356,Auto Components,Mumbai,1.3k,22,--,22
EPIQ Systems,3.5,356,Legal,Hyderabad,2k,18,14,33
Allegis Global Solutions,3.3,356,Recruitment,Bengaluru,1.8k,17,4,21
Sekisui Dljm Molding,3.9,356,Auto Components,Chennai,1.4k,23,9,27
Adglobal360,3.3,356,,Gurugram,2.2k,32,--,14
Oceaneering International,4.0,356,Engineering & Construction,Chandigarh,2k,44,7,40
Aegis Logistics,3.7,356,Oil & Gas,Mumbai,1.4k,38,1,30
Zee Laboratories,3.7,356,Pharma,Karnal,899,42,16,17
SOPAN,4.0,356,Industrial Machinery,Pune,1.2k,23,1,23
Schaeffer & Sam,3.3,355,Accounting & Auditing,Mumbai,763,13,--,7
L&T Defence,3.8,355,Defence & Aerospace,Pune,2k,31,--,42
Aditya Birla Memorial Hospital,4.5,355,Healthcare,Pune,840,38,25,25
Cygnet Infotech,3.4,355,IT Services & Consulting,Ahmedabad,2.2k,19,1,35
Escon Elevators,3.5,356,Industrial Machinery,Mumbai,963,29,13,44
Debtcare Enterprises,4.3,355,Investment Banking / Venture Capital / Private Equity,Hyderabad,317,13,1,67
Kushal's Fashion Jewellery,4.3,355,Jewellery,Bengaluru,722,37,32,8
Stefanini,2.7,355,IT Services & Consulting,Noida,2.1k,38,10,18
NXP Semiconductors,3.6,355,Semiconductors,Bengaluru,2.7k,49,1,24
Network 18,3.4,355,Media & Entertainment,Mumbai,2.6k,34,2,27
MYCPE ONE,3.8,355,,Ahmedabad,1.2k,26,8,33
MAHLE Behr India,3.6,354,Auto Components,Pune,841,13,22,62
Infocepts Technologies,3.6,355,IT Services & Consulting,Nagpur,3.1k,42,37,21
Versuni India Home Solutions,3.2,354,Consumer Electronics & Appliances,Chennai,1.3k,23,1,6
Kimberly-Clark,3.9,354,Beauty & Personal Care,Bengaluru,1.7k,18,17,27
Savista Global Solutions,4.1,354,Analytics & KPO,Chennai,1.5k,33,40,9
Zf Wind Power,4.0,354,,Coimbatore,1.5k,18,--,43
BLS International Services,3.4,354,Travel & Tourism,New Delhi,1.2k,24,13,11
Adama,4.1,354,Agro Chemicals,Hyderabad,1.1k,19,2,29
Shah Technical Consultants,3.6,354,Telecom,Mumbai,950,24,3,23
Gupta Power Infrastructure,3.0,353,Power,Bhubaneswar,1.3k,14,--,34
Accel IT Services,3.5,354,IT Services & Consulting,Chennai,1.5k,24,7,7
Bain & Company,3.7,353,Management Consulting,Gurugram,6k,121,10,30
TMEIC,3.8,353,,Bengaluru,1.6k,20,5,39
Hical Technologies,3.5,353,Auto Components,Bengaluru,1.6k,24,9,24
National Highways Authority of India,3.9,353,Engineering & Construction,New Delhi,1.3k,25,--,11
Dentsu Aegis Network,3.1,353,Marketing & Advertising,Bengaluru,3.2k,36,3,12
Festo,3.6,353,Industrial Automation,Bengaluru,1.8k,27,12,36
Pharmed,4.7,353,Pharma,Bengaluru,330,40,2,21
VIKRAN Engineering & Exim,4.1,353,Engineering & Construction,Mumbai,1.1k,42,--,15
Mahindra Insurance Brokers,3.4,353,Insurance,Mumbai,1.1k,12,7,41
Avantor,3.6,353,Pharma,Coimbatore,2.5k,35,46,24
Sarvagram Fincare,3.9,353,NBFC,Pune,1.1k,19,10,9
Shiash Info Solutions,3.0,353,IT Services & Consulting,Chennai,262,31,--,19
Ircon International,3.9,352,Engineering & Construction,New Delhi,984,29,--,34
Clarus Rcm Infotech,2.7,352,BPO,Hyderabad,1.3k,44,2,10
Mars,3.7,352,Food Processing,Gurugram,1.1k,20,9,15
Telstra,3.9,353,Telecom,Bengaluru,3k,61,3,25
M K Agrotech Private Limited,4.5,352,Food Processing,Mysuru,502,58,14,25
NU Vista,4.2,352,Building Material,Kolkata,1.2k,12,--,39
Clarus Rcm Infotech,2.7,352,BPO,Hyderabad,1.3k,44,2,10
Synergies Castings,3.8,352,Auto Components,Visakhapatnam,749,13,1,10
Coding Ninjas,3.8,352,EdTech,Gurugram,1.5k,60,6,5
MJ Biopharm,3.4,352,Pharma,Pune,1.5k,22,10,28
Moder Solutions,3.3,352,IT Services & Consulting,Bengaluru,2.2k,29,41,6
Red Health,3.5,351,Healthcare,Hyderabad,861,34,--,12
International Game Technology,3.3,351,Gaming,Gurugram,1.3k,28,--,29
Valvoline Cummins,3.9,352,Auto Components,Gurugram,1.4k,16,7,28
Globtier Infotech Limited,3.3,351,IT Services & Consulting,Noida,1.9k,20,8,18
Clariant Chemicals,4.1,351,Chemicals,Mumbai,1.6k,17,7,47
Hindustan Urvarak & Rasayan,3.3,351,Agro Chemicals,Gorakhpur,1.5k,43,--,16
Theme Engineering Services,3.7,350,Engineering & Construction,Jaipur,982,17,3,23
Satin Finserv,3.9,350,NBFC,Gurugram,724,16,29,5
Park Plus,2.7,350,Internet,Gurugram,1.9k,54,4,10
Volvo Trucks,4.0,350,Automobile,Bengaluru,1.7k,33,--,28
Fluper,4.0,350,IT Services & Consulting,Noida,531,25,7,43
Sata Vikas India,3.6,350,Auto Components,Palwal,937,35,--,39
Zuari Cement,4.3,351,Building Material,Hyderabad,1.2k,25,2,31
eMudhra,3.5,350,Software Product,Bengaluru,1.7k,20,--,19
Gyproc,3.9,351,,Mumbai,1.1k,16,--,49
DSV - Global Transport and Logistics,3.6,350,Logistics,Mumbai,1.6k,14,11,31
Polyhose,3.8,349,Industrial Machinery,Chennai,1.8k,17,9,24
Can Fin Homes,2.7,350,NBFC,Bengaluru,1.2k,21,7,19
Bluechip Corporate Investment Centre,3.7,349,Accounting & Auditing,Mumbai,1.1k,12,15,21
Taco Bell,4.1,349,Hospitality,New Delhi,1.1k,20,--,14
Inventys Research,4.3,349,Chemicals,Nagpur,823,11,3,13
Vee Healthtek,3.8,350,BPO,Chennai,1.8k,11,150,7
Sri Sri Tattva,3.5,349,FMCG,Bengaluru,1.2k,17,--,20
Sakthi Auto Components,3.2,349,Auto Components,Erode,1k,12,10,24
Urban Ladder,3.7,348,Furniture & Furnishing,Bengaluru,1.5k,46,--,29
CESC,3.8,348,Power,Kolkata,1.6k,40,--,37
Halliburton,3.6,348,Engineering & Construction,Bengaluru,1.4k,36,41,31
Khimji Ramdas,3.8,348,Retail,Ahmedabad,894,21,4,29
Anaptyss,4.0,349,IT Services & Consulting,Noida,920,18,1,6
Lion Engineering Consultants,3.3,349,Engineering & Construction,Bhopal,896,14,30,16
Aptean,3.0,348,Software Product,Bengaluru,2.5k,53,18,38
Techno Electric & Engineering Company,4.0,348,Engineering & Construction,Kolkata,1.3k,27,4,32
L&T Valves,3.7,348,Industrial Machinery,Coimbatore,1.8k,15,1,27
63 Moons Technologies,3.7,348,IT Services & Consulting,Mumbai,1.9k,29,11,33
Modern V.R. Security Force,4.0,348,Law Enforcement & Security,Mumbai,796,13,3,10
Zet Town,3.4,347,Electronics Manufacturing,Noida,1k,37,2,1
Unique Identification Authority of India,3.6,348,IT Services & Consulting,New Delhi,1.1k,14,--,14
AceMicromatic Group,4.2,347,Industrial Machinery,Bengaluru,1.2k,19,15,39
KLJ GROUP,3.3,347,Petrochemicals,Bharuch,1.5k,18,4,12
Merit Data and Technology,3.8,347,Analytics & KPO,Chennai,1.7k,21,24,7
ICRA Analytics,3.0,347,Analytics & KPO,Kolkata,1.6k,48,11,32
Satguru Travels and Tour Services,2.8,348,Travel & Tourism,Pune,1.4k,33,4,29
Cognizant Solutions Corp,3.7,347,IT Services & Consulting,Hyderabad,2.8k,63,--,8
CKA Birla Group,4.0,347,Building Material,Hyderabad,1.4k,21,--,28
Aloha Technology,2.6,347,IT Services & Consulting,Pune,1.9k,39,--,39
Gtpl Broadband,3.9,347,Telecom,Ahmedabad,1.3k,20,--,38
Somic ZF Components,4.2,347,Auto Components,Gurugram,1.2k,18,2,26
Indchemie Health Specialities,3.8,347,Pharma,Mumbai,964,25,4,25
Vem Technologies,3.6,347,Defence & Aerospace,Hyderabad,1.4k,33,10,25
Teleysia Networks,3.4,346,Telecom,Ahmedabad,692,14,4,29
ADNOC,4.3,346,Oil & Gas,Abu Dhabi,860,35,--,31
Praxis Services,3.3,346,Management Consulting,Gurugram,1.1k,31,6,29
Mahindra Teqo,4.0,347,Software Product,Mumbai,1.2k,27,1,24
Darwinbox,3.3,346,Software Product,Hyderabad,2.5k,56,18,21
Pitaara,4.1,346,Food Processing,Pune,504,16,--,1
Rushil Decor,4.1,346,Building Material,Ahmedabad,1k,18,5,16
Recipharm Pharmaservices,3.8,346,Pharma,Bengaluru,1.6k,9,--,30
Irclass Systems And Solutions,4.2,346,Ports & Shipping,Mumbai,998,36,15,20
ShopKirana,3.9,346,Software Product,Indore,1.2k,18,--,28
Jaypee Cement,4.0,346,Building Material,Rewa,888,19,--,43
Listenlights,3.8,346,Engineering & Construction,Mumbai,1.4k,35,8,17
NIKE,4.0,345,Retail,Bengaluru,2.6k,52,--,26
Essilor,4.0,345,Medical Equipment,Bengaluru,1.4k,16,15,20
Kalyani Motors,3.3,345,Automobile,Bengaluru,1.3k,20,11,16
DISYS,3.1,345,IT Services & Consulting,Chennai,2.1k,29,--,20
ESAF CO-OPERATIVE,3.5,345,Financial Services,Thrissur,888,23,--,21
Senvion,4.0,345,Power,Bengaluru,1.6k,27,1,16
InfodriveIndia,4.0,345,Other,New Delhi,545,26,--,114
Walplast Products Pvt Ltd,4.0,345,Building Material,Mumbai,1.2k,35,91,32
Arabian Industries,3.8,345,Oil & Gas,Chennai,915,17,1,31
Zopper,3.0,344,FinTech,Noida,1.5k,30,5,12
Springer Nature in India,4.0,344,Printing & Publishing,Pune,2.5k,41,8,25
ESAB,4.0,344,Industrial Machinery,Chennai,1.5k,26,6,37
AVASOFT,2.6,345,Software Product,Chennai,1.6k,202,--,23
Plasser India,4.0,344,Industrial Machinery,Vadodara,1.7k,25,1,42
Aarti Steels,3.7,345,Iron & Steel,Cuttack,1.4k,38,2,28
Newt Global,4.3,344,IT Services & Consulting,Chennai,885,71,15,28
Country Holidays Inn & Suites,4.2,343,Travel & Tourism,Noida,149,113,--,167
Global Aluminium,3.8,343,Metals & Mining,Hyderabad,930,19,8,18
Aeronautical Development Agency,4.2,343,Defence & Aerospace,Bengaluru,1.9k,20,--,20
SNVA Group,3.4,343,IT Services & Consulting,Noida,987,28,73,29
Lloyd Insulations,3.4,343,Industrial Machinery,New Delhi,1.3k,23,1,24
Furukawa Minda Electric,4.0,343,Auto Components,Bawal,981,8,--,31
Signode,3.7,343,Industrial Machinery,Hyderabad,1.5k,23,10,34
Kerala State Electricity Board,4.2,343,Power,Palakkad,1.3k,18,1,29
EXO Edge,3.6,343,BPO,Sahibzada Ajit Singh Nagar,1.3k,41,3,9
Technicolor,3.5,342,Animation & VFX,Bengaluru,1.9k,26,--,45
Silverlink Technologies,3.9,342,IT Services & Consulting,Mumbai,408,17,6,27
Hyundai Construction Equipment,4.2,342,Industrial Machinery,Pune,1.5k,21,2,39
Evelyn Learning Systems,3.9,342,EdTech,New Delhi,848,38,--,86
Pps Motors,3.9,342,Automobile,Hyderabad,1.1k,16,--,8
"Ministry Of Health, New Delhi",3.9,342,Healthcare,New Delhi,904,18,--,30
o9 Solutions,3.4,341,Software Product,Bengaluru,3.7k,51,27,25
Aurigene Pharmaceutical Services,4.0,343,Pharma,Hyderabad,1.2k,28,2,23
ATLBattery Technology (India) Private Limited,3.7,343,Electrical Equipment,Bawal,1.1k,63,6,9
Abbott Nutrition International,4.0,341,Pharma,Mumbai,948,14,--,31
IIT Bombay,4.4,342,Education & Training,Mumbai,1.8k,30,3,28
Entab Infotech,3.1,341,EdTech,New Delhi,1.1k,35,3,30
Gi Group,3.7,341,Recruitment,New Delhi,1.3k,20,2,28
Integrated Wireless Solutions,3.9,341,Telecom,Bengaluru,1k,18,1,20
Patil Group,3.5,342,Railways,Hyderabad,1.4k,34,3,34
Futurense Technologies,4.0,341,EdTech,Bengaluru,807,48,6,28
Banco Products,3.4,341,Auto Components,Vadodara,1.7k,20,1,23
Labcorp,4.0,341,Clinical Research,Bengaluru,2.3k,46,10,41
Jms Mining Services,3.9,341,Metals & Mining,Kolkata,1.1k,43,3,29
Brawn Group,3.6,341,Pharma,Faridabad,1.2k,22,20,17
Path Infotech,3.4,340,IT Services & Consulting,Noida,1.7k,23,22,28
Cadence Design Systems,3.8,340,Semiconductors,Noida,3.1k,69,188,38
Pricol Precision Products,3.9,340,Auto Components,Hosur,1.2k,18,--,31
Lucas Indian Service,4.1,340,Auto Components,Chennai,1.1k,25,--,24
Delhi Metro Rail Corporation,4.1,340,Logistics,New Delhi,1.1k,17,--,32
Mahindra Truck and Bus,3.6,340,Automobile,Pune,1.1k,13,--,4
RHI Magnesita,3.8,340,Building Material,Gurugram,1.3k,22,1,14
Polyplastics Industries (I),3.8,340,Auto Components,Pune,1.3k,20,8,26
JUNIPER GREEN ENERGY,4.5,339,Power,Gurugram,863,36,--,15
IIC Technologies,3.5,339,IT Services & Consulting,Hyderabad,998,15,4,32
Himadri Speciality Chemical Limited,3.5,340,Chemicals,Kolkata,1.7k,31,--,35
Minda Kosei Aluminum Wheel,4.1,339,Auto Components,Ahmedabad,1k,25,--,25
JUNIPER GREEN ENERGY,4.5,339,Power,Gurugram,863,36,--,15
Awfis,4.3,339,Real Estate,New Delhi,1.2k,32,13,8
L&T–MHI Power Boilers,4.1,339,Industrial Machinery,Surat,1.5k,12,--,39
E-Solutions,3.4,339,Recruitment,Noida,1.6k,16,--,9
EqualizeRCM Services,3.7,339,Analytics & KPO,Mysuru,1.2k,102,10,18
Nava Limited,3.9,339,Metals & Mining,Hyderabad,1.2k,24,12,29
Han Digital,2.7,339,Recruitment,Bengaluru,746,36,3,2
CR3 Group,3.8,339,Facility Management Services,Jamnagar,1.1k,25,12,3
Sub-K IMPACT Solutions,4.1,338,Financial Services,Hyderabad,838,29,--,28
Selec Controls,3.5,338,Electronics Manufacturing,Mumbai,2k,32,26,22
Corizo,3.6,338,Education & Training,Bengaluru,429,80,--,1
Himedia Laboratories,4.1,338,Biotechnology,Mumbai,1.2k,83,1,16
Dinshaws,3.9,338,Food Processing,Nagpur,1k,10,4,19
Technosoft Engineering Projects Limited,3.7,338,Industrial Automation,Mumbai,1.5k,35,42,16
Jtekt Sona Automotive India,4.3,339,Auto Components,Gurugram,816,17,--,64
Shree Renuka Sugars,4.1,338,Food Processing,Belagavi,1.2k,20,1,24
Maharashtra Hybrid Seed Company,4.1,338,Agriculture,Chhatrapati Sambhajinagar,906,10,--,34
Rainbow Childrens Hospital,3.7,338,Healthcare,Hyderabad,1k,26,13,34
Tamilnad Mercantile Bank,2.4,337,Banking,Chennai,1.1k,19,--,14
Cardinal Health,4.3,337,Pharma,Bengaluru,1.3k,53,22,39
Decimal Point Analytics,2.7,337,Analytics & KPO,Nashik,2.1k,48,18,13
Tumbledry Solutions,4.4,337,Other,Noida,409,52,5,81
Aabasoft,4.0,338,IT Services & Consulting,Kochi,813,50,52,104
Vasan Eye Care Hospitals,3.8,337,Healthcare,Bengaluru,748,5,--,25
Scaleneworks,3.5,337,Recruitment,Bengaluru,1.4k,13,2,3
Nutricia,3.5,337,Fitness & Wellness,Mumbai,628,23,--,9
Pfizer Products India,3.9,337,Pharma,Visakhapatnam,1.4k,11,--,31
Hindustan Wellness,3.2,337,Healthcare,Gurugram,920,38,13,11
TP Central Odisha Distribution,3.7,336,Power,Bhubaneswar,976,41,2,18
IndusInd Securities,3.7,336,Financial Services,Mumbai,1k,23,--,2
Global Calcium,3.4,336,Pharma,Hosur,1.8k,27,24,15
MNC Group,4.2,336,Investment Banking / Venture Capital / Private Equity,Bengaluru,1.8k,141,2,54
UCO Bank,3.6,336,Banking,Kolkata,941,20,--,36
Vashi Integrated Solutions Limited,3.9,336,Industrial Machinery,Mumbai,1.6k,24,129,27
AAJ Supply Chain Management,4.0,336,Logistics,Sonipat,797,49,1,23
Harsha Engineers,3.9,336,Auto Components,Ahmedabad,1.6k,34,4,41
Groz Engineering Tools,4.1,337,Industrial Machinery,Gurugram,1.4k,22,18,30
Biz 2 Credit Info Services,3.4,336,Financial Services,Noida,1.3k,30,7,53
Jasper Colin,3.5,337,Analytics & KPO,Noida,817,45,3,34
Machino Plastics,3.5,336,Auto Components,Gurugram,1.5k,29,5,13
Dvara KGFS,3.8,336,NBFC,Chennai,1k,20,1,27
Nitco,3.9,335,Building Material,Mumbai,1.2k,12,42,29
Veolia Water Technologies,4.2,335,Waste Management,Bengaluru,1.3k,25,24,22
Rajsriya Automotive Industries,3.2,335,Auto Components,Hosur,1.2k,18,11,22
Bristol-Myers Squibb,3.4,336,Pharma,Hyderabad,2.1k,37,76,9
Cohizon Life Sciences Limited,3.5,335,Chemicals,Ankleshwar,1.7k,25,4,16
Olectra Greentech,3.5,335,Automobile,Hyderabad,1.4k,31,23,23
MobileComm Technologies India,3.8,335,Telecom,Gurugram,1k,17,--,28
Agility,4.0,334,Logistics,Chennai,1.2k,12,2,51
Holisol Logistics,3.8,334,Logistics,New Delhi,1.2k,15,--,30
DCDC Kidney Care,4.0,334,Healthcare,New Delhi,568,21,6,8
CareEdge Ratings,3.0,334,Financial Services,Mumbai,1.8k,21,2,20
Oriental Aromatics,3.9,334,Chemicals,Vadodara,1.5k,41,25,51
GITAM University,3.6,334,Education & Training,Visakhapatnam,1.3k,20,14,20
Centre for Good Governance,4.1,334,Government,Hyderabad,671,119,--,125
Fluentgrid,3.5,334,IT Services & Consulting,Visakhapatnam,1.7k,27,3,30
Avanse Financial Services,3.7,334,Financial Services,Mumbai,1.6k,29,23,16
Oriental Aromatics,3.9,334,Chemicals,Vadodara,1.5k,41,25,51
KJS Cement,3.6,334,Building Material,Maihar,1.2k,27,--,23
Luxor Writing Instruments,3.5,334,Other,Noida,1.1k,13,4,25
Fluentgrid,3.5,334,IT Services & Consulting,Visakhapatnam,1.7k,27,3,30
Louis Philippe,4.4,334,Fashion & Textile,Bengaluru,745,13,--,27
Greentech Industries,3.7,334,Industrial Machinery,Nellore,1.2k,17,--,37
Rao IIT Academy,3.5,333,Education & Training,Mumbai,495,9,--,75
Hitech Digital Solutions,3.7,333,IT Services & Consulting,Ahmedabad,1.6k,30,40,30
OneBanc Technologies,4.9,333,FinTech,Gurugram,220,42,6,78
Lincoln Pharmaceuticals,3.4,333,Pharma,Ahmedabad,1.4k,21,26,26
Softcell Technologies,3.7,333,IT Services & Consulting,Mumbai,2k,25,4,21
Indus Valley Partners,2.8,333,IT Services & Consulting,Noida,2.8k,60,12,47
Sundaram Motors,4.0,333,Automobile,Chennai,1.1k,8,1,18
IQ BackOffice,3.5,333,Financial Services,Chennai,1.6k,17,--,25
Sureti Insurance Marketing,3.2,333,Insurance,Coimbatore,166,64,--,12
Tata Play Fiber,3.9,333,Telecom,Mumbai,1.3k,18,8,19
Cox & Kings,3.4,332,Travel & Tourism,Mumbai,966,7,--,44
Tenon Facility Management,3.6,332,Facility Management Services,Gurugram,1.1k,23,--,19
Boehringer-Ingelheim,4.0,332,Pharma,Mumbai,1.1k,15,27,29
MTR Foods,3.9,332,Hospitality,Bengaluru,1.1k,26,--,23
BIC Cello,4.0,332,Other,Mumbai,1k,11,7,22
Jaiprakash Power Ventures,4.0,332,Power,Singrauli,1.2k,32,--,15
Girmiti Software,4.1,333,IT Services & Consulting,Bengaluru,1.5k,18,21,10
Genisys Group,3.5,332,IT Services & Consulting,Bengaluru,1.4k,21,13,3
Kent plc,4.0,332,Oil & Gas,Mumbai,786,25,28,6
Ratnamani Metals and Tubes,4.2,331,Iron & Steel,Ahmedabad,1.3k,15,11,33
Sahayog Multistate Credit Co-operative Society,3.5,331,Banking,Nagpur,937,16,--,8
Kusum Healthcare,4.0,331,Pharma,Bhiwadi,1.3k,16,3,33
Chubb,3.3,332,Insurance,Hyderabad,3.5k,67,1,21
Myk Schomburg,3.8,331,Chemicals,Hyderabad,986,21,--,20
Renewsys India,3.9,333,Power,Hyderabad,1.5k,30,--,26
Outpace Consulting Services,4.5,331,,Lucknow,148,100,--,20
Kubota Agricultural Machinery India,4.2,330,Agriculture,Chennai,1.3k,20,7,30
Victora Tool Engineers,3.8,330,Auto Components,Faridabad,1.2k,11,--,34
Swastika Investmart,3.6,330,Investment Banking / Venture Capital / Private Equity,Indore,1.1k,15,12,12
Aristocrat,3.6,330,Gaming,Noida,2.5k,69,57,32
Peregrine Guarding,3.9,330,Law Enforcement & Security,Gurugram,881,15,--,21
Honda India Power Products,4.2,330,Industrial Machinery,Greater Noida,1.1k,28,1,29
You Broadband,3.7,330,Telecom,Pune,1k,17,--,25
Ubisoft Entertainment,3.6,331,Gaming,Pune,1.9k,40,4,51
Adani Gas,3.0,330,Oil & Gas,Ahmedabad,1.4k,37,--,34
MIOT INTERNATIONAL,3.4,330,Healthcare,Chennai,1.3k,18,26,17
ILJIN ELECTRONICS,3.8,331,Semiconductors,Noida,993,25,--,13
"Nitor Infotech, an Ascendion company",3.9,330,Software Product,Pune,2.1k,53,6,15
VSoft Technologies,3.1,329,FinTech,Hyderabad,1.5k,14,4,11
Robosoft Technologies,3.4,329,IT Services & Consulting,Bengaluru,2.3k,45,14,15
Ck Birla Hospitals,4.0,329,Healthcare,Kolkata,1.2k,15,--,23
Hartek Group,4.1,329,Engineering & Construction,Sahibzada Ajit Singh Nagar,819,66,35,49
Mit World Peace University,3.8,329,Education & Training,Pune,1.1k,20,7,14
Telecom Network Solutions,4.1,329,Telecom,Noida,1.1k,14,--,24
Ms Agarwal Foundries,4.1,329,Iron & Steel,Hyderabad,937,34,5,10
Sheraton Hotels and Resorts,3.9,329,Hospitality,Bengaluru,657,10,--,31
ESIC HOSPITAL,4.0,329,Healthcare,New Delhi,957,14,--,19
Arzooo.com,2.7,328,Travel & Tourism,Bengaluru,1.2k,25,--,11
Infiniti Software Solutions,4.4,328,Software Product,Chennai,595,111,3,12
TIBCO Software,3.7,328,Software Product,Pune,3.3k,48,1,52
Turing,3.0,328,Analytics & KPO,Bengaluru,1.8k,119,22,8
Glorious Insight,3.4,328,IT Services & Consulting,Noida,271,4,1,5
Arya Omnitalk,3.5,328,Electronics Manufacturing,Pune,1k,20,5,8
Cactus Communications,3.4,328,Software Product,Mumbai,1.8k,56,24,36
Cactus Communications,3.4,328,Software Product,Mumbai,1.8k,56,24,36
Radiant Cash Management Services,3.3,328,Financial Services,Chennai,1k,11,--,9
VKC Group,3.7,327,Fashion & Textile,Kozhikode,1.2k,21,--,23
Zydus Hospital,4.2,327,Healthcare,Ahmedabad,1.1k,15,128,35
Opkey,4.6,328,Software Product,Noida,607,26,24,216
Kuwait National Petroleum Company,4.2,327,Oil & Gas,Kuwait City,1k,22,--,39
Aksentt Tech Services,4.4,327,IT Services & Consulting,Mumbai,429,155,1,12
MARK EXHAUST SYSTEMS,4.2,327,Auto Components,Gurugram,1.1k,21,--,25
Mirza International,3.4,326,Fashion & Textile,New Delhi,1.1k,9,4,27
Laser Power & Infra,3.5,326,Electrical Equipment,Kolkata,1.1k,20,1,20
Siti Networks,3.9,326,Media & Entertainment,Noida,1k,11,--,24
VML,3.5,326,Marketing & Advertising,Noida,2.1k,22,67,32
SAR Group,3.8,326,Consumer Electronics & Appliances,Gurugram,1.4k,13,--,29
Renom Energy Services,4.2,326,Engineering & Construction,Pune,1k,22,2,16
Narula Infrastructure,3.6,326,Engineering & Construction,Kolkata,697,20,2,14
Techolution,3.7,326,IT Services & Consulting,Hyderabad,1.1k,74,1,35
Easy Home Finance,4.5,326,FinTech,Mumbai,539,57,8,37
SVC Co-Operative Bank,3.8,326,Banking,Mumbai,1.4k,18,12,27
Bombay Intelligence Security,4.2,327,Law Enforcement & Security,Mumbai,711,24,16,43
Highway Industries,4.0,326,Engineering & Construction,Ludhiana,1.3k,22,3,27
Silverskills,3.4,326,BPO,Gurugram,1.1k,31,5,24
Ozone Pharmaceuticals,3.7,326,Pharma,New Delhi,996,16,4,19
Sigmoid,3.7,326,Analytics & KPO,Bengaluru,2.7k,91,46,17
East African (I) Overseas Dehradun,4.1,326,Pharma,Dehradun,782,120,3,52
Alkyl Amines,4.0,326,Chemicals,Pune,1.4k,15,5,36
ITM Group of Institutions,3.2,326,Education & Training,Mumbai,1.2k,21,6,21
Navneet Education,4.0,325,Printing & Publishing,Mumbai,1.4k,16,--,22
BOLD Technology Systems,3.0,325,Software Product,Noida,1.8k,49,9,30
The Sleep Company,4.2,325,Furniture & Furnishing,Mumbai,1.1k,29,51,1
Manba Finance Limited,4.0,325,NBFC,Mumbai,942,15,2,5
SPML Infra,4.0,325,Engineering & Construction,Kolkata,861,24,90,25
ProConnect Integrated Logistics,3.6,325,Logistics,Chennai,1.4k,12,3,22
Sakon,2.8,325,Software Product,Pune,1.9k,38,5,20
ClaySys,3.7,325,IT Services & Consulting,Kochi,1k,77,19,3
Sphinx Worldbiz,3.4,325,Engineering & Construction,Pune,1.4k,37,--,10
Laxmi Civil Engineering Services,4.1,324,Engineering & Construction,Kolhapur,870,17,--,24
AXIS MY INDIA,3.5,326,Analytics & KPO,Mumbai,501,20,--,12
AI Variant,4.2,324,IT Services & Consulting,Bengaluru,1.5k,39,--,10
Adani Energy Solutions,3.6,325,Power,Ahmedabad,1.3k,25,559,16
Frigorifico Allana,4.0,324,Food Processing,Chhatrapati Sambhajinagar,1.1k,14,--,37
Alicon Castalloy,3.4,324,Auto Components,Pune,1.2k,12,5,28
DEC Infra,3.8,325,Real Estate,Hyderabad,1.3k,31,--,21
Piramal Foundation,4.1,324,Non-Profit,New Delhi,843,18,--,20
Taal Tech India,3.9,324,IT Services & Consulting,Bengaluru,1.5k,24,25,18
Aujas Cybersecurity-NuSummit company,3.7,324,IT Services & Consulting,Bengaluru,2.2k,29,22,9
ZIM Laboratories,2.9,324,Pharma,Nagpur,1.4k,14,3,33
Stellantis Avtec Powertrain,3.6,324,,Hosur,1.5k,15,--,21
Elico Healthcare Services,3.2,323,Analytics & KPO,Hyderabad,922,22,7,24
TAJSATS AIR CATERING,4.1,323,Hospitality,Mumbai,1k,18,8,40
Moody's Analytics,4.0,323,Analytics & KPO,Bengaluru,2.4k,24,9,22
SGT University,3.5,323,Education & Training,Gurugram,1.1k,23,10,18
ARDEM Incorporated,3.9,323,BPO,Lucknow,612,37,15,4
CG Foods,3.5,323,Food Processing,Guwahati,2.1k,13,10,20
Stellar Value Chain Solutions,3.7,323,Logistics,Mumbai,1.4k,37,--,23
Annexmed,3.2,323,,Chennai,1.4k,16,22,17
Deepak Phenolics,4.4,324,Chemicals,Bharuch,1.7k,27,--,32
Peel-works,3.5,322,Software Product,Bengaluru,680,10,--,21
Iconic,4.0,322,Retail,Gurugram,934,35,7,19
ETA Engineering,3.3,322,Engineering & Construction,New Delhi,823,10,--,33
Jorie Healthcare,3.9,322,Healthcare,Sahibzada Ajit Singh Nagar,477,10,--,4
Walsons Facility Solutions,3.9,322,Recruitment,Gurugram,1.2k,13,--,29
Internshala,3.6,322,EdTech,Gurugram,997,64,1,18
Gleneagles Hospital,3.7,322,,Chennai,1k,14,--,24
Bnp Paribas Securities,3.8,322,Financial Services,Chennai,1.8k,13,--,34
IFFCO Kisan Sanchar,3.7,321,Agro Chemicals,New Delhi,736,26,--,45
JSW Steel Coated Products,3.9,323,,Mumbai,1.2k,29,--,14
Military Engineer Services,4.6,321,Engineering & Construction,New Delhi,671,13,--,32
Jodas Expoim,3.2,321,Pharma,Hyderabad,1.3k,26,10,17
Resurgent India,3.9,321,Investment Banking / Venture Capital / Private Equity,Gurugram,574,5,22,74
Jaguar Land Rover,3.9,321,Automobile,Pune,1.8k,32,12,25
TCPL Packaging,4.0,321,Packaging,Dadra & Nagar Haveli,1.5k,22,4,28
Molecular Connections,3.0,321,IT Services & Consulting,Bengaluru,1.4k,22,1,22
Vilas Javdekar Developers,3.8,321,Real Estate,Pune,1.3k,36,14,13
ITC ABD,3.7,321,Agriculture,Guntur,1.2k,17,--,23
Creamy foods,4.1,322,Food Processing,Bulandshahr,924,34,8,25
Zeta,3.2,322,Emerging Technologies,Bengaluru,3.3k,81,37,22
convergys india services,3.5,320,,Gurugram,1k,29,--,12
Omax Autos,3.8,320,Auto Components,Gurugram,960,13,--,38
Apisero,4.3,320,IT Services & Consulting,Bengaluru,2.4k,67,--,34
ArcGate,2.7,320,IT Services & Consulting,Udaipur,1.2k,25,33,22
Hindustan Times,3.1,321,Media & Entertainment,New Delhi,2.1k,17,2,33
NatWest Markets,3.8,320,Banking,Gurugram,2.8k,18,--,49
Cliantha Research,3.9,320,Clinical Research,Ahmedabad,1.3k,19,11,28
LANXESS India Private Limited,4.2,320,Chemicals,Mumbai,1.2k,23,2,44
Pulse Pharmaceuticals,3.4,320,Pharma,Hyderabad,941,16,4,28
Dyninno India,4.0,320,IT Services & Consulting,Gurugram,682,41,6,4
UNITILE,4.5,320,Building Material,Mumbai,390,43,11,93
CQRA,4.3,319,Engineering & Construction,Hyderabad,916,22,1,19
MDC Group of Companies,4.8,319,Pharma,Mumbai,90,3,1,66
NACL Industries,4.0,319,Agro Chemicals,Hyderabad,1.1k,29,4,22
MSD Pharmaceuticals,3.7,319,Pharma,Hyderabad,1.8k,32,82,34
LatentView Analytics,3.4,319,IT Services & Consulting,Chennai,3.3k,75,54,22
Ninestars Information Technologies Pvt. Ltd,3.3,320,Software Product,Bengaluru,1.6k,25,1,14
DRA Homes,4.5,319,Real Estate,Chennai,373,55,14,17
Creative Hands HR Consultancy,4.2,319,Recruitment,Chennai,220,48,--,46
DynPro,3.7,320,IT Services & Consulting,Bengaluru,1.5k,36,3,8
Danone Foods Beverages,3.5,319,Food Processing,Mumbai,1.2k,14,1,19
Kshema General Insurance,4.2,319,Insurance,Hyderabad,687,17,10,--
ATMECS Global,3.2,319,IT Services & Consulting,Hyderabad,2.4k,37,--,24
Embee Software,3.7,318,Software Product,Kolkata,1.3k,9,1,14
Bharat IT Services,3.3,319,IT Services & Consulting,New Delhi,1.1k,17,--,7
K R Mangalam University,4.5,319,Education & Training,Gurugram,470,71,--,26
Elevanceskills,4.4,323,Education & Training,Bengaluru,--,148,--,67
Lernx,3.8,318,,Jaipur,68,56,--,1
Cameo Corporate Services,3.3,318,BPO,Chennai,1.3k,18,13,14
TIDC India,3.7,318,Industrial Machinery,Chennai,1.3k,13,--,31
Transworld Systems,3.0,318,Financial Services,Bengaluru,1.5k,6,2,11
ZF India Technology Center,3.6,318,Auto Components,Hyderabad,2.1k,42,100,64
Altera Digital Health,2.9,318,Software Product,Pune,1.9k,35,124,7
Telesonic Networks,3.9,317,Telecom,Chennai,793,8,--,47
H&R Block,4.2,317,Accounting & Auditing,Thiruvananthapuram,1.9k,26,5,24
Danske IT,3.6,317,IT Services & Consulting,Bengaluru,1.7k,19,--,43
Equinox Labs,3.9,317,Clinical Research,Mumbai,958,45,17,23
Guiltfree Industries,3.5,317,FMCG,Kolkata,1k,34,--,13
SquadStack,3.3,317,IT Services & Consulting,Noida,913,36,16,21
GMR Energy,3.8,318,Power,New Delhi,1k,20,--,40
Manipal Technologies,4.0,317,Printing & Publishing,Bengaluru,1.9k,13,10,35
Amrutanjan Health Care,3.9,317,Pharma,Chennai,708,25,1,21
ABI Showatech,3.5,317,Auto Components,Chennai,1.1k,10,3,31
Mindteck,3.0,318,IT Services & Consulting,Bengaluru,2.3k,26,38,21
Ruby Hall Clinic,4.0,317,Healthcare,Pune,998,16,--,27
Indo Farm Equipment,3.1,317,Industrial Machinery,Baddi,948,15,5,24
The Indian Hume Pipe Co.,3.8,317,Building Material,Mumbai,1k,22,3,25
Bharat Wire Ropes,3.6,317,Iron & Steel,Mumbai,1.4k,44,16,12
Rooman Technologies,3.7,316,Education & Training,Bengaluru,797,14,--,18
Competent Software,3.2,316,IT Services & Consulting,New Delhi,522,7,5,33
Prepca Eduserv,4.0,316,EdTech,Pune,188,96,--,16
Massmutual Global Business Services,3.9,316,IT Services & Consulting,Hyderabad,1.9k,10,12,4
Dainik Jagran,3.3,316,Printing & Publishing,New Delhi,1.2k,14,--,25
SEABIRD LOGISOLUTIONS,3.9,316,Logistics,Pune,1.2k,21,6,27
Van Heusen,4.0,316,Fashion & Textile,New Delhi,696,18,--,27
V2Solutions,3.2,316,IT Services & Consulting,Mumbai,1.3k,35,7,31
LCC Projects,4.3,316,Engineering & Construction,Ahmedabad,859,32,2,13
Electrical Research & Development Association,3.7,316,Electrical Equipment,Vadodara,957,19,4,30
Mirafra Technologies,3.6,317,Semiconductors,Bengaluru,3.2k,61,67,15
Nimbus Harbor Facilities Management,4.1,316,Facility Management Services,Gurugram,940,16,--,17
Western Digital,3.4,316,Consumer Electronics & Appliances,Bengaluru,3k,55,--,27
Angelique International,4.6,316,Engineering & Construction,Noida,1k,14,6,37
Netsmartz Infotech,3.6,316,IT Services & Consulting,Chandigarh,1.4k,27,6,14
Dosti Realty,4.2,318,Real Estate,Mumbai,1.2k,20,1,24
Princess Cruises,3.9,316,Travel & Tourism,Mumbai,361,13,--,34
InsanelyGood,4.0,315,Internet,Bengaluru,1.3k,20,--,35
Paragon Digital Services,3.2,315,Marketing & Advertising,Chennai,2k,22,--,28
Hinduja Finance,3.9,315,NBFC,Chennai,957,13,--,16
Miles Education,3.2,315,Education & Training,Bengaluru,776,40,29,164
Vinati Organics,3.9,315,Chemicals,Chiplun,1.6k,17,6,21
Azure Power,4.0,315,Power,New Delhi,1.2k,24,11,36
Essar Projects India,3.8,315,Engineering & Construction,Surat,757,10,--,51
Koenig Solutions,3.3,316,Education & Training,New Delhi,1.1k,39,42,16
Ahresty India,3.8,315,Auto Components,Rewari,1.1k,25,--,16
Micro Plastics Private Limited,3.7,315,,Bengaluru,1.3k,33,4,28
Gaja Engineering,4.2,315,Engineering & Construction,Hyderabad,1.2k,28,2,40
AGI Glaspac,3.7,315,Packaging,Hyderabad,985,24,--,20
Alf Engineering,3.9,315,Auto Components,Nashik,1.4k,32,17,19
Nuclear Power Corporation of India,4.2,315,Power,Mumbai,996,33,--,34
KEPCO Plant Service & Engineering,3.7,315,Engineering & Construction,Bhavnagar,1k,17,--,27
Innover Digital,4.3,315,IT Services & Consulting,Kolkata,819,23,8,10
SSF PLASTICS,3.5,315,Petrochemicals,Hosur,1.2k,21,4,19
HungerBox,3.6,315,Internet,Bengaluru,996,20,8,30
Segula Technologies,3.4,315,Engineering & Construction,Chennai,2k,30,60,8
Aspiro Pharma,3.7,315,Pharma,Hyderabad,1.1k,16,5,21
Signutra (Health & Nutrition Division of Win - Medicare Pvt Ltd),4.3,315,Pharma,New Delhi,436,17,--,11
Airtel DTH Services,4.0,314,Telecom,Gurugram,867,28,--,42
SBS,2.5,314,IT Services & Consulting,Noida,2.3k,31,--,36
Smaaash Entertainment,4.1,314,Events,Mumbai,758,33,--,30
Edureka,3.7,314,EdTech,Bengaluru,1.4k,40,6,21
Sabre,3.9,314,Software Product,Bengaluru,2.3k,39,58,37
Gawar Construction,4.1,314,Engineering & Construction,New Delhi,889,17,1,21
Rucha Engineers,3.8,314,Industrial Machinery,Chhatrapati Sambhajinagar,1.4k,20,--,16
360 Degree Cloud Technologies,4.0,314,IT Services & Consulting,Noida,1.6k,87,29,18
Amcor Flexibles India,3.7,314,Packaging,Bharuch,1.4k,14,2,34
FCI CCM,4.5,314,Software Product,Noida,579,44,17,30
AltezzaSys,3.9,314,IT Services & Consulting,Noida,830,71,5,11
Money View,4.2,314,FinTech,Bengaluru,1.7k,37,22,8
Markelytics Solutions,4.5,313,Analytics & KPO,Bengaluru,352,2,5,60
Fino Paytech,3.2,313,FinTech,Mumbai,557,7,--,34
Futwork,3.7,313,Internet,Mumbai,310,31,1,5
Brinton Pharmaceuticals,4.5,313,Pharma,Pune,600,39,--,72
Meitra Hospital,4.5,313,Healthcare,Kozhikode,371,15,3,8
Checkmate Services,4.0,313,Facility Management Services,Vadodara,883,19,1,16
Doha Petroleum Construction Company,3.9,313,Oil & Gas,Doha,682,26,--,13
Automotive Robotics (India),3.4,313,Industrial Automation,Chennai,2.4k,38,3,14
Tata Marcopolo Motors,3.8,313,Auto Components,Dharwad,1k,19,--,36
Cyber Infrastructure,3.5,313,IT Services & Consulting,Indore,1.4k,41,4,57
Publicis Resources,3.4,312,Marketing & Advertising,Gurugram,1.9k,22,14,3
Arabian Construction Company,3.1,312,Engineering & Construction,Kolkata,824,28,--,29
Ordnance Factory,4.2,313,Government,Hyderabad,622,12,--,24
VVF,3.8,312,Chemicals,Mumbai,1.4k,14,13,25
Orix Auto Infrastructure Services,4.0,312,Travel & Tourism,Mumbai,921,16,--,27
Domino Printech India LLP,4.3,312,Industrial Automation,Gurugram,849,70,2,22
Gammon Engineers And Contractors,4.0,312,Engineering & Construction,Mumbai,1.1k,22,1,26
Themis Medicare,3.8,312,Pharma,Mumbai,1.1k,14,5,14
ANZ Operations & Technology,3.7,312,Financial Services,Bengaluru,2.6k,31,--,39
T R Chadha & Co Llp,3.3,312,Accounting & Auditing,Mumbai,1.3k,22,20,18
Unibic Foods,3.6,312,Food Processing,Bengaluru,1k,15,1,22
EnFuse Solutions,4.0,311,IT Services & Consulting,Mumbai,700,42,51,10
LetsTransport,3.7,311,Logistics,Bengaluru,1.2k,25,--,24
Pitney Bowes,3.8,311,IT Services & Consulting,Pune,2k,23,13,33
Namdev Finvest,3.7,311,Financial Services,Jaipur,623,13,19,5
Emmvee Photovoltaic Power,3.5,311,Power,Bengaluru,1.2k,21,6,13
TATWA Technologies,3.3,311,IT Services & Consulting,Bhubaneswar,888,17,43,16
Xylem Water Solutions,3.7,312,Waste Management,Vadodara,2.1k,30,76,27
Ratnadeep Retail,4.1,311,Retail,Hyderabad,1k,22,5,22
Madina Group,4.5,311,Oil & Gas,Doha,532,25,--,45
Titan Laboratories,3.4,311,Pharma,Mumbai,1.1k,8,5,50
Goldmedal Electricals,3.7,310,Electrical Equipment,Mumbai,1.3k,17,7,7
Fleetx.io,3.2,310,Logistics,Gurugram,1.4k,37,9,12
Karvy Financial Services,3.9,310,Financial Services,Hyderabad,1.3k,12,--,29
Inlead Electronics,3.9,310,Consumer Electronics & Appliances,Mumbai,955,11,--,39
Spm Autocomp,3.6,310,Auto Components,Pune,1.2k,24,--,20
Airbnb,3.6,310,Travel & Tourism,Gurugram,1.7k,29,7,31
Thirumalai Chemicals,3.8,310,Chemicals,Ranipet,1.4k,23,14,18
RNF Technologies,2.9,310,IT Services & Consulting,Noida,1.3k,39,2,60
Innoviti Technologies Private Limited,2.9,310,FinTech,Bengaluru,1.6k,23,1,17
Cure foods,3.4,310,Fitness & Wellness,Bengaluru,899,20,--,33
GSH Group,4.1,310,Facility Management Services,Chennai,991,11,--,35
SS Supply Chain Solutions,3.5,310,IT Services & Consulting,Gurugram,1.1k,15,6,58
THE GUARDIANS Real Estate Advisory,3.6,310,Real Estate,Mumbai,1.3k,27,18,12
Rheinmetall Automotive,3.8,309,Auto Components,Pune,1.2k,25,14,36
Yum!,4.0,309,Hospitality,Gurugram,1.4k,19,20,39
Quintessence Business Solutions & Services,3.8,309,Analytics & KPO,Coimbatore,993,9,--,110
Gemini Solutions,3.4,309,IT Services & Consulting,Gurugram,2.7k,38,1,22
Lee Pharma,3.3,309,Pharma,Hyderabad,1.4k,19,2,20
Rheinmetall Automotive,3.8,309,Auto Components,Pune,1.2k,25,14,36
ecare India,3.8,309,Analytics & KPO,Chennai,1.2k,18,22,25
KnowledgeHut,4.4,308,EdTech,Bengaluru,793,12,--,4
BYJU'S Exam Prep,3.7,308,EdTech,Noida,1.1k,25,--,29
Munjal Kiriu Industries,3.8,308,Auto Components,Gurugram,883,15,1,21
ISMT,3.8,308,Iron & Steel,Pune,1.1k,19,--,14
NVH India Auto Parts,3.2,308,Auto Components,Chennai,1.2k,15,6,48
Bhandari Automobiles,3.7,308,Automobile,Kolkata,865,16,--,18
Wirtgen India,4.1,308,Industrial Machinery,Pune,1.2k,19,6,29
Garware Technical Fibres,3.6,309,Fashion & Textile,Pune,1.4k,17,9,32
IndianOil Adani Ventures,3.9,308,Oil & Gas,Paradip,995,21,--,5
Cavisson Systems,2.3,308,IT Services & Consulting,Noida,1.7k,23,5,31
HyFun Foods,4.2,308,Food Processing,Ahmedabad,1.3k,24,12,16
Business Integrity Services,4.2,308,BPO,Chennai,578,58,5,7
Roki Minda Co,4.5,308,Auto Components,Chennai,858,10,--,30
MN Dastur & Company,3.8,308,Metals & Mining,Kolkata,755,12,1,44
FUJIFILM,4.0,309,Animation & VFX,Gurugram,1.2k,16,--,29
Stelmec,3.2,308,Power,Mumbai,1.4k,35,1,18
Junglee Games,4.1,308,Gaming,Gurugram,1.8k,51,--,20
Nippon Audiotronix,3.4,308,Automobile,Gurugram,1.2k,16,--,27
ICRA,3.2,307,Financial Services,Mumbai,1.7k,31,2,34
IT By Design,3.0,307,IT Services & Consulting,Chandigarh,1.6k,43,9,9
Tata ClassEdge,3.5,308,EdTech,Mumbai,937,16,12,33
Smart Value Products And Services,4.1,307,FMCG,Gurugram,628,17,--,38
Asort Company,4.0,307,Internet,Gurugram,417,23,1,8
Merino Laminates,3.9,307,Consumer Electronics & Appliances,New Delhi,1k,15,10,15
BMW,4.1,307,Automobile,Chennai,1.8k,23,1,23
QDegrees,3.3,307,Management Consulting,Jaipur,1.1k,19,14,19
Iscon Balaji Foods,3.9,307,Food Processing,Ahmedabad,1.1k,22,11,7
Arena Animation,3.5,307,Education & Training,New Delhi,995,22,6,22
Diya Systems,3.2,306,BPO,Mangaluru,1.2k,23,--,48
Murugappa Group,3.9,306,Agro Chemicals,Chennai,1.4k,21,--,35
GlobalStep,2.2,306,IT Services & Consulting,Pune,1.8k,33,14,22
Thomson Digital,4.0,306,Printing & Publishing,Noida,758,35,--,15
Tata Memorial Centre,4.1,306,Healthcare,Mumbai,1.1k,9,--,12
TJSB Sahakari Bank,3.7,306,Banking,Mumbai,1.3k,23,--,23
KHY ELECTRONIC,3.9,306,,Noida,983,31,--,21
SHV Energy,3.9,306,Power,Hyderabad,1.2k,18,8,29
Katerra,3.5,306,Engineering & Construction,Bengaluru,1.8k,22,--,43
R L Fine Chem,3.7,305,Pharma,Bengaluru,1.6k,22,4,29
POSCO MAHARASHTRA STEEL,4.3,305,Iron & Steel,Pune,1.4k,17,--,37
Soma Enterprises,4.6,305,Engineering & Construction,Hyderabad,752,7,--,49
Woodland,3.2,306,Fashion & Textile,New Delhi,919,14,--,18
Integra Global Solutions,3.5,306,Financial Services,Coimbatore,1.5k,33,23,3
Efftronics Systems,3.0,305,Electronics Manufacturing,Vijayawada,924,58,17,30
Mukand Limited,3.7,305,Iron & Steel,Mumbai,1.2k,15,12,34
ARCADIS,4.2,305,IT Services & Consulting,Bengaluru,1.9k,37,105,41
ANI INTEGRATED SERVICES,3.4,305,Engineering & Construction,Mumbai,1.1k,21,--,12
Incture Technologies,2.7,305,IT Services & Consulting,Bengaluru,2.7k,58,16,17
Peter England,4.1,305,Fashion & Textile,Bengaluru,755,10,--,24
Ang India,3.5,305,Consumer Electronics & Appliances,Noida,973,32,1,18
Nissin Brake,4.3,306,Auto Components,Neemrana,753,12,--,53
Hudson's Bay Company,3.9,305,Retail,Bengaluru,1.9k,26,--,26
British Biologicals,3.0,304,Fitness & Wellness,Bengaluru,756,21,5,18
State Bank Operations Support Services,3.4,304,IT Services & Consulting,New Delhi,448,24,--,1
Siegwerk,3.9,304,Chemicals,Bhiwadi,1.1k,22,5,30
Shreya Life Sciences,3.9,304,Pharma,Chhatrapati Sambhajinagar,645,13,1,21
HostBooks,3.0,304,Software Product,Gurugram,682,20,1,13
State Bank Operations Support Services,3.4,304,IT Services & Consulting,New Delhi,448,24,--,1
Suburban Diagnostics,3.9,304,Healthcare,Mumbai,1k,11,--,27
Siegwerk,3.9,304,Chemicals,Bhiwadi,1.1k,22,5,30
Hardcastle Restaurants,3.7,304,Hospitality,Mumbai,839,18,4,30
Slr Metaliks,4.0,304,Iron & Steel,Hosapete,1.1k,24,2,30
BCT Consulting Private Limited,3.8,304,IT Services & Consulting,Chennai,1.3k,43,--,3
Global Opportunities,4.1,304,EdTech,New Delhi,538,40,--,11
Chakr Innovation,3.6,304,Industrial Machinery,Gurugram,974,45,12,4
Virtusa Software Services,3.6,304,IT Services & Consulting,Hyderabad,2.8k,49,--,16
Propel Industries,3.6,304,Industrial Machinery,Coimbatore,1.6k,37,20,19
Meinhardt Group,3.4,304,Engineering & Construction,Bengaluru,1.2k,14,2,20
ScoreMe Solutions,3.3,303,Software Product,Gurugram,494,9,--,105
Automotive Axles,3.8,303,Auto Components,Mysuru,1k,6,--,19
Allanasons,3.9,303,Food Processing,Mumbai,1.1k,22,13,37
Online Legal India,4.4,303,Other,Kolkata,58,25,--,25
Gracure Pharmaceuticals,3.3,303,Pharma,Bhiwadi,1.2k,26,7,20
Aurigene Oncology Limited,4.2,303,Biotechnology,Bengaluru,1.1k,16,3,27
Toyota Tsusho,3.8,303,Metals & Mining,Bengaluru,1.6k,16,7,28
Tradebulls,2.9,305,Financial Services,Ahmedabad,1.3k,23,26,13
Gracure Pharmaceuticals,3.3,303,Pharma,Bhiwadi,1.2k,26,7,20
Aurigene Oncology Limited,4.2,303,Biotechnology,Bengaluru,1.1k,16,3,27
MSPL,4.1,303,Metals & Mining,Hosapete,1.3k,31,10,23
IM Gears,3.5,304,Auto Components,Chennai,1.1k,16,2,34
Sakata Inx,3.9,303,Chemicals,Bhiwadi,1.2k,16,1,23
DigiTech Call System,2.7,302,BPO,Noida,840,31,--,5
Trackon Courier,3.6,302,Logistics,New Delhi,1.1k,14,--,14
InnovationM,3.8,302,IT Services & Consulting,Noida,797,35,5,49
Onida,3.5,302,Consumer Electronics & Appliances,Mumbai,883,10,--,23
Wika Instruments India,4.0,302,Industrial Machinery,Pune,1.3k,23,19,12
Della Adventure Resort,4.3,303,Hospitality,Pune,794,21,35,25
Trigyn Technologies,3.7,302,IT Services & Consulting,Mumbai,1.8k,29,46,16
McAfee,3.6,303,Software Product,Bengaluru,2.9k,35,3,48
Ciron Drugs & Pharmaceuticals,3.2,302,Healthcare,Mumbai,1.4k,26,4,43
Urbanrise,3.8,303,Real Estate,Hyderabad,922,96,4,6
The Fern Residency,3.9,302,Hospitality,Mumbai,1k,9,2,16
Hamleys,3.8,302,Retail,Mumbai,665,21,--,36
Emerald Jewel Industry India,3.6,302,Jewellery,Coimbatore,1.6k,20,--,21
Citrix,3.2,302,Software Product,Bengaluru,2.5k,54,--,34
Impelsys,3.0,302,IT Services & Consulting,Bengaluru,2.4k,33,31,25
Balajee Group,3.6,302,Engineering & Construction,Mumbai,927,14,1,18
Lanco Infratech,4.2,301,Engineering & Construction,Gurugram,652,3,--,46
ABP Group,3.4,301,Printing & Publishing,Kolkata,1.3k,8,--,42
Softtek,3.9,301,IT Services & Consulting,Bengaluru,2k,24,28,29
Total Environment Building Systems,4.0,301,Real Estate,Bengaluru,1.6k,19,14,10
Autodesk,3.9,301,Software Product,Bengaluru,3.2k,49,4,25
Lapiz Digital Services,4.0,302,BPO,Chennai,1.1k,54,14,52
Eye-Q Super Speciality Eye Hospitals,3.4,301,Healthcare,Gurugram,666,14,6,15
Rochem Separation Systems,3.6,301,Industrial Machinery,Mumbai,1.3k,20,10,24
Presto Infosolutions,2.7,301,Hardware & Networking,New Delhi,1.1k,18,--,12
1K Networks,3.2,301,Retail,Gurugram,1.2k,25,--,17
Saregama India,4.0,301,Media & Entertainment,Mumbai,926,9,--,22
Interface Microsystems,3.8,301,Auto Components,Gurugram,1.5k,37,6,19
Bajaj Energy,4.3,301,Power,Lalitpur,940,12,11,30
Highbar Technocrat,3.9,302,IT Services & Consulting,Mumbai,1.3k,33,7,16
Sam India Built Well,3.4,301,Engineering & Construction,New Delhi,1k,18,--,10
Dee Vee Projects,3.7,301,Engineering & Construction,Raipur,958,14,--,33
Trelleborg,3.7,301,Industrial Machinery,Bengaluru,1.7k,22,7,38
Solartis Technology Services,3.6,301,IT Services & Consulting,Madurai,1.9k,33,--,20
Crescent Foundry,3.8,301,Industrial Machinery,Kolkata,1.1k,35,12,17
Dee Vee Projects,3.7,301,Engineering & Construction,Raipur,958,14,--,33
Rochem Separation Systems,3.6,301,Industrial Machinery,Mumbai,1.3k,20,10,24
OneAssist Consumer Solutions,3.9,301,Financial Services,Mumbai,1.2k,25,3,21
Munjal Auto Industries,3.6,301,Auto Components,Vadodara,1.1k,16,--,23
Metric Stream Infotech,3.2,302,Internet,Bengaluru,2.1k,19,--,39
Karuna Management Services,3.5,301,Retail,Kolkata,452,24,18,7
FOX Solutions,3.7,300,Industrial Machinery,Nashik,1.2k,36,8,17
AIS Glass Solutions,3.6,300,Building Material,Chennai,1.3k,28,--,42
Tata Green Batteries,,,Auto Components,Pune,--,--,--,--
Bharat Dynamics,4.5,300,Defence & Aerospace,Hyderabad,699,12,--,44
Blenheim Chalcot,2.7,300,IT Services & Consulting,Mumbai,1.6k,53,7,6
Danfoss Power Solutions,3.9,300,Power,Pune,1.2k,13,--,22
National Institute for Smart Government,3.6,300,Management Consulting,New Delhi,1.7k,30,111,14
Home Centre,3.9,300,Furniture & Furnishing,Bengaluru,1.2k,19,--,24
Amnex Infotechnologies,3.8,300,IT Services & Consulting,Ahmedabad,1.2k,42,11,21
Bony Polymers,3.4,300,Auto Components,Faridabad,1.2k,15,1,22
Wallace Pharmaceuticals,3.7,300,Pharma,Mumbai,823,18,2,35
CPM India Sales & Marketing,4.1,300,Marketing & Advertising,New Delhi,988,13,5,29
Bandhan KOnnagar,3.3,300,Non-Profit,Kolkata,672,24,1,24
HyScaler,4.3,299,IT Services & Consulting,Bhubaneswar,265,104,31,84
Indira Gandhi International Airport,3.9,299,Urban Transport,New Delhi,826,15,--,13
Pepe Jeans,3.9,299,Fashion & Textile,Mumbai,908,12,1,37
HyScaler,4.3,299,IT Services & Consulting,Bhubaneswar,265,104,31,84
Indo Amines,3.3,299,Chemicals,Mumbai,1.4k,24,9,31
Black Box Limited,2.8,299,IT Services & Consulting,Bengaluru,1.8k,24,99,12
Manappuram Home Finance,4.0,300,Financial Services,Mumbai,938,12,--,12
Atul Auto,3.7,299,Automobile,Ahmedabad,1.2k,28,5,24
Perkins,4.3,300,Engineering & Construction,Chhatrapati Sambhajinagar,1.1k,13,4,23
Spectranet,3.6,299,Telecom,Gurugram,1.3k,22,5,21
Wartsila,4.0,298,Ports & Shipping,Mumbai,838,10,164,45
Ketto,4.3,298,Internet,Mumbai,778,21,7,20
Apollo Diagnostics,4.0,298,Healthcare,Kolkata,857,18,--,15
Nilons Enterprises,3.8,299,Food Processing,Jalgaon,962,19,1,38
Advance India Projects,4.2,299,Real Estate,Gurugram,1k,55,4,15
STYLAM Industries,3.5,298,Engineering & Construction,Chandigarh,1.2k,16,8,12
MTAR Technologies,3.9,298,Industrial Machinery,Hyderabad,1.3k,23,3,8
Banswara Syntex,3.8,298,Fashion & Textile,Banswara,1k,9,10,18
Verse Innovation,3.4,298,Internet,Bengaluru,1.6k,32,3,22
First Flight Couriers,4.6,298,Logistics,Mumbai,497,8,32,25
Orient Paper Mill,4.5,298,Pulp & Paper,Shahdol,672,19,--,13
Fexprime Finance,4.5,298,Financial Services,New Delhi,697,7,--,25
Rupa,3.7,298,Fashion & Textile,Kolkata,936,20,1,19
Hughes Systique Corporation,3.7,298,Emerging Technologies,Gurugram,2.3k,42,8,32
JMR Infotech,4.1,297,IT Services & Consulting,Bengaluru,1.1k,35,3,25
Sv Creditline,3.7,298,NBFC,Gurugram,603,8,2,16
Msi Services,3.9,297,IT Services & Consulting,Bengaluru,1k,55,29,8
Busibud,3.6,297,Emerging Technologies,Chandigarh,127,43,--,7
Shyam Indus Power Solutions,3.8,297,Power,New Delhi,960,25,--,30
Gap,3.6,297,Retail,Hyderabad,2.1k,36,7,26
Delhi Duty Free Services,3.6,297,Retail,New Delhi,1.1k,15,1,31
Embitel Technologies,3.9,297,IT Services & Consulting,Bengaluru,2.5k,39,221,12
Suntory Global Spirits India,4.0,297,Beverage,Gurugram,1k,18,7,18
Ador Welding,3.9,298,Industrial Machinery,Pune,1.1k,13,6,32
Nature's Basket,3.8,297,Internet,Mumbai,964,16,--,28
Joyson Safety Systems,4.0,297,Auto Components,Chennai,1.2k,20,1,24
INDIABULLS PHARMACEUTICALS,2.8,296,Pharma,Mumbai,558,13,--,23
SAVIC Technologies,2.7,297,IT Services & Consulting,Mumbai,1.1k,22,2,20
Ocrolus East,3.3,297,FinTech,Gurugram,959,26,6,13
Nexval Infotech,2.8,297,IT Services & Consulting,Kolkata,949,12,--,32
HM Group,4.6,296,Real Estate,Bengaluru,421,37,--,7
Kelly Services,4.0,296,Recruitment,Bengaluru,1.2k,18,--,38
Anand Rathi Share and Stock Brokers Ltd,3.5,296,Financial Services,Mumbai,2.1k,27,175,29
Utthunga Technologies,2.7,296,Industrial Automation,Bengaluru,2.2k,41,98,19
Varmora Granito,4.0,296,Building Material,Ahmedabad,865,14,4,22
Tablets (India),3.8,296,Pharma,Chennai,871,23,53,22
Tommy Hilfiger,3.9,296,Fashion & Textile,Bengaluru,825,19,--,25
J.M Baxi & Co,3.8,296,Ports & Shipping,Mumbai,1.2k,18,14,26
Vserv Infosystems,3.4,299,IT Services & Consulting,New Delhi,1.2k,17,1,4
Avanze Technologies,3.5,296,IT Services & Consulting,Bengaluru,1.3k,35,--,11
Mas Callnet,2.7,296,BPO,Noida,879,21,35,11
Servotech Renewable Power System Ltd.,3.6,297,Power,New Delhi,739,29,15,14
Shriram Chits,3.7,298,Financial Services,Chennai,687,12,--,13
Fujitec,3.8,296,Industrial Machinery,Chennai,1.3k,12,2,15
Doubtnut,3.4,296,EdTech,Gurugram,1.1k,39,--,27
ERA Group,3.8,295,Power,New Delhi,553,6,9,25
Popular Vehicles and Services,3.9,295,Automobile,Chennai,1.3k,9,6,23
Diamondpick,3.9,295,Recruitment,Chennai,1.5k,14,3,13
Dotsquares,2.6,295,IT Services & Consulting,Jaipur,2.2k,33,11,10
Amrita Institute of Medical Sciences and Research,3.9,295,Healthcare,Kochi,1.1k,10,--,20
Annora Pharma,3.8,296,Pharma,Hyderabad,1.1k,38,--,16
Dover India,3.9,295,Industrial Machinery,Bengaluru,2.3k,37,30,21
ICICI Direct,3.9,295,Financial Services,Mumbai,1.3k,28,--,24
Veer-O-- Metals,4.2,295,Industrial Machinery,Bengaluru,1.3k,17,--,24
Levelshift,3.3,295,IT Services & Consulting,Chennai,1.5k,33,19,29
Bhash Software Labs,4.5,295,Software Product,Bengaluru,158,43,4,25
Eastern Software Solutions Pvt. Ltd,4.0,295,IT Services & Consulting,Noida,1.1k,20,--,23
Property Solutions,3.8,295,Real Estate,Mumbai,1.4k,7,20,10
Ummeed Housing Finance,4.0,297,Financial Services,Gurugram,1.2k,12,--,12
TourTravelWorld.Com,4.9,294,Internet,New Delhi,2,106,--,6
Keihin Fie,4.4,294,Auto Components,Bengaluru,2.5k,6,--,45
Aurangabad Electricals,3.8,294,Auto Components,Chhatrapati Sambhajinagar,1k,13,--,37
Hema Engineering Industries,4.0,294,Auto Components,Gurugram,1.1k,14,--,31
Nippon Express,3.8,294,Logistics,Bengaluru,1.2k,12,2,22
Samarth LifeSciences,3.6,294,Pharma,Mumbai,920,21,3,18
kipi.ai,3.6,294,IT Services & Consulting,Bengaluru,1.4k,61,--,5
Velnik India,3.2,294,Beauty & Personal Care,Indore,1.1k,26,--,21
Vision Rx Lab,3.9,294,Medical Equipment,Gurugram,1k,15,--,19
Kd Logistics,3.7,294,Logistics,Mumbai,981,22,--,25
Worldline Global Services,3.8,295,IT Services & Consulting,Pune,1.9k,26,4,45
SMR Automotive Systems India,3.7,294,Auto Components,Chennai,1.3k,9,1,24
Kd Logistics,3.7,294,Logistics,Mumbai,981,22,--,25
Star Wire India,4.0,294,Industrial Machinery,Faridabad,1.2k,21,2,15
Meghalaya Cements,4.1,293,Building Material,Guwahati,1k,28,--,31
Infineon Technologies,3.6,293,Electronics Manufacturing,Bengaluru,2.8k,49,125,22
Essae Teraoka,3.6,293,Electronics Manufacturing,Bengaluru,877,10,31,39
DataTrained,3.4,293,EdTech,Noida,493,20,--,38
Southern Petrochemical Industries Corporation,3.6,293,Agro Chemicals,Thoothukudi,1.5k,25,--,30
Yatharth Hospital,3.8,294,Healthcare,Noida,1.1k,17,9,7
Calsonic Kansei Motherson Auto Products,3.9,293,Auto Components,Bawal,1.1k,16,--,32
Liugong India,3.4,293,Engineering & Construction,Indore,1.3k,23,--,32
Calpion Software Technologies,3.4,293,IT Services & Consulting,Bengaluru,1.8k,25,68,16
Milky Mist Dairy Food,3.9,293,Food Processing,Erode,1.3k,26,--,10
Kalinga Commercial Corporation,3.7,293,Metals & Mining,Bhubaneswar,886,28,--,6
Gautam Solar,3.9,293,Power,New Delhi,789,29,2,11
Jbm Auto Components,3.8,292,Auto Components,Chennai,1.2k,31,98,24
Lumax Auto Technologies Ltd,4.3,292,Auto Components,Pune,1.3k,15,--,8
Consolidated Construction Consortium,4.2,292,Engineering & Construction,Chennai,766,14,--,37
OSB India,3.5,293,Financial Services,Bengaluru,1.2k,34,8,16
Arrow Electronics,4.2,292,Electronics Manufacturing,Bengaluru,1.6k,82,4,5
Vanderlande Industries,3.9,292,Industrial Automation,Pune,1.8k,26,6,29
Infrastructure Leasing & Financial Services,4.0,292,Engineering & Construction,Mumbai,976,5,--,35
Bonn Group,3.9,292,Food Processing,Ludhiana,1.1k,17,--,23
NOVO Medisciences,4.1,292,Pharma,Mumbai,497,47,6,53
American Express Global Business Travel,4.0,292,Travel & Tourism,Gurugram,1.9k,19,106,27
Cholamandalam MS Risk Services,3.6,292,Management Consulting,Chennai,855,26,13,21
SasMos HET Technologies,3.6,292,Electrical Equipment,Bengaluru,1.5k,19,12,15
Personiv,3.8,292,BPO,Coimbatore,1.7k,22,1,23
Freelancer.com,4.1,292,,Bengaluru,42.9k,83,33,12
Jayashree Polymers,3.7,292,Auto Components,Pune,1.3k,24,--,20
Locuz Enterprise Solutions,3.6,292,IT Services & Consulting,Hyderabad,1.5k,23,65,20
Kaleesuwari Refinery,3.8,292,Food Processing,Chennai,1k,14,7,11
Healthium Medtech,3.4,293,Medical Equipment,Bengaluru,1.3k,23,82,17
NTF Group,4.0,292,Auto Components,Gurugram,1.2k,25,2,2
Imperative Business Ventures,3.8,292,IT Services & Consulting,Pune,707,13,27,54
Baoiam Innovations,4.6,291,EdTech,New Delhi,44,18,--,10
Kangaro Industries,3.6,291,Retail,Ludhiana,993,16,4,17
Unicorn Infosolutions,3.2,291,Retail,Mumbai,1.1k,13,9,11
Clifford Chance,3.6,291,Legal,Gurugram,2k,20,4,31
INDIAN PUBLIC SCHOOL,3.9,291,Education & Training,Chennai,1.1k,21,10,32
Think Future Technologies,4.4,291,IT Services & Consulting,Gurugram,1.1k,55,8,10
Clifford Chance,3.6,291,Legal,Gurugram,2k,20,4,31
Kangaro Industries,3.6,291,Retail,Ludhiana,993,16,4,17
AirAsia,3.4,291,Aviation,Bengaluru,1.4k,30,8,46
Ambey Mining,3.4,291,Metals & Mining,Durgapur,970,40,7,11
Microsense,3.5,291,IT Services & Consulting,Chennai,1.1k,24,--,29
Shaily Engineering Plastics Ltd,4.0,291,Industrial Machinery,Vadodara,1.2k,18,10,43
Borgwarner Emission System,3.7,291,Auto Components,Bengaluru,1.6k,14,--,22
Sonata Finance,4.0,291,Financial Services,Lucknow,733,17,--,23
TowerVision India,4.3,290,Telecom,Gurugram,997,17,--,33
Rimjhim Ispat,3.3,290,Iron & Steel,Angul,755,12,5,7
OnProcess Technology,3.8,290,Software Product,Kolkata,866,12,--,50
Pfizer Healthcare india pvt lit,3.9,290,Pharma,Visakhapatnam,1.2k,25,--,39
IDP IELTS,3.3,290,Education & Training,Chennai,1.7k,16,--,7
Petrocon Engineers & Consultants,3.6,291,Engineering & Construction,Hyderabad,1.1k,28,10,8
Adani Realty,3.7,290,Real Estate,Mumbai,1.7k,28,--,13
Fourrts,4.2,290,Pharma,Chennai,795,15,1,24
Bihar Rural Livelihoods Promotion Society,3.8,290,Non-Profit,Patna,671,16,--,34
Gupshup,2.8,290,IT Services & Consulting,Mumbai,2.1k,35,--,8
MosChip Technologies,3.8,290,Semiconductors,Hyderabad,1.3k,37,16,30
Eastman Chemical Company,3.9,289,Chemicals,Hyderabad,894,17,1,120
Sanghvi Movers,4.4,290,Industrial Machinery,Pune,716,46,3,16
Mindfire Solutions,3.9,289,IT Services & Consulting,Bhubaneswar,1.6k,48,8,37
ICFAI Business School,3.4,289,Education & Training,Hyderabad,1k,30,3,19
Confederation of Indian Industry,3.3,289,Non-Profit,New Delhi,1.5k,22,10,12
Superhouse,3.2,289,Leather,Kanpur,1.2k,22,--,25
Ribbon Communication,3.8,289,Hardware & Networking,Bengaluru,1.7k,32,4,32
Boston Scientific,4.0,289,Healthcare,Gurugram,1.9k,25,12,22
LM Wind Power,4.0,289,Power,Bengaluru,1.3k,18,--,28
Weblink In,4.1,288,IT Services & Consulting,New Delhi,1k,25,--,37
Gionee,4.4,288,Consumer Electronics & Appliances,New Delhi,297,1,--,53
HYUNDAI TRANSYS INDIA,3.8,288,Auto Components,Anantapur,1.4k,20,2,21
Vcs Quality Services,3.9,288,Oil & Gas,Noida,973,19,--,32
ARCIS e Services,3.6,288,BPO,Gurugram,691,7,14,15
Cremica Food Industries,3.8,288,Food Processing,New Delhi,1k,15,--,21
Origo Commodities,3.5,288,Agriculture,Gurugram,833,16,2,22
AvenData GmbH,3.8,288,IT Services & Consulting,Mumbai,626,56,--,5
Chain-Sys,3.0,288,IT Services & Consulting,Chennai,2.4k,23,--,19
Cholamandalam Securities,3.5,287,Financial Services,Chennai,799,12,17,12
Nestaway,3.2,288,Internet,Bengaluru,1.4k,24,3,33
Polyplex,4.0,287,Packaging,Noida,1k,10,17,34
MetroTelworks,3.6,288,Telecom,Ahmedabad,774,16,--,35
Elcamino Software,3.2,287,BPO,Bengaluru,905,24,3,16
Drydocks World Dubai,3.9,290,Ports & Shipping,Dubai,594,22,--,23
PurpleTalk,3.6,287,IT Services & Consulting,Hyderabad,1.6k,30,5,25
Indian Institute of Science,4.1,287,Education & Training,Bengaluru,1.4k,23,2,16
Apparel Group India Private Limited,3.6,287,Retail,Bengaluru,1.7k,26,6,31
Government of Maharashtra,4.1,287,Government,Mumbai,1.7k,21,--,23
Cholamandalam Securities,3.5,287,Financial Services,Chennai,799,12,17,12
International Flavors & Fragrances,3.7,288,Chemicals,Hyderabad,1.8k,23,41,22
Qualys,3.5,287,IT Services & Consulting,Pune,2.7k,50,1,9
EGIS,4.0,287,Power,Bengaluru,1.1k,14,--,22
Indian Molasses Company,3.8,287,Ports & Shipping,Chennai,1.4k,28,21,28
Malladi Drugs & Pharmaceuticals,3.6,287,Pharma,Chennai,1.3k,26,2,23
Toyota Material Handling,3.7,287,Industrial Machinery,Gurugram,1.1k,15,1,29
Sanmarg Projects,3.8,289,Oil & Gas,Noida,955,21,7,21
Ahana Systems & Solutions,3.8,287,IT Services & Consulting,Bengaluru,1.5k,25,7,21
Amber,4.1,287,Internet,Pune,726,45,6,11
ONPASSIVE,2.5,287,IT Services & Consulting,Hyderabad,1.4k,25,--,32
NEC Software Solutions,3.9,286,IT Services & Consulting,Mumbai,2k,24,52,13
Four Points By Sheraton,4.1,286,Hospitality,Pune,710,10,--,38
RACL Geartech,4.2,286,Auto Components,Noida,886,22,7,9
FICO,3.3,286,Software Product,Bengaluru,2.3k,48,2,42
Sun TV Network,3.7,286,Media & Entertainment,Chennai,1.5k,17,--,23
SHL,3.3,286,Software Product,Gurugram,2.1k,19,4,32
Madhu Jayanti International,3.6,286,FMCG,Kolkata,752,26,23,30
Walchandnagar Industries,3.3,286,Industrial Machinery,Pune,1.1k,11,7,28
SKETS Studio,4.0,286,Architecture & Interior Design,New Delhi,859,32,6,25
Naandi Foundation,3.7,286,Non-Profit,Hyderabad,617,19,--,28
HDFC Credila Financial Services,3.7,286,Financial Services,Mumbai,1.5k,18,32,16
Kirloskar Electric Company,3.7,286,Electrical Equipment,Bengaluru,1.1k,22,8,29
Asia-Pacific Institute of Management,3.6,286,Education & Training,New Delhi,389,19,3,54
Powerica,3.7,286,Industrial Machinery,Mumbai,1.1k,14,5,30
Cogito Tech,2.6,287,IT Services & Consulting,Noida,800,36,--,13
Anupam Rasayan India,3.6,286,Chemicals,Surat,1.4k,21,13,16
Quantzig,4.5,286,Analytics & KPO,Bengaluru,405,6,1,59
Olyv,4.2,286,FinTech,Bengaluru,700,160,38,2
Muthoot Pappachan Group,4.1,287,Financial Services,Thiruvananthapuram,932,14,1,15
Keka Technologies,3.1,287,Software Product,Hyderabad,2k,53,59,13
Omkar Realtors & Developers,3.7,285,Real Estate,Mumbai,913,8,2,32
Roche Diagnostics,3.8,285,Pharma,Mumbai,1.5k,33,--,25
Isc Projects,3.8,286,Engineering & Construction,Pune,862,18,7,22
Smart Chip,4.0,285,Electronics Manufacturing,Noida,752,14,22,17
RM Education Solutions,3.2,285,IT Services & Consulting,Thiruvananthapuram,1.8k,29,7,26
Century Pulp & Paper,3.7,285,Pulp & Paper,Lalkuan,1.2k,27,1,16
Radium Creation,3.8,285,Jewellery,Mumbai,680,9,2,46
Centific,3.5,285,IT Services & Consulting,Hyderabad,1.8k,25,47,1
Classplus,3.7,285,Software Product,Noida,1.7k,33,7,22
National Institute of Technology,4.2,285,Education & Training,Mangaluru,1.3k,16,--,14
Meenakshi Polymers,3.6,286,Auto Components,Gurugram,1k,17,2,20
PaySquare Consultancy,3.7,285,Recruitment,Pune,1.8k,14,8,16
Adani Solar,3.6,285,Power,Mundra,1k,36,--,113
MMC Infotech Services,3.5,285,IT Services & Consulting,Chennai,998,27,4,11
Zee Media Corporation,3.4,285,Broadcasting,Noida,1.4k,16,--,17
Uniqlo,2.7,287,Fashion & Textile,New Delhi,773,34,5,20
Indo Count Industries,3.6,285,Fashion & Textile,Mumbai,1.3k,12,34,16
Lloyds Technology Centre,3.5,285,IT Services & Consulting,Hyderabad,3.7k,56,108,8
Protean eGov Technologies,3.4,285,IT Services & Consulting,Mumbai,1.8k,17,24,4
Kosamattam Finance,3.8,284,NBFC,Kottayam,840,13,2,14
Shriram Properties,4.1,284,Real Estate,Bengaluru,1.3k,32,4,26
Bajaj Finserv Health,3.5,284,Internet,Pune,1.7k,23,5,9
Vitesco Technologies,4.4,284,Auto Components,Bengaluru,1.8k,27,1,33
Rays Power Infra,4.1,284,Power,Jaipur,741,28,16,21
Bajaj Hindusthan,4.2,284,Food Processing,Lucknow,873,14,--,25
MM Forgings,3.3,284,Iron & Steel,Chennai,1.5k,18,1,23
Hetero Biopharma,3.8,285,Pharma,Hyderabad,1.1k,17,--,7
ISS SDB Security Services,4.1,284,Facility Management Services,Chennai,611,5,4,19
Shivalaya Construction,4.2,284,Engineering & Construction,New Delhi,965,13,2,17
Spectraforce Technologies,2.9,284,Recruitment,Hyderabad,1.4k,28,45,20
RentoMojo,3.9,284,Internet,Bengaluru,1.1k,13,63,20
Mantra Technologies,3.6,284,IT Services & Consulting,Hyderabad,801,34,--,17
CloudFoundation,4.8,283,,Hyderabad,176,2,5,8
Enzene Biosciences,3.9,283,Biotechnology,Pune,1.5k,23,3,17
SMS Limited,4.2,283,Engineering & Construction,Nagpur,2.5k,14,4,32
Nalco water,3.7,283,Waste Management,Pune,1.1k,16,14,30
Tatva Chintan Pharma Chem,3.5,283,Pharma,Bharuch,1.2k,20,10,18
Everest Fleet,3.0,284,Urban Transport,Mumbai,1.1k,17,11,2
Hitachi Astemo Rajasthan Brake Systems,4.3,283,Auto Components,Neemrana,867,27,--,16
MindCraft Software,3.5,283,IT Services & Consulting,Mumbai,1.9k,31,1,18
Immacule Life Sciences,3.2,283,Pharma,Nalagarh,1.1k,26,--,18
Venkateshwar Hospital,3.5,283,Healthcare,New Delhi,1.1k,18,19,12
Faber India,4.3,283,Consumer Electronics & Appliances,Pune,1k,16,--,25
Ajio Business,3.7,283,Fashion & Textile,Bengaluru,550,16,--,8
Grauer & Weil (i),3.2,282,Chemicals,Mumbai,1.2k,18,5,27
Manipal University,4.0,282,Education & Training,Jaipur,1.3k,34,10,22
Augmont Goldtech,4.7,282,Financial Services,Mumbai,330,99,11,12
Trivium Education Services,3.6,282,EdTech,New Delhi,903,31,2,24
Credit Saison India,3.6,283,NBFC,Bengaluru,1.6k,15,21,2
Sigachi Industries,3.8,282,Pharma,Bharuch,1.3k,29,11,21
Tata nexarc,3.0,282,Software Product,Mumbai,1k,31,2,3
Sir Ganga Ram Hospital,4.1,281,Healthcare,New Delhi,863,11,4,28
Befree Business Resourceing,3.1,281,Accounting & Auditing,Bengaluru,1.5k,57,15,27
Technique Control Facility Management,3.7,281,Facility Management Services,Bengaluru,1k,17,2,14
Terex,3.9,281,Industrial Machinery,Bengaluru,1.6k,12,2,30
STT Global Data Centres India,4.0,282,IT Services & Consulting,Mumbai,1.2k,17,1,18
SUN Mobility,3.8,281,Automobile,Bengaluru,1.5k,34,--,21
Aqualite India,3.7,281,Fashion & Textile,New Delhi,946,20,--,12
Alchem International,3.7,281,Pharma,Faridabad,977,18,3,18
Butterfly Gandhimathi Appliances,3.9,283,Consumer Electronics & Appliances,Chennai,1.1k,10,4,18
Centillion Networks,3.6,281,Telecom,Hyderabad,1.8k,35,3,5
The Louis Berger Group,4.4,281,Engineering & Construction,Mumbai,701,18,--,35
Schneider Electric Infrastructure,4.2,280,Electrical Equipment,Vadodara,1.3k,7,--,28
Asian Heart Institute,4.1,280,Healthcare,Mumbai,454,36,37,14
TimesPro,3.3,280,Education & Training,Mumbai,1.5k,22,2,6
Olam Group,3.7,280,FMCG,Chennai,2.9k,42,6,2
InKnowTech,3.1,280,IT Services & Consulting,Bengaluru,1.4k,25,2,16
Naaptol Online Shopping,3.1,280,Internet,Mumbai,943,28,4,35
MAN Truck & Bus,2.6,280,Automobile,Pune,1k,17,--,23
IPROCESS BUSINESS SOLUTIONS,3.8,280,EdTech,Hyderabad,671,14,--,5
Shakambhari Ispat & Power,3.6,280,Power,Kolkata,1.1k,24,2,8
Apna,3.2,280,Recruitment,Bengaluru,1.3k,42,--,9
UBI Services,3.7,280,Banking,Hyderabad,764,13,8,3
Siddha Group,3.9,280,Real Estate,Kolkata,928,25,20,14
Reliance resQ,3.9,280,Other,Mumbai,616,14,--,17
Escalon Business Services,3.8,280,Accounting & Auditing,Sahibzada Ajit Singh Nagar,1.1k,30,6,38
Operational Energy Group India,3.9,280,Power,Chennai,934,17,16,25
Goldstone Cements,3.3,280,Building Material,Guwahati,1.2k,23,3,17
Suresh Surana & Associates,3.2,280,Accounting & Auditing,Mumbai,989,17,12,22
SR Fast Connect Staffing,4.5,283,,Noida,22,89,--,68
Star Hospitals,4.0,280,Healthcare,Hyderabad,916,10,--,20
Himalaya Opticals,4.4,280,Retail,Kolkata,574,39,3,19
Girlscript Foundation,4.9,280,,Bengaluru,14,73,--,2
Reliable Autotech,4.2,280,Auto Components,Pune,1.2k,10,13,31
Policyboss.com,3.1,280,Insurance,Mumbai,1k,12,6,17
EVRY India,4.4,279,IT Services & Consulting,Bengaluru,1.3k,19,3,23
Terralogic Software Solutions,2.8,279,IT Services & Consulting,Bengaluru,2k,34,81,10
Bacardi,3.8,279,Beverage,Gurugram,1k,21,--,26
Teachmint,3.9,279,EdTech,Bengaluru,1.3k,52,45,26
BARC,4.4,279,Defence & Aerospace,Mumbai,1k,33,--,23
Wishfin,3.3,279,Financial Services,Noida,1.1k,11,7,17
Brink's,4.0,279,Logistics,Mumbai,699,10,--,28
99acres,3.5,279,Internet,Noida,1.3k,39,--,25
Intech Organics,3.0,279,Agro Chemicals,Gurugram,1.1k,31,3,10
Essel Mining & Industries,4.1,279,Metals & Mining,Kolkata,727,22,--,16
Royal Research,2.0,279,Analytics & KPO,Kolkata,482,28,--,26
Enpro Industries,4.3,279,Industrial Machinery,Pune,1.1k,26,9,12
Noida Power Company,4.3,279,Power,Greater Noida,1.2k,27,--,24
Decorpot,2.9,279,Architecture & Interior Design,Bengaluru,1.2k,27,82,24
JM Financial Home Loans,4.0,279,NBFC,Mumbai,729,9,1,3
Ginesys,3.7,279,Software Product,Kolkata,739,71,9,9
MITA,3.9,280,Industrial Machinery,Ghaziabad,916,24,--,17
GyanSys Inc,3.2,279,IT Services & Consulting,Bengaluru,2.4k,27,23,11
Puzzolana Machinery Fabricators,4.1,278,Industrial Machinery,Hyderabad,886,25,--,22
Century Enka,4.1,278,Fashion & Textile,Pune,927,16,31,22
Lipi Data Systems,3.7,278,Printing & Publishing,Udaipur,899,9,--,20
Electronic Arts,3.9,278,Gaming,Hyderabad,2.5k,30,11,10
Forbes & Company,3.7,278,Engineering & Construction,Chhatrapati Sambhajinagar,1.2k,20,--,25
Apex CoVantage,3.1,278,IT Services & Consulting,Hyderabad,1.3k,12,14,16
Profectus Capital,4.2,278,NBFC,Mumbai,1k,18,--,8
Sentiss Pharma,3.6,278,Pharma,Gurugram,1.1k,8,14,37
Hero Vired,4.5,279,Education & Training,New Delhi,574,15,10,2
Videocon Industries Ltd.,3.9,278,Consumer Electronics & Appliances,Chhatrapati Sambhajinagar,860,11,--,15
Seven Hills Hospital,3.8,278,Healthcare,Mumbai,830,13,5,26
Synergy Maritime,4.0,278,Ports & Shipping,Chennai,1.4k,24,13,12
Yakult Danone India,3.8,278,Food Processing,New Delhi,779,13,16,27
StudyIn,3.9,278,EdTech,New Delhi,736,41,39,4
Indovance Inc,4.1,278,Design,Pune,653,49,41,46
Al-Yamama Group,3.6,278,Engineering & Construction,Dammam,474,16,--,30
Sunteck Realty,3.3,278,Real Estate,Mumbai,1.6k,24,12,7
Sumadhura Infracon,4.1,279,Real Estate,Bengaluru,1.3k,22,4,14
Concentrix Catalyst,3.1,278,IT Services & Consulting,Hyderabad,2.8k,41,--,5
Sgs Tekniks Manufacturing,4.0,277,Electronics Manufacturing,Gurugram,1k,19,6,28
indiagold,4.5,278,FinTech,Gurugram,573,46,16,11
Accurex Biomedical,4.4,277,Medical Equipment,Mumbai,275,79,--,18
Adonmo,4.4,277,Marketing & Advertising,Hyderabad,594,29,--,4
Alivira Animal Health,4.0,278,Pharma,Visakhapatnam,1k,20,4,24
Any Brand,4.2,277,Fashion & Textile,New Delhi,2.2k,125,--,30
Jspiders,3.6,277,Education & Training,Bengaluru,648,22,--,4
Azad Engineering,3.7,277,Engineering & Construction,Hyderabad,1.3k,19,--,15
Normet,3.8,277,Industrial Machinery,Jaipur,1.1k,18,6,32
Mouser Electronics,3.5,277,Semiconductors,Bengaluru,2k,39,48,26
Kanwar Enterprises,3.4,277,Engineering & Construction,Noida,1k,19,6,25
HiyaMee Private Limited,2.9,276,Recruitment,Bengaluru,1.9k,16,--,11
Cargo Service Center India,3.7,276,Logistics,New Delhi,827,14,2,27
Netafim Irrigation India,4.0,276,Industrial Machinery,Vadodara,911,14,--,41
Flipspaces,3.9,276,Architecture & Interior Design,Mumbai,956,18,26,14
Walking Tree,3.2,276,IT Services & Consulting,Hyderabad,1.4k,30,30,17
ACN Health care,3.2,276,BPO,Bengaluru,1.1k,16,13,13
Niine,3.7,276,Beauty & Personal Care,Gorakhpur,749,16,2,16
Big C,3.7,276,Retail,Hyderabad,679,19,9,22
Jeena Sikho Lifecare,3.8,276,Healthcare,Chandigarh,732,33,14,12
Flipspaces,3.9,276,Architecture & Interior Design,Mumbai,956,18,26,14
Don Bosco School,3.4,275,Education & Training,Mumbai,583,18,--,14
Maruti Ispat And Pipes,3.8,276,Iron & Steel,Hyderabad,541,45,7,29
Mitsuba Sical,4.0,275,Auto Components,Gurugram,891,20,2,32
Vantive,4.5,275,Healthcare,Bengaluru,365,94,9,13
British Airways,2.9,275,Aviation,New Delhi,1.3k,33,--,27
Kunal Structure,3.8,275,Real Estate,Ahmedabad,816,15,--,52
Kisna Diamonds - HK Jewels,3.4,275,Jewellery,Mumbai,655,25,39,7
greytHR,3.6,275,Software Product,Bengaluru,1.3k,38,4,15
Stellar Information Technology,3.5,275,Software Product,Gurugram,1.2k,27,26,21
ICICI Foundation for Inclusive Growth,3.6,275,Non-Profit,Mumbai,697,18,--,25
Nandan Petrochem,3.7,275,Petrochemicals,Mumbai,1.1k,25,11,13
East India Udyog,3.9,275,Electrical Equipment,Noida,867,18,3,22
Ambica Steels,3.4,275,Metals & Mining,New Delhi,918,29,4,22
BuildAHome,4.5,275,Engineering & Construction,Bengaluru,358,85,2,48
Armstrong Robotics & Technologies Private Limited,4.0,275,Industrial Automation,Nashik,1.1k,34,3,15
Arrow,4.5,274,Fashion & Textile,Bengaluru,212,15,--,6
Latinem,3.6,274,Real Estate,Hyderabad,720,55,31,5
Birla Open Minds Education Private Limited,3.1,274,Education & Training,Hyderabad,791,20,--,17
Strada,3.6,274,Financial Services,Hyderabad,3.3k,25,34,25
Hidden Brains InfoTech,3.6,274,IT Services & Consulting,Ahmedabad,862,27,21,44
Strada,3.6,274,Financial Services,Hyderabad,3.3k,25,34,25
Applus IDIADA,4.0,274,Auto Components,Pune,688,44,10,19
Birla Open Minds Education Private Limited,3.1,274,Education & Training,Hyderabad,791,20,--,17
Tata Strive Skill Development Centre,3.8,274,Education & Training,Mumbai,640,32,2,25
Numerator,3.9,274,Marketing & Advertising,Vadodara,1.5k,47,205,16
Insecticides India,4.0,274,Agro Chemicals,Bharuch,1.2k,18,2,23
Vesuvius,3.7,274,Industrial Machinery,Visakhapatnam,1.2k,15,3,28
CGM ARIA Health Services,3.6,274,Software Product,Noida,580,27,--,8
Medgenome Labs,3.8,274,Biotechnology,Bengaluru,1.1k,26,--,20
Battery Smart,3.4,274,Auto Components,Gurugram,951,19,15,3
Vayam Info Solutions,4.0,274,Recruitment,New Delhi,829,17,--,19
Riddhi Corporate Services,3.9,274,IT Services & Consulting,Ahmedabad,845,15,1,16
Perfios Software Solutions,3.4,274,FinTech,Bengaluru,2.7k,27,8,13
Piramal Realty,4.2,273,Real Estate,Mumbai,1.3k,14,--,12
Hero Electric,4.1,273,Automobile,Ludhiana,1.1k,19,--,19
S G Encon,3.5,273,Engineering & Construction,New Delhi,650,19,--,22
Gallantt Ispat,3.8,273,Iron & Steel,Gorakhpur,783,18,4,8
Shriram Group,4.0,273,Financial Services,Chennai,1.4k,11,--,18
Oriflame India,4.1,273,Beauty & Personal Care,New Delhi,832,18,--,41
Sundaram Business Services,3.7,273,BPO,Chennai,1.1k,14,1,26
Utkarsh Classes,4.0,273,EdTech,Jodhpur,449,13,10,7
Rakon,3.7,273,Electronics Manufacturing,Bengaluru,1.1k,14,4,14
P&O Cruises,3.5,273,Travel & Tourism,Mumbai,349,11,--,37
Niit Foundation,4.0,273,Education & Training,New Delhi,692,19,23,26
Pinkerton,3.6,273,Law Enforcement & Security,Gurugram,961,13,52,15
Caplin Point Laboratories,3.2,273,Pharma,Chennai,1.3k,22,16,14
Vistra Corporate Services,3.5,273,Power,Mumbai,1.4k,23,23,18
Sparsh Hospital,3.7,273,Healthcare,Bengaluru,1.2k,5,63,16
Riviera Infraprojects,4.2,273,Engineering & Construction,Ahmedabad,830,11,3,8
Shyam Steel Manufacturing,3.5,273,,Kolkata,938,32,--,6
Eastern Condiments,3.8,272,FMCG,Kochi,770,16,--,20
Anthology,3.4,272,EdTech,Bengaluru,2.4k,26,--,13
Winjit Technologies,3.5,272,IT Services & Consulting,Nashik,2.1k,45,17,16
Sonalika Group of Companies,3.8,272,Automobile,Hoshiarpur,1.3k,23,39,30
Toshiba Software India,3.4,272,IT Services & Consulting,Bengaluru,1.7k,24,8,24
Vacmet India,4.1,272,Packaging,Indore,1.2k,18,2,29
iServeU,4.1,272,FinTech,Bhubaneswar,1.2k,26,10,4
WeRize,3.4,272,Financial Services,Bengaluru,1.2k,44,7,21
L&T Realty,3.7,272,Real Estate,Mumbai,1.1k,14,--,15
Sahajanand Medical Technologies,3.4,272,Medical Equipment,Surat,1.3k,13,20,21
Toshiba Software India,3.4,272,IT Services & Consulting,Bengaluru,1.7k,24,8,24
Vacmet India,4.1,272,Packaging,Indore,1.2k,18,2,29
Valmet,4.0,272,Oil & Gas,Pune,1.4k,16,43,23
GGS Engineering Services,3.2,272,Engineering & Construction,Chennai,1.6k,19,5,14
Sakra World Hospital,4.0,272,Healthcare,Bengaluru,924,12,33,34
Amantya Technologies,3.9,271,IT Services & Consulting,Gurugram,1.6k,52,114,12
Dnata,3.2,271,Aviation,Bengaluru,933,21,2,29
Bhilai Engineering Corporation,3.7,271,Industrial Machinery,Bhilai Nagar,1.1k,13,--,27
Fresenius Medical Care,3.8,271,Healthcare,Gurugram,922,17,1,29
Nalco,4.1,271,Metals & Mining,Bhubaneswar,813,27,9,17
Shivani Locks,3.7,271,Industrial Machinery,Faridabad,1.1k,13,--,15
Dynamatic Technologies,3.7,271,Auto Components,Bengaluru,1.4k,15,--,21
Amity Software Limited,3.9,271,Software Product,Noida,794,22,9,35
Durian Industries,3.7,271,Retail,Mumbai,1.1k,23,9,11
Mitsubishi Elevators,4.0,271,Industrial Machinery,Bengaluru,985,8,6,27
Snowman Logistics,4.1,271,Logistics,Bengaluru,990,13,2,15
JP Infra,3.7,271,Real Estate,Mumbai,1.4k,26,32,26
JRG Automotive india,3.2,271,Auto Components,Bawal,1k,15,--,4
Dyson,3.7,270,Consumer Electronics & Appliances,Gurugram,1.2k,22,1,16
Central Institute of Mining and Fuel Research,3.9,271,Education & Training,Dhanbad,637,6,--,23
Gujarat State Fertilizers & Chemicals,4.2,270,Agro Chemicals,Vadodara,1k,13,--,20
Gujarat Gas,3.8,270,Oil & Gas,Ahmedabad,901,17,3,28
PG Electroplast,4.0,270,Consumer Electronics & Appliances,Noida,1.2k,23,1,11
AISECT,3.7,270,Education & Training,Bhopal,849,10,5,20
Nilkamal Homes,3.8,270,,Mumbai,729,20,--,19
O P Jindal Global University,3.6,270,Education & Training,Sonipat,931,21,2,22
Kutch Chemical Industries,3.9,270,Chemicals,Gandhidham,1.2k,21,1,19
Expertise Contracting Company,3.5,270,Industrial Machinery,Al Jubail,918,24,--,15
Zota Health Care,3.6,271,Pharma,Surat,971,27,8,12
Pahal Financial Services,4.0,270,NBFC,Ahmedabad,795,11,2,16
Kovai Medical Center and Hospital,4.2,270,Healthcare,Coimbatore,993,4,8,13
Belstar Investment and Finance,4.1,270,Investment Banking / Venture Capital / Private Equity,Chennai,744,9,1,18
AAFT,4.1,269,EdTech,Noida,504,26,3,17
Fashion TV,3.0,269,Retail,Mumbai,465,28,20,6
Liberty Shoes,3.9,269,Fashion & Textile,Karnal,976,21,1,18
Cochin Shipyard,4.2,269,Ports & Shipping,Kochi,1.1k,13,--,26
CohnReznick,3.8,270,Accounting & Auditing,Chennai,1.8k,37,2,13
Danieli,3.5,269,Industrial Machinery,Chennai,1.3k,15,--,27
Appasamy Associates,3.5,269,Medical Equipment,Chennai,1.2k,13,2,14
Danieli,3.5,269,Industrial Machinery,Chennai,1.3k,15,--,27
CohnReznick,3.8,270,Accounting & Auditing,Chennai,1.8k,37,2,13
Allengers Medical Systems,3.7,270,Medical Equipment,Chandigarh,1.2k,19,50,23
Agappe Diagnostics,4.1,269,Medical Equipment,Kochi,757,30,17,27
Sony India Software Centre,3.7,269,Consumer Electronics & Appliances,Bengaluru,2.2k,37,25,24
Wilo Mather and Platt Pumps,3.9,269,Industrial Machinery,Pune,1.2k,17,5,23
Corsearch,3.9,269,IT Services & Consulting,Mumbai,449,12,2,2
Data Marshall,3.2,270,Analytics & KPO,Hyderabad,1.4k,13,10,8
Rostfrei Steels,3.8,269,Industrial Machinery,New Delhi,848,36,10,10
Tata Autocomp Gotion Green Energy Solutions,,,Auto Components,Pune,--,--,--,--
Etisalat,3.3,268,Telecom,Dubai,1.2k,17,--,31
UNICEF,3.9,268,Non-Profit,New Delhi,743,31,3,26
Epigral,4.1,268,Chemicals,Bharuch,1.4k,23,5,3
Rossell Techsys,4.1,269,Defence & Aerospace,Bengaluru,1.4k,7,1,16
Unison Pharmaceuticals,3.9,268,Pharma,Ahmedabad,1.4k,23,3,12
Evonith Value Steels,4.3,268,Iron & Steel,Wardha,662,18,--,21
Trimble,3.8,268,IT Services & Consulting,Chennai,2.3k,34,61,28
OmniActive Health Technologies,3.4,268,Fitness & Wellness,Pune,1.2k,18,5,24
Credgenics,4.0,268,FinTech,Noida,1.5k,45,4,13
Sundaram Home Finance,4.2,269,NBFC,Chennai,784,12,1,12
Shriram Value Services,3.9,267,IT Services & Consulting,Chennai,539,3,--,29
Leap Finance,3.1,267,FinTech,Bengaluru,1.1k,77,7,5
Modi Mundi Pharma,3.9,267,Pharma,New Delhi,543,19,3,32
Diffusion Engineers,4.0,268,Industrial Machinery,Nagpur,669,16,1,106
Unitech,3.7,267,Real Estate,Gurugram,1.1k,9,17,27
LIXIL,3.9,267,Building Material,Gurugram,1.1k,16,445,20
Roha Dyechem,3.5,267,Food Processing,Mumbai,1.2k,24,--,12
Amazon Distributors,3.8,267,,New Delhi,540,10,--,12
Calderys India Refractories,4.1,269,Metals & Mining,Nagpur,1.1k,31,105,14
ZIGRAM,3.3,267,Software Product,Gurugram,1.2k,65,10,9
Bombardier Transportation,4.4,266,Urban Transport,Vadodara,1k,12,--,43
Reliance Cement Company,4.1,266,Building Material,Maihar,752,13,1,20
Vamani Overseas Pvt Ltd,3.4,266,Fashion & Textile,Faridabad,1.3k,15,1,12
The KCP,4.1,266,Building Material,Chennai,988,19,9,28
Globus Infocom,4.2,266,EdTech,Noida,610,38,4,32
SCM Garments,3.5,266,Fashion & Textile,Tiruppur,1.1k,17,1,26
i-exceed technology solutions,3.4,266,FinTech,Bengaluru,1.5k,58,29,22
Fingent,3.8,266,Software Product,Kochi,990,28,8,102
Kinetic Engineering,3.4,266,Auto Components,Ahilyanagar,975,15,12,16
British Paints,3.7,266,Chemicals,New Delhi,672,24,--,12
The Professional Couriers,3.4,266,Logistics,New Delhi,1.1k,8,16,14
Kinetic Engineering,3.4,266,Auto Components,Ahilyanagar,975,15,12,16
British Paints,3.7,266,Chemicals,New Delhi,672,24,--,12
Teleindia Networks,3.7,266,Telecom,Bengaluru,1.2k,12,--,28
Zeetech Management And Marketing,3.8,266,,Ranchi,48,9,--,17
JGC Corporation,4.4,266,Engineering & Construction,Chennai,612,38,6,16
Indian Railway Catering and Tourism,3.7,266,Travel & Tourism,New Delhi,959,12,--,23
Forvia,3.5,266,Auto Components,Pune,1.5k,27,--,5
Vinove Software & Services,3.5,265,IT Services & Consulting,Noida,770,63,44,15
Meghmani Industries,3.5,265,Agro Chemicals,Bharuch,1.3k,15,--,8
Health Total,3.7,265,Fitness & Wellness,Mumbai,552,17,15,25
General Energy Management Systems,3.7,265,Industrial Machinery,Noida,1k,20,20,24
Emversity,4.1,265,Education & Training,Bengaluru,280,74,--,4
Eaton Power Quality,4.0,265,Electronics Manufacturing,Puducherry,1.3k,12,--,24
Honasa Consumer,3.6,265,Beauty & Personal Care,Gurugram,1k,22,4,9
Super Auto Forge,4.0,265,Industrial Machinery,Chennai,1.3k,8,1,26
Hawkins Cookers,3.7,265,Consumer Electronics & Appliances,Mumbai,890,24,5,14
IndustryBuying.com,3.4,265,Internet,New Delhi,1.2k,27,6,32
Mogli labs,3.5,265,Internet,Noida,1.4k,10,--,19
Saurav Chemicals,3.6,265,Agro Chemicals,Chandigarh,1k,21,9,19
PMT Machines,3.2,265,Industrial Machinery,Pune,1k,26,13,18
Rajiv Gandhi Cancer Institute & Research Centre,3.8,265,Healthcare,New Delhi,955,16,26,18
Hindware Home Innovation,3.6,265,Consumer Electronics & Appliances,Gurugram,733,14,--,1
Madhucon Projects,3.6,264,Engineering & Construction,Hyderabad,825,16,4,24
Reliance Fresh,4.3,264,Retail,New Delhi,525,20,--,30
Rosenberger Electronic,3.9,264,Electronics Manufacturing,Gurugram,1.2k,13,2,32
Interocean Group,4.3,264,Ports & Shipping,New Delhi,278,9,6,6
Government of Andhra Pradesh,3.7,264,Government,Hyderabad,1.1k,10,--,13
Integra Micro Systems,3.9,264,Software Product,Bengaluru,1.3k,18,--,9
Birla Tyres,3.6,264,Auto Components,Balasore,660,8,5,28
Apollo 247,3.3,264,Healthcare,Hyderabad,1.8k,25,10,10
GfK MODE,3.3,264,Analytics & KPO,Gurugram,1.7k,25,--,29
Tractor Junction,4.1,264,Internet,Alwar,498,21,25,3
Catch Foods,4.1,264,Food Processing,Noida,408,17,--,2
Rehau Polymers,3.3,264,Engineering & Construction,Vadodara,1.1k,14,1,27
Metacube Software,3.9,264,IT Services & Consulting,Jaipur,2k,27,7,27
Ujala Cygnus,3.6,264,Healthcare,New Delhi,598,19,--,8
Mamaearth,3.8,264,Beauty & Personal Care,Gurugram,1.4k,30,34,13
Objectways Technologies,3.1,264,IT Services & Consulting,Karur,1.6k,17,--,4
Dataflow Group,2.9,264,Law Enforcement & Security,Noida,1.2k,21,13,33
Searce Cosourcing Services,3.0,264,IT Services & Consulting,Pune,2.2k,37,4,19
MEDOPHARM,3.8,264,Pharma,Chennai,1.1k,17,13,25
Galgotias University,3.6,264,Education & Training,Greater Noida,937,20,2,13
Lafarge,4.6,263,Building Material,Mumbai,523,10,--,49
Binary Semantics,3.3,263,IT Services & Consulting,Gurugram,1.5k,22,2,23
Apothecon Pharmaceuticals,4.4,263,Pharma,Vadodara,1k,21,2,30
MRO,2.9,263,Clinical Research,Pune,1.5k,7,5,22
Foundation To Educate Girls Globally,4.0,263,Education & Training,Mumbai,567,19,30,22
Leeford Healthcare,4.1,263,Pharma,Ludhiana,657,15,17,16
Agilysys Technologies India,3.3,263,Software Product,Chennai,2.7k,61,19,19
Supermax Personal Care,3.5,263,Beauty & Personal Care,Mumbai,932,17,1,17
Cargo Motors,4.0,263,Automobile,New Delhi,884,13,6,22
Nesma & Partners,4.2,263,Engineering & Construction,Mumbai,515,10,--,30
Venus Industrial Corporation,4.0,264,Industrial Machinery,Faridabad,1k,18,12,19
Burckhardt Compression,3.9,263,Industrial Machinery,Pune,1.2k,11,8,27
ION Group,2.2,263,Software Product,Noida,1.8k,113,4,7
Hill International,4.3,263,Engineering & Construction,Mumbai,800,11,7,26
SRM Institute of Science and Technology,3.7,264,Education & Training,Chennai,1.5k,19,21,10
J. C. Penney,3.9,262,Retail,Bengaluru,1.6k,21,31,26
KGK Group,3.2,262,Jewellery,Mumbai,1.2k,13,18,14
Singareni Collieries Company,4.5,263,Metals & Mining,Hyderabad,592,12,--,24
Wheels Emi,3.8,262,Auto Components,Pune,860,17,--,13
Maharishi Vidya Mandir,4.0,263,Education & Training,Chennai,701,20,--,22
Business for Social Responsibility,3.2,262,Accounting & Auditing,Mumbai,514,20,--,3
MBD GROUP,3.2,262,Printing & Publishing,New Delhi,972,13,--,18
JWIL,4.1,262,Waste Management,New Delhi,997,10,--,21
Mahindra Susten,4.5,262,Engineering & Construction,Mumbai,991,13,9,32
Mahagun India,3.0,264,Real Estate,Noida,1k,16,10,22
Mangalam Cement,3.9,262,Building Material,Kota,957,19,16,20
Indian Oil- Adani Gas,3.8,262,Oil & Gas,Noida,1.3k,22,11,1
JSG Group,3.6,262,Auto Components,New Delhi,1.1k,15,10,12
Gatewaypark Business,4.6,261,Software Product,Bengaluru,8,19,--,--
Ruloans,3.5,261,Financial Services,Mumbai,1.2k,19,--,9
Bright Life Care,4.0,261,Fitness & Wellness,Gurugram,840,15,2,15
Omega Healthcare Solutions,3.6,261,Healthcare,Chennai,1.8k,39,--,21
Niwas Housing Finance,4.1,262,Financial Services,Mumbai,718,11,4,4
Rishabh Software,3.6,261,IT Services & Consulting,Vadodara,1.8k,16,34,28
Zee Learn,3.5,261,Education & Training,Mumbai,997,15,1,30
Motorola,4.2,261,Consumer Electronics & Appliances,Bengaluru,1.2k,19,--,12
OneCard,3.3,261,FinTech,Pune,1.4k,27,2,6
Sophos Technologies,3.7,261,Software Product,Bengaluru,1.9k,30,45,26
Toyotetsu India Auto Parts,3.8,261,Auto Components,Bengaluru,891,12,11,24
Adani Airport Holdings,3.0,261,Aviation,Ahmedabad,1.2k,17,--,3
CLR Facility Services,3.7,262,Facility Management Services,Pune,864,11,--,7
Wavin,4.1,261,,Noida,756,18,--,5
PhyCARE Solutions,3.6,261,Healthcare,Hyderabad,952,19,--,21
RG Stone Urology & Laparoscopy Hospital,3.8,261,Healthcare,New Delhi,753,7,73,18
L. V. Prasad Eye Institute,4.1,261,Healthcare,Hyderabad,638,13,6,21
ITCONS e-Solutions,3.5,261,IT Services & Consulting,Noida,639,19,2,15
Weddingz.in,2.8,260,Internet,Mumbai,829,17,--,25
Mobius Knowledge Services,3.4,260,Printing & Publishing,Chennai,1.6k,9,7,17
Varite,3.4,260,IT Services & Consulting,Bengaluru,1.2k,20,39,20
Rittal,3.8,260,Industrial Machinery,Bengaluru,1.1k,15,2,20
KTL Automobile,3.9,260,Automobile,Lucknow,1.1k,24,--,15
L&T Heavy Civil Infrastructure,4.2,260,Engineering & Construction,Chennai,994,25,--,97
Oriental Carbon & Chemicals,4.3,260,Chemicals,Mundra,1k,25,--,35
Bajaj Healthcare,3.3,260,Pharma,Vadodara,1.4k,13,8,17
KPC Projects,4.0,260,Engineering & Construction,Hyderabad,907,22,3,18
AceCloud by RTDS,4.1,260,IT Services & Consulting,Gurugram,1.3k,33,12,17
Malabar Group Of Companies,3.7,261,Jewellery,Kozhikode,1.3k,10,9,19
Aditya Infotech,4.3,260,IT Services & Consulting,Noida,1.1k,15,6,23
L&T Heavy Civil Infrastructure,4.2,260,Engineering & Construction,Chennai,994,25,--,97
Oriental Carbon & Chemicals,4.3,260,Chemicals,Mundra,1k,25,--,35
Shivaami Cloud Services,4.1,260,IT Services & Consulting,Mumbai,548,77,4,5
Aarti Pharmalabs,3.7,260,Pharma,Mumbai,1.3k,22,3,4
ReachLocal Services,3.6,260,Marketing & Advertising,Mumbai,1.1k,23,--,21
Saint Gobain Sekurit India,3.7,260,Auto Components,Chennai,927,16,--,36
GrapplTech,4.8,259,IT Services & Consulting,Bengaluru,15,16,--,12
Smith+Nephew,4.1,259,Medical Equipment,Pune,1.5k,15,8,27
New Allenberry Works,3.4,259,Power,Faridabad,946,18,--,16
Costa Cruise Lines,4.2,259,Travel & Tourism,Mumbai,363,16,--,35
Quality Council of India,3.3,259,,New Delhi,1.6k,26,1,22
InvestoXpert,4.3,259,Internet,Noida,448,136,6,13
Arrise Bpo Solutions,3.5,259,BPO,Mumbai,774,8,7,3
Algonomy,3.7,259,Software Product,Bengaluru,1.3k,11,1,54
TP Western Odisha Distribution,3.4,259,Power,Sambalpur,880,36,--,11
Shalina Healthcare,3.4,259,Pharma,Pune,774,14,16,6
Oswaal Books and Learning Private Limited,4.0,259,Printing & Publishing,Agra,392,35,12,21
Mercurius Advisory Services,4.4,259,Accounting & Auditing,New Delhi,567,36,25,52
Media.net Software Services (India),3.1,259,Marketing & Advertising,Mumbai,2.2k,78,--,24
Dhruv Research,3.0,258,Management Consulting,Gurugram,288,17,--,1
Oncquest Laboratories,3.3,258,Healthcare,New Delhi,900,15,--,17
Mayfair Hotels & Resorts,4.3,259,Hospitality,Bhubaneswar,866,17,24,29
MARG ERP,3.5,258,Accounting & Auditing,New Delhi,1.3k,24,--,23
KANINI Software Solutions,3.9,258,IT Services & Consulting,Chennai,1.4k,50,8,5
Virgo Laminates,4.0,258,Building Material,New Delhi,761,9,3,28
LOTS Wholesale Solutions,4.0,258,Food Processing,New Delhi,993,20,7,11
Avance Consulting Services,3.7,258,Recruitment,Hyderabad,1.3k,11,1,8
Grassroots BPO,3.3,258,BPO,Bengaluru,801,11,23,46
Sila Solutions,3.8,258,Facility Management Services,Mumbai,783,20,12,12
Millennium Engineers & Contractors,4.1,257,Engineering & Construction,Pune,1.1k,14,--,30
Paul Merchants,3.8,257,NBFC,Chandigarh,581,7,10,9
Leayan Global,3.9,257,Fashion & Textile,Kanpur,665,10,--,18
Canam Consultants,3.3,257,Education & Training,Chandigarh,827,12,19,9
Madras Radiators and Pressings Limited,3.5,257,Auto Components,Chennai,396,5,1,5
Newgen Knowledge Works,3.4,257,Printing & Publishing,Chennai,1.2k,14,6,29
Health Insurance TPA of India,3.8,257,Insurance,Noida,916,20,5,13
Triveni Turbines,3.7,257,Electrical Equipment,Bengaluru,1.4k,39,4,27
Tangoe,3.7,257,IT Services & Consulting,Bengaluru,1.3k,26,--,26
Shri Bajrang Power & Ispat,3.9,257,Power,Raipur,1.1k,23,15,19
Shri Bajrang Power & Ispat,3.9,257,Power,Raipur,1.1k,23,15,19
Sudhir Power,3.6,257,Power,Gurugram,1.1k,20,17,24
Royal Infraconstru,3.4,257,Engineering & Construction,Kolkata,781,20,3,16
PERSOLKELLY,3.4,257,Recruitment,Bengaluru,1.1k,19,--,12
Simpolo Vitrified,4.0,257,Building Material,Ahmedabad,909,19,25,12
Captain Fresh,3.9,256,Food Processing,Bengaluru,1.2k,13,--,17
ProcMart,3.7,256,IT Services & Consulting,Pune,706,41,7,5
Matter Motor Works,2.9,256,Automobile,Ahmedabad,1.1k,30,12,5
Cordova Publication,3.4,256,Printing & Publishing,Noida,509,5,--,31
Turner Construction,4.0,256,Engineering & Construction,Mumbai,874,13,3,35
Bombay Stock Exchange,3.4,256,Financial Services,Mumbai,1.7k,9,--,18
Health Prime Services (India),3.4,256,Medical Equipment,Mumbai,941,17,12,44
Lucy Electric,3.9,256,Electrical Equipment,Nashik,1.2k,18,17,19
Crest Data Systems,4.0,256,IT Services & Consulting,Ahmedabad,1.8k,32,10,12
Vserve Ebusiness Solutions,4.3,256,IT Services & Consulting,Coimbatore,733,4,20,5
Stashfin,4.3,256,FinTech,New Delhi,808,16,6,50
Goodluck,3.8,256,Iron & Steel,Ghaziabad,931,24,--,16
Ivy Mobility Solutions,2.7,256,Software Product,Chennai,1.9k,22,22,23
Jakson Green,4.3,256,,Noida,618,20,--,2
Betsol,3.5,255,IT Services & Consulting,Bengaluru,1.4k,44,11,21
Meneta Automotive Components,3.8,255,Auto Components,Sonipat,945,20,--,16
Hewlett Packard Globalsoft,3.5,255,,Bengaluru,950,5,--,46
ATC Telecom Infrastructure,4.3,255,Telecom,Gurugram,765,14,--,25
Moveinsync Technology Solutions,3.1,255,Software Product,Bengaluru,1.6k,36,12,15
AGIO Pharmaceuticals,3.6,255,Pharma,Pune,862,50,4,12
Laborate Pharmaceuticals,3.7,255,Pharma,Panipat,947,21,3,13
Richfeel Health & Beauty,3.3,255,Beauty & Personal Care,Mumbai,591,5,--,27
Welspun Global Brands,3.8,255,Fashion & Textile,Mumbai,839,11,--,19
Plada Infotech Services,3.6,255,IT Services & Consulting,Mumbai,753,11,3,13
Enviri,3.9,255,Waste Management,Hyderabad,1.3k,18,71,23
PEARCE SERVICES,3.2,256,Telecom,Sahibzada Ajit Singh Nagar,1.3k,23,4,8
Codeyoung,4.0,256,,Bengaluru,750,60,--,2
PMEA Solar Tech Solutions,4.0,255,Automobile,Nashik,1.1k,15,--,--
GS Engineering & Construction,3.8,255,Engineering & Construction,Mumbai,696,10,1,51
El Seif Engineering Contracting,4.3,256,Engineering & Construction,Riyadh,324,10,--,34
Yodlee,3.9,255,Software Product,Bengaluru,1.5k,18,--,68
Antara Senior Care,3.0,256,,Gurugram,967,29,8,16
Jain University,3.4,255,Education & Training,Bengaluru,947,28,1,21
Godawari Power & Ispat,4.3,255,Iron & Steel,Raipur,848,15,1,17
Zamil Steel Buildings India,4.0,255,Engineering & Construction,Pune,1.2k,10,7,25
Simpson,3.5,255,Auto Components,Chennai,1.2k,12,1,19
GeeksForGeeks,2.8,255,Education & Training,Noida,1.1k,47,12,10
Kotak Mahindra General Insurance,3.7,254,Insurance,Mumbai,1.4k,14,--,9
House of Hiranandani,4.6,254,Real Estate,Mumbai,589,40,--,13
Sequential Technology International,4.1,254,BPO,Gurugram,889,11,--,40
Exusia,3.2,254,IT Services & Consulting,Pune,755,30,2,8
Zyoin,3.5,254,Recruitment,Bengaluru,772,22,2,40
Archirodon,4.2,254,Engineering & Construction,Mumbai,399,19,--,28
Net Solutions,3.9,254,IT Services & Consulting,Chandigarh,818,14,4,115
Lenexis Foodworks,3.6,254,Hospitality,Mumbai,941,23,18,9
Electropneumatics & Hydraulics (I),4.0,254,Industrial Machinery,Pune,1.1k,23,16,30
ASUS,4.3,254,Consumer Electronics & Appliances,Mumbai,974,22,4,28
ITW India,3.8,254,Automobile,Pune,1.2k,17,3,24
Muthoot Money,3.9,254,NBFC,Hyderabad,715,22,--,5
Sona Koyo Steering Systems,4.2,254,Auto Components,Gurugram,363,7,4,43
Inland World Logistics,3.5,254,Logistics,Mumbai,863,12,1,16
Virohan,3.9,254,Education & Training,Gurugram,676,43,3,5
WorkIndia,3.1,254,IT Services & Consulting,Bengaluru,1.4k,35,5,14
Chandigarh Group of Colleges,3.7,255,Education & Training,Chandigarh,844,21,1,10
Mahindra Defence Systems,3.9,254,Defence & Aerospace,Pune,1.3k,20,--,13
Turtle,3.2,254,Fashion & Textile,Kolkata,723,14,--,12
GE Aviation,4.0,253,Aviation,Pune,1.3k,23,7,39
SpanIdea,3.5,253,IT Services & Consulting,Bengaluru,1.7k,36,19,23
Sterling and Wilson Renewable Energy,4.2,253,Power,New Delhi,1k,13,7,8
RineX,4.0,254,,Bengaluru,180,218,--,1
Credera,3.0,253,IT Services & Consulting,Hyderabad,1.9k,42,42,18
Bizcrum Infotech,3.5,253,Internet,New Delhi,834,14,2,10
Sangam India,3.7,253,Fashion & Textile,Bhilwara,969,19,6,16
Navata Road Transport,3.6,253,Logistics,Vijayawada,763,16,54,26
Ventra Health,3.2,253,Analytics & KPO,Chennai,1.2k,17,52,1
Apollo Pipes,3.9,254,Building Material,Noida,916,20,8,10
GTL Limited,4.3,252,Hardware & Networking,Pune,592,10,3,39
HyperCITY,4.7,252,Retail,Mumbai,389,4,--,38
Trantor,3.7,253,IT Services & Consulting,Chandigarh,1.8k,29,41,34
Starmark Software,3.4,252,IT Services & Consulting,Bengaluru,1.6k,20,2,9
WizKlub,2.9,252,EdTech,Bengaluru,834,34,--,7
SA Infrastructure Consultants,3.6,252,Engineering & Construction,Noida,814,11,6,21
Gen,3.6,252,Software Product,Pune,1.7k,23,5,41
GMM Pfaudler,3.8,252,Industrial Machinery,Anand,1.4k,13,--,17
Godrej Capital,3.5,253,Financial Services,Mumbai,1.6k,14,--,1
UPS Supply Chain Solutions,3.8,252,Logistics,Pune,1.4k,16,--,14
Botree Software International,3.4,252,Software Product,Chennai,1.7k,21,3,13
Innova Captab,4.1,252,Pharma,Baddi,838,9,6,12
SA Infrastructure Consultants,3.6,252,Engineering & Construction,Noida,814,11,6,21
GMM Pfaudler,3.8,252,Industrial Machinery,Anand,1.4k,13,--,17
WizKlub,2.9,252,EdTech,Bengaluru,834,34,--,7
Som Autotech,3.9,252,Auto Components,Chhatrapati Sambhajinagar,968,18,7,18
NextGen Healthcare,3.7,252,Software Product,Bengaluru,1.5k,18,--,36
Gen,3.6,252,Software Product,Pune,1.7k,23,5,41
Diamond Beverages,3.0,252,Beverage,Kolkata,810,28,2,21
Raj Petro Specialities,3.8,252,Oil & Gas,Chennai,1k,7,--,15
Pinnacle Industries,3.4,252,Auto Components,Indore,1.1k,16,4,12
Metro Brands,3.8,252,Fashion & Textile,Mumbai,1k,15,17,11
DAZN,2.7,252,Media & Entertainment,Hyderabad,1.8k,40,67,3
Everllence,3.6,252,Industrial Machinery,Chhatrapati Sambhajinagar,1.3k,16,6,31
Edward Food Research and Analysis Centre,3.7,251,Analytics & KPO,Kolkata,646,35,2,11
IIT Madras,3.9,251,Education & Training,Chennai,1.1k,29,17,29
Skylark Infra Engineering Private Limited,3.8,251,Engineering & Construction,Gurugram,647,25,--,11
Madras Engineering Industries,3.7,251,Auto Components,Chennai,1.2k,11,7,15
Kroll,3.5,252,Financial Services,Mumbai,1.9k,26,2,7
Invertis University,4.7,251,Education & Training,Bareilly,239,72,3,10
Barista Coffee Company,4.3,251,Hospitality,New Delhi,676,10,7,33
Ecolab,3.4,252,Waste Management,Pune,1.7k,26,152,6
Futurz Staffing Solutions,3.8,251,Recruitment,Mumbai,853,21,7,13
The Institute Of Chartered Accountants,3.3,252,Education & Training,New Delhi,1.4k,23,5,19
Sraco,3.7,251,Engineering & Construction,Dammam,575,32,--,22
Interarch Building Product,3.9,251,Engineering & Construction,Noida,1.1k,15,10,22
Promea Therapeutics,4.1,252,Medical Equipment,Hyderabad,543,30,28,19
HAL Offshore,4.2,251,Oil & Gas,Mumbai,974,12,--,12
Xtancia Technosoft,4.0,250,Software Product,Chennai,50,40,--,1
Zeelab Pharmacy,3.4,250,Pharma,New Delhi,695,54,12,6
Tatvasoft,3.3,250,IT Services & Consulting,Ahmedabad,1.7k,66,2,17
Adfactors PR,3.3,250,Marketing & Advertising,Mumbai,1.9k,17,23,17
Suminter India Organics,3.8,250,FMCG,Mumbai,847,20,5,12
KhataBook,3.5,250,FinTech,Bengaluru,1.3k,18,9,17
Clearpack,4.0,250,Industrial Machinery,Greater Noida,1.1k,26,1,12
Stanley Lifestyles,3.9,250,Furniture & Furnishing,Bengaluru,900,23,15,9
Star Engineers India,3.5,250,Auto Components,Pune,1.3k,10,13,23
Terrier Security Services,4.2,250,Law Enforcement & Security,Bengaluru,661,15,1,15
Net Access India,3.8,250,IT Services & Consulting,Chennai,1.2k,41,8,24
RGBSI,3.3,250,Software Product,Bengaluru,1.6k,30,3,18
Easyday Club,4.6,250,Retail,New Delhi,433,11,--,37
Intersoft Data Labs,3.6,250,IT Services & Consulting,Gurugram,1.4k,22,4,11
Sami-Sabinsa Group,3.5,250,Pharma,Bengaluru,1.2k,25,5,26
Jindal India Thermal Power,3.8,250,Power,Angul,1k,23,--,18
Hindustan Pencils,4.1,250,FMCG,Mumbai,698,6,5,26
Organic India,4.2,250,FMCG,Lucknow,953,17,--,20
CP Plus,3.9,250,Law Enforcement & Security,Y.S.R. Kadapa,694,20,--,11
Essar Power,4.0,250,Power,Jamnagar,1k,8,--,31
Keller Ground Engineering,4.1,251,Engineering & Construction,Chennai,782,22,--,28
Sai Service,3.8,250,Automobile,Mumbai,1.1k,14,--,20
Vision Express,4.0,250,Retail,Bengaluru,574,2,--,22
Huntsman International,4.1,250,Chemicals,Mumbai,1.1k,12,6,40
VSynergize Outsourcing,3.0,249,Marketing & Advertising,Pune,904,8,1,11
Anand Rathi Global Finance,3.3,249,NBFC,Mumbai,1k,22,3,16
Reliance Smart Bazaar,4.0,250,Retail,New Delhi,609,13,--,4
C. L. GUPTA EXPORTS,4.2,249,Import & Export,Moradabad,823,8,--,19
The Smart Cube,3.5,249,Management Consulting,Noida,1.9k,30,--,29
Acorn Universal Consultancy LLP,4.2,249,BPO,Anand,151,108,--,55
Capillary Technologies,3.3,249,Software Product,Bengaluru,2.1k,20,--,27
Kapture CX,3.2,249,Software Product,Bengaluru,931,23,46,5
The Smart Cube,3.5,249,Management Consulting,Noida,1.9k,30,--,29
C. L. GUPTA EXPORTS,4.2,249,Import & Export,Moradabad,823,8,--,19
Zifo RnD Solutions,3.7,249,IT Services & Consulting,Chennai,1.4k,69,2,14
Dev Information Technology,3.4,249,IT Services & Consulting,Ahmedabad,1.2k,8,15,15
Cross Country Infotech,4.0,249,IT Services & Consulting,Pune,826,57,28,14
Acorn Universal Consultancy LLP,4.2,249,BPO,Anand,151,108,--,55
Puranik Builders,4.1,249,Real Estate,Mumbai,1.1k,8,8,28
Entero Healthcare Solutions,4.1,249,Pharma,Mumbai,1k,11,10,25
Little Nap Recliners,4.7,249,Furniture & Furnishing,New Delhi,89,38,7,51
L&T Water & Effluent Treatment,4.0,248,Engineering & Construction,Chennai,322,10,--,135
IIFL Securities,3.9,248,Financial Services,Mumbai,1.5k,22,--,19
National Securities Depository,3.5,248,Financial Services,Mumbai,1.9k,15,17,20
Experion Developers,4.7,249,Real Estate,Gurugram,683,6,--,10
Kaveri Seed Company,4.0,248,Agriculture,Hyderabad,755,23,--,10
Finnable Technologies,4.1,248,FinTech,Bengaluru,737,20,1,9
Xylem Learning,4.2,248,EdTech,Kozhikode,445,41,18,45
Boston Institute of Analytics,4.3,251,Education & Training,Mumbai,248,85,1,1
Securens System,3.9,248,Law Enforcement & Security,Mumbai,753,9,197,27
Akkodis,3.2,249,IT Services & Consulting,Bengaluru,1.4k,27,4,3
DM Consultants,1.4,247,,Abu Dhabi,62,3,--,3
Identifyplus Delivery Services,3.2,247,Logistics,Gurugram,428,11,--,10
Mfar Constructions,3.8,247,Engineering & Construction,Bengaluru,776,13,6,30
Tirupati Group,4.1,247,Pharma,Paonta Sahib,1.1k,11,--,12
Onkar Infotech,4.0,247,BPO,Gurugram,675,10,3,58
Lentra AI,2.6,247,Financial Services,Pune,2k,24,2,8
e-Procurement Technologies,3.3,247,IT Services & Consulting,Ahmedabad,881,17,--,15
Bread Financial,3.8,247,FinTech,Bengaluru,1.8k,28,18,3
FoodPanda,3.9,247,Internet,Gurugram,812,7,--,28
Sedin Technologies,4.5,247,IT Services & Consulting,Chennai,1.1k,85,29,14
Upwork,4.3,247,Internet,Bengaluru,1.6k,23,3,13
Microchip Technology,3.7,247,Semiconductors,Bengaluru,2k,46,100,18
Safran Engineering Services India,3.2,247,Aviation,Bengaluru,1.7k,33,16,16
VERITY GLOBAL SOLUTIONS,3.5,247,Investment Banking / Venture Capital / Private Equity,Bengaluru,1.3k,14,--,22
Q Way Technologies,2.9,247,Healthcare,Chennai,1.1k,15,8,18
Formidium Corp,2.8,247,Financial Services,Jaipur,1.3k,12,--,11
CTM India Limited,3.5,249,Industrial Machinery,Chennai,841,8,--,9
National Contracting Company,3.9,247,Engineering & Construction,Chennai,666,4,--,33
Coolberg Beverages,3.2,247,Hospitality,Mumbai,499,25,--,29
Netenrich Technologies,3.2,247,Software Product,Hyderabad,1.9k,33,13,30
Dalmia Bharat Sugar & Industries,4.1,247,Food Processing,Kolhapur,838,20,1,22
BoAt,4.3,247,Consumer Electronics & Appliances,Mumbai,1.4k,12,1,7
Webtel Electrosoft,3.6,246,IT Services & Consulting,New Delhi,1k,13,8,14
Klaus IT Solutions,3.4,246,IT Services & Consulting,Bengaluru,1.3k,16,--,13
VISA Steel,3.1,246,Iron & Steel,Jajpur,836,23,--,24
Alp Consulting,3.8,246,Recruitment,Bengaluru,1.2k,33,1,29
Bhavani Industries,3.6,246,,Rajkot,1.3k,10,10,28
Grazitti Interactive,3.0,246,IT Services & Consulting,Chandigarh,2k,21,54,21
Cryoviva Biotech,3.3,246,Biotechnology,Gurugram,632,14,1,18
Ajay Industrial Corporation,3.3,246,Industrial Machinery,New Delhi,807,13,7,12
ITI Finance,4.1,246,Financial Services,Mumbai,507,16,--,4
Annova Solutions,3.6,246,Pharma,Indore,853,19,9,7
Billabong High International School,3.7,247,Education & Training,Mumbai,758,12,--,33
Tokai Rubber Auto Parts India,3.4,246,Industrial Machinery,Neemrana,923,17,--,30
La Renon Healthcare,4.2,246,Pharma,Ahmedabad,729,16,5,18
NKC Projects,4.0,246,Engineering & Construction,Gurugram,1k,13,--,10
Health & Glow,3.7,247,Beauty & Personal Care,Bengaluru,1.3k,16,1,19
Genzeon (India) Private Limited,3.9,246,IT Services & Consulting,Hyderabad,924,56,39,5
Nineleaps Technology Solutions,4.3,247,IT Services & Consulting,Bengaluru,1.3k,43,13,15
SevenMentor,4.3,245,Education & Training,Pune,473,63,107,33
Weikfield Foods,3.4,246,Food Processing,Pune,821,13,6,28
Narmada Bio Chem,4.8,245,Agro Chemicals,Ahmedabad,302,7,1,58
Vasta Global,3.8,245,Clinical Research,Mumbai,1.1k,43,--,7
Chennai Petroleum Corporation,4.6,245,Oil & Gas,Chennai,1k,20,--,19
Corecard Software,3.8,245,FinTech,Bhopal,1.5k,18,--,22
Allianz,4.4,245,Insurance,Thiruvananthapuram,1.7k,20,19,39
Indutch Composites Technology,3.7,245,Industrial Machinery,Chennai,1.2k,8,10,15
Programmers.io,3.9,245,IT Services & Consulting,Jaipur,1k,33,52,37
Envestnet Asset Management,3.9,245,Financial Services,Thiruvananthapuram,1.8k,20,18,26
Kuwait Oil Company,4.3,246,Oil & Gas,Chennai,747,17,--,27
Pittie Group,3.0,245,Real Estate,Mumbai,1.1k,23,3,14
Dish Infra Services,3.1,245,Telecom,New Delhi,655,7,--,8
AONE OUTSOURCING SOLUTIONS,4.6,246,Financial Services,Ghaziabad,344,21,--,31
iVenus,4.1,245,Retail,Surat,390,42,10,4
Bekaert Industries,3.9,245,Electrical Equipment,Pune,1k,12,12,22
SRM Technologies Pvt.Ltd,3.3,245,IT Services & Consulting,Chennai,2.1k,33,44,25
Radnik Exports,4.1,245,Fashion & Textile,Noida,802,7,--,16
EVIO,3.8,245,Power,Mumbai,759,12,11,15
Galpha Laboratories,3.7,245,Pharma,Baddi,767,11,--,23
Arkade Group,3.9,244,Real Estate,Mumbai,325,38,--,6
Global Edge Software,3.4,244,Software Product,Bengaluru,1.5k,25,--,33
Miraj Cinemas,3.7,244,Media & Entertainment,Mumbai,585,5,--,4
Bravura Solutions,3.8,244,Software Product,Gurugram,1.2k,17,5,106
Learning Links Foundation,4.1,244,Non-Profit,New Delhi,875,15,10,20
Q3 Technologies,3.4,244,IT Services & Consulting,Gurugram,1.7k,32,24,12
Toshiba,4.1,244,Industrial Machinery,Bengaluru,1.2k,33,--,24
Bull Machines,3.7,244,Engineering & Construction,Coimbatore,1.2k,25,14,14
Ratna Sagar,3.6,244,Printing & Publishing,New Delhi,744,34,2,23
Sales India,4.1,244,Retail,Ahmedabad,1.6k,32,--,21
Kamineni Hospitals,4.1,244,Healthcare,Hyderabad,789,12,9,17
Covalent Laboratories,3.4,244,Pharma,Hyderabad,1k,10,4,16
Collman Services,3.7,245,BPO,Chennai,760,12,--,6
Galva Decoparts,3.4,243,Chemicals,Vapi,1.1k,19,--,11
Deen Dayal Upadhyaya Grameen Kaushalya Yojana,3.8,243,Government,Hyderabad,485,10,--,19
Smc Insurance Brokers,3.4,243,Insurance,New Delhi,842,10,9,15
Valueonshore Advisors,3.9,244,Management Consulting,Gurugram,658,23,17,21
Optiemus Electronics,3.6,243,Electronics Manufacturing,Noida,876,11,4,14
Spectrum Consultants,2.4,243,Recruitment,Pune,1k,30,90,15
PIX Transmissions,3.7,243,Petrochemicals,Nagpur,913,17,11,21
Neon Laboratories,4.0,243,Pharma,Mumbai,1.1k,9,--,15
Agrim,3.4,243,Agriculture,Gurugram,930,26,30,8
ICICI Merchant Service,3.5,243,Banking,Mumbai,648,14,--,27
Chai Point,3.8,243,Hospitality,Bengaluru,1.2k,16,15,18
Eversana,3.2,243,Software Product,Pune,1.8k,30,14,14
Nova IVI Fertility,3.9,243,Healthcare,Bengaluru,694,17,--,15
CyberSWIFT Infotech,3.6,244,IT Services & Consulting,Kolkata,485,18,2,32
Sterling Hospitals,4.0,243,Healthcare,Ahmedabad,812,11,--,22
The BIM Engineers,4.2,243,Engineering & Construction,Gurugram,1.1k,39,27,13
Regalo Kitchens,3.5,243,Architecture & Interior Design,New Delhi,542,39,8,29
Casio India Company,3.2,243,Consumer Electronics & Appliances,New Delhi,880,24,--,22
Jitm Skills,3.1,242,Education & Training,New Delhi,657,18,1,14
Housejoy,4.2,242,Facility Management Services,Bengaluru,506,2,--,23
Barmalt Malting,3.9,242,Food Processing,Gurugram,958,15,4,21
NIELIT,4.1,242,Education & Training,New Delhi,687,20,--,18
Sanjeev Auto Parts Manufacturers,4.0,242,Auto Components,Chhatrapati Sambhajinagar,753,17,6,26
Live Connections,3.8,242,Recruitment,Chennai,889,22,11,11
BillDesk,3.1,242,FinTech,Mumbai,1.5k,17,9,16
University of Petroleum & Energy Studies,3.7,242,Education & Training,Dehradun,890,18,11,31
SK E&C,4.4,242,Engineering & Construction,Mumbai,482,11,--,46
Epicor Software Corporation,2.9,242,IT Services & Consulting,Bengaluru,1.9k,27,64,26
Greenway Health,2.9,243,IT Services & Consulting,Bengaluru,1.3k,29,6,9
Vaidik Eduservices,3.3,242,EdTech,Noida,480,77,1,8
Placementindia.com,4.9,242,Recruitment,New Delhi,5,15,--,8
FEV,3.5,242,Auto Components,Pune,1.6k,11,1,17
Allen Solly,3.9,242,Fashion & Textile,Bengaluru,547,16,--,23
Oasis Partners Asia,3.9,242,Recruitment,Mumbai,840,12,--,8
Texas Review,3.9,242,Education & Training,Hyderabad,587,71,1,8
Renata Precision Components,3.4,241,Industrial Machinery,Pune,1.2k,16,18,14
11:11 Systems,3.3,241,IT Services & Consulting,Pune,1.4k,17,1,44
Bajel Projects,4.2,243,Engineering & Construction,Mumbai,749,22,14,6
American Oncology Institute,4.2,241,Healthcare,Hyderabad,940,11,67,17
HMSHost,3.8,241,FMCG,Bengaluru,621,14,--,21
VGN Projects Estates,3.8,241,Real Estate,Chennai,705,15,5,79
Bonito Designs,3.5,241,Architecture & Interior Design,Bengaluru,1.2k,39,23,13
GlobusSoft,3.5,241,IT Services & Consulting,Bengaluru,806,36,5,42
NBCC,3.8,242,Real Estate,New Delhi,799,19,--,21
Income Tax Department India,4.3,241,Government,New Delhi,996,10,--,17
United Alliance Technology,4.9,241,IT Services & Consulting,Pune,27,5,--,86
Sewa Grih Rin,3.4,241,NBFC,New Delhi,881,10,--,9
SEO Discovery,4.8,241,Financial Services,Sahibzada Ajit Singh Nagar,214,73,3,14
Pearl Global Industries,3.8,242,Fashion & Textile,Gurugram,1k,12,7,33
Arun Excello,3.9,243,Engineering & Construction,Chennai,964,16,7,17
Nordex India,3.8,242,Internet,Chennai,1.2k,19,--,11
Caliber Technologies,3.1,242,IT Services & Consulting,Hyderabad,1.6k,16,--,13
Filatex India,3.6,241,Fashion & Textile,Bharuch,1.1k,18,5,19
Prabhat Dairy,3.7,241,FMCG,Mumbai,860,7,--,25
Vakilsearch,3.1,241,Legal,Chennai,1.1k,15,17,6
Montra Electric,3.7,241,Automobile,Chennai,930,18,3,2
WPIL,3.4,241,Building Material,Kolkata,883,20,--,13
Avontix,3.4,241,IT Services & Consulting,Hyderabad,803,21,18,6
Kanpur Plastipack,3.6,241,Packaging,Kanpur,791,21,9,23
Grb Dairy Foods,3.5,241,Food Processing,Hosur,1k,14,--,12
Radius Global Solutions,2.8,241,BPO,Mumbai,1k,14,--,14
QualiZeal,4.0,241,IT Services & Consulting,Hyderabad,717,63,15,1
OASYS Cybernetics,3.0,242,IT Services & Consulting,Chennai,1.4k,13,14,10
Pharmaceutical job,4.1,241,Pharma,Mumbai,2.2k,25,--,12
Ileads Auxiliary Services,3.0,241,BPO,Dehradun,776,18,7,3
Rustomjee Group,4.0,240,Real Estate,Mumbai,1.2k,23,--,14
EY-Parthenon,3.0,240,,Bengaluru,3k,35,--,8
Nagata India,3.8,240,Metals & Mining,Gurugram,945,12,1,18
NMDC Steels,3.8,241,Iron & Steel,Jagdalpur,749,11,--,1
Kwality Pharmaceuticals,3.9,240,Pharma,Amritsar,926,25,3,12
Shalimar Corp,4.3,240,Real Estate,Lucknow,871,18,1,10
Sarda Energy & Minerals,4.0,240,Iron & Steel,Raipur,869,11,1,12
Crown Solutions,3.7,240,IT Services & Consulting,Chennai,1.7k,20,--,5
EY-Parthenon,3.0,240,,Bengaluru,3k,35,--,8
Nagata India,3.8,240,Metals & Mining,Gurugram,945,12,1,18
ILS Hospitals,3.6,240,Healthcare,Kolkata,663,12,14,14
Rustomjee Group,4.0,240,Real Estate,Mumbai,1.2k,23,--,14
Ileads Auxiliary Services,3.0,241,BPO,Dehradun,776,18,7,3
Ammann Apollo,4.1,240,Industrial Machinery,Ahmedabad,1.1k,14,8,17
Kapston Services,4.0,241,Recruitment,Hyderabad,925,15,13,8
Dhandhania Infotech,3.3,240,IT Services & Consulting,Nagpur,1.1k,18,6,17
Amara Raja Power Systems,4.3,240,Auto Components,Tirupati,910,20,62,37
Innoval Digital Solutions,4.7,240,Software Product,Thiruvananthapuram,376,9,1,54
Tide - Business Management Platform,3.7,240,FinTech,Hyderabad,1.6k,44,45,5
Kharafi National,4.3,239,Engineering & Construction,Chennai,321,3,--,31
The New India Assurance Co.,4.4,239,Insurance,Mumbai,671,9,--,24
Hofincons Infotech & Industrial Services,4.0,239,Industrial Machinery,Chennai,623,9,--,29
Javi Systems,3.6,239,IT Services & Consulting,Gurugram,712,15,--,15
Linfox Logistics,4.1,240,Urban Transport,Chennai,677,5,--,21
Javi Systems,3.6,239,IT Services & Consulting,Gurugram,712,15,--,15
Chandan Steel,3.4,239,Metals & Mining,Umbergaon,1k,17,7,10
Manubhai Jewellers,4.7,239,Jewellery,Mumbai,194,62,2,3
The New India Assurance Co.,4.4,239,Insurance,Mumbai,671,9,--,24
Government of West Bengal,3.6,240,Government,Kolkata,880,10,--,14
MQSYS Technologies,3.6,239,IT Services & Consulting,Chennai,2.3k,15,2,9
Airblack,4.0,239,EdTech,Gurugram,274,26,4,17
JAY JAY MILLS,4.0,239,Fashion & Textile,Erode,770,17,106,19
Selectsys,3.5,241,Software Product,Hyderabad,1.3k,25,4,13
Airtel Africa,3.0,239,Telecom,Gurugram,1.1k,44,10,7
Azim Premji Foundation,3.8,239,Non-Profit,Bengaluru,770,34,58,19
Six Phrase,3.7,239,,Coimbatore,120,55,1,5
Med Manor Organics,3.7,239,Pharma,Hyderabad,675,17,1,21
Geetanjali Medical College and Hospital,4.0,239,Healthcare,Udaipur,743,9,1,18
Rajan Technocast,4.7,239,Industrial Machinery,Rajkot,176,10,--,6
Indo German Tool Room,4.0,239,Government,Chhatrapati Sambhajinagar,513,10,1,17
VRC Constructions India,3.8,239,Engineering & Construction,New Delhi,735,11,--,22
S Chand Group,3.5,240,Printing & Publishing,New Delhi,838,5,5,22
NCL BUILDTEK,3.5,239,Building Material,Hyderabad,952,18,61,14
Aziro,3.5,240,IT Services & Consulting,Chennai,1.4k,56,152,10
Naprod Life Sciences,3.4,239,Pharma,Mumbai,1.1k,17,1,16
Linc,3.5,238,FMCG,Kolkata,931,16,1,9
Bihar Foundry and Castings Limited,4.4,238,Industrial Machinery,Ramngarh,358,13,--,4
CPM International,3.9,238,Recruitment,New Delhi,473,20,--,22
Sanoh,4.1,238,Auto Components,Gurugram,903,15,2,28
Karanwal Capital,4.6,238,Investment Banking / Venture Capital / Private Equity,Mumbai,211,102,2,63
The Sparks Foundation,4.3,238,Education & Training,Mumbai,322,23,--,10
Carnival Cinemas,3.7,238,Media & Entertainment,Mumbai,757,8,--,21
Ajmera Realty & Infra India,4.6,238,Real Estate,Mumbai,613,4,39,9
Expertrons,3.6,238,Education & Training,Mumbai,614,39,8,21
Victora Industries,3.7,239,Auto Components,Faridabad,860,15,12,1
Freedom Employability Academy,4.1,238,Education & Training,New Delhi,578,28,--,7
Model N,4.5,238,Software Product,Hyderabad,972,31,19,13
National Insurance Company,4.6,238,Insurance,Kolkata,587,8,--,24
Alembic,3.9,239,Pharma,Vadodara,861,20,156,30
MASAI School,4.1,238,EdTech,Bengaluru,771,26,33,7
inMorphis Services,3.9,238,IT Services & Consulting,Noida,949,12,29,11
SMS Pharmaceuticals,3.1,240,Pharma,Hyderabad,803,16,--,12
Arkray Healthcare,3.4,238,Healthcare,Surat,868,8,9,23
SkillRecruit,4.4,238,Recruitment,Hyderabad,343,9,--,98
SLAP,3.9,238,Management Consulting,Anantapur,844,17,2,11
AT&S,3.6,238,Semiconductors,Mysuru,1.2k,14,11,12
Zones Corporate Solutions,3.3,238,IT Services & Consulting,Bengaluru,1.2k,29,24,17
Tesseract Imaging,4.0,237,,Navi Mumbai,621,14,1,20
Shorthills AI,3.6,237,Emerging Technologies,Gurugram,566,17,11,60
Vara United,3.7,237,IT Services & Consulting,Hyderabad,685,9,4,19
Marathon Realty,3.9,237,Real Estate,Mumbai,805,10,2,22
Omprime Technology Private Limited,4.0,237,IT Services & Consulting,Gurugram,300,22,7,43
Agiliad,3.3,237,Engineering & Construction,Pune,1.7k,37,56,13
Sugam Parivahan,4.2,237,Logistics,Noida,737,23,9,12
Lubi Industries Llp,4.1,237,Industrial Machinery,Ahmedabad,1k,11,6,11
bebo Technologies,3.4,237,IT Services & Consulting,Chandigarh,1.4k,30,1,18
Box8,3.5,237,Hospitality,Bengaluru,821,14,3,30
National Small Industries Corporation,4.0,237,Government,New Delhi,585,15,--,12
Excellon Software,4.4,237,Software Product,Pune,1.1k,15,9,9
Skechers,4.1,237,Retail,Mumbai,800,14,1,19
Premier Indoplast,4.1,237,,Faridabad,746,7,--,4
Magnasoft Consulting India,3.2,237,IT Services & Consulting,Bengaluru,994,19,3,12
Scc Infrastructure,3.9,237,Engineering & Construction,Ahmedabad,744,23,11,11
Kobelco Construction Equipment India,4.3,238,Industrial Machinery,Chennai,1k,25,--,22
20Cube Logistics,3.7,237,Logistics,Chennai,1.1k,20,2,16
St. John's Medical College Hospital,4.1,237,Healthcare,Bengaluru,692,6,--,18
Atibir Industries,3.1,237,Iron & Steel,Giridih,590,6,3,28
RSH Global,4.1,237,FMCG,Kolkata,754,10,--,19
Garware Hi-Tech Films,3.9,237,Packaging,Chhatrapati Sambhajinagar,1.1k,9,13,19
Cube Highways,4.3,237,Engineering & Construction,Noida,716,18,--,2
Neudesic Technologies,4.1,237,IT Services & Consulting,Bengaluru,2.2k,40,5,8
Indiabulls Real Estate,4.4,236,Real Estate,Mumbai,933,9,--,25
ABEC,4.2,236,Events,Mumbai,434,30,4,1
Franco-Indian Pharmaceuticals,3.3,236,Pharma,Mumbai,714,10,1,18
American Tower Corporation,4.0,236,Telecom,Gurugram,1.1k,6,--,28
Kumaran Systems,3.5,236,IT Services & Consulting,Chennai,1.8k,38,30,16
Shiva Pharmachem,3.8,236,Pharma,Vadodara,1.2k,5,2,20
JPM Group,3.8,236,Industrial Machinery,Gurugram,1.1k,12,--,13
Harita Techserv,3.3,237,Recruitment,Bengaluru,1.2k,22,1,18
Intuit,3.3,236,IT Services & Consulting,Bengaluru,3k,86,2,14
Rajasthan Patrika,3.2,236,Broadcasting,Jaipur,949,10,4,17
Aditya Birla Money,3.9,236,,Chennai,750,23,--,14
AABSyS IT,3.2,236,IT Services & Consulting,Bhubaneswar,1k,10,6,24
Unthinkable Solutions,3.1,237,IT Services & Consulting,Gurugram,1.7k,68,1,17
iD Fresh Food,4.0,236,FMCG,Bengaluru,721,24,2,11
Copart,3.1,236,Automobile,Hyderabad,1.7k,31,6,16
Autometers Alliance,4.3,236,Electronics Manufacturing,Noida,941,16,--,25
Veltris,3.6,236,IT Services & Consulting,Hyderabad,1.2k,23,6,12
Linux Laboratories,4.0,236,Pharma,Chennai,525,24,8,16
Reliance Consumer Products,3.7,236,,Bengaluru,915,15,--,14
S&IB Services,3.9,236,Facility Management Services,Kolkata,816,7,--,11
Groupe SEB,3.5,237,Consumer Electronics & Appliances,New Delhi,857,14,1,18
Cyrix Health Care,4.3,236,Medical Equipment,Lucknow,486,43,17,8
Balasore Alloys,3.0,236,Metals & Mining,Balasore,736,17,5,23
Dr B Lal Clinical Laboratory,4.4,236,Healthcare,Jaipur,422,25,7,36
Koyo Bearings India,3.9,235,Auto Components,Rewari,761,8,--,33
Sears Holdings,3.0,235,Retail,Pune,1.4k,13,--,20
Impressico Business Solutions,4.4,235,IT Services & Consulting,Noida,1.1k,18,30,42
Albert David,3.5,235,Pharma,Kolkata,610,18,4,6
Arvato,3.7,235,IT Services & Consulting,Gurugram,469,2,--,40
Jaipur National University,3.0,235,Education & Training,Jaipur,622,11,--,5
Parle Elizabeth Tools,3.9,236,Industrial Machinery,Ahmedabad,1.1k,20,--,18
Student Life,4.0,235,Non-Profit,Kolkata,599,57,--,10
Tecnotree Convergence,3.1,235,IT Services & Consulting,Bengaluru,1.7k,16,1,17
Svatantra Micro Housing Finance Corporation Limited,3.9,237,Financial Services,Mumbai,777,19,27,6
The Indian Express,3.9,235,Printing & Publishing,Noida,1.3k,8,--,19
Parason Machinery,3.3,235,Industrial Machinery,Chhatrapati Sambhajinagar,1.2k,30,6,18
Radio Mirchi,3.3,235,Broadcasting,Mumbai,1k,19,--,11
Pearl Precision Products,3.8,235,Building Material,Noida,676,8,2,8
Pontika Aerotech,3.6,235,Pharma,Paonta Sahib,788,19,1,16
Impact Analytics,3.9,235,IT Services & Consulting,Bengaluru,1.6k,85,44,12
Sears IT & Management Services India,3.1,235,IT Services & Consulting,Pune,1.3k,15,--,32
APM Terminals,4.4,236,Ports & Shipping,Mumbai,820,10,242,24
"Sanjay Ghodawat International School, Kolhapur",3.5,235,Education & Training,Kolhapur,456,123,22,42
Infoesearch Ites,3.2,235,Media & Entertainment,Hyderabad,675,31,6,6
Raheja Developers,3.2,235,Real Estate,Gurugram,820,7,5,16
Ginger Hotels,3.9,235,Hospitality,Mumbai,732,9,--,20
Prompt Personnel,3.8,235,Recruitment,Mumbai,797,11,--,13
WEG,4.2,235,Electronics Manufacturing,Hosur,1.2k,18,--,28
Sneha Farms,4.0,235,Agriculture,Hyderabad,878,14,7,10
AGILE AIRPORT SERVICES,3.9,236,Aviation,New Delhi,449,17,--,12
Essae Digitronics,4.1,234,Electronics Manufacturing,Bengaluru,815,13,2,18
ADARSH DEVELOPERS,4.3,234,Real Estate,Bengaluru,717,14,4,21
LUX Industries,3.3,234,Fashion & Textile,Kolkata,1k,10,3,13
BPL Medical Technologies,3.4,235,Medical Equipment,Bengaluru,992,15,--,18
Finorchem Limited,3.7,234,Petrochemicals,Ankleshwar,859,29,2,7
Advantum Health,2.9,234,Healthcare,Hyderabad,885,13,41,23
Paradise Food Court,3.7,234,Hospitality,Hyderabad,920,23,58,31
Precision Group,3.5,234,Industrial Machinery,Chennai,1.7k,11,--,4
Bondada Engineering,3.5,234,Engineering & Construction,Hyderabad,701,33,65,8
Bsr Infratech India,3.8,234,Engineering & Construction,Bengaluru,941,19,--,17
Ganit Inc,4.0,234,IT Services & Consulting,Chennai,809,31,30,2
Rasna,3.3,234,Food Processing,Ahmedabad,609,18,--,12
M.J Global,3.8,234,Packaging,Noida,302,11,4,190
Sand Martin Consultants,2.9,234,BPO,New Delhi,905,30,--,18
Mvs Acmei Technologies,3.9,234,Industrial Machinery,Hyderabad,741,16,--,21
CoLive,4.0,237,Real Estate,Bengaluru,669,49,--,9
Fusion,3.1,234,IT Services & Consulting,Kolkata,889,19,1,9
Verzeo,2.7,233,EdTech,Bengaluru,399,33,--,13
RASI SEEDS,4.1,233,Agriculture,Hyderabad,746,8,1,24
Itvedant Education,3.7,234,Education & Training,Mumbai,491,38,59,8
Advids,4.4,233,Marketing & Advertising,Pune,314,16,--,12
IMSI,3.1,233,Recruitment,Mumbai,789,10,14,16
Verzeo,2.7,233,EdTech,Bengaluru,399,33,--,13
IMSI,3.1,233,Recruitment,Mumbai,789,10,14,16
Focus Energy,3.5,233,Oil & Gas,Jaisalmer,756,20,5,45
Pure & Cure Healthcare,4.1,233,Pharma,Haridwar,668,9,--,13
Itvedant Education,3.7,234,Education & Training,Mumbai,491,38,59,8
Maral Overseas,3.7,234,Fashion & Textile,Noida,843,8,--,15
Uniinfo Telecom Services,3.4,233,Telecom,Indore,500,13,2,19
Red Bull,4.1,233,Beverage,Mumbai,823,16,5,20
Kalyani Maxion Wheels,4.1,233,Auto Components,Pune,1k,6,--,22
Asian Institute of Medical Sciences,3.9,233,,Faridabad,1.1k,5,--,20
Umedica Laboratories,3.6,233,Pharma,Vapi,1.2k,15,20,13
Brij Gopal Construction Company,3.9,233,Engineering & Construction,New Delhi,790,19,1,10
Qi Spine Clinic,3.7,233,Healthcare,Mumbai,532,42,12,18
Sun Vacuum Formers,3.8,233,Auto Components,Gurugram,773,18,--,27
Echs Polyclinic,4.1,233,Healthcare,New Delhi,428,14,--,10
Balaji Enterprises,4.4,233,Real Estate,New Delhi,1.4k,11,6,15
Chaitanya Projects Consultancy,4.0,233,Financial Services,Noida,652,19,--,11
GLA University,3.6,233,Education & Training,Mathura,871,19,10,17
Little Millennium,3.8,233,EdTech,Pune,681,21,5,21
Paychex IT Solutions India,3.3,233,Software Product,Bengaluru,1.2k,30,31,10
PIT Solutions,3.7,232,IT Services & Consulting,Thiruvananthapuram,1.1k,19,27,70
LawSikho,3.8,232,,New Delhi,502,34,3,6
Zinnov Management Consulting,3.2,232,Management Consulting,Bengaluru,1.6k,28,100,15
Veolia,4.0,232,Waste Management,Bengaluru,961,14,--,9
United India Insurance Company,4.5,233,Insurance,Chennai,614,10,--,25
Orange Mantra,3.8,240,IT Services & Consulting,Gurugram,1.2k,35,28,24
Aachi Foods,4.1,232,FMCG,Chennai,895,27,5,24
SUGAR Cosmetics,3.8,232,Internet,Mumbai,998,23,--,11
Ami Polymer,3.7,232,Medical Equipment,Dadra & Nagar Haveli,748,19,26,17
TravelTriangle,3.6,232,Travel & Tourism,Gurugram,921,15,8,44
HEG,3.8,232,Semiconductors,Bhopal,963,18,3,24
Scyo Decision Services,4.5,232,Analytics & KPO,Chennai,391,24,1,2
Flex Technologies,3.9,233,,Chennai,1.7k,13,--,9
Bombay Rayon Fashions,3.2,232,Fashion & Textile,Mumbai,846,6,--,21
John Crane Sealing Systems India,3.4,232,Industrial Machinery,Bengaluru,1.3k,22,66,22
MUNDRA SOLAR TECHNOPARK,3.7,232,Industrial Machinery,Mundra,723,13,--,25
Excelra Knowledge Solutions,3.4,232,Analytics & KPO,Hyderabad,995,22,19,21
Andhra Paper,3.5,232,Pulp & Paper,Rajamahendravaram,1.1k,22,12,9
SunMax Auto Engineering,3.6,232,Auto Components,Gurugram,662,12,6,20
Arihant Publications,3.7,231,Printing & Publishing,New Delhi,551,28,2,11
Arihant Publications,3.7,231,Printing & Publishing,New Delhi,551,28,2,11
Fresher Than Fresh,4.0,231,Retail,Hyderabad,388,61,--,15
Matrix ComSec,3.5,231,Law Enforcement & Security,Vadodara,1.4k,21,24,25
Consilio,3.6,231,Legal,Bengaluru,1.5k,27,23,13
Changepond Technologies,3.0,232,IT Services & Consulting,Chennai,2k,31,3,14
LinkedIn,4.0,231,Internet,Bengaluru,2.4k,74,--,17
IVTL Infoview Technologies,3.6,231,IT Services & Consulting,Chennai,1.3k,11,--,21
Army Ordnance Corps,4.8,231,Defence & Aerospace,New Delhi,505,7,--,14
Jaypee Hotels,3.8,231,Hospitality,New Delhi,685,12,--,32
SIAC SKH India Cabs Manufacturing,3.8,232,Industrial Machinery,Faridabad,807,23,--,19
Flash Viven Machining Technologies,3.6,231,Auto Components,Pune,1.1k,15,--,19
Neolite Zkw Lightings,3.9,231,Auto Components,Bahadurgarh,917,21,6,17
Coffee Day,3.0,231,Hospitality,Bengaluru,999,22,--,27
Marine Electricals,3.5,231,Industrial Automation,Mumbai,1.3k,26,8,14
MaRS Planning & Engineering Services,3.7,232,Engineering & Construction,Ahmedabad,871,9,--,6
Verifone,3.1,231,FinTech,Bengaluru,1.6k,28,--,20
Centillion Solutions and Services,3.9,231,IT Services & Consulting,Bengaluru,581,10,10,5
Touchstone Educationals,3.2,231,Education & Training,Chandigarh,500,17,40,17
Patton International,3.6,231,Iron & Steel,Kolkata,950,14,--,22
KNR Constructions,4.0,231,Engineering & Construction,Hyderabad,766,9,4,22
Taggd,3.4,234,Recruitment,Gurugram,785,14,11,5
Sankey Solutions,3.8,230,IT Services & Consulting,Mumbai,651,37,1,1
Lifelong India,3.9,230,Petrochemicals,Gurugram,966,20,11,22
Link Group,3.7,231,Financial Services,Mumbai,1.4k,34,--,28
Trivitron Healthcare,3.3,230,Medical Equipment,Chennai,1.1k,25,4,28
Reecomps Teleservices,3.7,230,Telecom,Mumbai,627,13,2,10
Augtech Nextwealth,3.7,230,IT Services & Consulting,Bhilai Nagar,437,39,8,5
VHS Consulting,3.8,230,IT Services & Consulting,Bengaluru,1.5k,15,--,7
Games24x7,3.9,230,Gaming,Bengaluru,1.8k,25,1,12
Sonovision-Aetos,3.5,230,IT Services & Consulting,Bengaluru,1k,19,--,10
Government Medical College,4.1,230,Education & Training,Srinagar,868,6,--,12
Zydus Hospira Oncology,4.2,230,Pharma,Ahmedabad,717,8,--,13
Z1 Tech,4.1,230,Internet,Gurugram,421,22,20,1
Integrated Personnel Services Limited,4.0,230,Recruitment,Mumbai,904,21,15,13
Scania,3.6,230,Auto Components,Bengaluru,603,17,--,40
Mining Engineering Services,3.7,230,Metals & Mining,Vadodara,652,35,--,5
Marquardt,3.7,230,Auto Components,Pune,1.6k,15,11,25
ContinuServe Softech India,3.2,230,BPO,Bengaluru,1.3k,19,5,7
Vensa Infrastructure,4.1,230,Real Estate,Hyderabad,734,18,--,14
Neogen Chemicals,4.0,230,Chemicals,Bharuch,1.3k,18,7,12
Nyx-medical Solutions,3.6,230,Analytics & KPO,Bengaluru,774,20,4,8
Stratosphere IT Services,3.0,230,Recruitment,Hyderabad,1.4k,12,--,14
FarEye,3.3,230,IT Services & Consulting,Noida,1.7k,31,1,20
Ncc Urban Infrastructure,4.1,230,Engineering & Construction,Hyderabad,910,20,1,19
Teachers Insurance and Annuity Association of America,3.9,230,Financial Services,Pune,2.2k,8,--,9
Oxyzo Financial Services,3.3,230,Financial Services,Gurugram,1.2k,13,1,7
Teerthanker Mahaveer University,3.4,230,Education & Training,Moradabad,707,11,37,9
Reliance Home Finance,4.0,229,NBFC,Mumbai,474,2,--,24
DelaPlex Software,4.2,229,IT Services & Consulting,Nagpur,945,38,14,8
Valenta AI Private Limited,4.3,229,Emerging Technologies,Bengaluru,645,33,10,18
BluSmart,3.8,229,Urban Transport,Gurugram,937,21,--,1
Keertana Finserv,3.3,229,NBFC,Hyderabad,534,26,16,3
Broker Network,2.4,229,Internet,Mumbai,985,12,--,4
AbbVie Inc.,3.6,229,Pharma,Bengaluru,982,13,--,4
RegisterKaro,3.4,229,Internet,Gurugram,469,77,2,1
Helmerich & Payne,3.7,229,Oil & Gas,Bengaluru,1.8k,9,7,19
MKCL,3.7,229,Education & Training,Pune,1.1k,16,3,21
Travelex,3.3,229,Financial Services,Mumbai,1.4k,20,--,34
Mantri Developers,3.4,229,Real Estate,Bengaluru,963,10,13,38
Matix Fertilisers & Chemicals,3.7,229,Agro Chemicals,Durgapur,1k,24,--,19
ICPA Health Products,3.2,229,Healthcare,Mumbai,633,16,40,20
Savita Oil Technologies,4.1,229,Oil & Gas,Mumbai,1k,12,3,12
Google Pay,3.7,229,FinTech,Bengaluru,1.3k,42,--,21
Centaur Billing,3.8,229,Analytics & KPO,Chennai,352,64,2,1
Man Industries,3.4,229,Iron & Steel,Mumbai,1.1k,15,2,17
Shri Mahavir Ferro Alloys,3.4,229,Iron & Steel,Rourkela,811,16,--,5
Busy Infotech,4.1,229,Software Product,New Delhi,860,15,15,17
Elevate Services,3.2,229,Software Product,Gurugram,1.1k,21,--,12
Colourtex,3.8,229,Chemicals,Surat,986,11,13,16
Kinetic Green Energy And Power Solutions,3.0,228,Power,Pune,980,23,21,4
Wave Infratech,4.0,229,Real Estate,Noida,1.1k,27,2,14
Tricon Infra Buildtech pvt.Ltd,3.7,244,Engineering & Construction,Pune,775,26,9,28
Knest Manufacturers,3.5,229,Metals & Mining,Pune,1.2k,15,--,6
Gem Engserv,4.0,229,Engineering & Construction,Mumbai,917,31,--,19
SRR Projects,4.0,229,Engineering & Construction,Hyderabad,744,18,--,19
The Mission Hospital,3.8,229,Healthcare,Durgapur,801,9,15,20
TRF,3.5,228,Auto Components,Jamshedpur,889,11,--,25
MT Educare,2.4,228,EdTech,Mumbai,725,6,--,22
Verifacts Services,3.2,228,Recruitment,Bengaluru,749,17,2,38
Aia Engineering,4.1,228,Industrial Machinery,Ahmedabad,1.1k,21,2,23
Verifacts Services,3.2,228,Recruitment,Bengaluru,749,17,2,38
MT Educare,2.4,228,EdTech,Mumbai,725,6,--,22
First Citizens India,4.0,229,Financial Services,Bengaluru,1.8k,24,34,22
ExpertCallers,3.4,228,BPO,Bengaluru,843,15,7,10
B4S Solutions,3.9,228,Law Enforcement & Security,Pune,685,11,12,23
Meditab Software,3.2,228,Software Product,Ahmedabad,1.4k,30,14,22
HTL,3.6,228,Telecom,Chennai,1.3k,10,3,15
Ishan Technologies,3.7,228,Internet,Ahmedabad,897,16,3,11
Olympus,3.8,228,Medical Equipment,Gurugram,1k,9,--,23
Optimus Drugs,4.0,228,Pharma,Hyderabad,1.1k,12,--,19
Steelman Telecom,3.8,228,Telecom,Kolkata,687,9,--,10
Aia Engineering,4.1,228,Industrial Machinery,Ahmedabad,1.1k,21,2,23
ASSA ABLOY,3.6,228,Real Estate,Chennai,1.1k,23,3,18
Om Innovation Call Services,3.6,228,BPO,New Delhi,719,6,--,9
Algoworks,3.0,229,IT Services & Consulting,Noida,1.7k,34,30,20
Bo International,4.1,228,Beauty & Personal Care,New Delhi,466,37,18,12
Jagsonpal Pharmaceuticals,3.5,228,Pharma,New Delhi,656,15,9,15
EFKON INDIA,3.7,228,IT Services & Consulting,Gurugram,885,15,--,15
Forest Essentials,4.1,228,Retail,New Delhi,848,19,17,12
Ankura Hospital,3.7,228,Healthcare,Hyderabad,1k,17,16,4
Kserve Bpo,4.4,228,BPO,Mumbai,473,9,3,4
Ankura Hospital,3.7,228,Healthcare,Hyderabad,1k,17,16,4
Ritu Kumar,3.9,228,Fashion & Textile,Gurugram,809,14,--,11
SAVA Healthcare,3.7,228,Pharma,Pune,851,14,29,22
Charak Pharma,3.5,228,Pharma,Mumbai,776,12,1,21
Rossari Biotech,3.7,228,Chemicals,Mumbai,1.2k,13,9,19
ZeMoSo Technologies,3.0,228,IT Services & Consulting,Hyderabad,1.1k,165,28,4
PrepLadder,2.6,228,EdTech,Chandigarh,1.1k,31,5,21
Pattern Technologies,4.3,228,Software Product,Pune,576,73,25,1
Reliance Money,4.3,227,Financial Services,Mumbai,797,4,--,17
Cotecna Inspection India,3.6,227,Analytics & KPO,Mumbai,862,10,6,13
ATS Homekraft,4.1,227,Real Estate,Noida,771,25,4,12
Blue Cross Laboratories,3.7,227,Pharma,Mumbai,676,15,2,20
La-Gajjar Machineries,4.1,227,Electronics Manufacturing,Ahmedabad,686,8,--,26
Chiripal Poly Films,4.0,227,Packaging,Ahmedabad,1.2k,19,6,13
Lizmontagens India,4.1,227,Engineering & Construction,Mumbai,778,7,--,8
Vcare Call Center,3.3,227,BPO,Noida,559,20,2,21
BeatO,3.3,227,Fitness & Wellness,New Delhi,614,20,--,29
VisionTek,3.6,227,Telecom,Hyderabad,848,15,7,18
Biotique,3.1,227,Beauty & Personal Care,Noida,726,17,--,14
Affluent Global Services,2.9,227,IT Services & Consulting,Hyderabad,1.2k,16,--,16
Drools,3.5,227,FMCG,Bengaluru,738,9,3,5
Fortis Memorial Research Institute,4.1,227,Travel & Tourism,Gurugram,855,5,--,11
ARB Bearings,3.5,228,Auto Components,New Delhi,857,13,1,7
Successive Technologies,3.8,227,IT Services & Consulting,Noida,2.1k,27,11,12
Reserve Bank Information Technology,3.2,227,IT Services & Consulting,Mumbai,2.1k,50,6,18
Nielsen Sports,3.8,227,Sports & Recreation,Bengaluru,962,9,79,18
Techahead Software,3.7,226,IT Services & Consulting,Noida,845,38,6,9
Texas Instruments,3.7,226,Semiconductors,Bengaluru,2.4k,137,215,13
TLC DigiTech Private Limited,3.3,226,Hospitality,New Delhi,793,18,7,22
TP Southern Odisha Distribution,3.5,226,,Berhampur,757,21,--,6
Ceragon Networks,3.8,226,Telecom,New Delhi,852,15,1,21
Nahars Engineering India,3.2,226,Auto Components,Bengaluru,1.1k,15,--,6
Beumer Group,3.9,226,Industrial Machinery,Gurugram,989,19,5,12
Steril Gene Life Sciences,3.8,226,Pharma,Puducherry,1.1k,16,5,11
Ivy Hospital,3.6,226,Healthcare,Chandigarh,759,10,21,11
RAXA,4.2,226,Law Enforcement & Security,New Delhi,467,6,1,24
Atidiv,2.6,226,IT Services & Consulting,Pune,1.2k,22,10,21
IPCS GLOBAL SOLUTIONS PVT LTD,4.3,226,Education & Training,Kochi,327,63,8,4
Amrita Vishwa Vidyapeetham,3.6,226,Education & Training,Coimbatore,1.2k,19,211,16
Northern Arc Capital,3.7,226,NBFC,Chennai,1.1k,17,6,4
Hyva,3.9,226,Urban Transport,Pune,1k,20,6,24
MINISO,3.8,226,Retail,New Delhi,795,20,4,13
AEREN IT Solutions,4.1,226,Analytics & KPO,Chandigarh,569,47,--,37
SGB By BrandSafway,3.9,226,Engineering & Construction,Hyderabad,662,22,1,25
Mayur Uniquoters,3.9,226,Leather,Jaipur,1k,13,11,32
Navitas Life Sciences,3.6,226,Clinical Research,Chennai,1.4k,17,13,15
Anand CY Myutec Automotive,3.7,227,Auto Components,Gurugram,726,12,--,29
Flexituff Ventures International,3.4,226,Packaging,Indore,813,7,--,29
Connectwell Industries,3.6,226,Electronics Manufacturing,Mumbai,1.1k,19,29,15
Ritz-Carlton,4.0,226,Hospitality,Bengaluru,573,10,--,26
Bikaji Foods,4.0,226,Hospitality,Bikaner,668,16,16,7
Relevantz Technology Services,3.6,226,IT Services & Consulting,Chennai,1.7k,33,27,2
King George's Medical University,4.2,225,Education & Training,Lucknow,608,9,2,16
Moople Academy,4.2,225,Education & Training,Kolkata,140,41,--,3
Abante Integrated Management Services,4.2,225,Management Consulting,Gurugram,731,19,12,5
Essel Group,3.7,225,Media & Entertainment,Mumbai,1k,7,--,28
WovVTech,4.2,225,Software Product,Vadodara,430,26,--,6
Analytix Business Solutions,3.1,225,Analytics & KPO,Ahmedabad,1.2k,29,6,12
Gold's Gym,4.0,225,Fitness & Wellness,Mumbai,647,15,--,21
ONLEI Technologies,4.8,225,,Bengaluru,20,25,3,6
Maxinfra,4.0,225,Real Estate,Hyderabad,760,16,--,12
Dunnhumby,3.7,225,Analytics & KPO,Gurugram,1.8k,32,--,26
Archwell Operations,3.4,225,IT Services & Consulting,Bengaluru,1.4k,10,--,8
SrinSoft Technologies,3.8,225,IT Services & Consulting,Chennai,1.2k,24,14,18
INFOSEC VENTURES,3.2,225,IT Services & Consulting,Gurugram,416,24,3,11
BHIVE Workspace,4.5,226,Real Estate,Bengaluru,429,75,10,34
VISTRA INTERNATIONAL EXPANSION,3.4,225,Other,Mumbai,1.1k,24,--,22
Abante Integrated Management Services,4.2,225,Management Consulting,Gurugram,731,19,12,5
Kanoria Chemicals & Industries,3.8,225,Chemicals,Ankleshwar,892,16,--,31
Mordor Intelligence,2.7,226,Analytics & KPO,Hyderabad,963,21,2,14
Vishnu Chemicals,3.8,225,Chemicals,Visakhapatnam,910,21,1,16
NuSummit,3.3,225,IT Services & Consulting,Mumbai,1.7k,31,23,7
Moreish Food,3.4,225,Food Processing,Kolkata,545,25,2,7
Bosch Power Tools,4.3,225,Industrial Machinery,Chennai,905,18,--,22
Ts Tech Sun India,4.0,225,Automobile,Neemrana,769,18,3,21
MyCaptain by Imarticus Learning,3.7,225,EdTech,Bengaluru,552,55,--,10
Nuance Communications,4.1,224,Software Product,Pune,1.4k,26,--,28
Coastal Marine Construction & Engineering,4.2,224,Engineering & Construction,Mumbai,823,23,13,14
Informatica Business Solutions,3.9,224,Software Product,Bengaluru,2k,41,--,20
ZingHR,3.0,224,IT Services & Consulting,Mumbai,1.2k,23,--,8
Ramky Group,4.3,224,Engineering & Construction,Hyderabad,783,14,--,13
Religare Finvest,4.3,224,Financial Services,New Delhi,529,3,--,29
Merkle,3.4,224,,Mumbai,2.1k,29,--,1
Chrysalis High,3.9,224,,Bengaluru,693,17,--,19
Oasis Fertility,3.9,224,Healthcare,Hyderabad,658,17,6,6
AYM Syntex,3.3,224,Fashion & Textile,Mumbai,902,21,--,21
SkilloVilla,4.1,224,Education & Training,Bengaluru,268,18,1,6
STMicroelectronics,4.0,224,Semiconductors,Noida,1.2k,24,5,27
RAKS Pharma,3.9,224,Pharma,Visakhapatnam,771,11,5,31
LNV Technology,3.8,225,Industrial Machinery,Chennai,659,14,--,11
Pran Beverages India,3.8,224,Beverage,Kolkata,758,16,3,12
ExcelSoft Technologies,3.4,224,IT Services & Consulting,Mysuru,1.7k,21,13,11
Petrofac Engineering India,4.6,224,Petrochemicals,Mumbai,977,12,3,20
Information Services Group,3.6,224,IT Services & Consulting,Bengaluru,1.5k,23,--,17
Garden Silk Mills,3.7,224,Fashion & Textile,Surat,970,6,9,30
State Street Global Advisors,3.6,224,,Bengaluru,2.1k,8,--,34
Graviti Pharmaceuticals,3.0,224,Pharma,Hyderabad,941,7,8,12
Bank Muscat,4.1,225,Banking,Mumbai,1.9k,26,--,17
Prozo,3.4,224,Internet,Gurugram,980,12,8,6
Merkle,3.4,224,,Mumbai,2.1k,29,--,1
Qdigi Services,3.4,224,Recruitment,Noida,597,12,2,15
Hippo Homes,3.4,223,Retail,New Delhi,710,14,--,6
South Eastern Coalfields,4.3,223,Metals & Mining,Bilaspur,300,9,--,21
Jindal (India) Limited,4.0,223,Iron & Steel,Kolkata,419,14,--,3
Marsh,4.0,223,Insurance,Mumbai,628,20,--,27
Jyoti Structures,3.9,223,Power,Mumbai,570,18,4,32
Furlenco,3.3,223,Internet,Bengaluru,1.2k,24,--,20
BMW Industries,3.4,223,Iron & Steel,Kolkata,801,10,--,23
Walter Bushnell,3.0,223,Pharma,Gurugram,590,19,--,6
CompuGroup Medical,3.3,223,Software Product,Noida,858,17,--,21
Mark's,4.0,223,Telecom,Gurugram,30,9,--,15
Rubamin,4.0,223,Pharma,Vadodara,1.1k,20,4,22
Sutlej Textiles and Industries,3.8,223,Fashion & Textile,Mumbai,891,8,1,14
Verticurl,3.0,223,,Coimbatore,2k,13,--,14
Deutsche Telekom Digital Labs,3.4,223,Software Product,Gurugram,2k,37,7,15
Prakash Industries,3.8,223,Metals & Mining,Champa,964,5,4,12
Enser Communications,2.6,223,IT Services & Consulting,Gurugram,795,15,5,15
Futurism Technologies,3.8,223,IT Services & Consulting,Pune,1.2k,41,--,9
Microlink Solutions,3.6,223,IT Services & Consulting,Ahmedabad,742,14,2,20
KPR Mill,3.8,223,Fashion & Textile,Coimbatore,920,11,--,16
Pha India,4.0,223,Auto Components,Chennai,775,6,1,25
Eazy ERP Technologies,3.7,223,IT Services & Consulting,Gurugram,694,27,36,15
Zinnia,3.1,223,,New Delhi,1.4k,17,1,1
Ibis,4.4,222,Hospitality,Mumbai,651,8,--,32
Commerce Pundit,4.4,222,IT Services & Consulting,Ahmedabad,614,43,--,22
TEOCO Software,3.9,222,IT Services & Consulting,Kolkata,926,18,14,23
ABCD,4.1,222,Education & Training,Bengaluru,6.2k,110,--,12
Hindustan PowerProjects,3.6,223,Power,New Delhi,928,12,--,11
Droom,3.2,222,Internet,Gurugram,1.1k,21,16,34
Rolta India,3.6,222,IT Services & Consulting,Mumbai,871,2,--,15
Hicare Services,3.9,222,Facility Management Services,Mumbai,846,13,--,19
Yaantra,3.6,222,Internet,New Delhi,553,13,--,7
Nuberg Engineering,3.7,222,Industrial Machinery,Noida,1k,15,14,20
Decimal Technologies,2.7,222,Software Product,Gurugram,1.7k,34,--,15
All India Radio,4.3,222,Government,New Delhi,616,12,--,21
Mitsui O.S.K. Lines,4.0,222,Ports & Shipping,Mumbai,771,5,--,16
OSI Digital,3.5,222,IT Services & Consulting,Hyderabad,2.2k,19,42,10
InMobi,3.0,222,Marketing & Advertising,Bengaluru,2k,43,53,16
MEDICO Healthcare Services & Technologies,3.1,222,Healthcare,Hyderabad,960,26,--,12
MEDICO Healthcare Services & Technologies,3.1,222,Healthcare,Hyderabad,960,26,--,12
Eternis Fine Chemicals,3.3,222,Chemicals,Pune,1.1k,19,1,16
OSI Digital,3.5,222,IT Services & Consulting,Hyderabad,2.2k,19,42,10
Nuberg Engineering,3.7,222,Industrial Machinery,Noida,1k,15,14,20
Blazeclan Technologies,3.7,222,IT Services & Consulting,Pune,1.7k,21,--,17
SPRAY ENGINEERING DEVICES,4.2,223,Industrial Machinery,Sahibzada Ajit Singh Nagar,818,15,4,26
American InfoSource,3.7,222,IT Services & Consulting,Vadodara,857,25,20,35
Absolute Barbecues,4.0,222,Hospitality,Hyderabad,872,10,9,20
Spacewood,3.4,222,Furniture & Furnishing,Nagpur,1.2k,11,18,20
Toshiba Water Solutions,3.8,222,Waste Management,Gurugram,941,21,--,14
Purnartha Investment Advisors,4.1,222,Financial Services,Pune,774,20,8,9
Travel Boutique Online,3.3,222,Travel & Tourism,Gurugram,1.3k,28,10,13
Mehin,4.0,221,Software Product,Mumbai,585,9,--,10
Preethi Kitchen Appliances,3.9,221,Electronics Manufacturing,Chennai,669,8,1,19
Kalyani Forge,3.6,221,Iron & Steel,Pune,783,14,9,28
Milan Laboratories India Private Limited,3.7,221,Pharma,Mumbai,1k,10,6,16
XenonStack,3.2,221,Emerging Technologies,Sahibzada Ajit Singh Nagar,502,33,3,42
Uni Cards,3.8,221,FinTech,Bengaluru,826,27,1,2
Hinduja Group,3.8,221,Automobile,Chennai,1.6k,25,--,30
Vivifi India Finance,3.4,221,NBFC,Hyderabad,877,29,--,3
Galaxy Weblinks,3.9,221,IT Services & Consulting,Indore,944,19,--,76
SITA,3.7,221,IT Services & Consulting,Gurugram,1.1k,30,7,23
Indo Nissin Foods,3.9,221,Food Processing,Bengaluru,739,9,4,17
Flair Writing Instruments,3.5,221,Other,Mumbai,893,14,2,21
Laxmi-Agni Components and Forging,4.1,221,Industrial Machinery,Chhatrapati Sambhajinagar,614,15,2,9
Providence Global Center,3.7,221,IT Services & Consulting,Hyderabad,1.9k,20,16,10
Uni Cards,3.8,221,FinTech,Bengaluru,826,27,1,2
Soothe Healthcare,3.1,221,Healthcare,Noida,857,17,--,15
Vivifi India Finance,3.4,221,NBFC,Hyderabad,877,29,--,3
Laxmi India Finleasecap,3.9,221,Financial Services,Jaipur,539,10,10,10
Artech,3.1,221,Architecture & Interior Design,Bengaluru,1.6k,14,--,10
Emami Frank Ross,3.8,222,Retail,Kolkata,769,9,--,11
UL Solutions,3.9,221,"Testing, Inspection and Certification (TIC)",Bengaluru,809,14,33,2
ORISSA METALIKS,3.9,221,Industrial Machinery,Kharagpur,888,10,--,2
Resonance Eduventures,3.7,220,EdTech,Kota,705,7,--,12
Bazar India,3.7,220,Retail,Gurugram,428,15,--,3
Globus Stores,3.6,220,Retail,Mumbai,640,9,--,25
Pathfinder Business Analysis,3.5,220,Management Consulting,Coimbatore,1.3k,14,1,16
Ubique Systems,4.1,220,Recruitment,Kolkata,736,30,--,28
Synthite Industries,4.0,221,Food Processing,Kochi,816,11,18,15
Indo Rama Synthetics (i),3.7,220,Fashion & Textile,Nagpur,882,13,2,14
Ubique Systems,4.1,220,Recruitment,Kolkata,736,30,--,28
Synthite Industries,4.0,221,Food Processing,Kochi,816,11,18,15
Pathfinder Business Analysis,3.5,220,Management Consulting,Coimbatore,1.3k,14,1,16
Satyesh Brinechem,3.1,220,Chemicals,Bhuj,863,29,1,15
TPI Composites,4.3,220,Industrial Machinery,Chennai,969,24,4,18
Tata CLiQ,3.0,220,Internet,Mumbai,1.4k,15,3,27
Rapid Care Transcription,4.4,220,Analytics & KPO,Chennai,426,58,12,3
UGC Supply Chain Solutions,3.1,220,Logistics,Pune,939,7,--,19
Magicrete Building Solutions,3.9,220,Building Material,Surat,884,23,14,14
Texspin Bearings,4.0,220,Auto Components,Ahmedabad,1.1k,17,30,18
TATA MEDICAL CENTER,3.8,220,Healthcare,Kolkata,605,17,1,23
Orchid Chemicals & Pharmaceuticals,4.1,219,Pharma,Chennai,506,11,7,23
Bharathi Cement,3.8,219,Building Material,Y.S.R. Kadapa,752,5,--,13
Rotostat Services,3.9,219,Industrial Machinery,Mumbai,824,18,--,17
Inchcape Shipping Services,3.3,219,Ports & Shipping,Chennai,1.3k,25,9,13
Ajax Engineering,3.9,219,Engineering & Construction,Bengaluru,1.2k,9,7,10
Tps Infrastructure,4.0,219,Industrial Machinery,Bhiwadi,744,16,6,15
RateGain,3.7,219,IT Services & Consulting,Noida,1.5k,23,33,19
Cleartrip,3.2,220,Travel & Tourism,Bengaluru,1.3k,27,30,20
Bharathi Cement,3.8,219,Building Material,Y.S.R. Kadapa,752,5,--,13
Fibe,3.7,219,FinTech,Pune,1.5k,17,15,14
Ajax Engineering,3.9,219,Engineering & Construction,Bengaluru,1.2k,9,7,10
Jindal Worldwide,3.5,219,Fashion & Textile,Ahmedabad,1k,10,11,10
Dr Mohan's Diabetes Specialities Centre,3.6,219,Healthcare,Chennai,679,19,7,14
Modern Automotives,4.2,219,Auto Components,Gurugram,736,29,8,36
Root Industries,4.0,220,Auto Components,Coimbatore,1.2k,9,28,19
Torque Pharmaceuticals,3.9,219,Pharma,Chandigarh,767,11,4,7
Vidya Mandir Classes,3.3,219,EdTech,New Delhi,859,9,--,12
Tps Infrastructure,4.0,219,Industrial Machinery,Bhiwadi,744,16,6,15
Roulunds Braking,3.5,219,Auto Components,Sonipat,815,21,2,21
SAMCO Securities,3.9,219,Financial Services,Mumbai,933,96,2,4
Cloud Analogy,3.9,219,IT Services & Consulting,Noida,1.5k,67,--,5
Counsel India,4.3,218,EdTech,Noida,302,15,9,2
U R Rao Satellite Centre,4.4,218,,Bengaluru,245,11,--,2
Innovapptive,4.3,218,Software Product,Hyderabad,701,24,17,18
GENWORKS Health,3.1,218,Healthcare,Bengaluru,743,19,--,21
Kerakoll,4.2,217,Building Material,Vadodara,770,17,--,21
Anlage Infotech,3.3,218,IT Services & Consulting,Bengaluru,798,20,10,43
Ananth Technologies,3.8,218,Electronics Manufacturing,Hyderabad,1.2k,16,--,22
Pothys,4.1,218,Fashion & Textile,Chennai,376,11,9,14
Chitkara University,4.2,218,Education & Training,Chandigarh,722,18,9,32
Upstox,3.4,218,FinTech,Mumbai,1.6k,47,15,13
Mold-Tek Technologies,3.2,218,IT Services & Consulting,Hyderabad,951,12,2,17
Tata Housing Development Company,4.3,218,Real Estate,Mumbai,936,11,--,29
Antino,2.8,218,Emerging Technologies,Gurugram,930,44,55,29
Groupe Lactalis,3.5,218,FMCG,Chennai,873,11,124,8
ARKA Fincap,4.2,218,NBFC,Mumbai,675,23,8,5
FedServ,3.6,218,Banking,Visakhapatnam,1.2k,21,3,6
Jm Frictech,3.3,218,Industrial Machinery,Chennai,1.1k,14,1,15
Cogent,3.2,218,IT Services & Consulting,Bengaluru,851,24,--,6
City Montessori School,3.5,218,Education & Training,Lucknow,751,8,3,20
MMTC-PAMP,3.8,218,Metals & Mining,Gurugram,838,16,8,24
KC Overseas Education,3.6,218,EdTech,Nagpur,1k,18,2,5
Third wave Coffee Roasters,3.5,218,Hospitality,Bengaluru,896,19,--,7
Putzmeister Concrete Machines,3.5,218,Industrial Machinery,New Delhi,1k,18,51,14
Milk Mantra Dairy,3.7,218,Food Processing,Bhubaneswar,798,19,--,19
Tata Lockheed Martin Aerostructures,4.0,218,Defence & Aerospace,Hyderabad,1k,17,--,18
Akbar Travels,3.4,218,Travel & Tourism,Mumbai,992,13,--,15
LoansJagat.com,3.9,217,Financial Services,Noida,60,5,--,3
TP Northern Odisha Distribution,3.6,217,Power,Balasore,771,24,--,8
Bharat Institutions,3.4,217,Education & Training,Hyderabad,177,14,--,98
LoansJagat.com,3.9,217,Financial Services,Noida,60,5,--,3
Born Group,3.6,217,Marketing & Advertising,Chennai,1.6k,19,--,19
Quest Global Technologies,3.6,217,IT Services & Consulting,Bengaluru,1.7k,27,9,27
Bilt Graphic Paper Products,3.8,217,Pulp & Paper,Pune,786,13,6,15
Toppan Merrill,3.8,217,Financial Services,Chennai,1.5k,24,31,11
Programming.Com,3.4,217,IT Services & Consulting,Gurugram,856,25,147,5
NMIMS,3.7,217,Education & Training,Mumbai,1.2k,24,--,12
The Co-operative Bank,3.8,217,Banking,Bengaluru,783,6,--,24
BridgeLabz Solutions,3.2,217,EdTech,Mumbai,571,22,--,75
Shree Vasu Logistics Limited,3.3,217,Logistics,Raipur,529,31,16,18
Faiveley Transport,4.0,217,Railways,Hosur,812,14,110,32
MidasCare Pharmaceuticals,3.4,218,Pharma,Mumbai,643,13,--,11
Aneja Associates,3.3,217,Accounting & Auditing,Mumbai,827,17,1,8
Special Technical Services,4.0,217,Oil & Gas,Muscat,605,13,--,22
PES Engineers,4.2,217,Engineering & Construction,Hyderabad,754,12,--,15
Indo National Limited (Nippo),4.2,217,FMCG,Chennai,709,11,14,14
Elin Electronics,3.8,217,,Ghaziabad,748,2,--,1
EagleBurgmann,4.2,217,Industrial Machinery,Pune,1.1k,16,1,19
SmartWorld Developers,3.9,217,Real Estate,Gurugram,950,19,2,7
Shangri-la Hotels & Resorts,4.2,217,Hospitality,New Delhi,527,6,--,38
Turito,3.2,217,EdTech,Hyderabad,882,25,--,13
Exponentia.ai,3.9,217,Emerging Technologies,Mumbai,843,24,73,21
Motion Education,3.4,217,Education & Training,Kota,958,17,66,2
Biryani By Kilo,4.3,217,Hospitality,Gurugram,727,6,--,7
Keolis Hyderabad Metro,3.9,217,Urban Transport,Hyderabad,875,13,--,17
Bodal Chemicals,3.5,217,Chemicals,Vadodara,1.2k,19,7,8
Beri Udyog,3.8,217,Industrial Machinery,Karnal,833,17,12,16
FAIRWAY ENTERPRISES,3.9,217,Leather,Krishnagiri,910,16,--,16
Chhatrapati Shivaji International Airport,3.5,217,Real Estate,Mumbai,1.1k,12,--,24
REI Systems,3.9,216,IT Services & Consulting,Pune,480,38,8,44
Shivam Infocom,4.4,216,Telecom,New Delhi,581,3,--,12
Infiiloom,3.1,216,Fashion & Textile,Pune,853,16,--,12
KFA Consultant,1.3,216,,Dubai,6,3,--,--
Prithvi Innerwears Private Limited,4.8,217,Fashion & Textile,Tiruppur,65,47,--,1
Software AG,4.3,216,Software Product,Bengaluru,1.5k,25,--,20
Paramatrix Technologies,3.8,216,Software Product,Mumbai,560,13,31,13
Weatherford,3.5,216,Oil & Gas,Mumbai,919,16,--,24
Tci Freight,4.2,216,Logistics,Gurugram,787,15,3,7
Data Patterns,3.3,217,Defence & Aerospace,Chennai,1.3k,56,18,12
Brnd.Me,3.8,216,Internet,Bengaluru,918,20,4,6
HEPL - A Cavinkare Group Company,3.4,216,Recruitment,Cuddalore,1.1k,31,4,2
Infiiloom,3.1,216,Fashion & Textile,Pune,853,16,--,12
IntelliSmart Infrastructure,3.7,216,Power,Gurugram,866,21,6,3
Deep Industries,3.5,216,Oil & Gas,Ahmedabad,1k,21,2,8
Destek Infosolutions,4.2,216,IT Services & Consulting,Pune,225,12,--,47
Red FM 93.5,3.7,217,Broadcasting,New Delhi,805,8,--,17
REPUBLIC MEDIA NETWORK,3.5,216,Media & Entertainment,Noida,818,24,27,10
Biostadt,4.2,216,,Mumbai,605,13,2,18
Navigators Software,4.2,216,IT Services & Consulting,Kolkata,626,19,22,4
NGK Spark Plugs,4.2,216,Auto Components,Bawal,754,25,--,38
Network Intelligence India,3.1,216,Emerging Technologies,Mumbai,1.3k,20,5,13
John Deere Financial,4.3,216,NBFC,Pune,593,15,--,13
C DOT,3.8,217,Telecom,New Delhi,1.3k,34,--,19
Bioseed,4.1,216,Agriculture,Hyderabad,430,15,--,2
Croma Campus,3.2,216,Education & Training,Noida,457,18,7,7
Smart Energy Water,2.7,216,IT Services & Consulting,Noida,1.6k,25,8,8
Zamil Air Conditioners,4.1,215,Consumer Electronics & Appliances,New Delhi,515,12,--,34
Tbea Energy,3.8,215,Electrical Equipment,Vadodara,896,15,8,28
Girnar Care,3.4,215,BPO,Jaipur,765,19,--,16
Zamil Air Conditioners,4.1,215,Consumer Electronics & Appliances,New Delhi,515,12,--,34
CodSoft,3.8,215,,New Delhi,145,24,--,--
Netaxis IT Solutions,3.9,215,IT Services & Consulting,Chennai,309,20,1,106
Pradan,3.7,215,Non-Profit,Ranchi,490,19,1,17
AGROCEL INDUSTRIES,4.3,216,Chemicals,Bhuj,700,18,1,11
Simform,3.6,215,IT Services & Consulting,Ahmedabad,1.6k,50,12,11
Fulcrum Digital,3.5,215,IT Services & Consulting,Pune,1.5k,37,5,6
TransPerfect,3.0,215,Hardware & Networking,Pune,1.2k,32,11,10
ICA Pidilite,4.1,215,Furniture & Furnishing,Mumbai,769,8,--,9
NATIONAL SKILL DEVELOPMENT CORPORATION,3.4,215,Non-Profit,New Delhi,1k,25,3,12
Tata Power Renewable Energy,4.0,214,Power,Bengaluru,583,11,--,8
Emirates Airlines,3.9,215,Aviation,Mumbai,846,26,11,30
Hyundai Motor India Engineering,3.9,215,IT Services & Consulting,Hyderabad,1.2k,12,--,28
iLink Digital,3.0,216,IT Services & Consulting,Chennai,1.9k,26,16,1
Elofic Industries,4.0,215,Auto Components,Faridabad,826,11,--,10
Mitsubishi Heavy Industries,4.2,216,Industrial Machinery,Mysuru,849,4,--,17
Videojet Technologies,3.8,215,Consumer Electronics & Appliances,Mumbai,837,9,13,25
Kopran,3.7,215,Pharma,Mumbai,1.2k,14,7,15
N.K. Realtors,4.2,216,Real Estate,Kolkata,495,31,5,17
SAS,4.3,215,IT Services & Consulting,Pune,1.8k,23,36,18
SBL,3.6,215,IT Services & Consulting,New Delhi,858,8,2,14
Jesons Industries,3.4,215,Chemicals,Mumbai,1.2k,18,4,5
Square Bpo Services,3.2,215,BPO,Hyderabad,780,13,9,4
Truemeds,3.4,216,Pharma,Mumbai,1k,23,12,4
Elsamex Maintenance Services,4.1,215,Facility Management Services,Ahmedabad,591,11,--,22
Venus Home Appliances,4.2,215,Consumer Electronics & Appliances,Chennai,666,18,17,16
Flyhomes,4.3,214,Internet,Noida,357,2,--,96
Utkal Alumina International,4.3,214,Chemicals,Rayagada,696,17,--,15
Career Launcher,3.8,214,Education & Training,New Delhi,1k,8,9,18
Ashok Iron Works,3.3,214,Industrial Machinery,Belagavi,816,13,5,18
Fernandez Hospital,4.4,214,Healthcare,Hyderabad,564,6,--,18
Cordlife Sciences India,3.4,214,Pharma,Kolkata,572,13,18,27
Embassy Services,3.9,214,Facility Management Services,Bengaluru,1k,12,4,11
Cummins Generator Technologies,4.1,214,Industrial Machinery,Pune,730,14,--,22
Futaba Industrial Gujarat,4.4,214,Auto Components,Ahmedabad,801,12,1,9
Besant Technologies,3.7,214,Education & Training,Chennai,1.2k,18,--,8
Mol Information Processing Services India,3.3,214,IT Services & Consulting,Kolkata,814,9,15,28
BetterPlace Safety Solutions,3.3,215,IT Services & Consulting,Bengaluru,1.4k,20,2,19
Liebherr Appliances India,3.7,215,Industrial Machinery,Chhatrapati Sambhajinagar,877,11,41,15
CallHealth,3.5,215,Healthcare,Hyderabad,815,5,--,27
Ensure Support Services,4.4,215,IT Services & Consulting,Chennai,676,5,2,25
Shanthi Gears,3.2,214,Auto Components,Coimbatore,1.2k,19,1,20
Moody's,3.8,214,Analytics & KPO,Bengaluru,2k,31,5,20
Pilot Industries,3.8,214,Metals & Mining,New Delhi,990,29,--,9
SCON Projects,4.4,214,Engineering & Construction,Pune,672,8,--,17
Apex Hospital,4.0,214,Healthcare,Jaipur,873,13,19,15
Rohan Motors,3.7,214,Automobile,New Delhi,721,13,28,10
Six Sigma Soft Solutions,3.6,214,IT Services & Consulting,Chennai,1.3k,23,--,7
Gates,3.1,214,Industrial Automation,Faridabad,967,14,1,24
TezTecch,4.8,213,IT Services & Consulting,Nagpur,42,122,--,22
ARaymond,4.0,213,Auto Components,Pune,1.1k,16,9,13
Jagran Prakashan,3.4,213,Printing & Publishing,New Delhi,869,9,3,10
Lingaya's Vidyapeeth,4.5,213,Education & Training,Faridabad,284,47,12,2
IFB Automotive,3.8,213,Auto Components,Bengaluru,821,7,--,23
Zivame.com,3.6,213,Fashion & Textile,Bengaluru,1k,11,--,8
Revolt Motors,3.3,214,Internet,Gurugram,806,29,31,7
Ziff Davis Performance Marketing,3.6,214,Marketing & Advertising,Pune,807,4,3,13
ACME Group,4.6,213,Internet,Gurugram,302,31,--,4
Malayala Manorama,3.6,213,Printing & Publishing,Kottayam,1.1k,13,75,13
Alpha Design Technologies,3.7,213,Defence & Aerospace,Bengaluru,1.2k,15,7,24
Revolt Motors,3.3,214,Internet,Gurugram,806,29,31,7
Koye Pharmaceuticals,3.1,213,Pharma,Mumbai,594,9,--,17
Lingaya's Vidyapeeth,4.5,213,Education & Training,Faridabad,284,47,12,2
Motorola Solutions,3.8,213,Telecom,Bengaluru,1.6k,35,35,17
Centrient Pharmaceuticals,3.7,213,Pharma,Chandigarh,1.1k,18,3,20
Kazo Fashion,3.4,213,Fashion & Textile,New Delhi,541,12,2,11
ACT Plast Paints,3.9,213,Chemicals,Chennai,807,11,7,16
Aditi Consulting,3.4,213,IT Services & Consulting,Bengaluru,1.1k,17,7,14
Emiza Supply Chain Services Private Limited,3.5,213,Logistics,Mumbai,776,10,3,10
Altum Credo Home Finance,3.8,214,NBFC,Pune,657,10,3,46
Continental Hospitals,3.8,213,Healthcare,Hyderabad,871,14,10,11
Krishnapatnam Port,3.8,213,Ports & Shipping,Nellore,728,7,--,37
MasterSoft ERP Solutions,3.6,212,Software Product,Nagpur,991,19,4,10
KP GROUP,4.2,213,Logistics,Surat,626,21,804,12
Vikas Money,4.8,212,NBFC,Palakkad,57,15,--,1
Innovalance Learning Systems,3.2,212,EdTech,New Delhi,378,35,--,4
Vinsum Axpress,3.5,212,Logistics,Gurugram,549,13,--,4
Bhima Gold,3.8,212,Jewellery,Bengaluru,846,17,11,15
Marque Impex,3.9,212,Import & Export,Moradabad,668,15,--,14
Appsierra,4.4,212,IT Services & Consulting,Noida,281,32,2,167
Gujarat Narmada Valley Fertilizers & Chemicals,4.3,212,Agro Chemicals,Bharuch,832,12,--,18
MYND Intergrated Solutions,3.4,214,BPO,Gurugram,805,17,--,4
Josh Talks,4.2,212,Broadcasting,Gurugram,383,29,--,2
Gensol Engineering,3.7,212,Power,Ahmedabad,766,16,--,11
IDMC,3.6,212,Industrial Machinery,Anand,902,7,--,11
Vinculum Solutions,2.2,212,IT Services & Consulting,Noida,1.4k,14,6,25
PagarBook,3.6,212,Software Product,Bengaluru,929,21,5,12
Eurofins Scientific,3.2,212,"Testing, Inspection and Certification (TIC)",Bengaluru,1.6k,14,103,2
Sagitec Solutions,3.3,212,IT Services & Consulting,Pune,1.5k,23,3,13
Ayesa,3.9,212,IT Services & Consulting,New Delhi,642,16,1,17
Haldiram's Prabhuji,2.9,212,Hospitality,Kolkata,561,12,--,12
Sri Ramachandra Institute of Higher Education and Research,3.9,212,Education & Training,Chennai,960,9,--,7
Govt. Medical College,4.1,212,Education & Training,Chandigarh,861,13,--,13
TRIGO Group,2.5,212,Auto Components,Chennai,670,16,--,21
Teleone,3.7,212,Internet,New Delhi,714,16,1,19
Rishabh Instruments Limited,3.9,212,Electronics Manufacturing,Nashik,745,17,2,20
Army Medical Corps,4.8,212,Healthcare,New Delhi,672,19,--,32
Orthosquare Dental Clinic,4.5,212,Healthcare,Mumbai,88,18,--,5
Wanbury,3.4,212,Pharma,Mumbai,820,7,7,22
TRIGO Group,2.5,212,Auto Components,Chennai,670,16,--,21
International Certification Services,3.1,212,Other,Mumbai,779,7,5,14
ITCube Solutions,3.0,212,IT Services & Consulting,Pune,1k,16,8,22
dsm-firmenich,4.1,212,Biotechnology,Mumbai,1.2k,14,51,16
Bhutani Group,4.3,212,Real Estate,Noida,755,38,--,12
Entertainment Network India,3.5,212,Media & Entertainment,Mumbai,1k,9,18,17
Colorbar Cosmetics,4.1,212,Beauty & Personal Care,New Delhi,601,14,--,14
ZKTeco Biometrics,3.0,212,Law Enforcement & Security,Bengaluru,1.3k,26,1,13
Blackbuck Insights,3.7,212,IT Services & Consulting,Bengaluru,943,18,3,5
AmpleLogic,4.1,212,Software Product,Hyderabad,698,24,9,17
Igarashi Motors,3.7,211,Auto Components,Chennai,1.1k,10,11,6
Sterling Talent Solutions,3.7,211,Internet,Mumbai,713,11,--,35
Sapphire Software Solutions (India),4.4,211,IT Services & Consulting,Ahmedabad,337,18,3,33
Su-Kam Power Systems,3.4,211,Power,Gurugram,506,6,--,28
Parijat Industries (India),4.1,211,Chemicals,New Delhi,769,10,2,25
Evonith Steel,4.0,211,Iron & Steel,Wardha,623,22,5,2
Vishay Components,4.0,211,Electronics Manufacturing,Pune,804,13,5,20
MAKEEN Energy,3.7,211,Oil & Gas,Hyderabad,539,18,--,1
Parker Hannifin,3.7,211,Industrial Machinery,Chennai,1.1k,7,3,13
Country Inns & Suites,4.1,211,Hospitality,New Delhi,640,6,--,34
EMCO,3.7,211,Power,Mumbai,610,7,--,26
Parker Hannifin,3.7,211,Industrial Machinery,Chennai,1.1k,7,3,13
Igarashi Motors,3.7,211,Auto Components,Chennai,1.1k,10,11,6
MSC Technology India,3.9,211,IT Services & Consulting,Chennai,1.7k,45,17,30
Heads Up For Tails,3.5,211,Retail,Gurugram,959,16,16,11
Vedika Credit Capital,3.4,211,NBFC,Ranchi,549,5,3,22
SkillVertex,3.3,211,EdTech,Bengaluru,288,17,3,65
Gulbrandsen,4.1,211,Chemicals,Vadodara,1.1k,6,3,30
Svasti Microfinance,4.0,211,Financial Services,Mumbai,529,7,8,5
Masu Brakes,3.4,211,Auto Components,Bahadurgarh,804,15,21,32
Air India Express,3.2,211,Aviation,Gurugram,1.2k,17,5,16
BTL EPC LTD,3.7,211,Industrial Machinery,Kolkata,788,19,--,12
Webasto Roofsystems India,4.0,211,Automobile,Pune,993,17,--,8
Primary Health Centre,4.2,211,Healthcare,Bengaluru,767,8,--,11
Srg Housing Finance,4.0,211,NBFC,Udaipur,623,13,11,6
Supreme Treon,3.9,211,Auto Components,Pune,894,13,--,20
Network Techlab,3.7,211,Hardware & Networking,Mumbai,1k,14,6,11
Horiba India,3.4,211,Industrial Machinery,New Delhi,1.1k,9,16,21
Praxis home Retail,4.1,211,Retail,Mumbai,822,7,10,22
AARGEE STAFFING SERVICES,3.7,212,Recruitment,Chennai,667,6,--,7
Autoline Industries,3.5,210,Auto Components,Pune,866,15,--,13
BajajSons,3.6,210,Automobile,Ludhiana,836,11,4,15
SpeedLabs,3.5,210,EdTech,Mumbai,448,16,14,13
Enmas O & M Services,4.1,210,Oil & Gas,Chennai,665,11,--,21
Axio,3.8,210,Financial Services,Bengaluru,867,8,--,20
Crossword Bookstores,3.6,210,Retail,Pune,555,7,1,9
Oasis Infobyte,4.1,210,IT Services & Consulting,Pune,136,23,--,--
TechMojo Solutions,3.9,210,IT Services & Consulting,Hyderabad,1.5k,37,11,16
Hidesign,3.0,210,Retail,Puducherry,902,17,11,11
Ichhapurti.com,2.4,210,Software Product,Gurugram,668,20,1,37
Development Consultants,3.3,210,IT Services & Consulting,Kolkata,585,12,--,19
SmartStream Technologies,3.2,210,IT Services & Consulting,Bengaluru,1.6k,17,6,14
Pradhan Mantri Kaushal Vikas Yojana,4.1,210,Education & Training,New Delhi,362,7,--,24
Amphenol Fci,3.7,210,Electrical Equipment,Bengaluru,966,13,2,17
India Post Payments Bank,4.2,211,Government,New Delhi,650,9,--,7
Manohar Filaments,3.8,210,Fashion & Textile,New Delhi,953,13,1,10
Sakarni Plaster,4.5,210,Building Material,New Delhi,390,62,--,18
TechStar Group,4.1,210,IT Services & Consulting,Hyderabad,1.1k,20,52,14
Daffodil Software,3.7,210,IT Services & Consulting,Gurugram,1.5k,31,--,29
InSync Analytics,2.4,210,Analytics & KPO,Mumbai,1.4k,38,3,15
Sakarni Plaster,4.5,210,Building Material,New Delhi,390,62,--,18
Brainium Information Technologies,3.7,210,IT Services & Consulting,Kolkata,538,9,1,18
CENTRUM HOUSING FINANCE,4.0,211,Financial Services,Mumbai,528,4,4,6
SpeedLabs,3.5,210,EdTech,Mumbai,448,16,14,13
Daffodil Software,3.7,210,IT Services & Consulting,Gurugram,1.5k,31,--,29
India Post Payments Bank,4.2,211,Government,New Delhi,650,9,--,7
Manohar Filaments,3.8,210,Fashion & Textile,New Delhi,953,13,1,10
ICE Data Services,3.2,210,Financial Services,Hyderabad,1.5k,31,10,12
Crimson Interactive,2.5,210,Content Development,Mumbai,1.2k,20,66,25
Janatics India,4.0,210,Industrial Automation,Coimbatore,1.3k,12,9,19
Solugenix India Private Limited,3.1,210,IT Services & Consulting,Hyderabad,1.9k,33,26,11
Pradhan Mantri Kaushal Vikas Yojana,4.1,210,Education & Training,New Delhi,362,7,--,24
Amphenol Fci,3.7,210,Electrical Equipment,Bengaluru,966,13,2,17
Comcast India Engineering Center,3.7,210,Software Product,Chennai,2.4k,61,--,18
Shirdi Sai Electricals,3.5,210,Power,Y.S.R. Kadapa,644,16,--,20
Aarav Global Products & Services Private Limited,2.7,211,IT Services & Consulting,Mumbai,764,14,6,25
Valethi Technologies,3.1,210,Analytics & KPO,Nagpur,1.1k,12,1,11
Mantra Softech,3.6,210,IT Services & Consulting,Ahmedabad,1.2k,15,15,11
Pacific Development Corporation Limited (Pacific Group),3.6,210,Real Estate,New Delhi,1.1k,19,10,20
Skandhanshi Infra Projects,4.3,210,Real Estate,Kurnool,910,15,3,18
Ksolves India Limited,2.8,210,IT Services & Consulting,Noida,1.3k,59,6,3
Andhra Pradesh State Skill Development Corporation,3.8,209,Non-Profit,Vijayawada,563,5,--,29
Ways2excel,4.5,209,EdTech,Kolkata,61,7,--,54
Ludhiana Beverages,3.9,209,Beverage,Ludhiana,797,11,7,18
Techmagnate,4.3,209,Marketing & Advertising,New Delhi,777,24,21,20
PP Rolling Mills,3.7,209,Industrial Machinery,Faridabad,882,24,1,6
Lrs Services,4.0,209,IT Services & Consulting,Noida,817,24,2,22
JSW Severfield Structures,3.8,209,Engineering & Construction,Ballari,850,13,--,18
Carzonrent,3.3,209,Travel & Tourism,New Delhi,637,3,1,9
Simplify Healthcare,2.5,209,Software Product,Pune,1.8k,40,41,2
AISATS,3.5,209,Aviation,New Delhi,379,11,--,26
KDK Software,2.7,209,Software Product,Jaipur,436,24,49,20
CONTUS TECH,4.1,209,IT Services & Consulting,Chennai,932,57,10,8
OptimHire,3.6,209,Internet,Hyderabad,814,28,--,25
Sahajanand Laser Technology,3.0,209,Industrial Machinery,Gandhinagar,870,19,23,28
Geo Chem Laboratories,3.7,209,Industrial Machinery,Mumbai,646,13,5,11
Wardwizard Innovations & Mobility,3.2,209,Automobile,Vadodara,733,10,--,2
ECOS (I) MOBILITY & HOSPITALITY,4.1,209,Sports & Recreation,New Delhi,458,7,--,13
Precision Camshafts,3.1,209,Auto Components,Solapur,764,5,--,11
MiM-Essay,4.5,209,Education & Training,New Delhi,253,46,--,13
MiM-Essay,4.5,209,Education & Training,New Delhi,253,46,--,13
Kama Ayurveda,4.0,209,Beauty & Personal Care,New Delhi,785,21,4,17
ASP OL Media,4.0,209,Marketing & Advertising,Pune,356,72,2,6
CBSI,3.3,208,Recruitment,Bengaluru,1.1k,10,--,20
Prime Focus,3.9,208,Animation & VFX,Mumbai,623,1,--,31
St Regis,4.1,208,Hospitality,Mumbai,638,9,--,22
Hyundai Engineering,3.9,208,Engineering & Construction,Chennai,785,16,--,22
Sakura Autoparts,3.6,208,Auto Components,Chennai,850,11,4,12
Siemens PLM Software,4.0,208,Industrial Automation,Pune,1.7k,12,--,32
Petronas Lubricants,3.2,208,Petrochemicals,Mumbai,692,19,3,21
Philip Morris International,4.2,208,FMCG,New Delhi,743,14,--,18
Embio,4.0,208,Pharma,Mahad,934,6,8,17
Yashi Consulting Services,3.4,208,IT Services & Consulting,Gurugram,291,11,--,41
Izmo,2.9,208,IT Services & Consulting,Bengaluru,872,17,16,15
WinWire,3.2,208,IT Services & Consulting,Hyderabad,1.7k,30,28,15
ACUTAAS CHEMICALS LIMITED,3.8,208,Pharma,Surat,1.1k,16,13,13
Marengo Asia Hospitals,4.0,208,Healthcare,Gurugram,436,8,4,3
Emirates Flight Catering,4.4,209,Hospitality,Dubai,272,29,--,34
Bharat Broadband Network,3.9,208,Telecom,New Delhi,804,10,--,5
Infojini,2.7,208,IT Services & Consulting,Mumbai,740,20,1,28
Globus Spirits,3.9,208,Beverage,New Delhi,939,13,--,10
Jay Ushin,4.0,208,Auto Components,Gurugram,884,7,--,16
MKU,3.2,208,Defence & Aerospace,Kanpur,754,11,6,18
ePack Durables Solutions,3.5,208,Electronics Manufacturing,Noida,1k,15,--,5
Sri Gopikrishna Infrastructure,3.9,207,Engineering & Construction,Hyderabad,502,7,--,26
Manitou Equipment India,4.1,207,Industrial Machinery,Greater Noida,920,20,--,12
MeritNation,3.2,207,EdTech,New Delhi,585,7,--,22
Ashv Finance,4.1,207,NBFC,Mumbai,749,10,--,10
ZunRoof Tech,3.6,207,Power,Gurugram,465,42,12,33
KayBee Bio Organics,3.8,207,Agro Chemicals,Pune,378,33,11,8
Transaction Solutions International (India) Pvt Ltd,3.8,207,Financial Services,Pune,765,21,11,6
eligarf Technologies,3.8,207,Emerging Technologies,Pune,263,13,1,1
Logicon Facility Management,3.3,207,Facility Management Services,Pune,752,15,--,11
Orange Retail Finance,3.9,207,Financial Services,Chennai,643,6,--,11
Vegrow,3.8,208,Internet,Bengaluru,961,21,3,11
Anglo-Eastern Ship Management,4.1,207,Ports & Shipping,Mumbai,546,17,32,22
Barbrik Project Limited (PRA Group),3.5,207,Engineering & Construction,Raipur,603,15,5,9
Alghanim International,4.1,207,Engineering & Construction,Kuwait City,596,7,10,26
Vnr Seeds,3.8,207,Agriculture,Raipur,724,15,28,11
Hospet Steels,3.7,207,Iron & Steel,Hosapete,837,18,6,18
Brainware University,2.7,207,Education & Training,Kolkata,599,25,28,3
Tresor Systems,3.7,207,Retail,New Delhi,742,12,6,15
UFO Moviez,3.1,207,Hospitality,Mumbai,917,9,6,20
Tata Asset Management Private Limited,3.7,207,Financial Services,Mumbai,1k,12,1,15
Fare Labs,2.4,207,Analytics & KPO,Gurugram,769,12,27,8
Skypro Technologies,3.3,207,IT Services & Consulting,Bengaluru,701,14,--,13
KisanKraft Machine Tools,3.3,207,Industrial Machinery,Bengaluru,747,14,2,11
UTI Asset Management Company,3.8,207,Financial Services,Mumbai,895,13,--,10
Eshopbox Ecommerce,2.9,206,Internet,Gurugram,655,46,6,8
IIMT Group of Colleges,4.1,207,Education & Training,Greater Noida,577,29,25,6
Vrinsoft Technology,4.6,206,IT Services & Consulting,Ahmedabad,239,32,1,7
Kirloskar Technologies,4.1,206,Medical Equipment,Jaipur,537,18,8,16
Shopclues,3.2,206,Internet,Gurugram,1.1k,9,60,23
DTC Projects,3.9,206,Real Estate,Kolkata,644,23,10,32
Liyaans Properties,4.8,209,Real Estate,Kolkata,60,5,2,6
S.S. Kothari Mehta & Co,3.5,206,Accounting & Auditing,New Delhi,836,13,3,9
One Point Solutions,3.3,206,,Bengaluru,1.1k,9,--,5
Hgs Services,3.8,206,Analytics & KPO,Bengaluru,657,55,--,33
VIS Networks,3.7,206,Telecom,Bengaluru,1.1k,14,16,16
Hi Tech Informatics,3.6,206,IT Services & Consulting,Mumbai,726,12,--,9
Ohmium,3.3,206,Power,Bengaluru,768,15,27,2
Ganesh Grains,3.2,206,FMCG,Kolkata,621,19,1,11
Quest Diagnostics,4.5,206,Healthcare,Hyderabad,926,11,2,24
Nippon Data Systems,3.4,207,IT Services & Consulting,New Delhi,1.1k,28,11,8
Prasol Chemicals,3.4,206,Chemicals,Mumbai,1.2k,27,13,16
AccSource KPO,3.1,206,Accounting & Auditing,Chennai,889,27,3,37
Equentis Wealth Advisory Services,3.4,206,Financial Services,Mumbai,746,30,30,20
Aress Software and Education Technologies,2.5,206,IT Services & Consulting,Nashik,1.1k,16,1,12
Taikisha Engineering India,4.0,206,Industrial Machinery,Pune,1.1k,17,2,17
Ramoji Film City,4.2,205,Events,Hyderabad,634,10,--,25
Rama University,3.4,205,Education & Training,Kanpur,530,15,177,26
Jabsons Foods,4.0,205,Food Processing,Bharuch,480,32,1,7
Sigma Freudenberg NOK,4.1,205,Auto Components,Chennai,948,10,--,21
World Health Organization,4.1,205,Government,New Delhi,403,17,--,14
Nisum,2.7,205,IT Services & Consulting,Hyderabad,1.8k,33,36,15
alliantgroup,2.3,205,Management Consulting,Hyderabad,1.1k,24,--,10
Beckman Coulter,3.4,205,Medical Equipment,Bengaluru,1.4k,13,104,18
Edunet Foundation,4.0,206,Non-Profit,Bengaluru,371,18,--,4
Wings Biotech,3.0,205,Pharma,New Delhi,503,11,3,29
Maharaja Agrasen Hospital,3.8,205,Healthcare,New Delhi,754,9,16,9
Samkwang India Electronic,3.3,205,Electronics Manufacturing,Greater Noida,819,17,4,11
Expeditors International,3.7,205,Logistics,Chennai,1.3k,15,--,11
SEW Eurodrive india,4.2,205,Auto Components,Vadodara,862,18,3,16
Getix Health,3.8,205,Analytics & KPO,Bengaluru,1k,15,4,17
Grass Roots Research & Creation,4.7,205,Analytics & KPO,New Delhi,131,2,5,127
Schreiber Dynamix Dairies,3.9,205,Electronics Manufacturing,Pune,667,8,26,19
Sendan International Co,2.2,204,Engineering & Construction,Al Jubail,514,15,--,10
Tokai Imperial Rubber India,3.9,204,Industrial Machinery,Faridabad,803,15,--,16
TomTom,3.7,204,IT Services & Consulting,Pune,967,14,--,26
Mfine,3.4,204,Internet,Bengaluru,1.3k,26,--,29
China State Construction Engineering Corporation,3.9,204,Engineering & Construction,New Delhi,600,20,--,19
Polestar Consulting,4.5,204,IT Services & Consulting,Pune,340,40,4,26
Pie Infocomm,4.6,204,IT Services & Consulting,Lucknow,156,45,3,57
Al Ahleia Switchgear,3.6,204,Industrial Machinery,Chennai,515,12,--,25
Roha Housing Finance,3.4,204,Financial Services,New Delhi,609,8,3,4
Three D Integrated Solutions Ltd,3.1,204,Aviation,Gurugram,651,17,--,12
DE Shaw,3.6,204,Financial Services,Hyderabad,3.2k,131,--,11
Clarion Technologies,4.0,204,IT Services & Consulting,Pune,1.5k,25,22,17
Mazars,3.0,204,Accounting & Auditing,Gurugram,1.4k,21,2,7
Dhampur Sugar Mills,3.9,204,Agro Chemicals,New Delhi,732,16,7,21
Lumiq,3.5,206,IT Services & Consulting,Noida,850,15,10,15
Mukand Sumi Special Steel,3.7,204,Iron & Steel,Hosapete,727,15,--,11
HIVELOOP LOGISTICS,4.2,204,,Bengaluru,413,6,--,1
Mashreq Bank,3.1,204,Banking,Bengaluru,1.2k,9,--,17
Clarion Technologies,4.0,204,IT Services & Consulting,Pune,1.5k,25,22,17
IDBI Capital,3.7,204,Financial Services,Mumbai,889,13,22,14
Polestar Consulting,4.5,204,IT Services & Consulting,Pune,340,40,4,26
Dhampur Sugar Mills,3.9,204,Agro Chemicals,New Delhi,732,16,7,21
Biorad Medisys,3.7,204,Healthcare,Pune,980,23,6,10
Flender,3.7,204,Industrial Machinery,Chennai,1.2k,17,1,12
Sula Vineyards,4.0,204,Food Processing,Nashik,828,11,5,16
Gulf Asia Contracting,3.3,204,Engineering & Construction,Chennai,681,11,--,8
DNEG CREATIVE SERVICES,2.9,204,Animation & VFX,Mumbai,943,10,2,11
Rexel,3.4,204,Industrial Automation,Pune,960,13,7,16
Fisdom,3.2,203,Financial Services,Bengaluru,801,16,--,7
S.c Johnson Products,4.0,203,FMCG,Gurugram,557,2,--,30
In2IT Technologies,3.0,203,IT Services & Consulting,Noida,1.1k,17,3,15
Vijay Tanks & Vessels,4.1,203,Engineering & Construction,Vadodara,765,9,2,16
Peps Industries,4.1,203,Furniture & Furnishing,Coimbatore,707,13,--,13
SSEM,3.3,203,Industrial Machinery,Riyadh,363,11,--,30
Dollar Industries,3.6,203,Fashion & Textile,Kolkata,818,13,--,12
Luthra Group Company,4.1,203,Waste Management,Surat,891,22,15,17
Apps Associates,3.4,203,IT Services & Consulting,Hyderabad,1.4k,12,29,18
Wingreens Farms,4.0,203,FMCG,Gurugram,831,10,2,17
Jasmin Infotech,4.0,203,Software Product,Chennai,1.5k,15,4,16
Manika Plastech Private Limited,3.8,203,Building Material,Dehradun,580,14,10,1
NullClass,3.5,203,,Bengaluru,172,16,--,1
RJ Corp,4.1,203,Retail,Gurugram,597,9,--,15
Hero Future Energies,4.2,203,Power,New Delhi,1k,9,7,23
Vijay Tanks & Vessels,4.1,203,Engineering & Construction,Vadodara,765,9,2,16
Nutanix,3.4,203,Software Product,Bengaluru,2.5k,92,58,12
Tripjack,3.9,203,Travel & Tourism,Mumbai,720,42,49,3
Talentica Software,3.9,203,IT Services & Consulting,Pune,1.5k,53,12,25
Exeltis,4.1,203,Pharma,Mumbai,528,14,3,25
Integrated Resources,3.9,203,Recruitment,Gurugram,720,37,--,14
Odisha Power Generation Corporation,3.8,203,Oil & Gas,Jharsuguda,722,8,--,22
Stats Perform,3.4,203,Sports & Recreation,Chennai,1.1k,22,1,2
Puthur Infotech,3.6,203,IT Services & Consulting,Bengaluru,758,8,1,3
Tata Passenger Electric Mobility,4.2,203,Automobile,Ahmedabad,674,13,--,2
Sleepwell,4.0,203,Furniture & Furnishing,New Delhi,641,18,--,14
SACHA Engineering,3.3,203,IT Services & Consulting,Chennai,1.4k,14,--,14
CRB Tech Solution,3.7,202,EdTech,Pune,418,12,--,12
TNT Express,4.0,202,Logistics,Mumbai,400,6,--,34
India Pesticides,4.0,202,Agro Chemicals,Lucknow,832,17,2,7
HOLITECH INDIA,4.1,202,Electronics Manufacturing,Greater Noida,718,27,--,40
Arvind Techno Engineers,4.0,202,Engineering & Construction,New Delhi,813,8,--,7
DGS Technical Services,3.1,202,Design,Bengaluru,899,4,17,11
HomeBazaar.com,3.6,202,Real Estate,Mumbai,717,21,114,12
Tm Automotive Seating Systems,,,Auto Components,Pune,--,--,--,--
Prem Henna,3.3,202,Beauty & Personal Care,Indore,543,4,--,27
Indobevs,3.9,202,Beverage,New Delhi,849,13,--,12
Black & Veatch,4.2,202,Engineering & Construction,Mumbai,995,16,87,24
Colruyt Group,3.7,202,IT Services & Consulting,Hyderabad,1.1k,13,6,20
Springbord Systems,4.0,202,IT Services & Consulting,Chennai,633,26,4,10
Jubilant Motorworks,3.9,202,Automobile,Bengaluru,665,12,--,16
Thejo Engineering,4.0,202,Engineering & Construction,Chennai,944,23,3,17
Hotel Parle International,3.8,202,Hospitality,Mumbai,981,17,11,3
Samsung Semiconductor,3.1,202,Semiconductors,Bengaluru,1.7k,22,--,9
Beyond Key,4.1,202,IT Services & Consulting,Indore,677,19,22,18
Gainwell Technologies,4.2,203,IT Services & Consulting,Bengaluru,1.6k,43,38,24
Acma Computers,3.3,202,IT Services & Consulting,Mumbai,920,24,9,11
Gennova Biopharmaceuticals,4.2,202,Pharma,Pune,881,12,--,13
Orbit Techsol,3.5,202,IT Services & Consulting,New Delhi,1.2k,12,12,9
Bhansali Engineering Polymers,3.2,202,Petrochemicals,Abu Road,765,21,8,9
Redington Group,3.9,202,IT Services & Consulting,Chennai,1.4k,9,24,2
SILA Group (India),3.6,202,Internet,Mumbai,750,7,--,1
Symphoni HR,3.9,202,Recruitment,Mumbai,361,25,1,2
Godrej Appliances,3.8,201,Consumer Electronics & Appliances,Pune,666,8,--,21
Oben Electric Vehicle,4.2,203,Automobile,Bengaluru,483,25,35,9
B2x Service Solutions,3.9,201,BPO,Mumbai,477,4,--,19
UST BlueConch Technologies,3.6,201,Software Product,Pune,1.2k,20,--,1
A3logics,3.3,201,IT Services & Consulting,Jaipur,773,32,--,8
IILM,4.0,202,Education & Training,Greater Noida,489,11,1,6
Colan Infotech,4.1,201,IT Services & Consulting,Chennai,1.3k,30,26,18
Lakme Salon,3.8,201,Beauty & Personal Care,Mumbai,478,14,--,14
ReGen Powertech,3.7,201,Power,Chennai,427,10,--,23
YouTube,4.6,201,Internet,New Delhi,850,9,--,11
Bygging India,3.9,201,Engineering & Construction,New Delhi,663,17,10,18
Roots Multiclean,3.8,201,Industrial Machinery,Coimbatore,1.1k,19,89,18
AB Mauri India,3.8,201,Food Processing,Bengaluru,817,13,3,12
Flowmore,3.7,201,Industrial Machinery,Ghaziabad,847,23,--,18
Zenoti,2.5,201,IT Services & Consulting,Hyderabad,1.6k,51,13,23
Jagran New Media,3.1,201,Internet,Noida,658,7,--,11
Biophore India Pharmaceuticals,3.4,201,Pharma,Hyderabad,883,14,5,15
Vensure Employer Services,3.8,201,IT Services & Consulting,Noida,289,49,49,4
Bygging India,3.9,201,Engineering & Construction,New Delhi,663,17,10,18
YouTube,4.6,201,Internet,New Delhi,850,9,--,11
Margadarsi Chit Fund,3.7,202,Financial Services,Hyderabad,675,11,--,12
Timex Group India,4.0,201,Metals & Mining,Noida,863,5,6,25
MBL Infrastructure Limited,3.9,201,Engineering & Construction,New Delhi,503,12,25,39
Windsor Machines,4.0,201,Industrial Machinery,Ahmedabad,826,10,3,16
Ascendum KPS,3.6,201,IT Services & Consulting,Ahmedabad,817,26,1,16
Ushodaya Enterprises,4.0,201,FMCG,Hyderabad,757,6,14,21
Alp Nishikawa,3.9,201,Auto Components,Gurugram,812,9,4,18
Japfa Comfeed India Private Limited,3.9,201,Agriculture,Pune,885,16,14,18
Exel Rubber,4.0,201,Petrochemicals,Hyderabad,823,19,2,12
Avis,3.4,201,Travel & Tourism,Gurugram,643,8,--,31
S.R.Batliboi & Co.,3.0,201,Accounting & Auditing,Gurugram,1k,15,--,13
Woodrock Infotech Private Limited,2.9,201,BPO,Kolkata,355,17,--,9
DigiCall Teleservices,4.0,200,Telecom,Noida,326,2,--,27
Extentia Information Technology,3.4,200,IT Services & Consulting,Pune,1.4k,18,--,11
Adhaan Solutions,3.8,200,Recruitment,Ahmedabad,646,12,--,7
JNET Technologies,3.6,200,IT Services & Consulting,Hyderabad,679,14,--,15
Karam Safety,4.3,200,Industrial Machinery,Lucknow,793,9,4,3
Hy Gro Chemicals Pharmtek,3.9,200,Pharma,Hyderabad,653,12,--,20
Medecins Sans Frontieres,4.4,200,Non-Profit,Mumbai,411,14,3,5
Saudi Electricity Company,4.2,200,Power,Riyadh,378,10,--,28
Praxair,4.1,200,Chemicals,Bengaluru,661,7,--,24
Dayal Fertilizers,3.7,200,Agro Chemicals,Meerut,419,13,--,23
Dalmia-OCL,3.9,200,Building Material,Rourkela,578,8,--,14
Avaali Solutions,4.4,200,IT Services & Consulting,Bengaluru,437,46,12,1
Kalyan Toll Infrastructure,4.2,200,Engineering & Construction,Indore,657,8,2,21
Moneyboxx Finance,3.6,202,NBFC,Mumbai,607,11,5,6
Sanmar Group,3.5,200,Chemicals,Chennai,885,23,--,12
OEN India,4.1,200,Auto Components,Pune,897,16,1,12
Mervice Infotech,3.6,201,BPO,Kolkata,503,47,1,2
Krishi Rasayan Exports,3.9,200,Import & Export,Ankleshwar,674,12,5,9
Oswal Castings,3.7,200,Metals & Mining,Faridabad,694,14,1,11
Della Group,4.3,200,Architecture & Interior Design,Mumbai,316,19,43,12
Paytm Money,3.0,200,FinTech,Bengaluru,1.3k,29,1,12
Godrej Tyson Food,3.9,200,Food Processing,Mumbai,740,13,--,15
Prologic Web Solutions,3.9,200,IT Services & Consulting,Noida,390,38,4,15
Target Publications,4.0,200,Printing & Publishing,Mumbai,330,17,27,5
Doubletree By Hilton,3.9,200,Hospitality,New Delhi,553,8,--,24
Sahyadri Industries,3.5,200,Building Material,Pune,833,14,--,9
M&G India,3.4,200,Financial Services,Mumbai,1.8k,14,13,10
Gokul Agro Resources,3.8,200,FMCG,Gandhidham,937,17,15,6
Cholayil Private Limited,4.1,200,FMCG,Chennai,671,8,4,20
IG Petrochemicals,3.3,200,Chemicals,Mumbai,1.1k,15,2,11
Creative Group,4.2,200,Architecture & Interior Design,New Delhi,749,31,--,6
EDR Continuous Information,2.9,200,IT Services & Consulting,Chennai,850,11,--,12
Pin Click,2.7,200,Real Estate,Bengaluru,479,14,8,17
TekisHub Consulting Services,3.7,201,IT Services & Consulting,Hyderabad,1.1k,23,--,6
Eagle Infra,4.0,201,Engineering & Construction,Mumbai,876,12,--,18
Marathon Electric India,3.5,200,Electrical Equipment,Faridabad,882,12,3,19
GEETANJALI HOMESTATE,3.7,199,Real Estate,Gurugram,274,16,--,38
Apis India Limited,3.5,199,Food Processing,New Delhi,722,11,2,11
Volksoft Technologies,4.3,199,Software Product,Hyderabad,176,4,--,6
Kifs Housing Finance,3.7,199,Financial Services,Mumbai,569,9,1,7
Axalta Coating Systems,4.1,199,Chemicals,Vadodara,847,12,5,29
SCIO Management Solutions,4.4,200,BPO,Chennai,659,18,--,14
Canvera,3.7,199,Printing & Publishing,Bengaluru,606,5,--,15
Ministry of Home Affairs,4.1,199,Government,New Delhi,2k,7,--,7
CETPA InfoTech,3.3,199,IT Services & Consulting,Noida,800,15,1,27
Innovel Energy Services,3.7,199,Power,Kolkata,412,22,5,20
Apache Footwear,3.5,200,Fashion & Textile,Nellore,683,18,--,18
Hoonartek,3.5,199,IT Services & Consulting,Pune,1.5k,17,1,14
Maharishi Markandeshwar University,3.7,199,Education & Training,Ambala,545,13,--,10
Competition Team Technology,3.6,199,Electronics Manufacturing,Chennai,1.1k,11,1,7
rebootXP,2.9,199,Management Consulting,Noida,301,13,8,1
Ester Industries,3.9,199,Petrochemicals,Khatima,805,10,1,20
Lakshmi Life Sciences,3.9,199,Industrial Automation,Coimbatore,1k,11,4,7
Cosmos Impex,4.2,199,Industrial Machinery,Vadodara,977,20,4,16
Bureau of Indian Standards,4.0,199,Government,New Delhi,952,21,4,5
Energy Efficiency Services,3.7,199,Power,New Delhi,765,13,--,20
CIMS Hospital,4.2,199,Healthcare,Ahmedabad,622,6,1,14
Zentiva,4.2,199,Pharma,Ankleshwar,883,10,28,10
Crescon Projects & Services,3.5,199,Engineering & Construction,Chennai,735,18,12,10
Rudrabhishek Enterprises,3.1,199,Urban Transport,Noida,789,11,4,14
Astec LifeSciences,3.8,199,Agro Chemicals,Mahad,771,18,4,13
CDM Smith,3.6,199,Engineering & Construction,Bengaluru,894,15,9,16
Raksha TPA,4.1,199,Insurance,Faridabad,749,6,--,11
AXIS Solutions,3.4,199,Industrial Automation,Hyderabad,771,14,2,7
Nipro India Corporation,3.3,199,Healthcare,Pune,933,19,15,11
Aptia,2.6,199,IT Services & Consulting,Mumbai,939,11,12,6
Masters' Union School of Business,3.2,199,EdTech,Gurugram,954,95,111,10
Kriya NextWealth,3.6,199,,Chittoor,763,17,--,1
NCR Atleos,3.8,199,Banking,Mumbai,1.2k,16,6,4
Kent,3.4,199,Financial Services,Noida,823,8,--,8
Burger Singh,3.6,199,Hospitality,Gurugram,639,18,4,3
Muthoot Mercantile,3.3,199,NBFC,Thiruvananthapuram,576,12,26,5
The Souled Store,3.2,199,Fashion & Textile,Mumbai,732,15,7,6
GKC Projects,4.5,198,Engineering & Construction,Hyderabad,437,--,--,33
OnMobile Global,3.6,198,Telecom,Bengaluru,1.4k,16,--,25
DAIMLER TRUCKS ASIA,3.8,198,,Chennai,1.2k,5,--,6
Loconav,3.1,198,Software Product,Gurugram,1.2k,14,--,11
Caretel Infotech,3.5,198,Analytics & KPO,New Delhi,433,10,--,17
Kohler Power,3.8,198,Power,Pune,978,10,--,22
Green Gene Enviro Protection And Infrastructure,3.6,198,Waste Management,Faridabad,576,12,--,1
insightsoftware,3.7,198,Software Product,Hyderabad,1.1k,33,4,3
Repro India,3.3,198,FMCG,Mumbai,894,16,7,13
Clean Science And Technology,3.5,198,Chemicals,Pune,1k,11,11,10
Cadsys,3.5,198,IT Services & Consulting,Hyderabad,533,7,1,47
Maahi Milk Producer Company,4.2,198,Food Processing,Rajkot,521,15,1,24
VDart,4.0,198,IT Services & Consulting,Tiruchirappalli,976,51,15,9
Osam Dairy,3.9,198,Agriculture,Ranchi,430,9,5,2
Sigma Supply Chain Solutions,3.3,198,Logistics,Noida,493,4,3,8
Vardhman Special Steels,4.0,198,Iron & Steel,Ludhiana,737,13,8,8
Orange Health Labs,4.0,198,Healthcare,Bengaluru,571,18,--,3
Ducat,3.5,197,Education & Training,Noida,674,15,--,5
TVS Automobiles Solutions,3.5,197,,Chennai,809,7,--,2
Zydus Pharma,3.6,197,Pharma,Ahmedabad,716,14,--,8
IIHT,3.6,197,Education & Training,Bengaluru,860,3,1,30
Blowhorn,3.2,197,Logistics,Bengaluru,563,7,--,17
Mangalam Landmarks,4.8,197,Real Estate,Pune,146,92,14,1
Blue Rose Technologies,4.1,197,IT Services & Consulting,Bengaluru,1.1k,21,1,19
Lubrizol Corporation,3.9,197,Chemicals,Mumbai,983,8,8,15
Shipco It,3.5,197,IT Services & Consulting,Pune,583,16,11,1
Royal Cyber,3.3,197,IT Services & Consulting,Bengaluru,1.4k,14,57,5
Shakti Hormann,3.6,197,Building Material,Hyderabad,726,23,17,17
Delhi World Public School,3.6,197,Education & Training,Kolkata,710,17,23,19
PS Group,3.7,197,Real Estate,Kolkata,752,20,6,16
Indel Money,4.0,197,NBFC,Kochi,629,9,10,6
NSL Textiles,3.9,197,Fashion & Textile,Guntur,658,11,--,18
Ambuja Cement Foundation,3.8,197,Non-Profit,Jaipur,529,13,2,10
Rimini Street,4.1,197,IT Services & Consulting,Hyderabad,986,8,25,15
Tata Main Hospital,3.7,197,Healthcare,Jamshedpur,545,21,--,23
DS-MAX Properties,3.7,197,Real Estate,Bengaluru,933,28,5,19
The House of Abhinandan Lodha,3.1,197,Real Estate,Mumbai,832,47,2,8
MSV International,3.9,197,Engineering & Construction,Gurugram,526,18,14,10
Overseas Health Care,3.2,196,Pharma,Phillaur,462,18,--,15
DST Worldwide Services,4.2,196,,Hyderabad,918,8,--,25
Dishnet Wireless,4.3,196,Telecom,Kolkata,370,--,--,38
Accord Synergy,3.2,196,Hardware & Networking,Vadodara,398,9,--,14
Bullmen Realty,3.1,196,Real Estate,Noida,758,19,5,3
Eglo India,3.2,196,Consumer Electronics & Appliances,Bawal,789,19,--,15
BGD Tech PVT LTD,4.4,196,IT Services & Consulting,Bengaluru,193,64,--,1
SOS Children's Village,3.3,196,Non-Profit,New Delhi,491,13,9,20
Sims Hospital,3.7,196,Healthcare,Chennai,865,22,--,11
J Mitra And Co,3.8,196,Medical Equipment,New Delhi,554,18,3,11
Anu Industries,3.3,196,Packaging,Gurugram,720,10,--,21
DB Engineering & Consulting,4.2,196,Engineering & Construction,Bengaluru,871,9,7,16
Tirupati Medicare,4.4,196,Pharma,Paonta Sahib,642,10,3,20
Tropilite Foods,3.5,196,Food Processing,Gwalior,612,15,12,13
E Pack Polymers,3.8,196,Packaging,Greater Noida,830,12,1,15
Object Technology Solutions,3.8,196,IT Services & Consulting,Hyderabad,1.3k,9,6,10
Sequretek It Solutions,3.4,196,Emerging Technologies,Mumbai,1.1k,11,13,6
Kayjay Forging,3.7,196,Auto Components,Ludhiana,697,9,27,20
Mitsubishi Power India,4.5,196,Industrial Machinery,Bengaluru,887,15,2,16
Capricorn Logistics,3.5,196,Logistics,Mumbai,735,6,1,9
Kundan Group,3.3,196,Jewellery,New Delhi,669,20,12,4
SVN SYSTECH INDIA,3.3,196,IT Services & Consulting,Mumbai,896,12,2,6
Triveni Almirah,4.0,196,Furniture & Furnishing,Noida,378,27,42,26
Vision IAS,2.2,196,Education & Training,New Delhi,676,9,--,5
SFC Solutions India,3.4,196,Automobile,Chennai,903,18,--,9
Epson,4.3,196,IT Services & Consulting,Bengaluru,647,7,1,15
CivilMantra Infracon Private Limited,3.7,196,Engineering & Construction,Gurugram,242,16,4,9
Txd (india) Technology,4.0,196,Electronics Manufacturing,Rewari,801,17,--,13
Frontizo Business Services,3.6,196,BPO,Chandigarh,602,21,--,8
Zen3 Info Solutions,4.0,195,IT Services & Consulting,Hyderabad,1.2k,13,--,25
Tecumseh Products,3.3,195,Industrial Machinery,Faridabad,897,10,3,8
Shemaroo Entertainment,3.2,195,Media & Entertainment,Mumbai,1.1k,10,6,18
HeyCoach,3.9,195,Education & Training,Bengaluru,191,25,19,1
Go Speedy Go,4.5,195,Automobile,Bhubaneswar,101,16,--,29
Ciklum,3.6,195,IT Services & Consulting,Pune,933,34,76,6
Salasar Techno Engineering,4.0,195,Iron & Steel,Ghaziabad,912,18,--,9
Vandana Global,2.9,196,Iron & Steel,Raipur,822,17,6,3
RLabs Enterprise Services,3.0,195,Recruitment,Bengaluru,1.3k,20,--,15
BookMyShow,3.7,195,Internet,Mumbai,1.2k,29,--,20
Monocept,3.3,195,Software Product,Hyderabad,1.3k,26,2,9
Food Corporation of India,4.1,195,Government,New Delhi,703,15,--,12
Emirates NBD,3.0,195,Banking,Bengaluru,1.2k,10,--,24
Epitome Components,3.3,195,Electrical Equipment,Ahilyanagar,843,14,13,6
Cex Webuy Entertainment,3.3,196,Retail,Mumbai,1.1k,22,6,23
Meritto,3.5,195,Internet,Gurugram,1.1k,27,2,20
Bharat Oman Refineries,3.4,195,Oil & Gas,Bina,792,8,--,34
INOXCVA,3.3,195,Engineering & Construction,Vadodara,832,9,12,6
Vertafore,3.8,195,IT Services & Consulting,Hyderabad,1.9k,24,--,17
LS Automotive India,3.4,196,Auto Components,Chennai,1k,9,12,19
Fermenta Biotech,4.3,195,Biotechnology,Bharuch,1k,19,--,20
Modern Business Solutions,3.7,195,Recruitment,Bengaluru,585,8,--,9
Sun Direct TV,3.8,195,Telecom,Chennai,648,9,1,19
OASYS Tech Solutions,3.6,195,IT Services & Consulting,Bhubaneswar,566,13,--,4
Toyo INK,3.9,195,Chemicals,Greater Noida,891,12,3,19
Aeon Credit Service,3.5,195,Financial Services,Mumbai,624,12,--,8
Monomark Engineering,4.0,195,Engineering & Construction,Chittorgarh,681,13,13,15
Enrich Hair And Skin Solutions,3.6,195,Beauty & Personal Care,Mumbai,662,7,11,16
Soch Apparels,4.4,195,Fashion & Textile,Bengaluru,688,9,--,17
ILJIN AUTOMOTIVE,3.7,196,Automobile,Chennai,775,12,1,19
DSM Infocom,2.5,194,IT Services & Consulting,Mumbai,423,6,--,5
Service Master Clean,3.8,194,Facility Management Services,New Delhi,685,14,--,14
Tata Institute of Social Sciences,4.3,194,Education & Training,Mumbai,728,10,--,17
Elsevier,3.7,194,Printing & Publishing,Bengaluru,1.4k,26,180,16
Affine,3.2,194,IT Services & Consulting,Bengaluru,1.4k,55,21,13
Illusion Dental Laboratory,3.4,194,Medical Equipment,Mumbai,587,16,22,6
Green Park Hotels,4.1,194,Hospitality,Hyderabad,679,3,4,24
Walker Chandiok & Co,3.0,194,Accounting & Auditing,Mumbai,1.3k,14,3,8
Gateway Group of Companies,2.6,194,IT Services & Consulting,Ahmedabad,1.1k,28,3,15
Marolix Technology Solutions,2.9,195,IT Services & Consulting,Hyderabad,1k,16,--,8
Vestian Global Workplace Services,3.4,195,Real Estate,Bengaluru,858,7,5,9
Vestian Global Workplace Services,3.4,195,Real Estate,Bengaluru,858,7,5,9
Gateway Group of Companies,2.6,194,IT Services & Consulting,Ahmedabad,1.1k,28,3,15
Marolix Technology Solutions,2.9,195,IT Services & Consulting,Hyderabad,1k,16,--,8
Illusion Dental Laboratory,3.4,194,Medical Equipment,Mumbai,587,16,22,6
NRP Projects,4.1,194,Engineering & Construction,Chennai,736,9,1,14
Hi-Tech,3.6,194,Education & Training,New Delhi,1.2k,22,4,14
Eros Group,3.8,194,Real Estate,New Delhi,761,17,8,21
NexTurn,3.9,194,IT Services & Consulting,Hyderabad,378,37,92,1
Green Park Hotels,4.1,194,Hospitality,Hyderabad,679,3,4,24
Corient Business Solutions,3.0,194,Accounting & Auditing,Mumbai,873,31,8,4
EKA Mobility,3.4,194,Automobile,Pune,880,14,--,5
Jayanita Exports,3.4,194,Furniture & Furnishing,Greater Noida,695,19,--,14
Lohum Cleantech,3.5,195,Semiconductors,Greater Noida,694,23,3,6
Laxmi Remote India,3.4,194,Pharma,Noida,728,12,1,13
Anion Healthcare Services,4.0,194,Healthcare,Hyderabad,679,14,5,54
Jehangir Hospital,3.8,194,Healthcare,Pune,683,9,8,16
Paranjape Schemes (Construction) Limited,3.2,194,Real Estate,Pune,881,11,7,16
DevTown,3.7,193,Education & Training,Bengaluru,123,35,--,--
Neosym Industry,3.8,193,Auto Components,Pune,733,13,4,19
CTR Manufacturing Industries,3.4,194,Industrial Machinery,Pune,859,13,45,9
Ginni Filaments,3.7,193,Fashion & Textile,Noida,766,6,4,13
Pegasus InfoCorp,2.5,193,IT Services & Consulting,Mumbai,1.1k,21,--,16
Timezone Entertainment,3.5,193,Events,Mumbai,550,13,--,7
Godavari Krishna Co-operative Society,4.7,193,Financial Services,Vijayawada,108,63,6,1
Fabtech Projects & Engineers,3.9,193,Engineering & Construction,Pune,829,16,5,11
Givaudan,4.0,193,Beauty & Personal Care,Pune,1.1k,7,--,32
Inteva Products,3.6,193,Auto Components,Bengaluru,1.2k,19,9,21
Value Rcm Solutions,4.1,193,Analytics & KPO,Kolkata,402,33,2,11
Al-Futtaim Group,3.8,193,Retail,Dubai,523,12,--,33
Saatvik Green Energy,4.0,193,Power,Ambala,747,14,2,4
Stedman Pharmaceuticals,4.1,193,Pharma,Chennai,353,27,7,23
The Chennai Silks,3.5,193,Fashion & Textile,Coimbatore,813,10,--,11
Dmi Housing Finance,4.1,193,Financial Services,New Delhi,602,8,--,11
Paisalo Digital,3.5,193,NBFC,New Delhi,452,17,1,5
Panchshil Realty,4.3,193,Real Estate,Pune,980,14,--,15
Dew Solutions,3.4,193,IT Services & Consulting,Gurugram,1.2k,23,2,20
Government of Bihar,3.5,193,Government,Patna,547,2,--,11
Primus Techsystems,3.4,193,IT Services & Consulting,Pune,1.3k,10,9,12
Zeon Lifesciences Ltd.,3.9,193,Fitness & Wellness,Paonta Sahib,721,42,13,17
Toto India Industries,3.7,193,Building Material,Vadodara,665,9,7,18
Government of Bihar,3.5,193,Government,Patna,547,2,--,11
Dew Solutions,3.4,193,IT Services & Consulting,Gurugram,1.2k,23,2,20
Stedman Pharmaceuticals,4.1,193,Pharma,Chennai,353,27,7,23
Param Renewable Energy,3.8,193,Power,Bengaluru,529,18,--,15
Abellon Clean Energy,3.0,193,Other,Ahmedabad,864,4,9,17
Knoldus Inc,3.8,192,IT Services & Consulting,Noida,485,21,--,29
Sheth Creators,3.2,192,Real Estate,Mumbai,768,9,--,15
Code Brew Labs,3.2,192,IT Services & Consulting,Chandigarh,734,16,--,32
Reventics,3.8,192,Healthcare,Hyderabad,888,16,--,19
Vivimed Labs,3.2,192,Chemicals,Hyderabad,844,11,4,15
An Pharmaceuticals,4.4,192,Pharma,New Delhi,154,34,5,31
HPM Chemicals & Fertilizers,4.1,192,Agro Chemicals,New Delhi,458,10,--,97
Dr. Willmar Schwabe India,3.9,192,Healthcare,Noida,503,10,1,16
Euronet Worldwide,3.5,192,FinTech,Mumbai,1.3k,15,5,17
NIMS University,3.1,192,Education & Training,Jaipur,755,16,--,10
Adcock Ingram,3.9,192,Pharma,Bengaluru,853,11,--,13
Excel Industries,3.9,192,Agro Chemicals,Mumbai,964,16,11,11
NTC Logistics India,4.0,192,Logistics,Chennai,926,17,6,17
Minda Stoneridge Instruments,3.1,192,Auto Components,Pune,939,19,--,6
Blue Tokai Coffee Roasters,3.8,192,Hospitality,New Delhi,699,11,10,16
Radiant Appliances,4.2,192,Electronics Manufacturing,Hyderabad,735,14,1,19
Dr. Willmar Schwabe India,3.9,192,Healthcare,Noida,503,10,1,16
Euronet Worldwide,3.5,192,FinTech,Mumbai,1.3k,15,5,17
NIMS University,3.1,192,Education & Training,Jaipur,755,16,--,10
NTC Logistics India,4.0,192,Logistics,Chennai,926,17,6,17
Minda Stoneridge Instruments,3.1,192,Auto Components,Pune,939,19,--,6
Adcock Ingram,3.9,192,Pharma,Bengaluru,853,11,--,13
Four Seasons Hotel,3.9,192,Hospitality,Mumbai,606,9,11,39
Manikaran Power Limited,3.5,192,Power,New Delhi,748,28,1,13
Apollo Telehealth Services,3.9,192,Healthcare,Hyderabad,668,12,--,20
Empower Pragati,3.5,192,Education & Training,New Delhi,465,12,3,13
Kumar Organic Products,3.4,192,Chemicals,Bengaluru,912,17,7,14
Excel Industries,3.9,192,Agro Chemicals,Mumbai,964,16,11,11
Nabard Consultancy Services,3.5,192,Management Consulting,New Delhi,523,18,1,7
NMTronics India Private Limited,3.1,192,Electronics Manufacturing,Noida,507,33,2,12
i-Source Infosystems,3.6,192,IT Services & Consulting,Pune,822,9,2,5
Capline Services,4.0,192,Healthcare,Noida,745,35,4,20
Tonglit Autogistic,3.6,192,Logistics,Chennai,747,18,3,14
Ecolab Digital Center,3.4,192,Chemicals,Bengaluru,1.7k,26,--,7
EbixCash Financial Technologies,2.7,191,IT Services & Consulting,Pune,1.2k,6,12,8
InfoService,4.1,191,IT Services & Consulting,Bengaluru,1k,37,--,2
Hubergroup,3.9,191,Chemicals,Vapi,898,7,38,14
EbixCash Financial Technologies,2.7,191,IT Services & Consulting,Pune,1.2k,6,12,8
Carwale,3.3,191,Internet,Mumbai,1.1k,49,19,23
Cheema Boilers,4.0,191,Industrial Machinery,Sahibzada Ajit Singh Nagar,778,12,9,12
Virinchi Technologies,3.0,191,IT Services & Consulting,Hyderabad,1.1k,20,--,8
CIGNEX,3.8,191,IT Services & Consulting,Bengaluru,1.2k,10,1,20
Ilensys Technologies,4.1,191,Engineering & Construction,Hyderabad,1.1k,28,56,8
Amtex Systems,3.2,191,IT Services & Consulting,Chennai,1.1k,17,1,1
ARC Document Solutions,2.7,191,Printing & Publishing,Kolkata,836,18,6,15
Edunext Technologies,3.3,191,EdTech,Noida,607,17,7,11
FACE Prep,3.9,195,,Coimbatore,336,52,1,26
Cyient DLM,3.8,191,,Hyderabad,843,11,--,11
DesignCafe,3.3,192,Architecture & Interior Design,Bengaluru,1.2k,13,30,11
Gameskraft,4.2,191,Software Product,Bengaluru,1.4k,19,1,6
HLE Glascoat,3.2,191,Industrial Machinery,Anand,825,7,--,13
CloudMoyo,4.0,191,Software Product,Pune,1.2k,8,1,44
Solverminds Solutions and Technologies,3.2,191,IT Services & Consulting,Chennai,1.4k,21,--,7
Theon Pharmaceuticals,3.8,191,Pharma,Baddi,791,16,9,15
Profinch Solutions,3.6,191,FinTech,Bengaluru,1.5k,21,--,9
GoMechanic,3.3,191,Internet,Gurugram,2k,55,8,25
Biesse Manufacturing,3.6,191,Architecture & Interior Design,Bengaluru,942,18,--,17
Oliva Skin and Hair Clinics,3.8,191,Healthcare,Hyderabad,640,14,11,28
Appsquadz Software,4.0,191,IT Services & Consulting,Noida,869,24,1,13
Auto Ignition,3.7,191,Auto Components,Faridabad,678,9,2,21
Thriveni Sainik Mining,4.3,191,Metals & Mining,Hazaribag,622,30,1,11
AMBITION JOB,4.3,190,Recruitment,Hyderabad,78,57,--,26
Radheya Machining,3.5,190,Industrial Machinery,Pune,682,10,15,19
Systopic Laboratories,4.4,190,Pharma,New Delhi,365,5,94,28
Gnrc Hospital,3.6,190,Healthcare,Guwahati,642,15,--,11
Nuance Transcription Services,4.1,190,IT Services & Consulting,Bengaluru,525,1,--,22
R-Logic Technology Services,4.1,190,IT Services & Consulting,Bengaluru,587,13,1,24
ICT Service Management Solutions,3.4,190,IT Services & Consulting,Bengaluru,621,4,1,19
INFRES METHODEX,3.5,190,Industrial Automation,New Delhi,574,7,--,8
CPC Diagnostics,3.8,190,Medical Equipment,Chennai,632,12,--,12
Azure Hospitality,4.0,190,Hospitality,New Delhi,575,11,--,31
INDIA TODAY GROUP,3.6,190,Media & Entertainment,Noida,1.2k,12,--,20
SEG Automotive,4.1,190,Auto Components,Bengaluru,1.2k,11,--,15
Mitsuba,3.7,190,Auto Components,Gurugram,749,6,2,18
Stumpp Schuele & Somappa Springs,3.3,190,Industrial Machinery,Bengaluru,731,10,2,16
Azure Hospitality,4.0,190,Hospitality,New Delhi,575,11,--,31
INFRES METHODEX,3.5,190,Industrial Automation,New Delhi,574,7,--,8
Eicher Trucks and Buses,4.6,190,Automobile,Indore,584,12,--,26
RattanIndia Power,3.4,190,Power,Amravati,742,15,14,19
AMS Comtel BPMS,3.2,190,IT Services & Consulting,New Delhi,768,10,6,11
Google Maps,4.8,190,Internet,Hyderabad,158,21,--,4
SPJ group,4.0,190,Real Estate,New Delhi,198,16,7,10
Kanerika Software,4.2,190,IT Services & Consulting,Hyderabad,566,7,9,2
Apollo Spectra Hospitals,4.4,190,Healthcare,New Delhi,488,17,--,15
Transcom India,2.3,190,BPO,Gurugram,841,22,2,8
Starworth Infrastructure Construction,3.6,190,Engineering & Construction,Bengaluru,767,12,7,7
CapitalVia,3.9,190,Analytics & KPO,Indore,377,48,--,23
Kiran Foreign Trade,3.0,189,Software Product,Sahibzada Ajit Singh Nagar,833,25,3,21
Relyon Softech,4.0,189,Software Product,Bengaluru,915,20,--,16
The Hindu Group,3.9,189,Printing & Publishing,Chennai,936,10,4,14
Kimbal Private Limited,3.3,189,Power,New Delhi,599,18,--,12
C.G. Marketing,3.9,192,Marketing & Advertising,Pune,537,4,--,21
Nandi Toyota,3.9,189,Automobile,Bengaluru,545,17,--,20
Cornerstone OnDemand,3.3,189,Software Product,Pune,1.8k,37,11,9
Abu Dhabi National Hotels,4.0,189,Hospitality,Abu Dhabi,285,10,--,36
Cornerstone OnDemand,3.3,189,Software Product,Pune,1.8k,37,11,9
Massive Restaurants,3.9,189,Hospitality,New Delhi,635,3,--,18
SAT n paper,4.3,189,,New Delhi,155,27,2,2
Abu Dhabi National Hotels,4.0,189,Hospitality,Abu Dhabi,285,10,--,36
O2 Power,4.5,189,Power,Gurugram,523,8,5,4
Phenix Construction Technologies,3.9,189,Engineering & Construction,Ahmedabad,788,16,--,32
Trinity Mobility,3.0,189,IT Services & Consulting,Bengaluru,1.2k,15,2,28
Holy Family Hospital,3.5,189,Healthcare,New Delhi,694,8,37,11
Advantage One Tax Consulting,4.0,189,Financial Services,Hyderabad,532,11,--,15
Cinda Engineering & Construction,4.1,189,Engineering & Construction,Noida,767,17,--,10
Jayem Automotives,3.4,189,Auto Components,Coimbatore,759,10,1,11
Swipewire Technologies,3.8,189,Software Product,Chennai,1.1k,22,--,4
Accutest Research Laboratories,3.3,189,Clinical Research,Mumbai,742,7,--,15
Sagar Hospital,4.2,190,Healthcare,Bengaluru,629,6,4,15
All India Council Technical Education,4.4,189,,New Delhi,211,10,--,5
SBL Knowledge Services,2.9,189,IT Services & Consulting,Madurai,970,17,--,10
Symed Labs,3.7,189,Pharma,Hyderabad,655,8,3,13
Saraca Solutions,4.1,190,IT Services & Consulting,Noida,583,28,49,22
Miraj Group,4.0,188,Printing & Publishing,Udaipur,773,14,1,15
Raptim Research,4.4,188,Clinical Research,Mumbai,911,14,--,14
Karuna Greentech,4.5,188,Electrical Equipment,Kolkata,132,2,--,4
Hindustan Media Ventures,3.6,188,Printing & Publishing,Patna,603,6,--,7
Miraj Group,4.0,188,Printing & Publishing,Udaipur,773,14,1,15
Fortune Marketing,3.6,188,Hardware & Networking,New Delhi,847,12,--,5
Gangavaram Port,3.3,188,Ports & Shipping,Visakhapatnam,605,12,--,7
Jarvis Technology and Strategy Consulting,3.2,188,Management Consulting,New Delhi,819,24,--,8
Arvind Smartspaces Limited,3.6,189,Real Estate,Ahmedabad,726,16,--,12
Anand Rathi Wealth Limited,3.1,190,Financial Services,Mumbai,1.3k,25,--,7
Mentorsity,4.4,188,EdTech,New Delhi,58,12,--,29
Bajaj Steel Industries,3.4,188,Industrial Machinery,Nagpur,1.1k,13,1,10
Cogniter Technologies,3.5,188,IT Services & Consulting,Hyderabad,2.6k,20,4,18
Gunnebo,3.8,188,Defence & Aerospace,Vadodara,808,12,9,15
S V S Projects India,3.1,188,Engineering & Construction,Hyderabad,601,11,--,13
Ess Kay Group,3.6,188,Industrial Machinery,Gurugram,634,13,1,5
Prgx India,3.2,188,Accounting & Auditing,Pune,1.3k,15,68,23
Teleminds Infotech,2.7,188,BPO,Kolkata,660,13,4,20
DSM SOFT,2.9,188,IT Services & Consulting,Tiruchirappalli,817,13,--,12
Micromatic Grinding Technologies,4.0,188,Industrial Machinery,Ghaziabad,746,10,8,22
Naresh i Technologies,4.0,188,IT Services & Consulting,Hyderabad,676,14,8,5
Walstar Technologies,4.1,188,IT Services & Consulting,Kolhapur,490,27,12,10
IFB Agro Industries,4.0,188,Beverage,Kolkata,700,8,--,26
APAC Financial Services,4.1,188,Financial Services,Mumbai,544,10,42,4
Ansal Api,3.9,188,Real Estate,New Delhi,480,12,--,10
Solex Energy,4.7,188,Power,Surat,289,30,1,4
Inspiredge IT Solutions,3.9,188,IT Services & Consulting,Visakhapatnam,1k,12,3,25
Open Financial Technologies Private Limited,3.3,188,FinTech,Bengaluru,1.2k,28,2,4
Savills,3.6,188,Real Estate,Bengaluru,1.2k,16,4,11
Toyota Boshoku Automotive,4.1,188,Auto Components,Bengaluru,767,5,9,13
Mangal Industries,3.8,188,Auto Components,Tirupati,771,9,--,10
D'Decor Home Fabrics,4.0,188,Fashion & Textile,Mumbai,984,17,4,12
Jaslok Hospital and Research Centre,4.1,188,Healthcare,Mumbai,756,9,7,18
Psychotropics India,3.9,188,Pharma,Haridwar,656,3,1,12
Burman Hospitality,3.8,188,Hospitality,New Delhi,633,10,12,16
PPMS Field Marketing,3.8,189,Marketing & Advertising,Chennai,533,11,--,6
Celon Laboratories,3.3,188,Pharma,Hyderabad,805,9,7,12
Denso Ten Minda India,4.0,188,Auto Components,Bawal,755,16,--,13
Magnit Global,3.4,188,Software Product,Vadodara,809,18,--,1
Virbac Animal Health,3.9,187,Pharma,Mumbai,403,6,--,19
Volante Technologies,3.3,187,FinTech,Chennai,1.5k,19,2,17
ASK-EHS Engineering & Consultants,3.5,187,Engineering & Construction,Surat,626,12,--,14
Bambino Agro Industries,3.8,187,Food Processing,Hyderabad,763,8,1,16
Indian Council of Medical Research,4.3,187,Healthcare,New Delhi,724,7,--,5
VAYA Finserv,4.0,187,Financial Services,Hyderabad,450,11,--,17
HEUBACH Colour,4.0,187,Chemicals,Ankleshwar,916,11,8,20
Apollo Supply Chain,3.8,187,Logistics,Gurugram,668,13,3,4
Cyntexa,4.0,187,IT Services & Consulting,Jaipur,591,41,48,17
Bentley Systems,4.1,187,Software Product,Pune,1.4k,22,17,25
KPI Partners,3.6,187,IT Services & Consulting,Hyderabad,991,20,58,24
Mansukh Securities & Finance,3.1,187,Financial Services,Ahmedabad,899,24,2,6
GUVI,3.5,187,EdTech,Chennai,886,30,6,5
SmartQ - Bottle Lab Technologies,4.0,188,Software Product,Bengaluru,1.1k,24,77,14
Source One Management Services,3.4,187,IT Services & Consulting,Bengaluru,796,23,--,11
DavaIndia,3.6,187,,Kolkata,545,18,--,5
iQuanti,4.0,187,Marketing & Advertising,Bengaluru,1.1k,18,21,16
The Pride Hotel,3.3,187,Hospitality,Pune,716,10,1,20
Lennox India Technology Centre,3.6,187,Industrial Machinery,Chennai,1.1k,27,46,17
Bajaj Financial Securities,4.2,187,Financial Services,Pune,530,20,47,5
Rane Group,3.9,187,Auto Components,Chennai,759,14,--,19
Experian,3.8,187,FinTech,Hyderabad,2.4k,28,151,11
U.S. Polo Assn,4.4,187,Retail,Bengaluru,505,9,--,15
Stantec,3.8,187,Engineering & Construction,Pune,1.4k,30,15,8
NeST Digital,3.5,187,IT Services & Consulting,Kochi,1.4k,20,115,5
Epimoney,3.3,187,Financial Services,Mumbai,917,19,23,3
International Travel House,3.8,187,Travel & Tourism,New Delhi,635,6,5,22
Admiral Solutions,3.1,187,IT Services & Consulting,New Delhi,1k,12,--,12
SmartSchool Education,4.6,187,EdTech,Noida,443,48,1,49
CleanMax Enviro Energy Solutions,4.4,187,Power,Mumbai,890,22,50,7
Digital Web Solutions,3.7,187,IT Services & Consulting,Gurugram,692,21,42,3
Kenvue,3.5,187,Beauty & Personal Care,Bengaluru,1.4k,9,43,1
Aptonline,3.3,187,IT Services & Consulting,Hyderabad,1.1k,7,--,17
Lithium Urban Technologies,3.5,187,Urban Transport,Bengaluru,705,9,2,5
Private Practice,4.4,187,,New Delhi,3.3k,16,--,8
"L&T Construction, Mining and Industrial Machinery",4.0,187,Industrial Machinery,Bengaluru,376,10,--,95
AlmaBetter,3.6,187,,Bengaluru,765,23,--,1
S kant Healthcare Ltd,4.6,186,Pharma,Vapi,534,9,4,8
Sadhu Forging,3.6,186,Industrial Machinery,Faridabad,769,15,3,11
Donear Industries,3.3,186,Fashion & Textile,Mumbai,838,8,6,7
Essencea Infoserv,2.7,186,BPO,Hyderabad,512,18,--,2
Ican BPO,4.4,186,BPO,Thane,237,3,--,15
FreshersNow,3.9,186,,Hyderabad,226,57,--,5
Arabtec Construction,4.2,186,Engineering & Construction,New Delhi,425,5,--,26
JK Agri Genetics,3.5,186,Biotechnology,Hyderabad,436,8,--,17
Target Engineering Construction Company,3.9,186,Engineering & Construction,Abu Dhabi,508,12,--,14
M*Modal,3.6,186,IT Services & Consulting,Bengaluru,463,2,--,33
MaxVal Group,3.1,186,IT Services & Consulting,Coimbatore,1.1k,22,--,9
Epp Composites,3.3,186,Industrial Machinery,Rajkot,697,69,10,7
Valiant Organics,3.5,186,Chemicals,Bharuch,972,8,6,9
Enterslice,3.8,186,FinTech,Noida,536,26,11,15
Trellix,3.3,187,Software Product,Bengaluru,1.6k,24,--,3
Rajhans Group of Industries,4.2,186,Real Estate,Surat,513,23,7,14
Architect Hafeez Contractor,3.0,186,Architecture & Interior Design,Mumbai,521,12,--,7
Grupo Bimbo,3.5,186,FMCG,New Delhi,918,12,--,5
Vmoksha Technologies,4.5,186,IT Services & Consulting,Bengaluru,535,24,--,6
NSL Sugars,4.1,186,Food Processing,Hyderabad,569,7,10,11
Ghatge Patil Industries,3.8,186,Industrial Machinery,Kolhapur,910,3,6,7
TPF Engineering,3.7,186,Engineering & Construction,Mumbai,629,19,17,19
Cadmaxx Solutions,3.5,186,IT Services & Consulting,Bengaluru,784,18,16,6
Reliance Smart Point,4.2,186,,Kolkata,411,22,--,10
Carryfast group,3.5,186,Logistics,Indore,619,11,2,5
WNS Denali,3.4,186,Management Consulting,Pune,746,26,--,6
Zuari Agro Chemicals,3.8,186,Agro Chemicals,Vasco Da Gama,627,7,--,19
Bharat Benz,4.3,186,Automobile,Chennai,569,12,--,24
Kutch Copper,3.7,186,Metals & Mining,Mundra,680,9,--,2
Hindustan Platinum,3.4,186,Metals & Mining,Mumbai,1.2k,21,10,18
Eurofins Advinus,3.5,186,Pharma,Bengaluru,1.2k,9,11,8
Proventech,4.2,186,Software Product,Hyderabad,453,11,10,3
Sulphur Mills,3.5,186,Agro Chemicals,Mumbai,841,13,9,22
Supple Tek Industries,3.5,186,Food Processing,Amritsar,540,17,6,9
GVK Group,3.7,186,Engineering & Construction,Hyderabad,717,12,--,14
APOLLO POWER SYSTEMS,3.8,186,Electrical Equipment,Bengaluru,586,16,11,12
Birdeye,3.1,186,Marketing & Advertising,Gurugram,1.1k,30,23,9
Towell Engineering Group,3.6,185,Engineering & Construction,Muscat,504,10,--,32
Tata Memorial Hospital,4.1,185,Healthcare,Mumbai,621,12,--,18
RT Network Solutions,3.5,185,IT Services & Consulting,Kolkata,609,14,3,9
Crif Solutions,3.1,185,FinTech,Pune,1.3k,24,13,19
SeQuent Scientific,3.7,185,Pharma,Mumbai,734,3,--,13
Arwade Infrastructure,3.9,185,Engineering & Construction,Pune,548,10,--,12
Fangs Technology,3.9,185,Consumer Electronics & Appliances,Chennai,765,7,--,13
Labtron Equipment,3.5,185,,Hyderabad,305,24,--,2
Appiness Interactive,4.3,185,IT Services & Consulting,Bengaluru,626,10,23,2
Towell Engineering Group,3.6,185,Engineering & Construction,Muscat,504,10,--,32
Tech Vedhu,4.5,185,,Bengaluru,21,12,1,22
Translumina Therapeutics,3.3,185,Healthcare,New Delhi,612,10,1,56
Heavy Engineering Corporation,3.6,185,Engineering & Construction,Ranchi,717,11,--,21
Arwade Infrastructure,3.9,185,Engineering & Construction,Pune,548,10,--,12
Simplify3x Software,3.9,185,Software Product,Bengaluru,1.3k,17,4,1
Unify Technologies,2.8,185,IT Services & Consulting,Hyderabad,1.3k,29,57,19
Goibibo,2.6,185,Travel & Tourism,Gurugram,789,11,17,18
Intense Technologies,3.6,185,IT Services & Consulting,Hyderabad,1.3k,12,9,18
Dar Al Handasah Consultants Shair And Partners,3.0,185,Engineering & Construction,Pune,1.1k,19,9,6
Labtron Equipment,3.5,185,,Hyderabad,305,24,--,2
Fangs Technology,3.9,185,Consumer Electronics & Appliances,Chennai,765,7,--,13
General Diagnostics International Private Limited,3.1,185,Healthcare,Mumbai,608,20,12,7
Vastu Finserve,4.1,185,NBFC,New Delhi,463,5,11,1
Axa Parenterals,3.8,185,Medical Equipment,Roorkee,764,21,1,17
W3Global,3.2,185,Recruitment,Hyderabad,990,21,--,8
Ring Plus Aqua,4.1,185,Auto Components,Nashik,691,14,--,10
Birla Cellulose,3.6,185,Pulp & Paper,Bharuch,753,14,--,17
Cloudstrats Technologies,3.1,185,IT Services & Consulting,Mumbai,367,17,7,12
Asianet Satellite Communications,4.4,185,Internet,Thiruvananthapuram,565,23,1,12
Asianet Satellite Communications,4.4,185,Internet,Thiruvananthapuram,565,23,1,12
Ananda Dairy,3.8,185,Agriculture,Noida,606,13,1,8
Fichtner Consulting Engineers,3.7,185,Engineering & Construction,Chennai,800,18,10,7
Allset Business Solutions,3.7,185,BPO,Chennai,1k,15,--,8
Celio Future Fashion,4.3,184,Retail,Mumbai,403,5,--,16
Incrementors Web Solutions,3.8,184,Financial Services,New Delhi,194,25,--,48
Oxford University Press,3.2,184,Printing & Publishing,New Delhi,954,8,34,19
Anytime Fitness,3.5,184,Fitness & Wellness,New Delhi,768,14,--,13
TalentServe,2.0,184,Software Product,Mumbai,124,25,--,2
Reliance Corporate IT Park,4.0,184,,Mumbai,718,8,--,20
Hyundai Heavy Industries,3.4,184,Industrial Machinery,Pune,380,11,--,30
Dr Shroff Charity Eye Hospital,3.8,184,Healthcare,New Delhi,463,8,16,14
Market Xcel Data Matrix,2.7,184,Analytics & KPO,New Delhi,642,12,1,10
RPP Infra Projects,3.9,184,Engineering & Construction,Chennai,790,25,--,7
Oswal Group,3.8,184,Fashion & Textile,Ludhiana,695,12,6,3
Jar,4.4,184,FinTech,Bengaluru,445,42,11,34
Polyplastics,3.7,184,Petrochemicals,Ahmedabad,887,4,--,10
Aurus,2.7,184,FinTech,Pune,1.4k,31,2,12
Electronics Mart India,3.5,184,Retail,Hyderabad,699,18,3,3
Graygraph Technologies Private Limited,4.2,184,IT Services & Consulting,Noida,626,34,7,2
Aurus,2.7,184,FinTech,Pune,1.4k,31,2,12
Careers360,2.9,184,Education & Training,Gurugram,1.1k,18,--,11
OneAdvanced,2.7,184,IT Services & Consulting,Bengaluru,1k,20,4,2
Anthea Pharma,4.0,184,Pharma,Hyderabad,549,36,9,6
Anytime Fitness,3.5,184,Fitness & Wellness,New Delhi,768,14,--,13
All Time Plastics,4.0,184,Petrochemicals,Mumbai,779,6,4,10
National Aerospace Laboratories,4.3,184,Defence & Aerospace,Bengaluru,801,14,--,27
Electronics Mart India,3.5,184,Retail,Hyderabad,699,18,3,3
Novopor Advanced Science,4.0,184,Chemicals,Visakhapatnam,870,12,7,9
GD Goenka University,3.4,184,Education & Training,Gurugram,773,14,10,15
Gpt Infraprojects,3.9,184,Engineering & Construction,Kolkata,554,7,1,12
C-quel Management Services,4.2,184,Accounting & Auditing,Kolkata,213,13,--,79
Bengal Energy,3.8,184,Power,Kharagpur,636,11,--,8
Maksat Technologies,3.4,184,Telecom,New Delhi,595,10,--,15
Glatt Systems,3.7,184,Pharma,Pune,1.1k,14,1,18
Cashfree Payments,2.9,184,FinTech,Bengaluru,1.7k,26,52,6
Cytecare Cancer Hospital,4.5,184,Healthcare,Bengaluru,462,14,7,11
KRG Technologies,4.4,184,IT Services & Consulting,Chennai,625,23,--,15
Graygraph Technologies Private Limited,4.2,184,IT Services & Consulting,Noida,626,34,7,2
Maschio Gaspardo,3.8,184,Industrial Machinery,Pune,751,13,7,26
Healthplix Technologies,3.0,184,Fitness & Wellness,Bengaluru,1.1k,29,8,14
Fiat Chrysler Automobiles,3.7,183,Automobile,Chennai,1.1k,8,2,26
Ayoki Fabricon,3.9,183,Engineering & Construction,Pune,722,7,14,13
Monginis Foods,3.4,183,Hospitality,Mumbai,705,9,--,17
Nippon Konpo,4.0,183,Logistics,Gurugram,557,9,--,11
Country Holidays Travel Chennai,3.9,183,Travel & Tourism,Noida,62,466,--,1
Childline India Foundation,4.3,183,Non-Profit,Mumbai,394,8,--,25
Kamdhenu,3.6,183,Building Material,Gurugram,542,10,5,14
Sharda Hospital,3.8,183,Healthcare,Greater Noida,731,12,--,11
MSL Driveline Systems,4.3,183,Auto Components,Nashik,654,3,--,16
Freyr Energy Services,3.7,184,Power,Hyderabad,613,12,114,8
Drishti IAS,4.1,183,EdTech,New Delhi,402,43,--,35
Ravi Foods,3.8,183,Food Processing,Hyderabad,595,9,--,16
GDX Group,4.1,183,Law Enforcement & Security,New Delhi,487,4,--,7
Bonanza Portfolio,3.4,183,Financial Services,Mumbai,873,12,25,7
Som Projects (S.P.L),3.7,183,Engineering & Construction,New Delhi,660,17,4,7
Wanfeng Aluminum Wheel,3.6,183,Industrial Machinery,Bawal,581,7,--,18
Global Hospital Pune India,3.9,183,Healthcare,Mumbai,546,7,--,27
Amgen,2.9,183,Biotechnology,Hyderabad,2.8k,30,871,9
Accurate Engineering Company,3.2,183,Industrial Machinery,Pune,919,11,12,16
Qube Cinema Technologies,3.7,184,Media & Entertainment,Chennai,838,8,95,19
Gangar Eyenation,3.8,183,Retail,Mumbai,516,11,38,17
Regal Rexnord Corporation,3.5,183,Industrial Machinery,Hyderabad,1.1k,19,42,5
Mepro Pharmaceuticals,3.7,183,Pharma,Vadodara,882,16,--,13
Deccan Cements,4.0,183,Building Material,Hyderabad,697,11,2,10
Dr ITM,3.0,183,BPO,Jaipur,507,12,1,9
Ruparel Realty,3.8,183,Real Estate,Mumbai,726,15,12,8
Dentsu Communications,3.2,183,Marketing & Advertising,Pune,1.8k,11,--,1
Hitek Syndicate,3.5,183,Banking,New Delhi,452,8,--,5
Swelect Energy Systems,4.0,183,Electrical Equipment,Chennai,524,15,--,9
Corrtech International,3.1,183,Engineering & Construction,Ahmedabad,713,3,2,6
ObjectWin Technology,3.6,183,Recruitment,Bengaluru,1.1k,12,--,5
Sistema Shyam Teleservices,4.2,183,Telecom,Gurugram,242,--,--,29
Techugo,3.6,183,Software Product,Noida,491,18,9,6
Aster Cmi Hospital,3.9,184,Healthcare,Bengaluru,635,13,--,17
cFIRST,3.9,183,Recruitment,Ahmedabad,677,7,2,36
IPL Biologicals,4.0,183,Agriculture,Gurugram,657,18,9,11
Radix Electrosystems,3.4,183,Electronics Manufacturing,Mumbai,814,16,6,9
Express Roadways,3.5,183,Logistics,New Delhi,731,9,3,9
ANEWA Engineering,3.8,183,Engineering & Construction,Hyderabad,947,4,31,16
Sitics Logistic Solutions,3.1,183,Financial Services,Palakkad,658,9,11,4
Laminaar Aviation Infotech,2.6,182,IT Services & Consulting,Bengaluru,1.1k,17,--,14
Impresario Entertainment & Hospitality,4.2,182,Hospitality,Mumbai,619,6,1,22
Jagatjit Industries,3.6,182,Beverage,Jalandhar,592,6,3,15
Rhenus Logistics,3.4,182,Logistics,Mumbai,976,13,1,9
Traya Health,3.5,182,Fitness & Wellness,Mumbai,555,38,12,2
Jai Kisan,3.2,182,Internet,Mumbai,568,15,--,6
Wepsol,3.4,182,IT Services & Consulting,Bengaluru,835,9,16,12
Kolors Healthcare,3.7,182,Healthcare,Hyderabad,709,16,4,10
Lalitpur Power Generation,4.3,182,Power,Lalitpur,632,12,--,14
Inox Green Energy Services,4.0,182,Electrical Equipment,Rajkot,561,13,--,7
NHPC,4.2,182,Power,Faridabad,505,14,--,25
Shankar Packagings,2.5,182,Packaging,Vadodara,849,12,8,11
Sunera Technologies,3.6,182,IT Services & Consulting,Hyderabad,1.7k,25,--,18
Vitech Systems Asia,3.5,182,IT Services & Consulting,Hyderabad,1.5k,7,--,10
Cubastion Consulting,3.0,182,IT Services & Consulting,Gurugram,1.2k,22,10,13
Indian School of Business,3.2,182,Analytics & KPO,Hyderabad,1.1k,12,8,15
Bhavna Corp.,3.3,182,IT Services & Consulting,Noida,1k,19,--,8
Solenis,3.7,182,Chemicals,Hyderabad,1.1k,23,1,10
Ginger Webs,2.6,182,IT Services & Consulting,Noida,1k,18,3,10
Nangia & Co. LLP,3.3,182,Accounting & Auditing,New Delhi,852,23,7,6
Vehere Technologies,4.5,182,IT Services & Consulting,Kolkata,322,24,8,10
River Engineering,3.7,183,Industrial Machinery,Greater Noida,874,9,5,19
L&T Infrastructure Development Projects,4.0,182,Engineering & Construction,Chennai,1.1k,10,--,12
DESIGNCO,3.9,182,Import & Export,Moradabad,738,17,23,15
FutureSoft India,3.4,183,Software Product,Bengaluru,638,16,20,2
Natural Remedies,3.8,182,Pharma,Bengaluru,772,17,7,13
Indus Motors,4.1,182,Automobile,Kochi,646,3,--,14
Dayal Group,4.0,182,Agriculture,Lucknow,565,12,20,16
Cadworks India,4.9,182,Design,New Delhi,61,10,--,6
Biotech Vision Care,3.6,182,Healthcare,Ahmedabad,885,17,3,14
Amentum,3.9,182,Defence & Aerospace,Bengaluru,271,8,13,31
Goldi Solar,4.0,182,Power,Surat,906,18,--,5
Gopalan Enterprises,4.0,182,Real Estate,Bengaluru,726,18,20,11
A2Z Infraservices,3.9,182,Facility Management Services,New Delhi,458,10,1,17
Integrated Enterprises,3.8,182,Financial Services,Chennai,673,14,1,8
Sterlite Copper,4.1,182,Metals & Mining,Thoothukudi,619,7,--,26
Divgi Torqtransfer Systems,3.1,182,Auto Components,Pune,822,10,--,13
BVC Logistics,3.4,182,Logistics,Mumbai,705,13,13,21
Digamber Finance,4.1,182,Financial Services,Jaipur,459,12,1,8
Harbinger Systems,3.4,182,Software Product,Pune,1.2k,7,7,14
Newtech Medical Devices,3.7,182,Medical Equipment,Faridabad,353,14,11,35
Maccaferri,3.9,182,Real Estate,Gurugram,695,11,--,24
Prione Business Services,4.4,181,Retail,Bengaluru,813,6,--,45
Indian Council of Agricultural Research,3.8,181,Education & Training,New Delhi,595,8,--,10
ABT Maruti,4.0,181,Automobile,Chennai,760,3,15,10
Mandovi Motors,3.8,182,Auto Components,Bengaluru,568,7,3,15
Li & Fung,3.9,181,Electrical Equipment,Gurugram,690,6,3,30
SNS College of Technology,4.8,181,Education & Training,Coimbatore,87,56,--,124
Globe Capital Market,3.4,181,Investment Banking / Venture Capital / Private Equity,New Delhi,660,7,2,4
Kapil Chit Funds,3.9,181,FinTech,Hyderabad,378,4,--,18
Simpa Energy,4.6,181,Power,Noida,318,1,--,22
CRED,3.5,181,FinTech,Bengaluru,2.4k,45,--,10
Shubham K Mart,4.1,182,Retail,Raipur,268,68,1,1
GreenCell Mobility,3.6,181,Logistics,Mumbai,598,13,20,6
Central Institute of Plastics Engineering & Technology,3.8,181,Education & Training,Chennai,632,4,--,21
Recykal,4.0,182,Internet,Hyderabad,887,10,14,4
Tynor Orthotics,3.4,181,Fitness & Wellness,Sahibzada Ajit Singh Nagar,699,16,--,13
Mega Rubber Technologies,3.6,181,Auto Components,Gurugram,741,11,--,8
PC Financial Services,4.1,181,Financial Services,Gurugram,502,11,--,32
United Nations Development Programme,4.1,181,Non-Profit,New Delhi,523,16,--,13
Veeline Industries,4.3,181,,Surat,258,48,--,5
Wyzmindz Solutions,3.2,181,IT Services & Consulting,Bengaluru,664,26,2,7
Sandfits Foundries,4.0,181,Auto Components,Coimbatore,621,35,12,7
Akasa Air,3.3,181,Aviation,Mumbai,1.1k,22,9,3
Bobst India,4.0,181,Industrial Machinery,Pune,929,15,4,18
Aster MIMS,4.4,181,Healthcare,Kozhikode,792,10,--,15
Indovision Services,3.8,181,IT Services & Consulting,New Delhi,840,20,113,10
bloom Hotel Group,4.2,181,Hospitality,New Delhi,710,11,--,9
Rain Carbon,4.1,181,,Visakhapatnam,570,15,--,9
Alexander Mann Solutions,3.0,181,Recruitment,Bengaluru,722,8,11,1
Daebu Automotive Seat,3.2,181,Auto Components,Chennai,678,6,6,22
Srijan Realty,3.6,181,Real Estate,Kolkata,833,12,2,12
Confiance BizSol Private Limited,3.1,181,Analytics & KPO,Ahmedabad,633,26,--,28
Global Payments,4.2,182,FinTech,Pune,1.7k,16,--,13
NetCom Learning,3.1,181,EdTech,New Delhi,768,21,7,15
Vega Intellisoft,4.3,181,Recruitment,Chennai,625,33,--,35
General Industrial Controls,3.6,181,Industrial Automation,Pune,1.1k,11,11,6
Metayb,3.8,181,IT Services & Consulting,Chennai,417,21,34,3
Infinity Data Technologies,3.4,181,IT Services & Consulting,Pune,1.2k,3,4,9
3F Industries,3.4,181,Food Processing,Nellore,775,9,2,13
Archean Chemical Industries,3.7,181,Chemicals,Bhuj,820,12,7,15
Exotel,2.9,181,Software Product,Bengaluru,1.4k,17,62,5
S.M. Consultants,3.4,181,Management Consulting,Bhubaneswar,637,18,--,12
Citylife Retail,3.9,180,Retail,Kolkata,347,7,--,14
O2f info Solutions,3.4,180,Recruitment,Hyderabad,1k,8,1,5
Damodar Valley Corporation,3.8,181,Power,Kolkata,411,9,--,21
Tech2Globe,3.9,180,IT Services & Consulting,New Delhi,298,23,17,12
Pentagon System and Services,3.7,180,IT Services & Consulting,Mumbai,876,8,15,9
Tata Realty and Infrastructure,3.8,181,Real Estate,Mumbai,948,9,69,10
Katyayani Organics,3.8,180,Agriculture,Bhopal,159,19,11,1
Greaves Electric Mobility,3.2,180,Automobile,Bengaluru,840,15,3,1
Lal Baba Seamless Tubes,3.0,180,Industrial Machinery,Haldia,795,11,--,12
Bewakoof,3.7,180,Fashion & Textile,Bengaluru,924,15,--,21
P C CHANDRA JEWELLERS,3.7,180,Jewellery,Kolkata,561,12,--,15
Best Value Chem,3.8,181,Chemicals,Vadodara,916,11,7,12
Yotta Infrastructure Solutions,3.7,180,IT Services & Consulting,Mumbai,1.2k,12,47,8
Arvind Technocrats & Engineers LLP,3.7,180,Engineering & Construction,New Delhi,295,10,6,6
NNE,3.4,180,Engineering & Construction,Bengaluru,1.2k,20,36,15
Chromewell Engineering,3.8,180,Industrial Machinery,Pune,740,14,8,8
Delivery.com,4.0,180,Internet,Hyderabad,707,19,--,13
Best Value Chem,3.8,181,Chemicals,Vadodara,916,11,7,12
Lawrence & Mayo,3.8,180,Retail,Hyderabad,481,15,--,24
Caparo Group,4.1,181,Oil & Gas,Chennai,782,8,1,14
Chromewell Engineering,3.8,180,Industrial Machinery,Pune,740,14,8,8
Kaff Appliances (india),3.1,180,Consumer Electronics & Appliances,Gurugram,671,15,--,12
NNE,3.4,180,Engineering & Construction,Bengaluru,1.2k,20,36,15
Lal Baba Seamless Tubes,3.0,180,Industrial Machinery,Haldia,795,11,--,12
Kuantum Papers,4.3,180,Pulp & Paper,Hoshiarpur,683,8,--,11
Kiaasa Retail Limited,4.6,180,Retail,New Delhi,321,31,--,17
Applus Velosi,3.7,180,Oil & Gas,Chennai,421,8,--,23
VASANTHA TOOL CRAFTS,3.9,180,Industrial Machinery,Hyderabad,608,12,--,18
Institute of Language Management,4.3,180,Education & Training,Bengaluru,198,16,--,27
Maya Academy of Advanced Cinematics,3.0,180,Animation & VFX,New Delhi,575,25,--,8
Sri Ranganathar Industries,3.3,180,Industrial Machinery,Coimbatore,833,11,4,6
Yamaha Music India,3.7,180,Media & Entertainment,Chennai,787,4,11,13
M2P Fintech,2.9,180,FinTech,Chennai,1.4k,33,9,2
Rabwin Industries,3.9,180,Industrial Machinery,Coimbatore,837,7,1,9
Yes Madam,4.0,180,Internet,Noida,576,50,55,1
Feedback Energy Distribution Company,3.6,179,Power,Bhubaneswar,571,7,--,15
Matrix Cellular Services,4.2,179,Telecom,New Delhi,453,2,--,17
Ranjit Buildcon,4.3,179,Engineering & Construction,Surat,536,13,--,8
Sinch,3.5,180,Internet,Noida,1.3k,16,6,9
Tara Consultancy Services,2.7,180,,Chennai,1.7k,40,--,3
John Cockerill,3.2,179,Industrial Machinery,Mumbai,892,10,56,16
KNNX Corp,2.5,179,IT Services & Consulting,Noida,878,11,--,17
Wellspring Healthcare,2.8,179,Healthcare,Mumbai,500,7,--,18
Ascolite - Aswani Industries Pvt. Ltd.,3.8,179,Engineering & Construction,Surat,441,36,51,6
Altius Customer Services,3.4,179,BPO,Nagpur,662,15,10,18
Leena Powertech Engineers,3.5,179,Engineering & Construction,Mumbai,550,9,1,7
Unilog Content Solutions ( P),3.3,179,Software Product,Mysuru,1.1k,19,6,13
Diksha Technologies,3.0,179,IT Services & Consulting,Bengaluru,789,5,15,38
"CAMP Systems International, Inc.",3.8,179,Software Product,Hyderabad,936,14,24,16
Carrefour,3.4,179,Retail,Gurugram,543,9,--,33
Ashley Global Capability Center,3.7,179,IT Services & Consulting,Chennai,541,72,--,4
Maven Silicon,3.9,179,Semiconductors,Bengaluru,378,23,18,9
Brandix India Apparel City,3.9,179,Fashion & Textile,Visakhapatnam,567,9,8,22
myTVS Parts & Accessories,3.9,179,Auto Components,Chennai,482,10,--,5
Inmakes Infotech,3.4,179,,Kochi,417,12,--,6
Randstad Digital,3.2,179,Recruitment,Bengaluru,1k,14,1,4
Carrefour,3.4,179,Retail,Gurugram,543,9,--,33
John Cockerill,3.2,179,Industrial Machinery,Mumbai,892,10,56,16
Jubilant Industries,3.8,179,Agro Chemicals,New Delhi,1.2k,18,--,15
Diksha Technologies,3.0,179,IT Services & Consulting,Bengaluru,789,5,15,38
Ideaforge Technology,3.5,179,Internet,Mumbai,1.1k,18,41,6
First Abu Dhabi Bank,3.1,179,Banking,Bengaluru,960,15,--,22
Infibeam Avenues,3.2,179,IT Services & Consulting,Mumbai,1.3k,12,1,4
Don Bosco Tech Society,4.0,179,Non-Profit,New Delhi,342,11,10,23
Kenstar,3.7,179,Consumer Electronics & Appliances,Gurugram,610,13,--,8
Sahyadri Farms,3.5,179,Internet,Nashik,870,15,10,4
J Pan Tubular Components,3.4,179,Industrial Machinery,Greater Noida,581,15,1,10
QuyTech,4.0,178,IT Services & Consulting,Gurugram,539,19,6,76
Da Milano Leathers,2.8,179,Leather,New Delhi,577,16,1,13
Poonawalla Finance,3.7,178,NBFC,Pune,966,6,--,8
Doordarshan,3.9,178,Broadcasting,New Delhi,858,7,3,16
SPIE Oil & Gas Services,4.2,178,Oil & Gas,Doha,276,10,--,22
Swal Corporation,4.1,178,Agro Chemicals,Pune,357,10,--,10
MEP Infrastructure Developers,3.7,178,Engineering & Construction,Mumbai,884,13,16,18
Curateq Biologics,3.3,178,Biotechnology,Hyderabad,868,13,5,4
Jamboree Education,3.2,178,EdTech,New Delhi,657,12,18,12
PAN Healthcare,4.5,178,FMCG,Rajkot,254,34,--,45
Singer India,4.0,179,Consumer Electronics & Appliances,New Delhi,597,6,--,17
Jamboree Education,3.2,178,EdTech,New Delhi,657,12,18,12
Atlassian,3.0,178,Software Product,Bengaluru,4.4k,101,17,6
ThinkPalm Technologies,3.9,178,IT Services & Consulting,Kochi,1.5k,17,6,15
Motwane Manufacturing Company,3.4,178,Electrical Equipment,Nashik,757,15,6,5
Presidency University,2.7,178,Education & Training,Bengaluru,759,13,--,14
nurture.farm,3.2,178,Agriculture,Bengaluru,721,11,--,9
Ashish Life Science,3.7,178,Pharma,Mumbai,590,15,3,51
Ferring Pharmaceuticals,3.9,178,Pharma,Hyderabad,852,8,--,25
Macmet Engineering,3.7,178,Industrial Machinery,Kolkata,686,11,2,20
Ascendum Solutions,3.1,178,IT Services & Consulting,Bengaluru,805,15,11,6
Vignesh Polymers,3.4,178,Auto Components,Chennai,1k,9,1,6
Liquiloans,2.9,178,FinTech,Mumbai,840,21,2,3
Sobha Constructions,3.4,178,Engineering & Construction,Bengaluru,672,18,--,3
St. Joseph's School,4.2,178,Education & Training,Lucknow,526,11,1,18
B.L. Agro Industries,3.7,178,FMCG,Bareilly,703,9,1,1
CR Asia,3.9,177,Oil & Gas,Jamnagar,625,11,2,32
Cipla Industries,4.0,177,Pharma,Indore,690,12,--,29
Bry-Air (Asia),3.6,177,,Gurugram,776,10,29,14
SKYMAP PHARMACEUTICALS,3.9,177,Pharma,Roorkee,599,8,--,6
Layam Flexi Solutions,3.4,177,Recruitment,Chennai,617,7,1,13
Continental Tyres,3.5,177,Auto Components,Meerut,615,6,--,12
DMI,3.9,177,IT Services & Consulting,Noida,1.2k,21,2,7
Ghv India,4.3,177,Engineering & Construction,Mumbai,689,7,--,16
Lepton Software Export & Research,3.5,177,Software Product,Gurugram,756,25,11,9
Nahar Industrial Enterprises,3.8,177,Fashion & Textile,Chandigarh,686,12,2,13
Informatica,3.8,177,Software Product,Bengaluru,2.2k,31,--,4
Rotex,3.8,177,Auto Components,Vadodara,938,19,21,11
Sportz Interactive,3.4,178,Internet,Mumbai,1.1k,18,27,13
ABP Network,4.0,177,Broadcasting,Noida,1.1k,5,--,14
Allied Nippon,3.7,177,Auto Components,Ghaziabad,721,14,7,10
Best Corporation,3.6,177,Fashion & Textile,Tiruppur,870,7,3,14
Universal Cables,3.9,177,Building Material,Satna,769,17,2,12
Newton School: Pay after Placement,3.7,177,Internet,Bengaluru,975,27,94,6
Ingenero Technologies,4.1,177,IT Services & Consulting,Mumbai,943,12,--,7
Namra Finance,3.9,177,Financial Services,Ahmedabad,471,10,3,5
D.B ENGINEERING,4.3,177,Industrial Machinery,Noida,363,15,40,15
Gmr Airport Developers,3.8,177,Engineering & Construction,Hyderabad,705,11,--,20
Finecure Pharmaceuticals,3.7,177,Pharma,Ahmedabad,817,14,3,15
Nahar Industrial Enterprises,3.8,177,Fashion & Textile,Chandigarh,686,12,2,13
D.B ENGINEERING,4.3,177,Industrial Machinery,Noida,363,15,40,15
Finecure Pharmaceuticals,3.7,177,Pharma,Ahmedabad,817,14,3,15
Modelama Exports,3.9,177,Fashion & Textile,Gurugram,678,5,--,8
Pravin Masalewale,3.9,177,FMCG,Pune,583,7,--,9
EASTMAN EXPORTS GLOBAL CLOTHING PVT.LTD,3.6,177,Fashion & Textile,Tiruppur,908,6,7,9
Mahindra Accelo,3.4,177,Iron & Steel,Pune,654,7,2,5
HP Computing and Printing Systems,3.8,177,IT Services & Consulting,Bengaluru,993,8,--,11
Scorpion Express,3.6,177,Logistics,Mumbai,660,18,--,12
Ind swift ltd. Gbu,3.6,177,,Chandigarh,768,10,--,4
Sowparnika,4.1,177,Real Estate,Bengaluru,821,8,15,12
Alliant Talent,2.2,177,Accounting & Auditing,Hyderabad,958,14,26,3
Ultra Engineers,4.0,176,Industrial Machinery,Pune,849,12,--,19
Apptunix,4.1,176,Software Product,Sahibzada Ajit Singh Nagar,466,65,--,5
Technocraft Industries,3.7,176,Industrial Machinery,Mumbai,852,11,--,15
Pathcare Labs,3.7,176,Healthcare,Hyderabad,543,18,--,16
L&T Buildings & Factories,3.8,176,Engineering & Construction,Mumbai,166,8,--,90
Bharat Coking Coal,4.2,176,Metals & Mining,Dhanbad,446,11,--,18
Holostik,4.0,176,Packaging,Noida,730,14,6,21
Atidan Technologies,4.2,176,Software Product,Mumbai,489,26,43,12
Ajanta Shoes,3.6,176,Fashion & Textile,Kolkata,604,19,3,7
Thinksys Software,3.8,176,IT Services & Consulting,Noida,1k,26,3,40
vSplash Techlabs,2.0,177,IT Services & Consulting,Hyderabad,719,13,--,4
Gujarat Guardian Ltd.,3.7,176,Building Material,Ankleshwar,779,14,11,23
Paracoat Products,3.7,176,Auto Components,Hosur,858,9,11,10
Indian Register of Shipping,3.9,176,"Testing, Inspection and Certification (TIC)",Mumbai,942,12,13,7
Peerless Hospital,4.1,176,Healthcare,Kolkata,523,5,--,3
Pan Gulf Technologies,3.9,176,Design,Mumbai,909,14,11,14
Servosys Solutions,2.8,176,Financial Services,Mumbai,1.3k,27,2,9
SMCC Construction India,4.1,176,Engineering & Construction,New Delhi,603,12,3,18
Goel Construction,3.8,176,Engineering & Construction,Jaipur,615,9,--,5
IQ City Medical College,3.5,176,Education & Training,Durgapur,520,12,--,19
Crio.Do,2.9,176,EdTech,Bengaluru,946,34,--,2
Thyssenkrupp Industries and Services,3.9,178,,Pune,773,7,6,4
Dmi Finance,3.6,176,NBFC,New Delhi,1.3k,15,44,10
STEM Learning,4.2,177,Education & Training,Mumbai,288,27,8,8
Kumar Properties,4.2,176,Real Estate,Pune,859,13,4,7
Vee Gee Industrial Enterprises,3.9,176,Electronics Manufacturing,Faridabad,682,14,--,11
Olive Bar & Kitchen,4.0,176,Hospitality,New Delhi,495,5,32,18
Impressions Services,3.8,176,Facility Management Services,Gurugram,723,5,2,11
Goel Construction,3.8,176,Engineering & Construction,Jaipur,615,9,--,5
Warner Bros. Discovery,3.7,176,Media & Entertainment,Hyderabad,2k,32,59,5
ART Housing Finance (India),3.6,176,Financial Services,Gurugram,572,9,2,17
Johnson Electric,3.5,176,Electronics Manufacturing,Chennai,955,21,27,12
Sms Integrated Facility Services,4.1,176,Facility Management Services,Mumbai,659,6,2,6
ATYETI,3.7,176,IT Services & Consulting,Pune,982,20,60,10
Ben Franklin,3.6,176,Retail,Hyderabad,156,9,32,--
MGNREGA,3.7,176,Government,Hyderabad,353,7,--,11
Metro Tyres,3.6,176,Auto Components,Ludhiana,697,12,--,9
BG Distributors,3.5,175,FMCG,Kolkata,398,9,2,10
Nimbus BPO,3.3,175,BPO,Ranchi,565,17,1,8
Willowood Chemicals,3.7,175,Agro Chemicals,Vadodara,549,8,--,2
Hills Cement Company,3.2,175,Engineering & Construction,Guwahati,650,14,5,5
Meditrina Hospital,4.0,175,Healthcare,Kollam,511,4,--,3
Talwalkars Better Value Fitness,4.1,175,Fitness & Wellness,Mumbai,424,6,--,30
Escorts Construction Equipment,4.2,175,Industrial Machinery,Faridabad,647,10,--,28
Trawex Technologies,4.5,175,Software Product,Bengaluru,143,20,22,10
Qicpic,2.3,175,Internet,Bengaluru,104,21,--,3
Lamprell,4.0,175,Oil & Gas,Chennai,381,7,2,24
SEForge,3.3,175,Engineering & Construction,Coimbatore,853,7,1,14
GXO,3.7,175,Logistics,Mumbai,794,15,9,8
Lapp India,4.1,175,Electrical Equipment,Bengaluru,914,11,7,14
Acer India,3.7,175,IT Services & Consulting,Bengaluru,794,10,--,16
Educational Initiatives,2.9,175,EdTech,Bengaluru,975,16,1,23
Happy Forging,3.8,175,Auto Components,Ludhiana,906,12,2,8
FunnL,3.4,175,Marketing & Advertising,Hyderabad,828,7,1,3
Gowtham Model School,3.8,175,Education & Training,Hyderabad,553,14,--,9
Keihin India Manufacturing,4.4,175,Auto Components,Neemrana,618,5,--,32
MUFG Intime India,3.4,175,,Mumbai,769,12,--,9
Konstelec Engineers,3.4,175,Engineering & Construction,Mumbai,619,14,6,8
Podar Jumbo Kids,3.9,175,Education & Training,Mumbai,425,8,--,13
Lince Soft Solutions,4.7,175,Recruitment,Hyderabad,1.8k,8,--,9
Neelachal Ispat Nigam,4.2,175,Metals & Mining,Jajpur,549,20,--,11
Nipha Exports,3.6,176,Industrial Machinery,Kolkata,839,13,1,7
Hiranandani group,4.1,175,Real Estate,Mumbai,885,11,--,24
Gsa Industries,4.0,176,Automobile,Patiala,583,17,10,2
DCW,3.7,175,Chemicals,Thoothukudi,717,9,12,20
Trinity Touch,4.3,175,Electrical Equipment,Faridabad,825,15,25,32
MRCC Solutions,2.9,175,IT Services & Consulting,Mumbai,968,11,7,11
RC Plasto Tanks And Pipes,3.7,175,,Nagpur,684,15,--,15
Konstelec Engineers,3.4,175,Engineering & Construction,Mumbai,619,14,6,8
Collage,4.2,175,Retail,Hyderabad,442,17,--,9
MRCC Solutions,2.9,175,IT Services & Consulting,Mumbai,968,11,7,11
Expedien eSolutions,3.1,175,IT Services & Consulting,Noida,875,14,2,23
Real Estate Group,4.3,175,,Mumbai,2.6k,17,--,8
CI Infotech,3.6,175,IT Services & Consulting,New Delhi,729,9,--,6
Nirvasa Healthcare,3.1,174,Healthcare,Gurugram,447,17,3,4
Way.com,3.9,174,Internet,Thiruvananthapuram,496,11,1,3
Lanson Toyota,4.2,174,Automobile,Chennai,525,7,2,9
Accurate Global Alliances,4.7,174,Recruitment,Noida,60,10,--,2
LiquidHub,3.6,174,IT Services & Consulting,Hyderabad,762,14,--,32
Mayoor School,4.2,174,Education & Training,Noida,140,1,10,131
Yashoda Super Speciality Hospitals,3.9,174,,Hyderabad,815,8,--,1
SPX Flow Technology,4.2,175,Industrial Machinery,Bengaluru,997,10,--,17
Govind Milk & Milk Products,4.3,174,Food Processing,Pune,580,5,2,9
Varsity Education Management,3.7,174,Education & Training,Hyderabad,1.1k,10,1,7
Umang Dairies,3.9,174,FMCG,Gajraula,518,16,3,8
Integrace Health,3.7,174,Pharma,Mumbai,524,15,1,13
Exemed Pharmaceuticals,3.8,174,Pharma,Vadodara,864,13,15,11
Amnet Systems,3.7,174,IT Services & Consulting,Chennai,825,8,1,11
Lulu Hypermarket,3.6,174,Retail,Lucknow,494,22,82,15
Ivis International,3.4,174,Law Enforcement & Security,Hyderabad,531,7,--,10
Wysetek Systems Technologists,3.5,174,IT Services & Consulting,Mumbai,816,13,28,12
Deepak Chem Tech,4.0,174,Chemicals,Bharuch,800,14,--,4
Integrace Health,3.7,174,Pharma,Mumbai,524,15,1,13
Amnet Systems,3.7,174,IT Services & Consulting,Chennai,825,8,1,11
Stonex,3.9,176,Metals & Mining,New Delhi,1.2k,31,7,16
Varsity Education Management,3.7,174,Education & Training,Hyderabad,1.1k,10,1,7
Chandak Group,4.3,174,Real Estate,Mumbai,781,8,--,7
IREO,4.5,174,Real Estate,Gurugram,596,6,--,25
NASDAQ,3.4,174,Financial Services,Bengaluru,1.7k,27,34,22
Coverfox,3.7,174,Insurance,Mumbai,654,8,19,18
otsuka chemical india,4.0,174,Chemicals,Jaipur,740,14,1,13
Kamal Fincap,3.9,174,Financial Services,Kota,355,4,1,12
JioHotstar,3.5,174,Internet,Mumbai,1.8k,47,15,10
Exemed Pharmaceuticals,3.8,174,Pharma,Vadodara,864,13,15,11
Umang Dairies,3.9,174,FMCG,Gajraula,518,16,3,8
Ardex Endura,3.9,174,Building Material,Bengaluru,549,8,11,13
VISION,3.8,174,Management Consulting,New Delhi,676,11,--,15
Wintax Solution,4.7,174,Recruitment,Surat,26,4,--,113
Wintax Solution,4.7,174,Recruitment,Surat,26,4,--,113
Opporture,4.8,174,Content Development,Hyderabad,65,2,--,--
CFlo,4.5,174,Industrial Machinery,Kolkata,411,12,--,15
Ccl Products,4.1,174,Beverage,Hyderabad,741,8,4,11
Garden Reach Shipbuilders & Engineers,4.0,174,Ports & Shipping,Kolkata,495,7,--,16
Juspay Technologies,3.7,174,FinTech,Bengaluru,2.4k,94,1,6
Miles Education - CPA & CMA Review (Hyderabad),,,Education & Training,Bangalore / Bengaluru,--,--,--,--
DIN Engineering Services,3.7,173,Analytics & KPO,Noida,402,14,2,18
Ellucian Higher Education Systems,3.6,173,IT Services & Consulting,Bengaluru,1.5k,35,2,26
West Bengal State Electricity Distribution Company,3.3,173,Power,Kolkata,435,8,--,17
LeapScholar,3.3,173,,Bengaluru,569,45,--,7
Compuage Infocom,4.2,173,Hardware & Networking,Mumbai,852,9,6,19
NSK,3.9,173,Industrial Machinery,Chennai,1k,11,--,27
Visible Alpha Solutions,3.6,173,Analytics & KPO,Mumbai,1.1k,22,--,27
Agrawal Metal Works,3.8,174,Metals & Mining,Bhiwadi,714,13,--,7
Zerodha,4.1,173,FinTech,Bengaluru,805,15,1,20
v4c.ai,4.6,173,,Pune,253,39,3,9
Automation Anywhere,3.7,173,Industrial Automation,Bengaluru,1.6k,20,25,15
SISA Information Security,3.0,173,IT Services & Consulting,Bengaluru,1.1k,7,21,10
Newfold Digital,3.7,173,IT Services & Consulting,Mumbai,1.2k,21,1,7
Toluna,3.2,173,Analytics & KPO,Gurugram,898,13,--,21
Bajaj Electronics,3.7,173,Retail,Hyderabad,618,13,--,3
Shree Maruti Courier Service,4.0,174,Logistics,Ahmedabad,792,11,--,8
Conde Nast India,2.7,173,Printing & Publishing,Bengaluru,1.6k,19,3,16
D A V School,3.9,174,Education & Training,Chennai,538,10,--,12
Experion Technologies,3.8,173,IT Services & Consulting,Kochi,1.6k,21,30,16
Wonderchef Home Appliances,3.9,173,Consumer Electronics & Appliances,Mumbai,687,16,1,12
Vertex,3.6,173,Pharma,Hyderabad,507,7,--,30
Connect Broadband,4.1,173,Telecom,Sahibzada Ajit Singh Nagar,643,11,1,10
J G Hosiery,3.4,173,Fashion & Textile,Kolkata,668,9,1,16
Brose India Automotive Systems,3.7,174,Auto Components,Pune,1.1k,15,11,14
Decon Telecom Solutions,3.2,173,Telecom,Gurugram,353,12,--,5
Bimbo Bakeries India,3.5,173,FMCG,New Delhi,751,12,1,16
BYLD Group,3.8,173,Management Consulting,Gurugram,420,44,11,6
M Tech Innovations,4.0,173,Electronics Manufacturing,Pune,636,13,11,11
Unique Engineers,3.4,173,Industrial Machinery,Gurugram,794,12,1,14
Jindal Industries Private Limited,3.5,173,Iron & Steel,Kolkata,1.7k,29,8,26
Abu Dhabi Oil Refining Company,4.4,173,Oil & Gas,Abu Dhabi,596,7,--,10
Zebra Technologies,3.7,173,IT Services & Consulting,Bengaluru,1.9k,29,--,18
Deepak Foundation,3.9,173,Non-Profit,Vadodara,402,18,--,11
Shree Maruti Courier Service,4.0,174,Logistics,Ahmedabad,792,11,--,8
Conde Nast India,2.7,173,Printing & Publishing,Bengaluru,1.6k,19,3,16
Ceratizit,4.3,173,Industrial Machinery,Bengaluru,695,16,--,20
Amalgam Steel,3.8,173,Iron & Steel,Jamshedpur,825,17,2,9
Mold Tek Packaging,3.9,173,Packaging,Hyderabad,694,15,1,7
IPG Mediabrands,3.3,173,Marketing & Advertising,Pune,1.6k,30,--,4
Zuno General Insurance,3.7,173,Financial Services,Mumbai,388,16,--,2
Nanavati Max Super Speciality Hospital,3.6,173,,Mumbai,652,13,--,7
Scribe EMR,3.9,173,Analytics & KPO,Bengaluru,607,16,3,11
Si Creva Capital Services,3.4,173,,Mumbai,358,8,2,3
Nisa Industrial Services,3.8,172,Law Enforcement & Security,Mumbai,462,4,--,20
Giridhan Metal,4.0,172,Iron & Steel,Asansol,553,21,--,3
Dipty Lal Judge Mal,3.9,172,Retail,Noida,575,16,1,9
Jivo Wellness,3.1,172,FMCG,New Delhi,486,10,5,22
Super Auto India,3.7,172,Industrial Machinery,Pune,666,6,--,14
Leena AI,3.8,172,Software Product,Gurugram,653,34,15,2
AIG,3.8,172,Insurance,Bengaluru,913,10,--,34
FloBiz,3.5,172,IT Services & Consulting,Bengaluru,718,29,10,13
Ganges Internationale,2.8,172,Power,Puducherry,816,9,--,19
The Millennium School,3.9,172,Education & Training,Noida,569,10,15,22
L&T Geostructure,4.1,172,,Chennai,425,10,--,2
Techno India Group,3.4,172,EdTech,Kolkata,771,13,--,12
Naxnova,4.4,172,Auto Components,Mumbai,598,24,7,19
Lynk,3.2,172,Logistics,Chennai,967,12,--,5
Khaitan Electricals,2.5,172,Food Processing,Kolkata,411,7,--,6
Prateek Group,3.8,172,Real Estate,Noida,526,23,2,9
Vishay Precision Transducers,3.5,172,Semiconductors,Chennai,981,7,--,21
Ognibene India,3.6,172,Industrial Machinery,Pune,924,10,--,14
Saint-Gobain Weber,4.0,172,Engineering & Construction,Mumbai,671,13,--,15
Sankara Eye Hospital,4.0,173,Non-Profit,Bengaluru,533,8,11,17
Lilac Insights,3.3,172,Fitness & Wellness,Mumbai,581,13,--,10
Narayana Junior College,3.7,172,Education & Training,Hyderabad,302,2,--,40
DataTracks,3.3,172,FinTech,Chennai,1.1k,16,5,8
Ray Engineering,4.0,172,Engineering & Construction,Mumbai,546,5,--,11
DHL IT Services,3.7,172,IT Services & Consulting,Chennai,1.5k,16,--,7
Intellect Bizware Services,4.0,172,IT Services & Consulting,Mumbai,1k,13,5,6
Nina Percept,4.0,172,Building Material,Mumbai,618,7,--,11
UTILITY PROJECTS AND SERVICES,3.8,172,Engineering & Construction,Chennai,836,20,14,18
PMI Electro Mobility Solutions,3.9,173,Automobile,Dharuhera,657,14,2,3
Arunachala Logistics,4.0,172,Logistics,Hyderabad,606,12,21,8
Arcon TechSolutions,3.3,172,IT Services & Consulting,Mumbai,1.1k,38,--,12
ARCHER Transnational Systems Private Limited,3.7,172,Legal,Vadodara,528,22,8,8
Gulf Oil Corporation,4.4,171,Oil & Gas,Hyderabad,640,7,1,16
CPA Global,3.8,171,IT Services & Consulting,Noida,858,14,--,39
Filo,3.4,171,Internet,Gurugram,590,12,10,4
SmartED Innovations,4.1,171,Education & Training,Bengaluru,56,60,--,4
Nahar Group of Companies,3.4,171,Fashion & Textile,Ludhiana,657,5,--,5
TerraCIS Technologies,3.6,171,IT Services & Consulting,Gurugram,463,8,--,4
Kepler Healthcare,3.4,171,Pharma,Ahmedabad,399,11,--,5
L&T Transportation Infrastructure,4.1,171,Engineering & Construction,Mumbai,160,8,--,114
Indo European Educational Services,4.3,171,Education & Training,New Delhi,202,50,--,4
Narayana Medical College & Hospital,3.8,171,Healthcare,Nellore,531,8,--,14
Xrbia Developers,2.9,171,Real Estate,Pune,851,8,--,10
AIG Business Solution,3.3,171,IT Services & Consulting,Gurugram,335,2,--,77
Honeywell Uop,3.6,171,Oil & Gas,Gurugram,736,16,--,16
Linkquest Telecom,3.4,171,Telecom,Noida,443,9,--,8
Edwise International,3.8,171,Education & Training,Mumbai,446,14,43,6
Imerys,3.7,171,Metals & Mining,Visakhapatnam,751,10,6,18
Inditex,4.2,171,Fashion & Textile,New Delhi,532,9,--,28
Texport Industries,3.5,171,Fashion & Textile,Bengaluru,653,8,1,9
Jewelex India,4.0,172,Jewellery,Mumbai,671,4,12,12
Hughes Communications,3.3,171,,Gurugram,969,12,1,16
Urban Money,2.9,171,,Mumbai,598,13,4,--
Benzo Chem Industries,3.8,171,Chemicals,Bharuch,805,14,--,12
Ideas2IT Technologies,3.5,171,Software Product,Chennai,1.3k,55,3,40
Egon Zehnder International,3.6,171,Management Consulting,Gurugram,1k,7,3,12
Flovel Energy,3.9,172,Power,Faridabad,664,12,--,16
Junomoneta Finsol,2.6,171,Investment Banking / Venture Capital / Private Equity,Rajkot,603,11,--,1
The Dollar Business,3.2,171,IT Services & Consulting,Hyderabad,767,21,3,5
Marsh India Insurance Brokers,4.2,171,Insurance,Mumbai,1k,7,--,9
BYD Electronics,3.4,171,Electronics Manufacturing,Chennai,847,14,--,11
Prayag Polymers,3.8,171,Petrochemicals,New Delhi,537,12,5,8
Eicher Engineering Components,4.0,171,Auto Components,Dewas,605,16,3,9
Nucon Aerospace,3.9,171,Defence & Aerospace,Hyderabad,862,13,5,12
Safdarjung Hospital,4.3,171,Healthcare,New Delhi,704,7,--,16
CDW,4.1,171,IT Services & Consulting,Chennai,1.3k,21,1,2
Indian Terrain Fashions,4.3,171,Fashion & Textile,Chennai,555,5,--,14
Amagi Media Labs,3.5,171,Software Product,Bengaluru,1.2k,33,13,13
Maheshwari Mining,3.6,171,Metals & Mining,Kolkata,711,24,10,10
SEW Infrastructure,3.4,170,Engineering & Construction,Hyderabad,505,4,--,18
SEW Infrastructure,3.4,170,Engineering & Construction,Hyderabad,505,4,--,18
ShopX,4.4,170,Internet,Bengaluru,718,1,--,20
Ivangel Sales & Services,3.7,170,BPO,Mumbai,536,4,--,5
Scientific Games,3.7,170,Gaming,Bengaluru,382,1,9,3
Rosmerta Safety Systems,3.5,171,,Gurugram,733,12,1,--
Krishna Buildestates,3.7,170,Engineering & Construction,New Delhi,541,8,--,9
United Industries,3.6,173,Industrial Machinery,Chennai,917,12,--,14
Amar Cars,3.9,170,Automobile,Vadodara,594,11,10,12
Okinawa Autotech,3.4,170,Auto Components,Gurugram,588,9,1,7
Modenik Lifestyle,3.6,171,Fashion & Textile,Bengaluru,723,7,3,1
Geltec,3.2,171,Pharma,Bengaluru,822,17,2,6
Idexcel Technologies,2.9,171,IT Services & Consulting,Bengaluru,1.2k,11,19,11
Armstrong International,4.0,170,Industrial Machinery,Chennai,733,11,3,14
Royal Bank of Scotland International,4.1,170,Banking,Chennai,1.7k,13,--,28
Topre India,4.2,170,Auto Components,Ahmedabad,659,15,1,11
NaviSite,3.9,170,IT Services & Consulting,Gurugram,1.3k,20,--,7
Anabeeb,4.1,171,Oil & Gas,Al Jubail,388,11,--,15
Arihant Capital Markets,4.1,170,Financial Services,Indore,651,40,17,10
ONKAR DIES,3.7,170,Engineering & Construction,Pune,729,8,10,15
Sensiple,3.6,170,IT Services & Consulting,Chennai,1.3k,16,4,15
RPSG,3.8,170,FMCG,Kolkata,866,18,--,8
EssentiallySports,3.6,170,Media & Entertainment,New Delhi,192,28,--,2
Rhysley Private Limited,3.3,170,Fashion & Textile,Faridabad,373,24,29,12
Omega,3.8,170,Industrial Machinery,Chennai,742,33,--,8
Baskin Robbins,4.0,170,Hospitality,Mumbai,440,8,--,15
Salzer Electronics,4.0,170,Electrical Equipment,Coimbatore,869,8,13,11
Peninsula Land,4.0,170,Real Estate,Mumbai,654,7,--,21
Smiiel - A Unit Of Motherson Sumi System,3.5,170,Semiconductors,Noida,419,20,--,18
Qualsquad Infotech,3.1,170,IT Services & Consulting,Pune,677,12,--,10
Mount Talent Consulting,2.9,170,Recruitment,Noida,624,10,11,11
Chembond Chemicals,3.7,170,Agro Chemicals,Mumbai,724,9,1,19
Prudent Corporate Advisory Services,4.1,170,Investment Banking / Venture Capital / Private Equity,Ahmedabad,561,8,--,10
TVS - SUNDARAM BRAKE LININGS,3.1,170,Auto Components,Chennai,783,9,1,16
SSK Group,3.5,170,FMCG,Pune,499,6,--,10
Dexian India Technologies,3.5,170,IT Services & Consulting,Chennai,822,25,--,6
Advanced Medtech Solutions,3.5,171,Medical Equipment,Vadodara,690,20,34,9
Kewal Kiran Clothing,3.7,170,Fashion & Textile,Mumbai,591,11,8,9
Aakash Health Care,4.0,171,Healthcare,New Delhi,573,6,11,4
Sonyo Management Consultants,4.4,170,Recruitment,New Delhi,385,38,2,4
Deshpande Foundation,4.0,170,Non-Profit,Hubballi,560,10,8,10
Aakash Health Care,4.0,171,Healthcare,New Delhi,573,6,11,4
Endress Hauser,4.2,170,Industrial Automation,Mumbai,724,6,5,15
Verinite Technologies,4.1,170,IT Services & Consulting,Pune,619,9,11,13
Niyo Solutions,3.2,170,Financial Services,Bengaluru,1.1k,18,10,6
Petroexcel Technology Services,3.5,170,Oil & Gas,Vadodara,656,27,83,5
Claris Lifesciences Ahmedabad,3.3,169,Healthcare,Ahmedabad,389,1,--,27
98thPercentile,4.0,169,EdTech,Hyderabad,338,23,--,20
American Institute of Pathology and Laboratory Sciences,4.2,169,Healthcare,Hyderabad,566,10,17,21
Federal Mogul Powertrain,3.6,169,Auto Components,Bhiwadi,553,10,--,18
Coherent Market Insights,3.3,169,Management Consulting,Pune,350,12,3,26
Kriya It,3.3,169,Internet,Chittoor,822,19,--,12
Advance Career Solutions,3.9,169,Recruitment,Jaipur,110,43,--,2
OM Careers,2.6,169,Recruitment,Ludhiana,333,12,--,22
Sellcraft Global Solutions,3.4,170,IT Services & Consulting,Pune,1.1k,10,--,5
B M Birla Heart Research Centre,3.6,169,Healthcare,Kolkata,457,11,--,6
CDS Infra Projects,3.4,169,Engineering & Construction,New Delhi,535,11,--,1
ASSET DEALS,4.3,169,,Gurugram,112,27,--,15
Hansa Direct,3.2,169,Marketing & Advertising,Mumbai,494,9,--,17
Allahabad Bank,4.5,169,Banking,Kolkata,321,2,--,21
Clearwater Analytics,2.6,169,Internet,Noida,1.3k,27,56,8
ICONMA,2.9,169,Recruitment,Hyderabad,738,13,--,6
Net2source,3.4,169,Recruitment,Noida,627,5,--,16
Pritam International,3.4,169,Consumer Electronics & Appliances,Roorkee,669,10,12,6
ShopDeck,3.5,169,Internet,Bengaluru,523,31,13,2
MResult Services,3.7,169,IT Services & Consulting,Bengaluru,1.3k,25,6,11
Macmillan Publishers,3.4,169,Printing & Publishing,Chennai,518,10,--,25
Rozana Rural Commerce Private Limited,3.1,170,Internet,New Delhi,501,26,21,4
TQ Cert Services,3.8,169,,Hyderabad,467,13,--,2
Speed Engineering Solutions,3.9,169,Industrial Machinery,Pune,752,17,93,8
Hire Glocal,4.0,169,Recruitment,Mumbai,84,20,--,35
Ind Innovations,3.2,169,IT Services & Consulting,New Delhi,803,9,--,12
Steadfast Medishield,3.6,169,Pharma,Noida,418,18,1,39
Crowe Horwath,3.6,170,Accounting & Auditing,Noida,1.2k,36,13,12
NimbusPost,3.3,169,Logistics,Gurugram,707,13,11,20
Attero Recycling,4.3,169,Semiconductors,Noida,472,8,41,4
FCS Software Solutions,3.7,169,IT Services & Consulting,Noida,837,16,30,12
Harvest Gold Industries,3.7,169,Food Processing,New Delhi,565,17,--,8
Khadi Natural Healthcare,4.2,169,Fitness & Wellness,New Delhi,486,6,2,7
Creditas Solutions,3.1,169,FinTech,Gurugram,728,15,5,13
Camlin Fine Sciences,3.5,169,Chemicals,Mumbai,943,16,1,12
Conviction HR,3.9,169,Recruitment,Mumbai,461,29,8,48
CGS,3.5,169,IT Services & Consulting,Hyderabad,918,26,10,14
MRC Logistics,4.0,170,Logistics,Pune,623,6,15,9
Swiss Garnier Life Sciences,3.4,170,Pharma,Chennai,778,16,--,16
IFFCO Kisan Finance,3.4,169,,New Delhi,463,15,--,5
Fraazo,3.5,168,Internet,Mumbai,662,20,--,13
RevFin,3.9,168,Financial Services,New Delhi,324,24,--,1
Maharashtra State Electricity Transmission Company,3.8,168,Government,Mumbai,481,4,--,20
Bose,3.6,168,Consumer Electronics & Appliances,New Delhi,531,6,--,27
Wingtech Mobile Communication,4.0,168,Electronics Manufacturing,Tirupati,704,16,--,18
Indian Coast Guard,4.0,168,Defence & Aerospace,Chennai,469,7,--,22
Synergy Property Development Services,3.9,168,Real Estate,Bengaluru,501,5,--,31
Nerdy Turtlez,2.4,168,EdTech,Kolkata,415,18,--,22
AMPLUS SOLAR,4.3,168,Internet,Gurugram,809,6,--,15
Alcove Realty,4.0,168,Real Estate,Kolkata,477,12,--,6
Facebook,4.4,168,Internet,Bengaluru,1.2k,56,--,23
GA Infra Private Limited,3.8,168,Engineering & Construction,Jaipur,498,17,--,2
HYOSUNG T&D,4.0,168,Electrical Equipment,Pune,986,16,6,15
Satvat Infosol,3.1,168,IT Services & Consulting,Chennai,732,7,3,19
Advance Auto Parts India,3.8,169,Retail,Hyderabad,1.3k,18,--,31
Pacific Global Solutions,3.4,168,,Ahmedabad,748,16,23,3
Kemwell Biopharma,3.3,168,Biotechnology,Bengaluru,657,13,4,10
Amity International School,3.9,168,Education & Training,New Delhi,690,11,--,14
Hartex Rubber,3.2,168,Auto Components,Hyderabad,648,11,--,6
KodNest,4.1,168,,Bengaluru,252,28,--,1
Government of Odisha,4.0,168,Government,Bhubaneswar,773,15,--,6
Border Roads Organisation,4.3,168,Government,New Delhi,338,5,--,22
Techno Exponent,3.7,168,Financial Services,Kolkata,527,37,--,7
Yuken India,3.4,168,Industrial Machinery,Bengaluru,800,6,2,15
Ncr Eduservices,4.0,168,Education & Training,Noida,498,24,33,18
Publicis Global Delivery,4.0,168,Media & Entertainment,Gurugram,1.4k,22,--,7
Fukoku,3.5,168,Automobile,Pune,595,11,--,18
Cherry Hill Interiors,4.1,168,Architecture & Interior Design,New Delhi,560,19,4,11
Somika Sarl,4.1,168,Metals & Mining,Vadodara,470,13,--,10
Steer Engineering,3.1,168,Engineering & Construction,Bengaluru,921,13,--,17
Chowgule Industries,3.6,169,Auto Components,Pune,623,6,11,13
ARSS Infrastructure Projects,3.6,167,Engineering & Construction,Bhubaneswar,508,21,--,16
BUDDI.AI,3.6,167,Software Product,Chennai,524,16,--,28
Infosys Springboard,4.6,167,,Bengaluru,46,9,--,1
Orchid Hotel,3.5,167,Hospitality,Mumbai,614,11,--,19
iBall,4.1,167,Consumer Electronics & Appliances,Mumbai,462,6,1,9
Community Health Center,4.2,167,Healthcare,Lucknow,464,6,--,2
Ace Pipeline Contracts,4.2,167,Engineering & Construction,Mumbai,478,13,--,18
Niveus Solutions (Part of NTT Data),3.8,168,IT Services & Consulting,Mangaluru,1.4k,21,--,5
Manorama Industries Limited,4.6,169,FMCG,Raipur,525,6,23,8
Dynamic Techno Medicals,3.7,167,Medical Equipment,Kochi,611,7,--,11
Geodis Overseas,3.3,167,Logistics,Chennai,1.1k,26,4,12
Bharti Foundation,3.7,167,Non-Profit,Gurugram,394,9,20,24
MyGlamm,3.4,167,Internet,Mumbai,756,11,4,14
Aranca,3.3,167,Analytics & KPO,Mumbai,1.1k,14,22,20
Milestone Gears,3.9,167,Auto Components,Baddi,612,10,--,10
Graphic Era University,3.5,167,Education & Training,Dehradun,630,16,23,15
Verity Knowledge Solutions,3.1,167,Investment Banking / Venture Capital / Private Equity,Hyderabad,1.1k,38,--,12
Oceanic Pharmachem,4.2,167,Pharma,Mumbai,127,34,--,38
Semac Consultants,4.0,167,Engineering & Construction,Bengaluru,629,18,--,17
KDDL,3.4,167,Metals & Mining,Bengaluru,724,11,16,16
Spun Micro Processing,4.0,168,Auto Components,Gurugram,599,11,1,12
CoinDCX,4.0,170,Emerging Technologies,Bengaluru,1.3k,44,62,10
Ram Kripal Singh Construction,3.6,167,Engineering & Construction,Ranchi,505,7,--,7
Orchid Hotel,3.5,167,Hospitality,Mumbai,614,11,--,19
Spun Micro Processing,4.0,168,Auto Components,Gurugram,599,11,1,12
VK Building Services,3.9,167,Engineering & Construction,Bengaluru,560,11,15,18
iNeuron.ai,4.1,167,,Bengaluru,772,18,--,27
Ram Kripal Singh Construction,3.6,167,Engineering & Construction,Ranchi,505,7,--,7
CoinDCX,4.0,170,Emerging Technologies,Bengaluru,1.3k,44,62,10
Fairfield Inn by Marriott,4.1,167,Hospitality,Hyderabad,363,5,--,2
West Coast Pharmaceuticals,2.9,167,Pharma,Ahmedabad,723,12,--,7
Geodis Overseas,3.3,167,Logistics,Chennai,1.1k,26,4,12
Manorama Industries Limited,4.6,169,FMCG,Raipur,525,6,23,8
Bharti Foundation,3.7,167,Non-Profit,Gurugram,394,9,20,24
Frick India,3.7,167,Industrial Machinery,Faridabad,686,9,6,8
Niveus Solutions (Part of NTT Data),3.8,168,IT Services & Consulting,Mangaluru,1.4k,21,--,5
Eduvanz,3.4,167,FinTech,Mumbai,806,14,1,10
Fair Exports,3.4,167,Import & Export,New Delhi,845,16,3,8
Grundfos,4.0,167,Industrial Machinery,Chennai,810,12,1,12
AECC Global,3.0,167,Financial Services,Gurugram,642,18,--,9
Vizza Insurance Broking Services,3.1,167,Insurance,Chennai,539,15,9,7
TruCap Finance,3.8,167,Financial Services,Mumbai,523,5,--,11
Bimal Auto Agency,3.6,167,Auto Components,Bengaluru,629,7,--,13
Homesfy Realty,3.5,167,Real Estate,Mumbai,469,17,30,1
TruCap Finance,3.8,167,Financial Services,Mumbai,523,5,--,11
Homesfy Realty,3.5,167,Real Estate,Mumbai,469,17,30,1
KLM Laboratories,3.4,167,Pharma,Vadodara,669,10,--,6
Deepija Telecom,3.8,168,Software Product,Hyderabad,795,17,4,31
Emmbi Industries,3.6,167,Packaging,Dadra & Nagar Haveli,718,11,2,9
Consern Pharma Limited,4.6,167,Pharma,Ludhiana,228,31,6,20
GP Strategies,3.5,166,Management Consulting,Chennai,1.2k,11,9,9
Manomav Engineers,4.0,166,Engineering & Construction,Noida,358,29,--,1
IBM Consulting,3.7,167,,Bengaluru,2.8k,53,--,10
PCS Technology,3.7,166,IT Services & Consulting,Mumbai,367,4,--,12
Central Coalfields,4.5,166,Metals & Mining,Ranchi,303,6,5,10
Seco Tools,4.1,166,Metals & Mining,Pune,585,12,--,20
East India Technologies,3.0,166,Electronics Manufacturing,Noida,803,9,12,10
Corpone Staffing Solutions,3.8,166,BPO,Hyderabad,549,18,--,11
Mindenious Edutech,4.2,166,Education & Training,Bengaluru,41,64,4,13
Peekay Steel Castings,4.0,166,Iron & Steel,Coimbatore,711,7,12,9
Gemini Edibles & Fats India,4.1,166,Food Processing,Kakinada,593,11,1,17
Hyland Software Solutions India LLP,3.7,166,IT Services & Consulting,Kolkata,1.3k,34,38,18
B5 Plus,3.0,166,Iron & Steel,Vadodara,475,25,--,23
Trafigura,3.1,167,Logistics,Mumbai,1.2k,9,10,15
New Era Technology,3.5,166,IT Services & Consulting,Bengaluru,1k,13,39,4
Henkel,3.9,166,Chemicals,Chennai,746,11,--,16
VWR International,3.6,166,Pharma,Coimbatore,1k,13,26,20
ROI NET Solution,4.3,167,FinTech,Gurugram,458,12,--,28
Acme Formulation,3.0,166,Pharma,Baddi,761,15,22,10
Amphenol Omniconnect - India,3.8,166,Electronics Manufacturing,Chennai,1k,14,1,9
Advatix,3.0,166,,Gurugram,1k,29,4,12
Grand View Research,3.2,166,Analytics & KPO,Pune,955,6,1,9
First Solar,4.0,166,Internet,Chennai,719,14,30,5
T&N Business Services,4.7,166,Recruitment,Aligarh,70,56,118,3
HTIC Global,3.7,166,Management Consulting,Kochi,595,15,44,22
Egniol Services Private Limited,2.3,166,Legal,Ahmedabad,472,14,69,1
Naari Pharma,2.7,166,Pharma,Rudrapur,655,6,--,16
MAT Brakes,4.0,168,Industrial Machinery,Sonipat,625,11,--,13
Daramic Battery Separator India,3.6,166,Electrical Equipment,Bharuch,642,18,--,16
Safeguard Global,3.6,166,Recruitment,New Delhi,1k,7,8,4
Billroth Hospitals,3.5,166,Healthcare,Chennai,611,5,12,7
Everest Group,2.7,166,Analytics & KPO,Gurugram,1.6k,26,2,8
Nexus Select Trust,4.1,166,Retail,Bengaluru,756,3,--,9
VOLTECH O AND M SERVICES,4.1,166,Oil & Gas,Chennai,476,10,--,12
Strategic Learning Solutions,4.0,166,BPO,Gurugram,534,8,5,12
Health Prime International,3.3,166,Analytics & KPO,Mumbai,813,13,--,10
Azmeel Contracting,4.1,166,Engineering & Construction,Al Jubail,245,4,--,20
Sabyasachi Couture,3.8,166,Fashion & Textile,Kolkata,707,14,1,10
Farmson Pharmaceutical,3.1,166,Pharma,Vadodara,898,12,--,12
St. Mary's School,3.8,166,Education & Training,New Delhi,573,8,1,17
Iprogrammer Solutions,4.0,166,IT Services & Consulting,Pune,737,30,12,9
Medvarsity Online,3.1,166,EdTech,Hyderabad,782,20,10,12
MT Autocraft,4.0,166,Auto Components,Rohtak,588,8,2,17
Aquera,4.7,167,IT Services & Consulting,Bengaluru,369,21,2,23
efficiently,2.5,166,,Hyderabad,482,26,--,7
Doms Industries,3.8,166,Other,Umbergaon,744,8,--,9
Hind Rectifiers,3.6,166,Electrical Equipment,Mumbai,931,20,6,10
SKS Fasteners,3.2,167,Auto Components,Pune,722,17,--,14
Arya Collateral Warehousing Services,4.3,166,Agriculture,Noida,443,12,--,13
Flatworld Mortgage Processing,3.5,166,IT Services & Consulting,Bengaluru,669,6,--,13
Broadcast Engineering Consultants India,3.5,166,Government,New Delhi,724,18,--,7
Shree Technocrat Communication Systems,3.8,166,Telecom,New Delhi,727,10,3,12
M.P. Power Transmission Company,4.0,166,Power,Jabalpur,428,8,--,7
Centelon,2.8,166,IT Services & Consulting,Pune,575,11,--,65
Acute Informatics,3.2,165,IT Services & Consulting,Ahmedabad,645,7,--,8
Population Services International (PSI),3.9,165,Non-Profit,New Delhi,436,9,--,22
SEED Infotech,4.0,165,IT Services & Consulting,Pune,501,9,1,10
Jobby Engineers,4.3,165,Engineering & Construction,Mumbai,581,7,1,15
Zodiac Clothing Company,3.4,165,Fashion & Textile,Mumbai,462,10,--,13
Kama Jewelry,4.5,165,Jewellery,Mumbai,192,15,16,19
Sterling Biotech,4.0,165,Pharma,Vadodara,763,6,7,20
Covestro,4.5,165,Petrochemicals,Greater Noida,608,16,3,20
Alp Overseas,3.6,165,Auto Components,Neemrana,732,7,--,9
Satec Envir Engineering (I),4.1,165,Engineering & Construction,Mumbai,387,16,2,8
Nordusk Led,4.4,165,Electronics Manufacturing,Kolkata,120,7,--,4
Thirdware Solutions,4.2,165,IT Services & Consulting,Chennai,1k,4,--,21
MBit Computraining,3.7,165,Recruitment,Hyderabad,603,24,--,5
Maharashtra State Road Transport Corporation,4.0,166,Government,Mumbai,372,4,--,20
Pyrotech Electronics,3.1,165,Electronics Manufacturing,Udaipur,708,12,6,8
Gea Process Engineering India,4.1,165,Food Processing,Vadodara,783,3,--,17
ACI Worldwide,4.0,165,Software Product,Bengaluru,1.4k,15,17,21
Ultratech India,4.1,165,Pharma,Mumbai,834,13,11,5
Automotive Research Association of India,4.1,165,Auto Components,Pune,920,8,2,14
Xpo Logistics,3.5,165,Logistics,Pune,1.2k,15,--,26
Privi Organics,3.8,165,Chemicals,Mahad,693,13,5,16
Shimizu,4.0,165,Engineering & Construction,Bengaluru,570,16,--,21
3Pillar Global,3.2,165,Software Product,Noida,1k,23,51,14
MathWorks,4.0,165,Software Product,Bengaluru,1.2k,46,2,16
Verint Systems,3.7,165,IT Services & Consulting,Bengaluru,1.2k,12,18,9
KRYFS POWER COMPONENTS,3.9,165,Industrial Machinery,Mumbai,620,11,9,15
India Power Corporation,3.7,165,Power,Kolkata,743,16,1,18
Crane Consulting and Outsourcing,3.9,165,,Bengaluru,1k,17,1,5
Innovassynth Technologies,3.4,165,Chemicals,Khopoli,801,15,1,12
Skechers South Asia,4.3,165,Retail,Mumbai,673,10,1,13
Wipro Insurance Solutions,3.6,166,,Mumbai,559,12,--,1
AdamsBridge Global,3.5,165,Internet,Chennai,810,24,--,1
Prudent Insurance Brokers,3.7,165,Insurance,Mumbai,907,7,7,7
Ceigall,3.2,165,Engineering & Construction,Ludhiana,694,8,11,6
Kesari Tours,3.5,165,Travel & Tourism,Mumbai,684,10,1,21
Export Trading group,3.5,166,IT Services & Consulting,Bengaluru,795,7,4,6
Qapitol Qa,3.8,165,IT Services & Consulting,Bengaluru,1.3k,20,58,15
ACE Group,4.2,165,Real Estate,Noida,715,11,--,21
Multi Commodity Exchange of India,3.1,165,Financial Services,Mumbai,1.1k,6,--,12
Garuda Power,3.0,165,Industrial Machinery,Kolkata,482,15,1,11
Augustus Healthcare Solutions,3.6,165,Healthcare,Pune,806,10,4,29
Bayer Zydus Pharma,3.4,165,Pharma,Mumbai,477,4,415,14
Cease Fire,2.9,165,,New Delhi,663,14,--,3
Lilavati Hospital & Research Centre,3.9,166,Healthcare,Mumbai,570,6,7,15
Vanesa Care,4.2,165,Beauty & Personal Care,New Delhi,555,6,--,7
Teliolabs,3.9,165,Emerging Technologies,Hyderabad,374,36,35,28
Scope eKnowledge Center,3.1,164,IT Services & Consulting,Chennai,449,8,--,18
Sharp Business Systems India,3.5,164,Consumer Electronics & Appliances,New Delhi,543,7,--,13
Milltec Machinery Pvt Ltd Bangalore,4.0,164,Industrial Machinery,Bengaluru,692,9,--,12
Xotik Frujus,2.5,164,Beverage,Mumbai,438,8,--,7
Be10X,4.4,164,Education & Training,Kolkata,133,23,--,3
Enlist Management Consultants,3.2,164,Recruitment,Kolkata,597,9,--,9
Sterling Information Resources,3.5,164,Analytics & KPO,Mumbai,680,5,--,9
bgr Mining infra pvt Ltd,4.1,164,Metals & Mining,Hyderabad,605,11,2,7
Sundaram Industries,3.5,164,Auto Components,Chennai,834,6,4,9
Tracks Components,3.1,164,,Pune,947,18,--,9
Hubtown,3.2,164,Engineering & Construction,Mumbai,678,14,--,8
Sharp Sight,4.1,164,Healthcare,New Delhi,623,11,20,6
Pramata Knowledge Solutions,3.3,164,Software Product,Bengaluru,800,31,--,16
HCL Foundation,4.4,164,Non-Profit,Lucknow,583,18,--,22
Acuvate Software,3.1,164,Software Product,Hyderabad,1.1k,12,6,14
Jaypee Brothers Medical Publishers,3.3,164,Printing & Publishing,New Delhi,632,21,--,8
Hubtown,3.2,164,Engineering & Construction,Mumbai,678,14,--,8
Pramata Knowledge Solutions,3.3,164,Software Product,Bengaluru,800,31,--,16
Sankara Nethralaya,3.9,164,Non-Profit,Chennai,428,9,--,16
Shinhan Bank,3.1,164,Banking,Mumbai,920,18,2,11
Inductotherm,3.7,164,Industrial Machinery,Ahmedabad,682,12,12,23
Flexsin Technologies,3.8,164,IT Services & Consulting,Noida,862,29,85,13
iVistec Partners India Private Limited,3.9,164,IT Services & Consulting,Noida,574,10,2,22
Sharp Sight,4.1,164,Healthcare,New Delhi,623,11,20,6
Goodricke Group,4.0,164,Food Processing,Kolkata,467,8,--,9
Krishna Institute of Medical Sciences,3.8,164,Healthcare,Hyderabad,684,5,16,8
SembCorp,3.8,164,Power,Gurugram,702,10,4,11
Rubicon Skill Development,2.5,164,,Pune,361,24,3,5
HCL Foundation,4.4,164,Non-Profit,Lucknow,583,18,--,22
B.P. Poddar Hospital & Medical Research,3.0,164,Healthcare,Kolkata,530,16,--,7
Sahu Exports,4.1,164,Fashion & Textile,Noida,578,12,--,6
Nivara Home Finance,3.7,164,Financial Services,Bengaluru,526,11,4,7
IREP Credit Capital,4.1,164,Financial Services,Hyderabad,597,7,--,10
Sindhuja Microcredit,3.7,164,NBFC,Noida,437,9,19,4
Envirocare Labs,4.1,164,Clinical Research,Mumbai,398,31,6,5
Merilytics,2.9,164,Analytics & KPO,Hyderabad,1.5k,51,--,7
Jupiter Wagons,3.7,164,Railways,Kolkata,729,10,--,3
Anvil Cables,3.8,164,Semiconductors,Kolkata,537,8,--,13
TVS Upasana Engineering,3.6,164,Automobile,Hosur,599,8,--,13
Vitromed Healthcare,3.4,164,Medical Equipment,Jaipur,649,19,4,10
Kirtane & Pandit,3.4,164,Accounting & Auditing,Pune,695,9,10,12
Faasos Food Services,3.6,164,Internet,Mumbai,384,4,14,17
EAPRO Global Ltd,4.2,163,Consumer Electronics & Appliances,Roorkee,427,14,4,7
StrategicERP,4.2,163,Software Product,Mumbai,279,14,1,2
Aditya Birla Lifestyle Brands,3.9,164,,Bengaluru,477,9,--,16
Data Bridge Market Research,2.7,163,Analytics & KPO,Pune,523,24,--,6
Eastern Coalfields,4.1,163,Metals & Mining,Asansol,283,9,--,11
Gera Developments,4.1,163,Real Estate,Pune,718,4,6,13
Celebi Delhi Cargo Terminal Management,4.2,163,Aviation,New Delhi,421,3,--,37
Americana Group,3.5,163,Food Processing,New Delhi,350,12,--,20
BigStep Technologies,4.3,163,IT Services & Consulting,Gurugram,501,36,3,58
Trayee Business Solutions,3.4,163,BPO,Chennai,506,8,--,6
GKB Opticals,4.4,163,Retail,Kolkata,371,7,--,8
Meil Anpara Power,3.8,163,,Sonbhadra,394,5,--,16
Aditya Birla Lifestyle Brands,3.9,164,,Bengaluru,477,9,--,16
Data Bridge Market Research,2.7,163,Analytics & KPO,Pune,523,24,--,6
Envision Enterprise Solutions,2.8,163,IT Services & Consulting,Hyderabad,928,17,--,4
Suraksha Gold Industries Private Limited,4.4,163,Building Material,New Delhi,89,92,--,24
TIL,3.6,163,Industrial Machinery,Kolkata,731,10,--,17
PMJ Gems & Jewellers,3.6,163,Jewellery,Hyderabad,599,12,--,12
Encotec Energy,4.2,163,Power,Noida,538,10,1,14
Group Pharmaceuticals,3.7,163,Pharma,Bengaluru,415,10,7,13
Aptronix - Apple Premium Reseller,3.9,163,Electrical Equipment,Hyderabad,640,10,--,11
RxLogix Corporation,2.2,163,Software Product,Noida,1.2k,23,20,11
Kaseya Software,3.3,163,Software Product,Bengaluru,1.5k,17,25,8
Elektrobit India,4.1,163,IT Services & Consulting,Bengaluru,964,17,--,9
IIT Delhi,4.1,163,Education & Training,New Delhi,905,19,14,17
Hestabit Technologies,3.8,163,IT Services & Consulting,Noida,674,23,6,11
Samvardhana Motherson Auto Component,3.8,163,Electrical Equipment,Chennai,844,9,--,7
Oakridge International School,3.4,163,Education & Training,Hyderabad,504,5,--,29
Zeta Global,3.5,163,Software Product,Hyderabad,1.2k,16,--,18
Smart Drive Systems,3.5,163,IT Services & Consulting,Hyderabad,702,10,25,26
JCT Limited,3.9,163,Fashion & Textile,Phagwara,591,6,5,20
Lotus Footwear Enterprises,4.0,163,Fashion & Textile,Chennai,568,9,--,10
Delhi Integrated Multi Modal Transit System,3.5,163,Government,New Delhi,583,8,--,14
JBM Neel Metal,3.9,163,Auto Components,Gurugram,526,12,--,7
Outscale Partners,2.5,163,IT Services & Consulting,Gurugram,382,27,22,4
Roto Pumps,3.7,163,Industrial Machinery,Noida,552,9,--,11
Welspun Specialty Solutions,3.7,163,Iron & Steel,Bharuch,579,5,--,11
Vehant Technologies,3.9,164,IT Services & Consulting,Noida,818,12,47,12
Euro School,3.5,163,Education & Training,Bengaluru,584,16,--,15
Sarla Advantech,3.9,163,Engineering & Construction,Pune,1.1k,11,18,14
TAL Manufacturing Solutions,3.7,162,Industrial Machinery,Nagpur,446,5,--,21
Plintron Global Technology Solutions,2.9,162,Telecom,Chennai,1k,17,--,10
Interactive Avenues,3.3,162,Marketing & Advertising,Mumbai,1.1k,13,--,12
Goel Ganga Developments,3.6,162,Real Estate,Pune,671,13,3,20
Indian Armed Forces,4.5,162,Government,New Delhi,401,5,--,9
MELCO,3.5,162,Industrial Machinery,Faridabad,576,3,--,5
K.R.Mangalam World School,4.0,162,Education & Training,New Delhi,468,19,9,4
Apparel Group UAE,3.4,162,Retail,Dubai,20,1,--,1
Gibraltar Technologies,3.9,162,IT Services & Consulting,Bengaluru,682,24,1,1
Enzen Global Solutions,2.8,162,Power,Bengaluru,551,6,--,16
Mahavir Die Casters,3.8,162,Auto Components,Gurugram,511,4,--,11
Aligarh Muslim University,4.5,163,Education & Training,Aligarh,418,5,--,14
TAAZAA,3.9,162,IT Services & Consulting,Noida,839,24,23,6
Shri Kshetra Dharmasthala Rural Development Project,4.1,162,,Bengaluru,358,5,--,8
Airpay Payment Services,2.9,162,FinTech,Mumbai,806,12,16,11
University of Delhi,4.3,162,Education & Training,New Delhi,908,10,--,14
MedTourEasy,4.7,162,Internet,New Delhi,187,6,--,4
Voith,3.7,163,Pulp & Paper,Noida,944,6,1,16
American India Foundation,3.8,162,Non-Profit,New Delhi,477,14,--,11
Vee Gee Auto Components,3.9,162,Auto Components,Ahmedabad,668,7,--,5
DCM Infotech,3.4,162,IT Services & Consulting,New Delhi,846,10,8,7
Kanakadurga Finance,3.6,162,NBFC,Vijayawada,466,6,--,5
K.R.Mangalam World School,4.0,162,Education & Training,New Delhi,468,19,9,4
MELCO,3.5,162,Industrial Machinery,Faridabad,576,3,--,5
Indian Armed Forces,4.5,162,Government,New Delhi,401,5,--,9
VFS Capital,3.6,162,NBFC,Kolkata,325,8,--,2
Premium Chick Feeds,3.6,162,Agriculture,Pune,579,8,--,10
Raam Group,3.3,162,Automobile,Hyderabad,593,31,35,6
Solera,3.2,162,IT Services & Consulting,Bengaluru,1.3k,17,2,9
Tulip Diagnostics,3.8,163,Medical Equipment,Kolkata,496,8,--,14
Chryso,3.8,162,Chemicals,Mumbai,640,16,--,8
Punjab & Sind Bank,3.2,162,Banking,New Delhi,518,3,--,13
Tcs And Associates,3.4,162,IT Services & Consulting,Chennai,1.6k,12,--,4
Chryso,3.8,162,Chemicals,Mumbai,640,16,--,8
Kanakadurga Finance,3.6,162,NBFC,Vijayawada,466,6,--,5
Punjab & Sind Bank,3.2,162,Banking,New Delhi,518,3,--,13
American India Foundation,3.8,162,Non-Profit,New Delhi,477,14,--,11
Helo.ai by VivaConnect,4.3,162,Telecom,Mumbai,511,8,2,7
Voith,3.7,163,Pulp & Paper,Noida,944,6,1,16
Tulip Diagnostics,3.8,163,Medical Equipment,Kolkata,496,8,--,14
Solera,3.2,162,IT Services & Consulting,Bengaluru,1.3k,17,2,9
Sarvatra Technologies,4.2,162,IT Services & Consulting,Pune,1.3k,21,9,12
Sapphire Infocom,4.8,162,IT Services & Consulting,Ahmedabad,16,38,3,15
Raam Group,3.3,162,Automobile,Hyderabad,593,31,35,6
The Knowledge Academy,2.6,162,Education & Training,Bengaluru,772,16,--,4
Euronics Industries,3.5,162,Building Material,Gurugram,796,18,12,6
Motovolt Mobility,3.9,162,Automobile,Kolkata,481,23,4,9
V S International,3.8,162,Pharma,Daman & Diu,555,21,11,20
Manipal HealthMap,4.0,162,Healthcare,New Delhi,416,11,13,15
IG Defence,4.5,161,,Bhubaneswar,43,7,--,1
Vulcan Express,3.6,161,Logistics,New Delhi,229,1,--,20
AYTB,3.8,161,Engineering & Construction,Al Jubail,340,14,--,20
Enaltec Labs,2.9,161,Pharma,Mumbai,733,14,--,21
Chandan Healthcare,3.3,161,Healthcare,Lucknow,442,20,5,6
Gujarat State Electricity Corporation,4.4,162,Government,Ahmedabad,276,6,--,8
Shine,3.2,161,Internet,Gurugram,514,20,--,19
Saraswati Accountants Software,4.4,161,IT Services & Consulting,New Delhi,129,23,3,14
Capricorn Energy,3.6,161,Oil & Gas,Barmer,1.3k,18,--,34
Edujobs Academy,3.1,161,Education & Training,Kolkata,321,11,--,6
Parsons International,4.1,161,IT Services & Consulting,Doha,220,7,--,20
Pearl Beverages,3.1,161,Beverage,Guntur,549,11,3,8
Bhartiya International,3.5,161,Fashion & Textile,Bengaluru,838,7,--,17
Datavail Infotech,3.2,161,IT Services & Consulting,Hyderabad,1.3k,7,44,12
Thermo Systems India,3.9,161,Semiconductors,Hyderabad,666,8,--,11
Inube Software Solutions,3.1,161,Software Product,Bengaluru,1.1k,13,2,11
Enquero,4.2,161,IT Services & Consulting,Bengaluru,1.7k,21,--,19
Shobhit Mediworld,3.9,162,,Lucknow,358,26,2,9
E C R Buildtech,3.9,161,Engineering & Construction,New Delhi,452,13,13,8
Inshorts,3.5,161,Internet,Noida,676,16,2,11
Ocl Iron & Steel,3.6,161,Iron & Steel,Rourkela,517,17,--,1
AstroTalk,3.3,161,Internet,Noida,569,26,2,4
Lupin Diagnostics,3.9,161,Medical Equipment,Mumbai,529,15,--,2
Quba Architectural Products,4.2,161,Architecture & Interior Design,Mumbai,492,10,--,5
Mosaic Wellness,3.3,161,Fitness & Wellness,Mumbai,639,18,19,2
Bhilai Iron And Steel Processing Company,4.0,161,Iron & Steel,Bhilai Nagar,584,7,--,14
SoftTech Engineers Limited,3.3,161,Engineering & Construction,Pune,1.1k,21,11,12
SOTI,3.0,161,Software Product,Gurugram,1.5k,24,27,14
Mohani Tea Leaves,4.0,162,FMCG,Kanpur,531,6,--,19
Atotech,3.9,161,Chemicals,Gurugram,804,12,1,26
Data Template Infotech,3.6,161,IT Services & Consulting,Bengaluru,577,18,--,21
Sanyo Special Steel Manufacturing,4.1,161,Iron & Steel,Khopoli,698,8,2,15
Isprava,3.2,161,Real Estate,Mumbai,753,14,9,4
Webdew,4.5,161,IT Services & Consulting,Sahibzada Ajit Singh Nagar,152,112,5,41
SRV Media,3.5,161,Marketing & Advertising,Pune,533,27,7,28
Banas Dairy,4.0,161,Food Processing,Palanpur,575,8,--,13
Innovision,3.1,161,Facility Management Services,Gurugram,599,13,1,10
Makino,3.6,161,Auto Components,Bengaluru,799,10,1,14
Topsel Toyota,3.8,161,Automobile,Kolkata,364,11,15,19
Ajit Industries Pvt.Ltd,4.2,161,Chemicals,New Delhi,521,17,--,11
Ecozen Solutions,4.1,161,Industrial Automation,Pune,624,12,36,3
Uniproducts,3.4,161,Auto Components,Rewari,790,9,1,14
Prabha Engineering,3.7,161,Auto Components,Pune,827,8,1,10
Ankur Seeds,4.1,161,Agriculture,Nagpur,404,7,--,14
Jyote Motors,3.6,161,Automobile,Bhubaneswar,495,9,--,9
Escorts Railway Equipment Division,3.8,161,Industrial Machinery,Faridabad,526,9,--,11
Sampark Logistics,3.3,161,Logistics,Faridabad,565,7,--,12
CAPLIN STERILES,2.9,161,Pharma,Chennai,1.1k,8,6,10
CBTS TECHNOLOGY SOLUTIONS INDIA LLP,3.9,162,IT Services & Consulting,Chennai,1.4k,24,18,12
Delval Flow Controls,4.1,162,Industrial Machinery,Pune,870,5,4,10
Cadeploy Engineering,3.2,161,Engineering & Construction,Hyderabad,731,14,12,12
Sberbank Branch in India,3.1,161,Banking,Bengaluru,511,30,8,8
AKM Global,4.1,161,Accounting & Auditing,Gurugram,523,41,20,1
Pioneer Wincon,4.4,161,Power,Chennai,394,18,--,30
Amanta Healthcare,4.0,161,Pharma,Ahmedabad,625,7,--,20
Outlook,2.8,160,,New Delhi,138,36,--,6
YuppTV,3.5,160,Broadcasting,Hyderabad,1.1k,18,--,15
Captain Tractors,4.4,160,Automobile,Rajkot,520,19,6,16
Unipath Specialty Laboratory,3.7,161,Healthcare,Ahmedabad,652,14,1,5
Paushak,3.7,160,Chemicals,Vadodara,797,17,7,17
Indian Steel Corporation,4.1,160,Iron & Steel,Gandhidham,662,10,--,22
Sikka Group,3.5,160,Real Estate,New Delhi,583,10,--,15
Durr India,3.4,160,Industrial Automation,Chennai,837,8,3,5
Colgate Global Business Services,3.4,160,IT Services & Consulting,Mumbai,718,23,--,14
Lokmat Media,3.9,161,Printing & Publishing,Mumbai,885,6,5,8
Ambrane India,4.6,160,Consumer Electronics & Appliances,New Delhi,423,8,2,3
TC Global,3.5,160,Education & Training,New Delhi,491,9,6,25
NetProphets Cyberworks,3.5,160,IT Services & Consulting,Noida,1k,6,--,12
Bankai Infotech,3.1,160,IT Services & Consulting,Ahmedabad,929,14,2,18
Signzy Technologies,2.9,160,Software Product,Bengaluru,976,34,--,1
Synchronoss Technologies,4.2,160,Telecom,Bengaluru,1.3k,11,2,16
BlueBinaries Engineering and Solutions,2.6,160,Software Product,Bengaluru,1.1k,25,5,10
Tamilnadu Petroproducts,4.2,160,Petrochemicals,Chennai,882,11,--,12
The Calcutta Medical Research Institute,3.8,160,Healthcare,Kolkata,471,9,12,12
Silver Consumer Electricals,3.2,160,Industrial Machinery,Rajkot,573,7,--,3
TV9 Network,3.6,160,Media & Entertainment,Noida,876,11,--,7
IndianOil Skytanking,3.2,160,Oil & Gas,New Delhi,605,13,--,19
Melorra,3.1,160,Internet,Bengaluru,832,21,--,9
HexaView Technologies,3.4,160,IT Services & Consulting,Noida,1k,30,7,8
Takahata Precision,4.2,160,Auto Components,Neemrana,578,7,--,17
Batra Hospital,3.9,160,Healthcare,New Delhi,543,3,22,13
MRI Software,3.1,160,Software Product,Bengaluru,1.2k,22,1,4
Enercon,4.0,160,Power,Bengaluru,545,12,2,16
Khivraj Motors,3.9,160,Automobile,Chennai,614,9,13,10
Apicore Pharmaceuticals,3.7,160,Pharma,Vadodara,692,6,8,17
Pioneer e Solutions,3.6,160,IT Services & Consulting,New Delhi,623,4,--,6
NELCAST,3.6,160,Iron & Steel,Chennai,716,6,1,12
Avinash Group,3.5,161,Real Estate,Raipur,577,14,4,11
Chloride Metals,3.5,160,,Haldia,701,16,--,8
LC Infra Projects,3.9,160,Engineering & Construction,Ahmedabad,485,19,--,8
Badri Rai and Company,3.8,160,Engineering & Construction,Guwahati,520,14,9,4
Rayden Interactive,2.7,160,IT Services & Consulting,Pune,752,22,--,10
TI METAL FORMING,4.0,160,Auto Components,Chennai,570,8,--,13
Sony Pictures Networks,3.5,160,,Mumbai,964,7,--,2
Baggit,2.7,160,Fashion & Textile,Mumbai,560,6,--,10
Pasco Automobiles,4.2,160,Automobile,Gurugram,599,13,--,14
CTX Life Science,3.7,160,Pharma,Surat,708,6,2,9
Conserve Solution,3.9,160,Engineering & Construction,Chennai,515,20,12,12
Planit Testing India,3.4,160,IT Services & Consulting,Hyderabad,1.2k,19,12,13
Nehru Yuva Kendra Sangathan,4.4,159,Non-Profit,New Delhi,170,8,--,17
UptoSkills,4.6,159,,New Delhi,33,46,--,7
GIRDHARI LAL CONSTRUCTIONS,3.9,159,Engineering & Construction,New Delhi,485,14,2,1
EMB Global,4.3,159,Internet,Gurugram,447,16,--,2
FreshMenu,3.2,159,Hospitality,Bengaluru,554,8,3,24
Naaraayani Sons,3.7,159,Metals & Mining,Kolkata,435,21,--,22
StoreKing,3.2,159,Internet,Bengaluru,709,12,--,20
Delphi Automotive Systems,3.8,159,Auto Components,Bengaluru,675,5,--,18
Unirac,3.9,159,Power,Hyderabad,339,20,--,5
MoreTasks,4.2,159,IT Services & Consulting,Gurugram,269,27,--,25
5K Car Care,4.4,159,Other,Coimbatore,264,48,--,--
Him Teknoforge,3.5,159,Auto Components,Baddi,563,14,3,13
Magnum Group,3.2,160,BPO,Bhopal,679,7,--,6
JCBL,3.5,159,Automobile,Sahibzada Ajit Singh Nagar,668,7,20,11
Pasa Resources,3.5,159,Agro Chemicals,Ranchi,463,17,--,5
F5 Networks,3.2,159,IT Services & Consulting,Hyderabad,1.7k,27,61,13
Nitika Pharmaceutical Specialities,3.5,159,Pharma,Nagpur,560,16,32,4
Diversey,3.9,159,Chemicals,Mumbai,661,4,--,18
Electrolab,3.5,159,Medical Equipment,Mumbai,613,10,16,7
Axis Mutual Fund,3.8,159,Financial Services,Mumbai,877,10,--,8
Intec Infra-Technologies,3.7,159,,Gurugram,369,11,17,8
FMI Automotive Components,3.8,159,Auto Components,Gurugram,580,11,7,15
Hind Terminals,4.0,159,Logistics,Mumbai,738,8,--,16
CBSE,4.3,159,Education & Training,New Delhi,453,6,--,8
Auditics Private Limited,3.8,159,Accounting & Auditing,Chennai,402,21,6,2
Enlink Managed Service pvt Ltd.,3.1,159,IT Services & Consulting,Mumbai,559,15,15,20
Echelon Institute of Technology,4.3,159,Education & Training,Faridabad,158,41,2,1
Marsh McLennan Global Services,4.1,159,Financial Services,Mumbai,685,18,5,30
Dixcy Textiles,4.2,159,,Bengaluru,612,4,--,24
Uno Minda Kyoraku,3.9,159,Automobile,Bawal,579,11,1,16
ValGenesis,3.0,159,Software Product,Chennai,1.2k,23,42,17
Vibracoustic,3.6,160,Automobile,Noida,617,10,--,20
ARDEE INDUSTRIES LIMITED,4.0,159,Metals & Mining,New Delhi,301,29,5,3
Futran Solutions,3.9,159,Software Product,Hyderabad,442,19,5,13
Sun Flag Steel,3.5,159,Iron & Steel,Bhandara,691,8,--,4
Preet Tractors,3.7,159,Automobile,Nabha,486,19,--,29
Baxter Pharmaceuticals,4.2,159,Pharma,Ahmedabad,294,11,--,2
Hirschvogel Components,4.0,159,Auto Components,Pune,738,7,1,18
Thoucentric,3.6,159,Management Consulting,Bengaluru,1.6k,16,91,10
Rolls-Royce,3.9,159,Defence & Aerospace,Bengaluru,1.1k,33,23,17
Srijan Technologies,3.1,159,IT Services & Consulting,New Delhi,893,21,39,17
Apollomedics Super Speciality Hospitals,4.0,159,Healthcare,Lucknow,655,14,--,12
SugarFit,4.0,159,Healthcare,Bengaluru,328,25,--,4
Healthworld Hospitals,3.9,160,Healthcare,Durgapur,545,7,2,7
Shakti Precision Components,3.6,159,Other,Bengaluru,755,5,1,7
Vasavi Group,3.7,159,Real Estate,Hyderabad,845,9,2,3
Kartavya Healtheon,3.7,159,Internet,Mumbai,378,8,7,4
Horizontal Integration,3.5,159,IT Services & Consulting,Bengaluru,1k,15,--,4
Inorbit Mall,4.1,159,Retail,Mumbai,600,17,--,20
Lotus Wireless Technologies,3.2,159,IT Services & Consulting,Visakhapatnam,773,19,--,9
Tarento Technologies,3.5,159,IT Services & Consulting,Bengaluru,1.3k,15,33,26
FreshToHome,3.5,159,Hospitality,Bengaluru,800,26,6,5
Basicfirst Learning,2.7,158,EdTech,New Delhi,234,7,--,61
Vihaan Networks,4.1,158,Telecom,Gurugram,722,10,--,14
Rorito International,4.0,158,Other,Chennai,564,6,5,12
Narayan Seva Sansthan,4.2,158,Non-Profit,Udaipur,282,10,18,15
"PKF Sridhar & Santhanam LLP, Chartered Accountants",3.5,158,Accounting & Auditing,Mumbai,669,12,--,13
Apraava Energy,4.2,158,Power,Mumbai,617,10,--,6
Avantha Technologies,3.5,158,IT Services & Consulting,Gurugram,751,9,--,13
Dr. Ram Manohar Lohia Hospital,4.3,158,Healthcare,New Delhi,393,6,--,16
Jhajharia Nirman Limited,4.1,158,Engineering & Construction,Bilaspur,573,15,--,16
Texila Educational And Management Services,3.9,158,Education & Training,Coimbatore,547,15,--,50
Gammastack,3.3,158,IT Services & Consulting,Indore,797,66,35,28
Toll Group,3.9,158,Logistics,Pune,895,7,16,10
MGM Medical College & Hospital,3.9,158,Healthcare,Chhatrapati Sambhajinagar,612,6,--,11
Toll Group,3.9,158,Logistics,Pune,895,7,16,10
Creativelipi Webtech,2.6,158,IT Services & Consulting,Noida,525,7,1,10
Sundyota Numandis Pharmaceuticals,3.8,159,Pharma,Ahmedabad,488,9,16,18
RS Software (India) Ltd.,3.3,158,FinTech,Kolkata,539,10,3,18
Brindavan Beverages,3.9,158,Beverage,Bareilly,603,7,--,11
Apraava Energy,4.2,158,Power,Mumbai,617,10,--,6
Shri Ram Finance Corporation,2.9,158,Financial Services,Raipur,495,17,5,6
Synmac Consultants,4.0,158,Accounting & Auditing,Chennai,59,17,26,28
AYN InfoTech,4.5,158,IT Services & Consulting,Pune,184,1,--,47
Unicorn DenMart,3.9,158,Medical Equipment,New Delhi,547,33,12,8
CLIRNet,3.6,158,Internet,Kolkata,509,14,24,6
Gammastack,3.3,158,IT Services & Consulting,Indore,797,66,35,28
Indivillage Tech Solutions,3.6,158,IT Services & Consulting,Yemmiganur,710,17,2,5
Kaefer,3.6,158,Engineering & Construction,Mumbai,329,6,--,18
Axis Securities and Sales,3.5,158,,Mumbai,855,15,--,6
HMD Global,3.6,158,Electronics Manufacturing,Gurugram,643,12,1,13
Aurolab,3.7,158,Medical Equipment,Madurai,629,27,5,7
Modi Naturals,4.0,158,Agro Chemicals,New Delhi,573,8,2,8
CCS Computers,3.8,158,IT Services & Consulting,New Delhi,729,8,6,8
JConnect Infotech,3.3,158,Recruitment,Noida,708,10,--,6
Virtuoso,3.4,158,Industrial Automation,Pune,780,17,6,2
Brindavan Beverages,3.9,158,Beverage,Bareilly,603,7,--,11
Sundyota Numandis Pharmaceuticals,3.8,159,Pharma,Ahmedabad,488,9,16,18
Creativelipi Webtech,2.6,158,IT Services & Consulting,Noida,525,7,1,10
CLIRNet,3.6,158,Internet,Kolkata,509,14,24,6
Shri Ram Finance Corporation,2.9,158,Financial Services,Raipur,495,17,5,6
Modi Naturals,4.0,158,Agro Chemicals,New Delhi,573,8,2,8
Indivillage Tech Solutions,3.6,158,IT Services & Consulting,Yemmiganur,710,17,2,5
Aurolab,3.7,158,Medical Equipment,Madurai,629,27,5,7
CCS Computers,3.8,158,IT Services & Consulting,New Delhi,729,8,6,8
Kaefer,3.6,158,Engineering & Construction,Mumbai,329,6,--,18
Orange City Water,3.6,158,Waste Management,Nagpur,466,7,--,8
Shivalik Rasayan,3.6,158,Agro Chemicals,Bharuch,572,10,--,6
BANGMETRIC,3.9,158,IT Services & Consulting,Noida,226,17,--,2
AUO Mobility Solutions,4.0,158,Auto Components,Pune,861,11,13,12
Linedata,2.9,158,Internet,Mumbai,1.1k,24,18,6
Agriculture Insurance Company of India,4.2,158,Insurance,New Delhi,511,12,--,5
IonIdea,3.0,158,Software Product,Bengaluru,860,16,14,8
Arundhati Jewellers,3.5,158,Jewellery,Bhubaneswar,302,11,3,62
Scymes Services,3.3,158,IT Services & Consulting,Mumbai,554,7,6,36
Simple Logic IT,3.4,158,IT Services & Consulting,Mumbai,942,13,9,3
Turner & Townsend,3.7,158,Engineering & Construction,Mumbai,1.5k,13,107,10
Qatargas,4.6,157,Oil & Gas,Mumbai,514,11,--,17
BAIF Development Research Foundation,3.6,157,Non-Profit,Pune,414,14,--,14
Donaldson India Filter Systems,3.9,157,Industrial Machinery,Gurugram,729,7,12,8
Netcon Technologies,3.6,157,IT Services & Consulting,Chennai,1k,14,--,6
Ritco Logistics,3.6,157,Logistics,Gurugram,561,13,6,4
Elkayem Auto Ancillaries,3.4,157,Industrial Machinery,Hosur,611,9,4,12
ADINATH MOTORS,3.7,157,,New Delhi,637,5,3,8
Rinder India,3.9,157,Automobile,Pune,500,3,--,29
GAIN Credit,3.8,157,FinTech,Chennai,645,14,--,67
Shilpa Biologicals,3.0,157,,Dharwad,701,5,--,3
Kotak Mahindra Asset Management Company,4.0,157,Financial Services,Mumbai,981,13,15,12
Datagain,4.4,157,IT Services & Consulting,Mumbai,392,36,9,30
Nxtra Data,4.1,157,IT Services & Consulting,Pune,768,13,1,12
Infinite HR Solutions,3.2,157,,Bengaluru,1.5k,3,--,2
thinkbridge,3.6,157,IT Services & Consulting,Pune,729,25,3,27
KHD Humboldt Wedag,4.2,157,Industrial Machinery,New Delhi,759,9,--,16
Teach For India,3.5,157,Non-Profit,New Delhi,723,30,--,17
Futures First info Services,3.2,157,Financial Services,Gurugram,1k,97,--,17
SanDisk India Device Design Centre,3.9,157,Hardware & Networking,Bengaluru,1.2k,13,86,13
WAE,3.3,157,Waste Management,Noida,297,24,--,4
Unicommerce Esolutions,3.0,157,Software Product,Gurugram,997,24,6,12
Vortex Engineering,3.9,157,IT Services & Consulting,Chennai,661,16,15,13
Sourcefuse Technologies,2.8,157,IT Services & Consulting,Noida,1.2k,20,13,15
Great White Global,3.8,157,Electrical Equipment,Mumbai,640,11,12,8
Deccan iServices,3.5,157,,Chennai,783,10,--,5
RealEstateIndia.com,4.8,157,Real Estate,New Delhi,1.4k,1,--,5
Franciscan Solutions,2.7,157,IT Services & Consulting,Noida,372,5,12,18
Meena Bazaar,3.5,157,Fashion & Textile,New Delhi,705,8,5,4
Ki Mobility Solution,3.4,157,Internet,Chennai,662,9,12,2
DIC India,3.8,157,Chemicals,Noida,723,10,8,12
Back Office,4.0,157,BPO,Mumbai,1.2k,20,--,16
Airtel Business,3.5,157,Telecom,Gurugram,888,33,--,17
Premier Irrigation Adritec,3.7,157,Agriculture,Kolkata,415,26,5,9
Encalm Hospitality,4.0,157,Aviation,New Delhi,590,16,15,2
Axis Sales,4.4,157,Financial Services,Mumbai,441,20,--,19
Interglobe Air Transport,3.4,157,Travel & Tourism,New Delhi,846,7,--,15
Rich Graviss Products,4.0,157,FMCG,Pune,562,15,--,19
Mahanadi Coalfields,4.5,157,Metals & Mining,Sambalpur,258,8,--,8
Rabindranath Tagore International Institute of Cardiac Sciences,3.8,157,Healthcare,Kolkata,392,2,--,13
Auto Mechanics,2.7,157,,Kolkata,160,17,--,1
KG Invicta Services,3.4,157,Management Consulting,Coimbatore,654,26,9,13
Kearney,3.1,157,Management Consulting,Gurugram,1.5k,28,4,8
Sri Balaji Action Medical Institute,4.0,158,Healthcare,New Delhi,576,5,--,13
Damro Furniture,3.5,157,Furniture & Furnishing,Bengaluru,528,11,--,4
Sresta Natural Bioproducts,3.6,156,FMCG,Hyderabad,552,10,34,12
Anchor Health and Beauty Care,4.1,156,Beauty & Personal Care,Mumbai,613,8,--,19
Jharkhand State Livelihood Promotion Society,3.5,156,Government,Ranchi,354,10,--,13
Altair Engineering,3.8,156,IT Services & Consulting,Bengaluru,846,40,--,20
Shubhalakshmi Polyesters,3.9,156,Fashion & Textile,Bharuch,735,4,9,27
Prayagh Consumer Care,4.1,156,,Hyderabad,418,7,--,6
Cape East,3.4,156,Industrial Machinery,Doha,317,6,--,17
Amrit Bottlers,4.2,156,Beverage,Faizabad,539,7,6,14
Simpl,2.9,156,Internet,Bengaluru,874,18,--,4
Veeraraghavan & Company,3.0,156,Accounting & Auditing,Mumbai,406,7,--,4
Corbus,3.5,156,IT Services & Consulting,Noida,577,15,3,18
Presidio Solutions Pvt Ltd,4.6,156,IT Services & Consulting,Chennai,905,36,6,15
Xcaliber Infotech,3.1,156,IT Services & Consulting,Pune,1.2k,19,--,6
illumifin,3.2,156,Insurance,Hyderabad,686,6,6,1
Executive Ship Management,4.0,156,Ports & Shipping,Mumbai,627,15,2,12
Xcaliber Infotech,3.1,156,IT Services & Consulting,Pune,1.2k,19,--,6
Presidio Solutions Pvt Ltd,4.6,156,IT Services & Consulting,Chennai,905,36,6,15
Corbus,3.5,156,IT Services & Consulting,Noida,577,15,3,18
Sidel,3.7,156,Industrial Machinery,Pune,825,14,45,19
Hykon,4.3,156,Electronics Manufacturing,Thrissur,410,28,3,6
Advaith Motors,4.2,157,Automobile,Bengaluru,518,7,4,16
Indus Appliances,4.2,156,,Bahadurgarh,209,9,--,9
Muvi,4.1,156,Internet,Bhubaneswar,633,23,9,11
Goodrich Logistics Pvt. Ltd.,3.2,156,Ports & Shipping,Mumbai,853,15,7,12
Partha Dental,3.6,156,Healthcare,Hyderabad,350,10,4,20
Etraveli Group,2.9,156,Travel & Tourism,Mumbai,830,14,10,2
Jasper Industries,4.2,156,Automobile,Hyderabad,544,9,1,13
Shrachi Group,2.6,157,Real Estate,Kolkata,463,7,54,15
Replicon,3.5,156,Software Product,Bengaluru,1.2k,26,47,14
Kirloskar Ebara Pumps,3.7,156,Industrial Machinery,Pune,767,6,10,4
Stanadyne India,3.8,156,Auto Components,Chennai,805,8,4,15
Dedicated Freight Corridor Corporation Of India,4.1,157,Government,New Delhi,606,8,4,5
Louis Dreyfus Company,3.9,156,Agriculture,Gurugram,477,6,--,1
Shrachi Group,2.6,157,Real Estate,Kolkata,463,7,54,15
Jasper Industries,4.2,156,Automobile,Hyderabad,544,9,1,13
Replicon,3.5,156,Software Product,Bengaluru,1.2k,26,47,14
Kirloskar Ebara Pumps,3.7,156,Industrial Machinery,Pune,767,6,10,4
Sumeru Software Solutions,3.2,156,IT Services & Consulting,Bengaluru,1.1k,11,--,9
Shree Hari Infraprojects,3.1,156,Engineering & Construction,Jaipur,378,5,--,3
DRYCHEM SOLUTIONS,4.0,156,Building Material,Mumbai,617,6,1,3
High Street Essentials,3.6,156,Retail,Noida,496,7,3,10
Sun King,3.7,156,Electronics Manufacturing,Mumbai,567,11,5,23
Outbooks Outsourcing,3.6,156,Accounting & Auditing,New Delhi,561,19,--,11
Reynolds,4.3,156,Other,Chennai,521,7,--,14
Calix,3.9,155,Telecom,Bengaluru,437,27,19,6
Volvo Construction Equipment,4.3,155,Industrial Machinery,Bengaluru,687,13,--,11
KK Spun Pipes,3.2,155,Industrial Machinery,New Delhi,702,12,--,14
Icomm Tele,4.1,155,Telecom,Hyderabad,628,8,6,14
Theorem Incorporation,3.3,155,Marketing & Advertising,Mysuru,829,13,--,14
Bill Forge,4.3,155,Auto Components,Bengaluru,466,6,--,11
BIZONGO,3.2,155,Emerging Technologies,Mumbai,964,19,--,6
Amp Motors,3.9,155,Automobile,Gurugram,685,10,--,10
L&T Smart World & Communication,4.2,155,IT Services & Consulting,Chennai,293,2,--,56
Zurich Kotak General Insurance,3.0,155,Insurance,Mumbai,680,12,5,2
Deendayal Antyodaya Yojana-National Rural Livelihoods Mission,4.0,155,Government,New Delhi,317,7,--,5
KollegeApply,3.8,155,EdTech,Gurugram,102,70,--,1
Isha Foundation,4.2,155,Non-Profit,Coimbatore,691,12,46,11
ETP International,3.0,155,Power,Mumbai,793,8,8,18
Polaris,3.9,155,Automobile,Bengaluru,1.1k,23,6,12
Eagleview,3.2,155,Software Product,Bengaluru,992,22,11,17
Suwasthi,2.4,155,Beauty & Personal Care,Noida,329,8,3,1
Alice Blue Commodities,2.9,155,FinTech,Bengaluru,804,10,24,8
Milliman,3.1,155,Management Consulting,Gurugram,1.1k,25,14,17
Space Matrix Design Consultants,3.5,155,Architecture & Interior Design,Bengaluru,775,7,44,12
LUCKY MINERALS,3.6,155,Metals & Mining,Jagdalpur,490,9,--,12
Nirmal Industrial Controls,3.6,155,Industrial Automation,Mumbai,791,19,10,11
Tekskills,3.5,155,IT Services & Consulting,Hyderabad,866,27,38,10
Java R & D,2.7,155,IT Services & Consulting,Bhopal,679,18,4,15
Ametek Instruments India,3.4,155,Industrial Automation,Bengaluru,1.2k,12,24,9
OPK e Services,2.7,155,BPO,Gurugram,552,16,--,13
Agilent Technologies International,3.8,155,,Gurugram,571,2,--,23
Air India Engineering Services,3.6,155,Industrial Machinery,Mumbai,433,6,--,16
Galderma,3.6,155,Healthcare,Mumbai,539,2,16,12
Computer Generated Solutions,3.1,155,IT Services & Consulting,Hyderabad,1k,10,--,11
Kabra Extrusion Technik,3.6,155,Industrial Machinery,Pune,772,14,--,15
Meenakshi Mission Hospital & Research Centre,4.1,155,Healthcare,Madurai,607,10,1,11
Continental Carbon India,3.7,155,Chemicals,Ghaziabad,672,8,--,8
Milliman,3.1,155,Management Consulting,Gurugram,1.1k,25,14,17
Bennett University,3.6,155,Education & Training,Greater Noida,778,16,5,10
Super Bond Adhesives,4.4,155,Chemicals,Mumbai,324,19,1,32
ARK Infosolutions,3.7,155,IT Services & Consulting,Noida,646,6,21,13
Puma Energy,2.8,155,Power,Mumbai,742,12,7,2
Houzeo,3.8,155,,Mumbai,312,58,--,1
Specsmakers Opticians,3.7,155,Retail,Chennai,684,11,89,5
Priyagold Biscuits,2.7,155,Food Processing,Noida,416,10,--,3
Harsha Engineers International,3.9,155,,Ahmedabad,841,1,--,1
Eisneramper LLP,3.3,155,Accounting & Auditing,Mumbai,1.1k,15,49,3
Shubham EPC,3.9,155,Engineering & Construction,Pune,352,14,3,10
DDB Mudra Group,3.7,154,Marketing & Advertising,Mumbai,869,7,--,14
SDP & Associates (Office),3.6,154,Accounting & Auditing,Kolkata,314,35,--,18
Rajasthan Aushdhalaya,3.4,154,Pharma,Mumbai,210,42,2,4
Sohan Lal Commodity Management,3.7,155,Logistics,New Delhi,507,4,4,10
CARS24 Financial Services,3.3,154,,Gurugram,553,8,--,5
Intelux Electronics,4.1,154,Electronics Manufacturing,Pune,604,6,7,11
SysArc Infomatix,3.6,154,FinTech,Chennai,975,15,3,12
GTT Communications,3.2,154,Hardware & Networking,Pune,1.1k,13,3,16
Zacks Research,2.8,154,Financial Services,Kolkata,513,13,1,13
Tata Ficosa Automotive Systems,,,Auto Components,Pune,--,--,--,--
Gopaljee Dairy Foods,4.4,154,Food Processing,Noida,523,2,--,18
Dr.SNS Rajalakshmi College Of Arts and Science,4.9,154,Education & Training,Coimbatore,18,22,--,66
Arabian Fal,2.8,154,Oil & Gas,Ras Tanura,293,4,--,4
Sunbeam School,4.0,154,Education & Training,Varanasi,423,10,--,16
Enova Facilities Management LLC,4.1,154,Facility Management Services,Dubai,254,16,--,21
SAGE Publications,3.1,154,Media & Entertainment,New Delhi,673,13,9,26
Akrivia Automation,4.4,154,IT Services & Consulting,Visakhapatnam,570,6,5,6
FinAdvantage,4.0,154,Accounting & Auditing,Bengaluru,396,23,22,8
Infoblox,3.7,154,IT Services & Consulting,Bengaluru,1.4k,23,16,15
Dozco,3.9,155,Industrial Machinery,Visakhapatnam,529,5,2,7
Snapwork Technologies,3.8,154,IT Services & Consulting,Mumbai,672,22,1,16
Unschool Learning,3.3,154,EdTech,Hyderabad,207,36,--,10
Aditya Birla Chemicals,3.7,154,Chemicals,Bharuch,631,14,--,10
Optimus Information,3.0,154,IT Services & Consulting,Noida,432,21,2,14
Interra Information Technologies,3.2,154,IT Services & Consulting,Noida,784,9,11,9
Unschool Learning,3.3,154,EdTech,Hyderabad,207,36,--,10
FinAdvantage,4.0,154,Accounting & Auditing,Bengaluru,396,23,22,8
Snapwork Technologies,3.8,154,IT Services & Consulting,Mumbai,672,22,1,16
Akrivia Automation,4.4,154,IT Services & Consulting,Visakhapatnam,570,6,5,6
Evertogen Life Sciences,3.0,154,Pharma,Hyderabad,454,15,5,22
Montage Enterprises,3.1,154,Packaging,Gwalior,605,7,2,13
Mcpi,4.3,154,Chemicals,Haldia,626,12,--,13
Group Surya Peb,3.2,154,Engineering & Construction,Pune,619,10,--,2
Solaris Chemtech,4.6,155,Chemicals,Bhuj,595,11,--,26
Mtg Learning Media,3.8,154,Printing & Publishing,Gurugram,552,12,5,7
Liebherr,3.9,154,Industrial Machinery,Mumbai,668,20,--,13
Msc Cruises,4.2,154,Travel & Tourism,Mumbai,298,7,--,14
J&F,3.6,154,Engineering & Construction,Chennai,498,30,2,65
Zacks Research,2.8,154,Financial Services,Kolkata,513,13,1,13
OakNorth,3.0,154,Banking,Gurugram,1.3k,9,12,9
Ogilvy,3.5,154,Marketing & Advertising,Mumbai,1.1k,13,--,15
EMotorad,4.4,154,Automobile,Pune,345,47,5,3
IndiGrid,4.1,154,Real Estate,Mumbai,717,15,1,7
Dr D Y Patil Medical College,4.2,154,Healthcare,Pune,654,5,--,6
Alteus Biogenics,2.6,154,Pharma,Kolkata,488,14,--,9
Market Research Future Reports,3.2,154,Analytics & KPO,Pune,438,9,--,14
Costa Coffee,3.7,153,Hospitality,New Delhi,352,17,--,14
Revlon,3.8,153,Beauty & Personal Care,New Delhi,348,14,--,14
Systech Solutions,3.7,153,Analytics & KPO,Chennai,1.4k,14,--,18
Swastik Infralogics Private Limited,3.7,153,Engineering & Construction,Mumbai,564,10,62,16
Safeducate,4.1,153,Education & Training,New Delhi,379,8,--,13
Indian Institute of Technology Madras,4.2,153,Education & Training,Chennai,1.2k,4,1,7
Vertex Global Services,4.6,153,IT Services & Consulting,Gurugram,186,17,--,2
Future Consumer,4.4,153,FMCG,Mumbai,669,6,--,17
IIT Kharagpur,4.2,153,Education & Training,Kharagpur,556,18,--,13
Annapurna Group,3.9,153,FMCG,Guwahati,532,7,--,10
ResearchAyu,4.0,153,Healthcare,Navi Mumbai,78,17,--,1
PharmaZell,4.0,153,Pharma,Visakhapatnam,656,10,1,14
Brigosha Technologies,2.1,153,IT Services & Consulting,Bengaluru,968,21,21,16
UNI Klinger,3.8,153,Industrial Machinery,Pune,645,15,12,20
Log 9 Materials Scientific,3.3,153,Emerging Technologies,Bengaluru,693,12,19,9
SPD Constructions,3.8,153,,Bhubaneswar,514,13,5,4
CapGrid Solutions,3.8,153,Internet,Gurugram,307,23,1,1
Cognifyz Technologies,4.0,154,,Hyderabad,126,13,--,--
Indian Institute of Management,3.7,153,Education & Training,Ahmedabad,1k,4,--,5
Meghmani Group,3.4,153,,Bharuch,598,4,--,3
MRL Tyres,3.5,153,Auto Components,New Delhi,716,7,--,8
Hindustan Colas,3.5,153,Engineering & Construction,Mumbai,602,14,--,12
ESSPL,3.8,153,IT Services & Consulting,Bhubaneswar,883,5,--,16
BrowserStack,3.0,153,Software Product,Mumbai,2.1k,62,1,17
Husk Power Systems,3.0,153,Power,Patna,551,11,9,11
Locobuzz,2.8,153,Software Product,Mumbai,534,14,14,27
Dairy Classic Ice Creams,4.1,153,Food Processing,Bengaluru,582,13,4,6
Spinco Biotech,3.7,153,Biotechnology,Chennai,599,11,1,11
NPCC Engineering,3.7,153,Oil & Gas,Mumbai,666,18,--,15
Nelco,3.8,153,Telecom,Mumbai,601,9,1,15
Dulux,4.2,153,Building Material,Mumbai,400,11,--,5
Takenaka,4.2,153,Architecture & Interior Design,Gurugram,568,13,--,27
Hilton Garden Inn,3.7,154,Hospitality,New Delhi,427,7,--,18
Brickwork Ratings,3.4,153,Financial Services,Bengaluru,720,11,57,4
AVIZVA,2.2,153,IT Services & Consulting,Gurugram,948,21,5,5
Ayu Health Hospitals,3.6,153,Healthcare,Bengaluru,691,8,--,5
BizGurukul,4.1,153,EdTech,New Delhi,384,22,--,13
Indian Institute of Technology Madras,4.2,153,Education & Training,Chennai,1.2k,4,1,7
Safeducate,4.1,153,Education & Training,New Delhi,379,8,--,13
Borosil Renewables,3.8,153,Power,Bharuch,675,7,1,2
Ayana Renewable Power,4.4,153,Power,Bengaluru,636,4,4,3
Hilton Garden Inn,3.7,154,Hospitality,New Delhi,427,7,--,18
Dulux,4.2,153,Building Material,Mumbai,400,11,--,5
Takenaka,4.2,153,Architecture & Interior Design,Gurugram,568,13,--,27
ESSPL,3.8,153,IT Services & Consulting,Bhubaneswar,883,5,--,16
AVIZVA,2.2,153,IT Services & Consulting,Gurugram,948,21,5,5
Nelco,3.8,153,Telecom,Mumbai,601,9,1,15
Brickwork Ratings,3.4,153,Financial Services,Bengaluru,720,11,57,4
G Square Housing,3.8,153,Real Estate,Chennai,596,12,14,1
Zimetrics Technologies,3.4,153,IT Services & Consulting,Pune,1.1k,8,3,102
Accentuate Technology,4.1,153,IT Services & Consulting,Bengaluru,986,92,--,27
Casino Air Caterers & Flight Services,3.9,153,Hospitality,Kochi,624,7,1,12
Naiknavare Developers,3.7,153,Real Estate,Pune,578,9,18,13
Casepoint,3.3,153,IT Services & Consulting,Surat,840,12,4,11
Classcanyon,4.5,153,Education & Training,Greater Noida,62,7,--,34
Rivulis Irrigation,4.3,153,Agriculture,Vadodara,538,17,1,12
Europ Assistance India,3.6,153,Insurance,Mumbai,610,11,1,6
Bambino Pasta Food Industries,4.0,153,Food Processing,Hyderabad,663,7,--,5
Barco Electronic Systems,4.0,153,Consumer Electronics & Appliances,Noida,851,9,13,12
Drytech Processes (I),3.8,153,Food Processing,Pandhurna,745,16,--,8
Abryl Laboratories Manufacturing Unit,3.6,153,Pharma,Chandigarh,746,11,--,10
Vedic International School,4.4,153,Education & Training,Sambalpur,284,9,--,6
Desire Energy Solution,3.7,153,Financial Services,Jaipur,632,13,1,4
Western Coalfields,4.4,152,Metals & Mining,Nagpur,353,12,--,14
Creative Garments,3.9,152,Fashion & Textile,Mumbai,597,9,2,12
Klassic Wheels,2.6,152,Auto Components,Ahilyanagar,760,6,8,9
Shri Mahant Indiresh Hospital,3.4,152,Healthcare,Dehradun,359,6,18,13
Delux Bearings,4.2,152,Auto Components,Surendranagar,649,6,--,15
Nium,3.3,152,FinTech,Mumbai,1.3k,10,20,14
Solar Defence And Aerospace,3.7,152,Defence & Aerospace,Nagpur,688,7,--,8
eBIZ.com,2.6,152,EdTech,Noida,155,2,--,29
Magma Housing Finance,4.5,152,Financial Services,Kolkata,371,5,--,12
HomeShop18,4.2,152,Internet,Noida,466,3,1,20
PGIMER,4.2,152,Education & Training,Chandigarh,517,3,--,6
Concorde Motors,3.8,152,Automobile,Mumbai,356,1,--,18
Million Minds Management Services,3.5,152,Recruitment,New Delhi,521,6,--,9
Krishak Bharati Cooperative,4.3,152,Agro Chemicals,Surat,342,13,25,9
Complere Infosystem,4.4,152,Software Product,Ambala,165,10,--,22
Sidwal Refrigeration Industries,4.2,152,Electrical Equipment,Faridabad,687,11,3,12
Tim Hortons,3.1,152,Hospitality,New Delhi,473,14,1,6
Bottomline,3.2,153,Software Product,Bengaluru,1.2k,24,25,3
HomeShop18,4.2,152,Internet,Noida,466,3,1,20
Complere Infosystem,4.4,152,Software Product,Ambala,165,10,--,22
Krishak Bharati Cooperative,4.3,152,Agro Chemicals,Surat,342,13,25,9
Sidwal Refrigeration Industries,4.2,152,Electrical Equipment,Faridabad,687,11,3,12
Allyis India,3.2,152,IT Services & Consulting,Hyderabad,836,10,1,6
Spc Life Sciences,3.4,152,Chemicals,Ankleshwar,682,9,3,10
Creative Garments,3.9,152,Fashion & Textile,Mumbai,597,9,2,12
All Out,3.6,152,FMCG,Gurugram,322,12,2,1
Frontier Business Systems,3.2,152,IT Services & Consulting,Bengaluru,922,14,53,11
SunTec Business Solutions,2.8,152,IT Services & Consulting,Thiruvananthapuram,1.1k,7,2,12
Apcotex Industries,3.7,152,Chemicals,Navi Mumbai,904,9,9,10
Victoria's Secret,3.8,152,IT Services & Consulting,Bengaluru,1.2k,19,--,9
Nium,3.3,152,FinTech,Mumbai,1.3k,10,20,14
Solar Defence And Aerospace,3.7,152,Defence & Aerospace,Nagpur,688,7,--,8
Alcatel-Lucent,4.3,152,Telecom,Bengaluru,502,7,--,22
Synamedia,3.4,152,Software Product,Bengaluru,1.1k,17,2,8
Raj Industries,3.5,152,Packaging,Ludhiana,698,10,--,5
Cubic Transportation Systems,3.0,152,Software Product,Hyderabad,1.3k,14,27,17
Primetals Technologies,3.9,152,Industrial Machinery,Kolkata,797,12,--,15
IndiaLends,3.2,152,Financial Services,Gurugram,851,15,--,11
ETV Bharat,3.9,152,Broadcasting,Hyderabad,434,7,--,16
Vipul Motors,3.4,152,Automobile,Faridabad,585,--,1,8
Rina India,3.9,152,"Testing, Inspection and Certification (TIC)",Mumbai,527,10,--,13
Light & Wonder,3.8,152,Software Product,Bengaluru,3k,35,16,40
Enviro Infra Engineers,4.1,152,Waste Management,New Delhi,571,12,7,11
Cello World,3.5,152,Consumer Electronics & Appliances,Mumbai,574,5,--,6
ESIC Medical College and Hospital,3.8,152,Education & Training,New Delhi,695,5,--,3
Pro1 Health Systems,3.4,152,Medical Equipment,Chennai,393,19,--,1
Xtelify,3.2,152,,Gurugram,1.2k,14,--,6
PICL,3.6,152,Semiconductors,Faridabad,550,7,--,9
MENTORS EDUSERV,3.6,152,EdTech,Patna,352,7,3,7
Jai Beverages,3.4,153,Beverage,Jammu,507,17,3,5
Mobase,3.5,152,Auto Components,Noida,690,10,--,19
Kerry Ingredients,3.2,152,Food Processing,Bengaluru,688,11,--,16
Rotork Controls,3.4,152,Industrial Machinery,Chennai,739,15,11,12
Altruistic Technology Labs,3.4,152,IT Services & Consulting,Bengaluru,740,9,--,2
RKC Infrabiult Private Limited,3.8,152,Engineering & Construction,Ahmedabad,572,16,1,5
Ravindra Bharathi Schools,3.4,151,Education & Training,Hyderabad,387,4,--,8
Agility E Services,3.4,151,IT Services & Consulting,Hyderabad,942,8,--,11
GKN Sinter Metals,4.0,151,Auto Components,Pune,591,10,2,16
CignaTTk Health Insurance,4.0,151,Insurance,Mumbai,445,4,--,17
Ravindra Bharathi Schools,3.4,151,Education & Training,Hyderabad,387,4,--,8
Pace Power Systems,3.5,151,Electrical Equipment,Bengaluru,421,11,--,11
Techved Consulting,3.5,151,IT Services & Consulting,Mumbai,449,35,1,19
KLT Automotive & Tubular Products,3.6,151,Auto Components,Mumbai,487,--,--,14
K2k Infrastructure,4.0,152,Engineering & Construction,Bengaluru,470,8,--,11
P.N. International,4.0,151,Import & Export,Lucknow,701,10,--,14
ENTRI SOFTWARE,3.9,151,EdTech,Kochi,696,12,6,2
Fasal,3.2,151,Agriculture,Bengaluru,422,14,--,34
Altigreen Propulsion Labs,3.5,151,Electronics Manufacturing,Bengaluru,768,12,--,2
Unify Facility Management,4.3,151,Facility Management Services,Mumbai,429,12,--,7
Dr. Amin Controllers,3.8,151,Engineering & Construction,Mumbai,504,10,--,9
IFGL Refractories,3.6,151,Industrial Machinery,Rourkela,575,6,11,6
Dyuti Technologies,4.5,151,IT Services & Consulting,Bengaluru,265,23,7,20
River Mobility,3.9,151,Automobile,Bengaluru,650,9,24,1
7 Eleven,3.5,151,Retail,Bengaluru,1.3k,30,--,6
Sirca Paints India,4.0,151,Chemicals,New Delhi,550,11,--,11
Portescap,3.7,151,Electronics Manufacturing,Mumbai,827,15,--,19
Oerlikon Graziano Transmission,4.3,151,Industrial Machinery,Ahmedabad,294,2,--,33
Esme Consumer,4.0,151,Beauty & Personal Care,Gurugram,433,11,6,2
Multani Pharmaceuticals,3.9,151,Pharma,New Delhi,487,14,--,6
Global Trade Plaza,4.8,151,Internet,Kanpur,60,93,4,5
InAmigos Foundation,4.8,152,,Chennai,28,36,--,31
Sirca Paints India,4.0,151,Chemicals,New Delhi,550,11,--,11
7 Eleven,3.5,151,Retail,Bengaluru,1.3k,30,--,6
River Mobility,3.9,151,Automobile,Bengaluru,650,9,24,1
Dyuti Technologies,4.5,151,IT Services & Consulting,Bengaluru,265,23,7,20
Karnataka Co-operative Milk Producers Federation,4.1,151,Food Processing,Bengaluru,430,4,--,4
More Mega Store,4.2,151,Retail,Bengaluru,524,8,--,21
Seeds Fincap,3.8,151,NBFC,Gurugram,441,6,8,2
IFGL Refractories,3.6,151,Industrial Machinery,Rourkela,575,6,11,6
Being human,4.2,151,Fashion & Textile,Mumbai,495,10,--,7
ATC (Assam),4.1,151,Logistics,Hosur,722,8,--,6
Beekay Steel Industries,3.0,151,Iron & Steel,Kolkata,625,10,44,5
Peoplelink Unified Communications,3.6,151,Consumer Electronics & Appliances,Hyderabad,813,14,32,6
Fourth Partner Energy,4.4,151,Power,Hyderabad,691,10,2,12
SHRI LAKSHMI STEEL SUPPLIERS,4.1,151,Iron & Steel,Bengaluru,471,10,21,14
Gsp Power Projects,3.9,151,Electronics Manufacturing,Faridabad,504,7,--,6
BCForward,3.2,151,Internet,Hyderabad,729,9,5,10
Amazon Pay,3.8,151,,Bengaluru,627,16,--,11
KEM Hospital,3.8,150,Healthcare,Pune,537,8,28,14
Mindcrest,2.5,150,Legal,Pune,549,5,--,25
Premsons Motor Udyog,3.6,150,Auto Components,Ranchi,550,9,7,10
National Oilwell Varco,3.8,150,Oil & Gas,Mumbai,587,8,6,14
Nuvento Systems,3.2,150,IT Services & Consulting,Kochi,771,18,6,6
Aligned Automation,3.5,150,IT Services & Consulting,Pune,1.2k,15,6,8
Alniche Life Sciences,3.4,150,Pharma,New Delhi,394,5,--,10
Rapidtech IT Services,3.7,150,IT Services & Consulting,Chennai,457,6,--,5
SAP-Concur,4.1,150,Software Product,Bengaluru,788,3,--,21
Shiksha Financial Services India,4.4,150,NBFC,Chennai,525,12,5,15
Bausch & Lomb,3.8,150,Medical Equipment,Gurugram,597,3,--,14
Xcelore,4.8,150,IT Services & Consulting,Noida,129,33,11,1
SANY Group,3.8,151,Industrial Machinery,Pune,597,15,--,5
AAI Cargo Logistics and Allied Services Company,3.2,150,,Chennai,398,11,--,2
Techouts,3.9,150,IT Services & Consulting,Hyderabad,815,38,2,18
Paras Spices,3.5,150,Food Processing,Moga,724,12,3,9
Sage Metals,3.6,150,Metals & Mining,New Delhi,749,10,2,15
Aczet,3.0,150,Electronics Manufacturing,Mumbai,578,9,--,46
Tcil,3.7,150,Telecom,New Delhi,509,19,--,5
Schbang,2.8,150,Marketing & Advertising,Mumbai,1.2k,28,3,5
Quinte Financial Technologies,3.6,150,,Chennai,729,22,--,10
Ceipal,3.1,150,Software Product,Hyderabad,998,6,--,7
Voylla,3.0,150,Jewellery,Jaipur,437,6,13,12
Element14,3.8,150,Semiconductors,Bengaluru,971,18,--,8
Jash Engineering,3.8,150,Engineering & Construction,Indore,738,13,6,9
Talent Corner HR Services,3.7,150,Recruitment,Mumbai,355,9,5,9
Crescendo Global,4.3,150,Recruitment,Ludhiana,171,16,11,54
Luker Electric Technologies,3.8,150,Financial Services,Coimbatore,589,11,2,7
4i apps solutions,3.5,150,IT Services & Consulting,Chennai,1k,16,5,13
Surya Food & Agro Limited,2.9,150,Food Processing,Noida,352,10,8,8
Gujarat State Petronet,4.0,150,Oil & Gas,Ahmedabad,656,7,6,11
JQR SPORTS,3.8,150,,New Delhi,272,37,2,1
Keywords Studios,2.4,150,Gaming,Gurugram,756,25,45,5
Ravi Infrabuild Projects,3.6,150,Engineering & Construction,Udaipur,568,10,4,3
Heranba Industries,3.6,150,Agro Chemicals,Vapi,720,8,--,9
Puropale Creations & IT Solutions,4.7,149,IT Services & Consulting,Hyderabad,15,2,--,--
Apollo Medskills,3.8,149,Healthcare,Hyderabad,414,7,--,20
Faber Sindoori Management Services,3.5,149,Facility Management Services,Hyderabad,492,4,--,19
Alliance University,3.6,149,Education & Training,Bengaluru,502,12,25,20
Etihad Airways,4.1,149,Aviation,Abu Dhabi,437,12,--,23
Hanu Software Solutions,3.5,149,IT Services & Consulting,Noida,918,17,--,28
Bombay Hospital,3.7,149,Healthcare,Mumbai,452,9,--,10
Geo Designs And Research,3.6,149,Engineering & Construction,Vadodara,668,3,34,6
Fedora Solutions,3.2,149,IT Services & Consulting,Ahmedabad,635,14,--,10
STJ Electronics,3.3,149,Semiconductors,New Delhi,733,14,4,8
e-Centric Solutions,3.3,149,IT Services & Consulting,Hyderabad,562,3,--,14
Karam Industries,3.9,149,Engineering & Construction,Lucknow,604,8,--,24
UAE Exchange,4.4,149,FinTech,Kochi,440,5,5,15
MAHLE Engine Components,3.9,149,Automobile,Chennai,758,14,--,13
UTI Technology Services,2.9,149,IT Services & Consulting,Hyderabad,566,3,--,7
Sitec Labs,4.1,149,Pharma,Mumbai,693,10,6,14
Rockman Group,3.9,149,Auto Components,Tirupati,599,6,--,1
Haqdarshak Empowerment Solutions,3.8,149,Non-Profit,Pune,386,15,3,7
Cognus Technology,2.2,149,IT Services & Consulting,Jaipur,493,9,--,6
Pearson,3.7,149,Education & Training,Bengaluru,1k,9,--,11
DOGUS SOMA JV,4.2,149,Engineering & Construction,Mumbai,523,9,--,12
Verka milk dairy,4.0,149,Agriculture,Chandigarh,376,4,--,2
Lokmanya Multipurpose Co-op Society,3.2,149,Financial Services,Pune,647,7,7,6
PubMatic,3.4,149,IT Services & Consulting,Pune,1.4k,34,17,25
Lokmanya Multipurpose Co-op Society,3.2,149,Financial Services,Pune,647,7,7,6
Pearson,3.7,149,Education & Training,Bengaluru,1k,9,--,11
Ambience Group,3.6,149,Real Estate,New Delhi,551,20,5,4
Pixon Energy,4.0,149,Electrical Equipment,Rajkot,534,14,10,32
SkillCircle,4.0,149,EdTech,New Delhi,247,35,--,3
Fedora Solutions,3.2,149,IT Services & Consulting,Ahmedabad,635,14,--,10
STJ Electronics,3.3,149,Semiconductors,New Delhi,733,14,4,8
Syniverse Technologies,3.7,149,IT Services & Consulting,Bengaluru,1.1k,8,16,16
FarMart,3.8,149,Internet,Gurugram,484,26,13,1
Thar Worx,3.9,149,BPO,Bengaluru,1.1k,8,--,11
DOGUS SOMA JV,4.2,149,Engineering & Construction,Mumbai,523,9,--,12
Verka milk dairy,4.0,149,Agriculture,Chandigarh,376,4,--,2
Reliance Foundation India,3.9,149,Education & Training,Mumbai,666,10,9,12
NIS Management Private,3.7,149,Law Enforcement & Security,Kolkata,461,3,--,11
BCITS,3.5,149,IT Services & Consulting,Bengaluru,709,14,--,6
STPL,3.6,149,IT Services & Consulting,Lucknow,618,5,--,6
Edac Engineering,3.9,149,Engineering & Construction,Chennai,547,10,--,25
Ajeet Seeds,3.5,149,Agriculture,Chhatrapati Sambhajinagar,507,11,2,12
Metal Power Analytical,3.3,149,Electronics Manufacturing,Mumbai,646,20,7,19
Accel Limited,3.4,149,IT Services & Consulting,Chennai,825,11,1,9
Machino Polymers,3.4,149,Petrochemicals,Gurugram,624,13,--,4
Chiripal Industries,3.5,149,Fashion & Textile,Ahmedabad,788,5,5,20
Mehta Cad Cam Systems,3.8,149,Industrial Machinery,Ahmedabad,654,12,13,11
Yanfeng Automotive Interiors,3.6,149,Auto Components,Pune,709,9,2,14
SequelOne,3.3,149,IT Services & Consulting,Gurugram,730,14,10,8
The Wadhwa Group,3.7,149,Real Estate,Mumbai,721,7,7,11
Milacron,3.8,149,,Ahmedabad,961,6,2,2
Asclepius Wellness,3.8,149,Fitness & Wellness,Jaipur,534,14,1,3
Aarthi Scans and Labs,3.5,150,Healthcare,Chennai,647,18,3,6
Cogencis Information Services,3.2,148,IT Services & Consulting,Mumbai,527,6,2,16
Ameyo,3.5,148,Software Product,Gurugram,954,18,--,20
Onicra Credit Rating Agency,3.2,148,FinTech,Noida,314,3,--,15
Nippon Toyota,3.7,148,Auto Components,Kochi,523,3,--,25
Birla Precision Technologies,3.4,148,Industrial Machinery,Chhatrapati Sambhajinagar,724,5,26,14
Global Connect Business Solutions,4.4,148,Accounting & Auditing,Tiruchirappalli,116,46,2,42
ApplyBoard,2.5,148,Internet,Gurugram,605,10,45,5
Dr L H Hiranandani Hospital,3.6,148,Healthcare,Mumbai,531,5,6,16
Digital Aptech,4.4,148,IT Services & Consulting,Kolkata,396,6,29,7
POLARISGRIDS PRIVATE LIMITED,3.5,148,Power,Jaipur,508,22,8,10
Srei Sahaj e-Village,4.5,148,Retail,Kolkata,263,3,2,25
Kantar Operations,4.0,148,Analytics & KPO,Hyderabad,801,11,--,15
Prestige Estates Projects,4.5,148,Real Estate,Bengaluru,648,9,3,14
Birla Precision Technologies,3.4,148,Industrial Machinery,Chhatrapati Sambhajinagar,724,5,26,14
Dealmoney Securities,2.9,148,Financial Services,Mumbai,599,6,--,9
W3Softech India,4.1,148,IT Services & Consulting,Hyderabad,806,4,6,9
Dr L H Hiranandani Hospital,3.6,148,Healthcare,Mumbai,531,5,6,16
Digital Aptech,4.4,148,IT Services & Consulting,Kolkata,396,6,29,7
Global Connect Business Solutions,4.4,148,Accounting & Auditing,Tiruchirappalli,116,46,2,42
ApplyBoard,2.5,148,Internet,Gurugram,605,10,45,5
Newtronic Lifecare Equipment,4.0,148,Pharma,Mumbai,539,9,11,13
Ansys Software Private Limited,4.1,148,IT Services & Consulting,Pune,1.2k,31,1,10
Sun Life Global Solutions,3.7,148,Financial Services,Gurugram,937,8,--,9
CommVault,3.7,148,Software Product,Bengaluru,1.4k,30,11,12
Qualtech Consultants,3.7,148,IT Services & Consulting,Noida,605,15,13,8
Revature,3.2,148,IT Services & Consulting,Chennai,709,46,12,8
Rakshit Drugs,3.7,148,Pharma,Visakhapatnam,625,7,7,17
GMP Technical Solutions,4.0,148,Industrial Machinery,Mumbai,678,6,6,6
Bharuch Enviro Infrastructure,4.0,148,Real Estate,Ankleshwar,676,7,--,1
Privat Hospital,4.1,148,Healthcare,New Delhi,1.8k,8,--,13
Enrich Energy,4.0,149,Real Estate,Pune,657,8,1,10
SEDER GROUP,4.1,148,Engineering & Construction,Bengaluru,347,8,--,17
Bando India,4.0,149,Auto Components,Bengaluru,541,5,2,18
Teletext Holidays,3.5,148,Travel & Tourism,Hyderabad,861,8,4,23
GoBoult,3.5,148,Consumer Electronics & Appliances,Gurugram,479,24,12,5
Trident Automobiles,4.6,148,Auto Components,Bengaluru,564,2,--,17
Hegde & Hegde Pharmaceutica,4.0,149,Pharma,Mumbai,461,8,--,18
POLARISGRIDS PRIVATE LIMITED,3.5,148,Power,Jaipur,508,22,8,10
Primus Super Speciality Hospital,3.9,148,Healthcare,New Delhi,495,9,3,4
CloudThat Technologies Private Limited,4.0,148,IT Services & Consulting,Bengaluru,763,31,70,9
Ewac Alloys,4.1,148,Industrial Machinery,Ankleshwar,619,17,3,22
Quality Evaluation And Systems Team,4.0,148,Engineering & Construction,Bengaluru,520,4,4,6
Enfusion,3.2,148,FinTech,Mumbai,1k,19,--,8
PolicyX.com,2.8,148,FinTech,Gurugram,627,16,1,15
Kitex Garments,3.5,148,Fashion & Textile,Kochi,728,4,1,18
Megha Gas,3.6,149,Oil & Gas,Hyderabad,633,16,--,3
rProcess Outsourcing Services,3.3,148,Analytics & KPO,Mysuru,493,12,2,10
Eldeco Infrastructure & Properties,4.2,148,Real Estate,New Delhi,592,3,2,9
Peerless Biotech,4.4,148,Medical Equipment,Chennai,160,4,--,2
Akshara Enterprises,3.2,148,IT Services & Consulting,Hyderabad,697,9,3,5
GKB RX Lens,4.0,147,Medical Equipment,Gurugram,446,4,--,17
Major Brands,3.9,147,Retail,Mumbai,423,3,--,17
Omninos Solutions,4.2,147,Software Product,Sahibzada Ajit Singh Nagar,287,13,--,65
ATS ELGI,4.0,147,Industrial Machinery,Coimbatore,506,6,--,20
Magna Steyr,3.9,147,Automobile,Pune,945,5,--,14
India Pistons,2.5,147,Auto Components,Chennai,730,9,1,20
Obbserv Online Services,4.6,148,,Udaipur,146,6,--,37
ECE Industries,3.9,147,Electrical Equipment,Ghaziabad,580,4,7,12
Nikhil Adhesives,4.0,147,Chemicals,Mumbai,462,9,1,6
Avon Cycles,3.7,147,Automobile,Ludhiana,514,18,7,10
Prabha Automotive Engineers,3.7,147,,Chennai,675,8,4,7
Solitaire World,4.2,147,Real Estate,Pune,303,11,--,84
Brickwork India,3.4,147,Financial Services,Bengaluru,870,9,8,12
LAKME ACADEMY,3.3,147,Beauty & Personal Care,New Delhi,671,19,21,2
HealthAsyst,3.7,147,IT Services & Consulting,Bengaluru,851,19,5,24
Reserve Bank of India,4.7,147,Government,Mumbai,1.1k,18,--,12
Disposafe Health And Life Care,3.3,147,Medical Equipment,Faridabad,679,10,91,6
Sandvik Coromant,4.2,147,Industrial Machinery,Pune,693,9,21,12
Paramount Limited,3.5,147,Engineering & Construction,Vadodara,836,8,--,4
Lumax Mannoh Allied Technologies,3.6,147,Auto Components,Gurugram,679,7,--,11
Khatib & Alami,3.3,147,Engineering & Construction,Bengaluru,763,12,12,11
Euronet Global Development Center,3.8,147,Financial Services,Mumbai,1k,15,1,12
Arch Pharmalabs,3.8,147,Pharma,Mumbai,662,5,--,14
Jio Payments Bank,3.6,147,FinTech,Mumbai,759,15,--,13
Tarasafe International Private Limited,4.5,147,,Kolkata,217,9,--,3
Curia,3.6,147,,Hyderabad,734,11,4,11
Detox Group,3.8,147,Chemicals,Ankleshwar,605,12,--,9
Karnataka Power Transmission Corporation,4.3,147,Power,Bengaluru,483,8,--,5
Lokal App,3.4,147,Internet,Bengaluru,662,19,12,28
Worldpay,4.0,147,FinTech,Pune,1.3k,10,16,10
NewAge Software & Solutions,3.8,147,IT Services & Consulting,Chennai,1.2k,4,12,13
JL Morison India,4.4,147,FMCG,Mumbai,373,8,1,6
Spinks Softech,4.2,147,Auto Components,Chennai,634,5,5,9
Mittsure Technologies,2.9,148,Education & Training,Jaipur,542,10,12,6
Dream11,4.1,147,Internet,Mumbai,1.4k,41,--,4
Factspan,3.3,147,IT Services & Consulting,Bengaluru,761,23,25,3
Tanla Platforms,3.0,147,Telecom,Hyderabad,1.3k,13,21,7
Archidply Industries,3.6,147,Furniture & Furnishing,New Delhi,427,5,4,10
Sun Pharma Advanced Research Company,3.5,147,Pharma,Vadodara,738,8,3,9
Interactive Brokers,3.3,147,Financial Services,Mumbai,1k,23,--,4
Komatsu,3.7,147,Industrial Machinery,Chennai,761,8,11,14
Chemveda Life Sciences,3.7,147,Clinical Research,Hyderabad,560,16,5,2
Axis Asset Management Company,3.7,147,Financial Services,Mumbai,609,4,152,4
L&T Power Transmission & Distribution,4.2,147,Power,Chennai,144,4,--,89
Bdh Industries,4.6,147,Pharma,Mumbai,328,3,13,11
Loyal Textile Mills,3.8,147,Fashion & Textile,Chennai,693,12,1,12
Zeco Aircon,4.1,147,Industrial Machinery,New Delhi,718,6,3,11
FANUC,3.2,147,Industrial Automation,Bengaluru,839,26,9,16
First Step Babywear,4.1,147,Fashion & Textile,Hosur,707,5,4,11
Alpha Corp,4.3,147,Real Estate,Gurugram,584,22,--,13
Birla Fertility & IVF,3.9,147,Healthcare,New Delhi,376,10,15,1
Chai Break,4.6,146,,Kolkata,66,67,--,--
Madhavbaug,3.9,146,Healthcare,Mumbai,395,3,--,6
Royal HaskoningDHV,4.4,146,Engineering & Construction,Chennai,451,3,10,15
Wellknown Polyesters,3.5,146,Fashion & Textile,Vapi,713,10,16,2
Nutraj,3.6,146,,Noida,252,9,10,4
Gesco Healthcare,3.7,146,Medical Equipment,Chennai,621,23,6,10
Government of Delhi,4.4,147,Government,New Delhi,711,8,--,1
Panoli Intermediates India,4.1,146,Chemicals,Vadodara,641,10,6,15
Brady Corporation,4.2,146,Printing & Publishing,Bengaluru,631,4,2,19
CEC International,3.9,146,Engineering & Construction,New Delhi,353,2,--,25
Bijak,3.5,146,Internet,Gurugram,659,14,--,2
CoachX,4.8,146,,Pune,55,8,--,63
Shipping Corporation of India,4.5,146,Logistics,Mumbai,612,5,--,15
Actis Technologies,4.2,146,IT Services & Consulting,Mumbai,575,8,20,14
Agastya International Foundation,3.5,146,Non-Profit,Bengaluru,318,2,14,30
Jodo,3.7,146,FinTech,Bengaluru,559,26,10,2
SURYA INTERNATIONAL ENTERPRISE,3.9,146,Power,Bhubaneswar,328,14,1,3
CL Educate,3.6,146,Education & Training,New Delhi,668,3,15,20
Kamlesh Kumar Singh Engineers,4.5,146,Engineering & Construction,Panipat,453,5,--,10
Frugal Testing,4.6,146,IT Services & Consulting,Hyderabad,168,24,6,4
Raheja Universal,4.0,146,Real Estate,Mumbai,649,13,23,12
TerraPay,3.3,146,FinTech,Bengaluru,870,11,--,4
A.t.e. Enterprises,4.0,146,Industrial Machinery,Ahmedabad,724,19,13,12
Shreeji Infrastructure,3.7,146,Engineering & Construction,Bhopal,420,10,2,5
Capital Finserve,4.4,146,NBFC,Salem,58,7,14,56
LimeRoad,2.6,146,Internet,Gurugram,934,10,--,4
ETV Network,4.1,146,Broadcasting,Hyderabad,393,6,--,25
NCDEX,3.4,146,Financial Services,Mumbai,901,7,16,17
Toshiba Johnson Elevators,4.2,146,Industrial Machinery,Mumbai,513,8,--,7
Codilar Technologies,4.0,146,IT Services & Consulting,Bengaluru,644,29,29,3
Aero Club-Woodland Store,3.3,146,Fashion & Textile,New Delhi,389,4,--,2
John Energy,3.9,146,Oil & Gas,Ahmedabad,561,8,--,15
OptiSol Business Solutions,3.7,147,IT Services & Consulting,Chennai,993,19,6,19
Mahesh Edible Oil Industries,3.6,146,FMCG,Agra,540,14,--,2
AI Engineering Services,3.5,146,,New Delhi,513,6,--,1
DigitalTrack Solutions,3.7,146,IT Services & Consulting,Chennai,929,16,--,7
DRN Infrastructure,3.2,146,Power,Hubballi,530,6,1,14
GIC Housing Finance,3.5,146,NBFC,Mumbai,712,13,13,9
Aditya Vision,3.8,146,Retail,Patna,356,16,15,8
Jamia Hamdard University,3.9,146,Education & Training,New Delhi,429,4,--,16
Institutional Shareholder Services,3.5,146,Analytics & KPO,Mumbai,1.3k,23,2,8
Madras Medical Mission,4.2,146,Healthcare,Chennai,478,6,--,12
Seashell Logistics,3.8,147,Logistics,Mumbai,542,9,1,10
Q Connect Corp,3.5,146,BPO,Hyderabad,300,13,--,1
GTN Engineering,4.2,146,Metals & Mining,Coimbatore,662,6,2,11
Velammal Educational Trust,3.6,148,Education & Training,Chennai,664,13,19,8
Redisolve Software,2.6,146,Software Product,Chennai,416,11,1,7
MediaTek India Technology,3.6,146,Semiconductors,Noida,1.3k,31,1,9
Kalpataru International,4.0,146,Engineering & Construction,Mumbai,354,10,12,3
Tops Security,4.3,145,Law Enforcement & Security,Mumbai,355,3,8,18
ERA's Lucknow Medical College & Hospital,3.6,145,Education & Training,Lucknow,518,13,5,9
Eskag Pharma,3.0,145,Pharma,Kolkata,485,8,--,9
CBNITS,3.7,145,IT Services & Consulting,Kolkata,583,13,19,51
Byju's Future School,3.3,145,,Bengaluru,315,28,--,21
Pramati Technologies,4.4,145,IT Services & Consulting,Hyderabad,1.1k,9,--,22
B.L Agro Oils,4.0,145,Food Processing,Bareilly,428,14,--,28
Digi Clarity Global Solutions,4.1,145,Analytics & KPO,Chennai,353,8,5,5
yellow.ai,3.0,145,Software Product,Bengaluru,1.4k,20,--,7
MassMutual,3.7,145,Financial Services,Hyderabad,1.1k,33,--,13
IVL Dhunseri Petrochem Industries,3.7,145,Chemicals,Haldia,505,5,1,8
SAVE Solutions,4.0,145,Financial Services,New Delhi,608,7,--,8
REC Power Development and Consultancy,4.1,145,,New Delhi,483,7,--,1
Continuum Managed Services,4.1,145,IT Services & Consulting,Mumbai,630,2,15,34
Symbiosis International University,3.7,145,Education & Training,Pune,730,21,--,4
IDrive,3.7,145,Software Product,Bengaluru,906,44,17,10
Deduce Technologies,3.3,145,,Bengaluru,1.1k,11,--,11
Suntara Cosmetics,3.6,146,Beauty & Personal Care,Ahmedabad,694,13,7,20
Reliance Group,4.1,145,Other,Mumbai,621,21,--,8
LRQA,3.4,145,Analytics & KPO,Mumbai,600,8,14,11
SAVE Solutions,4.0,145,Financial Services,New Delhi,608,7,--,8
REC Power Development and Consultancy,4.1,145,,New Delhi,483,7,--,1
Symbiosis International University,3.7,145,Education & Training,Pune,730,21,--,4
Deduce Technologies,3.3,145,,Bengaluru,1.1k,11,--,11
Signity Software Solutions,4.5,145,IT Services & Consulting,Chandigarh,335,9,7,20
Vandhana International,3.7,145,Railways,New Delhi,566,22,2,11
Dantal Hydraulics,4.2,145,Industrial Machinery,Gurugram,644,4,--,8
CSL Finance,3.7,145,Financial Services,New Delhi,469,13,--,6
LRQA,3.4,145,Analytics & KPO,Mumbai,600,8,14,11
Adhunik Metaliks,3.4,145,Metals & Mining,Rourkela,477,5,--,12
HM Constructions,4.6,145,Real Estate,Bengaluru,204,28,23,17
INVENTIVE SOFTWARE SOLUTIONS,3.8,145,IT Services & Consulting,Noida,466,11,162,5
Ford Motor Credit Company,4.0,145,Financial Services,Chennai,734,9,--,26
Cummins Sales and Service,4.0,145,Auto Components,Noida,227,5,--,1
YFC PROJECTS,3.6,145,Engineering & Construction,New Delhi,562,8,--,7
Fulcrum Worldwide Software,4.3,145,IT Services & Consulting,Pune,891,9,31,16
Blue Jet Healthcare,3.8,145,Chemicals,Mumbai,971,10,1,3
Neverskip,3.7,145,Education & Training,Chennai,377,8,--,11
NLMK India,3.7,145,Metals & Mining,Chhatrapati Sambhajinagar,689,21,--,7
Surya Hospital,3.6,145,Healthcare,Mumbai,638,9,36,8
EGDK India Pvt Ltd,3.8,146,Software Product,Mangaluru,343,22,--,7
Core Diagnostics,3.8,145,Healthcare,Gurugram,565,5,--,15
Gits Food Products,4.1,145,FMCG,Pune,533,12,2,11
Doctors for you,3.7,145,Non-Profit,New Delhi,458,9,35,10
Luxor International,3.5,145,Retail,Noida,692,8,--,11
AlgoLeap Technologies,4.1,145,Emerging Technologies,Hyderabad,488,27,239,1
S S Enterprises,3.9,145,Industrial Machinery,Mumbai,952,4,6,11
Akshayakalpa,3.8,145,Internet,Bengaluru,448,16,3,6
Progcap,3.9,145,Financial Services,New Delhi,777,11,6,7
Web Synergies,3.1,145,IT Services & Consulting,Hyderabad,769,6,5,7
Nayati Hospital,3.4,144,Healthcare,Mathura,536,--,--,21
Girl Power Talk,4.6,144,Internet,Sahibzada Ajit Singh Nagar,45,4,5,3
Freudenberg Gala Household Product,4.0,144,Consumer Electronics & Appliances,Mumbai,421,7,--,13
IRIS RegTech Solutions Limited,3.4,144,IT Services & Consulting,Mumbai,1.3k,15,--,14
Yocket,3.4,144,Education & Training,Mumbai,516,15,1,9
The Oriental Insurance Co.,4.4,144,Insurance,New Delhi,362,3,--,17
Shiksha.com,3.2,144,Internet,New Delhi,501,15,--,10
Planet PCI Infotech,3.8,144,Recruitment,Gurugram,630,9,4,13
Livesalesman,4.8,144,BPO,Noida,126,1,--,8
Drake & Scull International PJSC,4.5,144,Engineering & Construction,Mumbai,231,2,--,24
DLF Brands,3.7,144,Retail,New Delhi,472,5,--,17
Vtc Tradewings,4.0,144,Logistics,Noida,363,7,--,6
THERMAL SYSTEMS,3.7,144,Industrial Machinery,Hyderabad,607,13,2,11
The Judge Group,3.2,144,Recruitment,Noida,695,9,32,9
Maneesh Pharmaceuticals,3.9,144,Pharma,Mumbai,549,8,2,12
Greytrix India Pvt Ltd,3.5,144,IT Services & Consulting,Mumbai,555,14,13,42
B New Mobiles,3.1,144,Electronics Manufacturing,Hyderabad,584,9,7,13
Ideas 4 Transformation,3.0,144,IT Services & Consulting,Mumbai,504,5,4,2
Nifco India,3.8,144,Industrial Machinery,Gurugram,489,8,--,15
Radixweb,3.3,144,IT Services & Consulting,Ahmedabad,912,17,2,10
Bijnis,3.7,144,Internet,New Delhi,586,13,--,6
Marquistech,3.6,144,,Noida,817,10,--,10
ESRI India Technologies,3.6,144,IT Services & Consulting,Noida,726,10,7,9
iSource,2.9,144,Recruitment,Noida,609,13,4,6
Star Paper Mills,3.8,144,Pulp & Paper,Saharanpur,481,15,1,8
Nova IVF Fertility,3.7,144,Healthcare,Kolkata,513,9,--,8
Repos Energy,3.8,145,Internet,Pune,602,16,14,6
Bhadra International,3.7,144,Logistics,Chennai,313,2,--,17
MoEngage,3.4,144,Software Product,Bengaluru,1.3k,33,17,8
Rigved Technologies,3.8,144,Emerging Technologies,Mumbai,692,27,21,2
Gujarat Energy Transmission Corporation,4.2,144,Government,Vadodara,356,--,--,8
Skillinabox,4.2,144,,Noida,56,41,--,1
Jsw Infrastructure,4.2,144,Engineering & Construction,Mumbai,628,7,--,18
POSCO,4.0,144,Metals & Mining,Pune,681,4,--,23
Perto,3.4,144,Electrical Equipment,Jaipur,657,16,5,11
Palo Alto Networks,3.7,144,IT Services & Consulting,Bengaluru,1.7k,25,--,5
Cogneesol,3.3,144,BPO,Sahibzada Ajit Singh Nagar,770,21,15,13
Xtranet Technologies,3.3,144,IT Services & Consulting,Bhopal,853,15,18,9
Hyundai Steel,3.8,144,Iron & Steel,Chennai,781,12,2,16
Merlin Group,3.7,144,Real Estate,Kolkata,608,8,14,7
APL Logistics,3.7,144,Logistics,Chennai,620,12,7,9
Yeshshree Press Comps,3.6,144,Auto Components,Chhatrapati Sambhajinagar,681,9,6,10
International Crops Research Institute for the Semi-arid Tropics,3.8,144,Analytics & KPO,Hyderabad,419,5,13,16
mPHATEK Systems,3.4,144,IT Services & Consulting,Pune,1.1k,15,--,2
India Retails & Hospitality,4.4,144,Retail,New Delhi,176,46,--,3
Choice Equity Broking,3.1,144,Financial Services,Mumbai,607,9,47,6
Sushima Pharmaceuticals,3.3,144,Pharma,Ghaziabad,199,12,--,53
Sungwoo Hitech,3.8,144,Auto Components,Chennai,698,1,--,16
Mankind Specialities,3.8,144,Pharma,Mumbai,482,12,--,3
Zenith Leisure Holidays,3.3,144,Travel & Tourism,New Delhi,548,8,--,14
Zenith Leisure Holidays,3.3,144,Travel & Tourism,New Delhi,548,8,--,14
Daicel Chiral Technologies,4.2,144,Pharma,Hyderabad,665,2,2,11
Deoleo India Pvt Ltd,4.1,144,FMCG,Mumbai,507,8,1,34
WebFurther,3.2,144,IT Services & Consulting,Hyderabad,905,18,--,5
Gedu Services Private Limited,3.4,144,Education & Training,Noida,660,35,34,2
Alpha Net Consulting,4.6,144,IT Services & Consulting,Sahibzada Ajit Singh Nagar,249,13,--,4
Areteans,3.6,144,IT Services & Consulting,Hyderabad,1.4k,20,--,4
A. Menarini India,3.3,143,Pharma,Mumbai,335,2,--,18
WWICS Group,3.2,143,Travel & Tourism,Sahibzada Ajit Singh Nagar,412,12,--,3
Ashida Electronics,3.9,143,Electronics Manufacturing,Mumbai,588,6,1,11
KMC Constructions,4.4,143,Engineering & Construction,Hyderabad,512,5,--,20
Multi Mantech International,3.0,143,Engineering & Construction,Ahmedabad,370,7,24,14
Valdel Engineers & Constructors,3.0,143,Oil & Gas,Bengaluru,648,9,--,6
Deutsche Telekom,3.2,143,Telecom,Pune,1.3k,24,--,11
Rare Rabbit,3.6,143,Fashion & Textile,Bengaluru,491,7,--,6
Rus Education,4.3,143,Education & Training,New Delhi,308,25,3,3
Sunil Hitech Engineers,4.5,143,Engineering & Construction,Nagpur,381,3,--,21
Flynaut SaaS,3.1,144,IT Services & Consulting,Pune,387,21,--,2
IFortis Worldwide,3.8,143,IT Services & Consulting,Bengaluru,98,29,--,13
Forbes Facility Services,4.2,143,Facility Management Services,Mumbai,512,8,3,10
Centurion University of Technology and Management,3.4,143,Education & Training,Bhubaneswar,425,9,3,10
Ultimate Flexipack,3.7,143,Petrochemicals,Haridwar,600,9,7,11
SurePrep,3.9,143,Software Product,Mumbai,774,12,--,11
Bansal Hospital,3.9,144,Healthcare,Bhopal,492,5,--,12
MTX Group,3.2,143,IT Services & Consulting,Hyderabad,1.1k,28,17,12
Amps Electrical Facility Services,3.1,143,Facility Management Services,Bengaluru,513,5,1,13
Eris Therapeutics,3.8,143,Pharma,Ahmedabad,413,10,--,4
Nichino,3.4,144,,Hyderabad,477,9,--,6
Smile Foundation,4.1,143,Non-Profit,New Delhi,524,12,20,12
Modern Insulators,4.0,143,Electrical Equipment,Abu Road,589,6,8,14
Jupiter Money,2.3,143,FinTech,Bengaluru,1k,36,12,6
IIDE - The Digital School,4.0,143,EdTech,Mumbai,284,30,20,3
Phreesia,2.5,143,Healthcare,Pune,628,13,--,1
Monotype,3.3,143,IT Services & Consulting,Noida,1.1k,28,7,13
Trn Energy,3.5,143,Power,Raigarh,443,7,--,13
Adma Solutions,4.3,143,BPO,New Delhi,289,5,--,8
Viney Corporation,3.9,143,Auto Components,Gurugram,573,12,1,6
ZoomRx,2.6,143,Analytics & KPO,Chennai,909,40,23,6
Q Tech Microelectronics India,3.6,143,,Greater Noida,548,10,5,10
TD Power Systems,3.7,143,Electrical Equipment,Bengaluru,756,10,5,10
IDA Automation,3.7,143,,Bengaluru,584,10,--,5
Facilities And Building Solutions,3.8,143,Engineering & Construction,Bengaluru,570,11,5,9
Freight Tiger,3.3,143,Logistics,Mumbai,544,14,27,11
Bluecraft Agro,3.4,144,Food Processing,Yamunanagar,679,8,2,10
Chiripal Group,4.0,143,Fashion & Textile,Ahmedabad,570,2,--,6
Demech Chemical Products,4.4,143,Chemicals,Pune,357,50,--,10
Sri Ramachandra University,4.3,143,Education & Training,Chennai,494,4,2,17
MicroGenesis Techsoft,3.5,143,IT Services & Consulting,Bengaluru,1k,12,--,8
Infrabeat Technologies,4.0,143,IT Services & Consulting,Pune,913,11,13,15
Quadgen Wireless Solutions,3.9,143,Telecom,Bengaluru,585,8,--,10
Unislink,3.3,143,Healthcare,Hyderabad,770,15,4,17
Aster Medcity,4.6,143,Healthcare,Kochi,550,7,--,16
Servify,3.5,143,Consumer Electronics & Appliances,Mumbai,1k,11,--,6
Bhate & Raje Construction Co.,4.1,143,Engineering & Construction,Pune,442,5,--,13
Sofcon India Pvt Ltd,3.4,143,Education & Training,Pune,520,14,6,13
Esyasoft,4.2,143,Software Product,Bengaluru,361,43,--,3
V-Soft Consulting,3.0,143,IT Services & Consulting,Hyderabad,649,33,--,11
AL-SUWAIDI INDUSTRIAL SERVICES,3.6,143,Oil & Gas,Al Jubail,259,8,--,19
Propelld,3.5,143,Internet,Bengaluru,614,10,--,4
ITC Group,3.8,143,,Kolkata,713,2,--,15
Neo Metaliks,3.6,143,Metals & Mining,Durgapur,544,7,3,7
Shankar Electricals,3.7,143,Electrical Equipment,Bengaluru,518,5,--,14
One Trust,3.0,143,Software Product,Bengaluru,1k,19,10,10
Wittur Elevator Components,3.6,143,Industrial Machinery,Chennai,765,3,2,12
Yasho Industries Limited,3.7,143,Chemicals,Vapi,632,13,2,3
Smiths Detection,3.6,143,Defence & Aerospace,Bengaluru,810,14,--,5
Visit Health,3.1,143,Biotechnology,Bengaluru,817,12,45,2
Sakal Media Group,3.6,143,Media & Entertainment,Pune,713,5,3,15
V-ensure Pharma Technologies,3.4,143,Pharma,Mumbai,564,6,7,9
WsCube Tech,4.9,142,IT Services & Consulting,Jodhpur,112,4,--,3
Banaras Hindu University,4.7,142,Education & Training,Varanasi,373,6,--,19
Preet Group,3.8,142,,Ghaziabad,586,19,--,5
G7 CR Technologies,2.9,142,IT Services & Consulting,Bengaluru,622,17,--,10
SDNA Global,4.0,142,Recruitment,Bengaluru,284,13,14,38
Malpani Group,4.1,142,Power,Pune,588,8,6,3
Dinesh Engineers,3.9,142,Telecom,Mumbai,501,12,1,8
Testhouse,4.0,142,IT Services & Consulting,Thiruvananthapuram,813,15,10,8
IIT Kanpur,3.9,142,Education & Training,Kanpur,546,12,4,18
Unique Measurement Service,4.3,142,Auto Components,Chennai,240,70,1,11
New India Co-Op Bank,3.1,142,Banking,Mumbai,630,6,--,5
Vigour Mobile,3.7,145,Consumer Electronics & Appliances,Gurugram,476,2,4,12
New Swan Multitech,3.8,143,Industrial Machinery,Ludhiana,514,12,1,9
Mapro Foods,3.3,142,FMCG,Pune,400,6,1,11
94.3 MY FM,3.6,142,Broadcasting,Jaipur,379,3,--,6
Tag Worldwide,3.3,142,Marketing & Advertising,Chennai,942,6,6,3
Future Market Insights,1.5,142,Analytics & KPO,Pune,535,12,--,12
INDOASIAN,4.1,142,Semiconductors,Noida,444,12,6,18
Mobineers Info Systems,4.1,144,IT Services & Consulting,New Delhi,418,14,5,9
BeBran Digital,4.5,142,,New Delhi,19,42,--,3
Wishup,3.9,142,Financial Services,Bengaluru,550,37,14,2
Housr,4.3,142,Hospitality,Gurugram,368,11,1,8
Drums Food International,4.6,142,Food Processing,Mumbai,568,8,2,10
FICCI,3.5,142,Government,New Delhi,639,15,1,11
B. E. Billimoria,3.8,142,Engineering & Construction,Mumbai,314,5,--,9
EMPClaims,4.1,143,,Ahmedabad,192,40,--,38
K.R.Pulp & Papers,3.1,142,Pulp & Paper,Shahjahanpur,462,11,6,7
Genus Innovation,3.5,142,Power,Jaipur,632,6,11,5
Ntrust Infotech,3.4,142,IT Services & Consulting,Chennai,838,12,--,15
builder.ai,2.8,142,Software Product,Gurugram,974,13,--,2
Mahindra Aerospace,3.8,142,Defence & Aerospace,Bengaluru,694,7,--,8
TTEC Digital,3.7,142,IT Services & Consulting,Hyderabad,696,22,29,3
Vista Furnishing Limited,4.1,142,Furniture & Furnishing,Ghaziabad,394,16,--,1
Omega Hospitals,4.0,142,Healthcare,Hyderabad,579,5,5,10
TML Business Services,3.9,142,IT Services & Consulting,Pune,474,11,--,13
Ocean Life Spaces,3.5,142,Engineering & Construction,Chennai,696,8,--,7
Azuga Telematics,3.5,144,Software Product,Bengaluru,926,15,4,16
Valmont Structures,3.3,142,Engineering & Construction,Pune,739,20,1,10
Winman Software,4.1,142,Software Product,Mangaluru,423,37,1,13
Axles India,3.5,142,Auto Components,Chennai,691,7,4,25
Aksh Optifibre,3.9,142,Telecom,New Delhi,519,6,3,17
ASA & Associates,3.5,142,Accounting & Auditing,New Delhi,860,15,--,11
Pennant Technologies,3.8,142,Software Product,Hyderabad,847,24,6,12
Ascend Telecom Infrastructure,4.3,142,Telecom,Bengaluru,408,4,--,13
Titan Biotech,3.5,142,Biotechnology,New Delhi,728,21,19,9
Academor,2.6,142,Education & Training,Bengaluru,167,48,--,2
Technofab Engineering,4.3,142,Oil & Gas,Faridabad,446,2,--,19
CG Corp Global,3.0,142,FMCG,Gurugram,388,9,--,4
Bangalore Electricity Supply Company,3.7,142,,Bengaluru,526,6,--,4
ProcDNA,3.9,142,Management Consulting,Gurugram,407,71,42,2
Mas Rural Housing Mortgage Finance,4.2,142,Financial Services,Ahmedabad,345,6,15,5
Mas Rural Housing Mortgage Finance,4.2,142,Financial Services,Ahmedabad,345,6,15,5
Real Ispat & Power,3.6,142,Power,Raipur,640,11,20,6
Elancer It Solutions,3.1,142,IT Services & Consulting,Hyderabad,735,10,2,3
Accumax,3.9,143,Biotechnology,Ahmedabad,914,6,8,6
Spocto X,3.5,142,Software Product,Mumbai,694,8,--,4
HealthAssure,3.3,142,Healthcare,Mumbai,622,7,2,6
BASIX Academy for Building Lifelong Employability,4.0,141,Education & Training,New Delhi,224,8,1,7
Saint-Gobain Abrasives,3.5,141,Building Material,Bengaluru,766,5,--,9
Napier Healthcare Solutions,2.5,141,IT Services & Consulting,Hyderabad,823,14,--,14
Lloyd Electric & Engineering,3.7,141,Industrial Machinery,New Delhi,473,1,--,12
Airef Engineers,3.8,141,Engineering & Construction,Gurugram,482,8,4,6
Krishna Penstone Automotive,3.9,141,,Gurugram,487,3,--,8
Nesma Trading,4.2,141,Engineering & Construction,Al Khobar,236,14,--,28
Indian School Finance Company,4.6,141,NBFC,Hyderabad,505,1,--,18
EZ Works,3.9,141,IT Services & Consulting,Gurugram,131,21,--,7
SOGEFI,3.4,141,Auto Components,Pune,694,13,--,7
Shivalik Prints,4.0,141,Fashion & Textile,Faridabad,583,6,1,5
Ampcus Tech,4.0,141,,Nashik,385,18,5,7
Cooper-Standard Automotive,4.2,141,Auto Components,Chennai,704,1,--,13
Maple Digital Technology,3.2,141,Retail,Mumbai,420,6,3,10
Napier Healthcare Solutions,2.5,141,IT Services & Consulting,Hyderabad,823,14,--,14
Maple Digital Technology,3.2,141,Retail,Mumbai,420,6,3,10
Cooper-Standard Automotive,4.2,141,Auto Components,Chennai,704,1,--,13
Moving Picture Company,3.7,141,Media & Entertainment,Bengaluru,451,5,2,8
Ampcus Tech,4.0,141,,Nashik,385,18,5,7
Abs Fujitsu General,3.6,141,Engineering & Construction,Hyderabad,710,9,11,2
Lloyd Electric & Engineering,3.7,141,Industrial Machinery,New Delhi,473,1,--,12
Krishna Penstone Automotive,3.9,141,,Gurugram,487,3,--,8
Reynold India,4.6,141,Industrial Machinery,Noida,265,3,15,7
Weir Minerals,4.1,141,Metals & Mining,Bengaluru,714,15,19,19
Dana TM4,4.0,141,Power,Pune,592,7,--,1
Jaypee Infratech,4.0,141,Engineering & Construction,Noida,597,13,1,8
Sinclus Engineering Consulting,4.1,141,IT Services & Consulting,Mumbai,583,13,--,9
Aravind Eye Hospital,4.2,142,Healthcare,Madurai,426,4,1,4
Korn Ferry,3.0,141,Management Consulting,Bengaluru,938,18,--,5
Yamaha Motors Solutions,3.1,141,IT Services & Consulting,Faridabad,818,20,51,20
Sarita Handa Exports,3.4,141,Architecture & Interior Design,Gurugram,665,8,--,7
Luna Technologies Private Liimited,2.8,141,Industrial Automation,Mumbai,775,8,3,4
HMT Machine Tools,3.8,141,Industrial Machinery,Hyderabad,602,4,32,26
Marwadi Shares & Finance,4.3,141,Financial Services,Rajkot,684,7,5,6
Lycatel BPO,2.6,141,BPO,Chennai,649,2,--,21
HPI Limited,3.7,141,Internet,Bengaluru,1.2k,12,--,9
New Swan Enterprises,3.8,141,Industrial Machinery,Ludhiana,469,13,1,9
ISKCON,3.4,141,Non-Profit,Bengaluru,574,3,26,12
Piramal Group,4.1,141,Financial Services,Mumbai,1.9k,33,36,9
vConstruct,3.8,141,Engineering & Construction,Pune,954,12,94,21
Chalo,3.6,141,Internet,Mumbai,590,19,10,5
WAISL,3.9,142,IT Services & Consulting,New Delhi,985,11,23,5
DNV,4.0,141,Management Consulting,Pune,726,11,1,6
42Gears Mobility Systems,3.7,141,Software Product,Bengaluru,757,19,36,11
Autobahn Trucking Corporation,4.1,142,Automobile,Pune,579,14,27,1
Grew Energy,4.2,142,Power,Jaipur,469,9,10,2
Prefr,3.8,142,FinTech,Hyderabad,687,10,1,4
Pride Purple Group,4.0,141,Real Estate,Pune,705,7,14,15
Gapbridge Software Services,3.2,140,IT Services & Consulting,Bengaluru,435,4,--,31
Global Consumer Products,4.3,140,FMCG,Bengaluru,326,4,--,17
Proziod Analytics,3.5,140,IT Services & Consulting,Bengaluru,352,5,--,23
Difacto Robotics and Automation,3.8,140,Industrial Automation,Bengaluru,752,11,7,8
Indus Cosmeceuticals,4.2,140,Beauty & Personal Care,Faridabad,193,7,--,1
Winkies,4.0,140,Hospitality,Kolkata,301,11,--,3
Amalgamated Plantations,3.7,140,Beverage,Kolkata,430,11,--,17
iQGateway,4.5,140,IT Services & Consulting,Bengaluru,337,8,--,5
ChicMic,4.1,140,Gaming,Sahibzada Ajit Singh Nagar,290,13,3,19
Fia Technology Services,3.5,140,FinTech,Gurugram,479,15,10,7
Comnet Solutions,3.4,140,Telecom,Mumbai,765,8,--,2
Inadev,3.2,140,IT Services & Consulting,Kolkata,591,11,2,28
XSEED Education,2.6,140,EdTech,Bengaluru,516,6,9,19
INDIAN DESIGNS,3.9,140,Fashion & Textile,Bengaluru,516,5,5,9
Megha Fruit Processing,3.7,140,,Hyderabad,398,10,3,4
Central Academy School,3.5,140,Education & Training,Jodhpur,419,6,--,9
SPARX IT Solutions,3.3,140,IT Services & Consulting,Noida,649,13,12,25
Chemie Tech,3.2,140,Oil & Gas,Vadodara,534,5,--,19
Altos Global Services,3.8,140,BPO,Noida,347,10,--,25
Walko Qsr Company,3.8,140,FMCG,Pune,539,7,7,5
The Hackett Group,3.3,140,IT Services & Consulting,Hyderabad,1k,13,32,11
EIH,3.8,140,Hospitality,New Delhi,667,4,282,15
Emtec,4.4,140,IT Services & Consulting,Pune,1.1k,15,1,21
Emonics,3.8,140,IT Services & Consulting,Noida,665,17,1,4
Nectar Infotel Solutions,3.0,141,IT Services & Consulting,Pune,423,10,10,3
3 Gen Consulting,3.0,140,Healthcare,Pune,500,7,11,19
EIH,3.8,140,Hospitality,New Delhi,667,4,282,15
The Hackett Group,3.3,140,IT Services & Consulting,Hyderabad,1k,13,32,11
Emtec,4.4,140,IT Services & Consulting,Pune,1.1k,15,1,21
Affiliated Computer Services,4.1,140,IT Services & Consulting,Bengaluru,406,1,--,14
Enkei Wheels India,3.6,140,Auto Components,Pune,579,8,3,7
Orion Security Solutions,2.8,140,Law Enforcement & Security,New Delhi,608,5,3,14
Adani Road Transport,4.4,140,,Ahmedabad,397,4,--,1
ClinicAnywhere,3.2,140,,Bengaluru,595,20,--,4
Gemini Consulting & Services,3.6,140,IT Services & Consulting,Hyderabad,1.2k,7,31,15
ParamInfo,3.1,140,IT Services & Consulting,Hyderabad,301,9,20,17
Sakthi Finance,3.8,141,Financial Services,Coimbatore,547,6,--,12
Nectar Infotel Solutions,3.0,141,IT Services & Consulting,Pune,423,10,10,3
SFS Group,3.8,140,Auto Components,Pune,574,6,5,1
Tilaknagar Industries Ltd.,4.0,140,Beverage,Mumbai,431,11,--,20
Emonics,3.8,140,IT Services & Consulting,Noida,665,17,1,4
Shipsy,4.0,140,Software Product,Gurugram,729,20,4,2
Mizuho Bank,3.1,140,Banking,Mumbai,868,15,--,8
Besmak Components,3.9,140,Auto Components,Chennai,699,8,12,9
3 Gen Consulting,3.0,140,Healthcare,Pune,500,7,11,19
APEEJAY EDUCATION SOCIETY,3.0,140,Education & Training,New Delhi,550,16,44,8
DELTA,4.2,140,Events,Bengaluru,1.4k,25,37,9
FundsIndia,3.0,140,FinTech,Chennai,941,14,9,8
Tilaknagar Industries Ltd.,4.0,140,Beverage,Mumbai,431,11,--,20
R.K. Group,3.3,140,Real Estate,Bengaluru,836,6,3,9
Abu Dhabi Commercial Bank,3.4,140,Banking,Mumbai,643,6,--,9
Sterling Accuris Wellness,4.0,140,Healthcare,Ahmedabad,522,6,14,4
TalentOla,3.2,140,Recruitment,Indore,259,42,--,1
Robt Stone (ME) LLC,2.8,140,Oil & Gas,Abu Dhabi,343,15,--,5
Remsons Industries,3.8,140,Auto Components,Gurugram,727,10,5,12
Nesto Hypermarket,3.7,140,,Kozhikode,410,13,--,9
Strata Geosystems,3.7,140,Engineering & Construction,Mumbai,621,7,--,16
YCH Logistics,3.8,140,Logistics,Chennai,513,13,--,9
Jolly Containers,3.6,140,Petrochemicals,Daman & Diu,591,8,9,7
Vertex Homes,3.1,140,Real Estate,Hyderabad,594,11,--,15
VaaaN Infra,3.2,139,Urban Transport,New Delhi,480,3,--,9
COMSTAR AUTOMOTIVE TECHNOLOGIES,3.8,139,Auto Components,Chennai,771,9,--,28
Amec Foster Wheeler,3.9,139,Oil & Gas,Chennai,324,7,--,24
GlobeGround India,3.6,139,Aviation,Bengaluru,419,9,--,11
Saifee Hospital,3.2,139,Healthcare,Mumbai,517,8,5,13
BIODEAL PHARMACEUTICALS,4.1,139,Pharma,Noida,350,24,5,6
West Bengal Power Development Corporation,3.8,139,Power,Kolkata,377,5,--,16
Electrostar Electronics,4.0,140,,Noida,1k,5,--,1
GreenTree Immigration,4.6,139,IT Services & Consulting,Chennai,53,24,--,25
Overnite Express,3.8,139,Logistics,New Delhi,361,--,--,8
Shyplite,3.8,139,Logistics,New Delhi,290,8,--,100
Andhra Pradesh Grama/Ward Sachivalayam,4.1,139,Government,Hyderabad,313,5,--,4
V.Ships,3.9,139,Ports & Shipping,Mumbai,479,11,6,6
Urjanet Energy Solutions,3.9,139,IT Services & Consulting,Chennai,741,7,4,15
Birla Century,4.1,139,Fashion & Textile,Bharuch,614,7,--,7
Blackstone Center of Excellence,2.6,139,,Gurugram,1k,11,--,2
Brand Factory,4.7,139,Retail,Mumbai,447,4,--,15
Shilpa Steel and Power,3.3,139,Iron & Steel,Nagpur,500,3,3,12
KLES Dr. Prabhakar Kore Hospital & M.R.C,3.7,139,Healthcare,Belagavi,400,1,14,14
GEEBEE Education,3.4,139,Education & Training,Mumbai,493,13,5,6
Manav Rachna International School,3.6,139,Education & Training,Faridabad,471,6,--,7
NJ Group,3.5,139,,Surat,529,18,--,4
Shree Maruti Integrated Logistics,3.6,139,,Ahmedabad,367,7,--,4
Perceptive,3.5,139,Clinical Research,Hyderabad,886,12,5,12
DigiVersal Consultants,3.1,139,Internet,Noida,365,10,27,26
Marquis Technologies,3.2,139,IT Services & Consulting,Mumbai,676,14,--,20
Oman Shapoorji Llc,3.6,140,Engineering & Construction,Muscat,394,9,--,13
Cachet Pharmaceuticals,3.8,139,Pharma,Mumbai,452,5,1,16
Vikram Tea,4.2,139,Financial Services,Mumbai,419,13,3,6
Shahnaz Husain Group Of Companies,3.1,139,Beauty & Personal Care,New Delhi,387,19,17,12
Saudi Oger,4.5,139,Engineering & Construction,Riyadh,149,5,--,31
HireRight,3.4,139,Analytics & KPO,Bengaluru,753,4,--,3
Protiviti Consulting,2.8,139,Management Consulting,Gurugram,1.4k,12,2,10
Jai Raj Ispat,3.6,139,Iron & Steel,Kurnool,509,15,7,3
Decision Point,3.3,139,Analytics & KPO,Gurugram,755,16,--,9
Marquis Technologies,3.2,139,IT Services & Consulting,Mumbai,676,14,--,20
Oman National Engineering & Investment Company,4.0,139,Engineering & Construction,Muscat,409,6,1,20
DigiVersal Consultants,3.1,139,Internet,Noida,365,10,27,26
Sangam Dairy,4.1,139,Agriculture,Guntur,456,10,1,5
Tcg Digital Solutions,3.3,139,IT Services & Consulting,Kolkata,947,15,9,11
Duroply Industries,3.8,139,Building Material,New Delhi,576,15,7,9
Mallcom,3.9,139,BPO,Kolkata,432,7,17,12
IMS Learning Resources,3.8,139,Education & Training,Mumbai,725,11,8,5
Mangalam Information Technolgies,3.3,139,IT Services & Consulting,Ahmedabad,511,9,6,5
Xoxoday,3.8,139,Software Product,Bengaluru,799,13,38,41
Mantle Solutions,3.1,140,IT Services & Consulting,Kochi,851,9,15,5
Rieco Industries,3.0,139,Industrial Machinery,Pune,822,7,1,5
Sumitomo Mitsui Banking Corporation,2.7,139,Financial Services,New Delhi,982,18,57,13
A.P.Securitas,4.0,139,Law Enforcement & Security,New Delhi,434,7,4,7
Solulab inc,3.1,139,IT Services & Consulting,Ahmedabad,290,9,--,25
Spectra Technovision India,3.3,139,Electronics Manufacturing,Ahmedabad,735,11,2,6
HL Klemove,3.2,139,Automobile,Chennai,827,11,4,6
Anand Engineering Products,3.1,139,Engineering & Construction,Tiruchirappalli,551,6,1,11
HealthSpring,2.8,138,Fitness & Wellness,Mumbai,436,7,--,15
Xihi Technology,3.5,138,Electronics Manufacturing,Noida,511,12,--,7
PressureJet Systems Pvt. Ltd.,4.0,138,Industrial Machinery,Ahmedabad,289,26,10,31
Sourcedesk,4.2,138,IT Services & Consulting,Kolkata,195,10,13,16
Omega Elevators,3.9,138,Industrial Machinery,Ahmedabad,484,6,4,12
Cococart Ventures,3.5,138,,Mumbai,336,9,--,3
Alliance Group,4.0,138,Real Estate,Chennai,910,15,6,6
Bansal Classes,3.3,138,Education & Training,Pune,497,10,4,5
QUTONE CERAMIC,3.5,138,Building Material,Ahmedabad,400,14,1,11
Sunshine Hospitals,4.1,138,Healthcare,Hyderabad,662,4,--,12
Ata Freight Line,3.2,138,Logistics,Pune,430,22,9,9
Trell,3.0,138,Internet,Bengaluru,851,14,--,15
Aditya Birla SunLife Asset Management Company,3.8,138,Financial Services,Mumbai,614,16,--,16
Alliance Group,4.0,138,Real Estate,Chennai,910,15,6,6
Cococart Ventures,3.5,138,,Mumbai,336,9,--,3
Oriental Consultants India Pvt Ltd,3.9,138,Engineering & Construction,New Delhi,204,5,18,2
Bansal Classes,3.3,138,Education & Training,Pune,497,10,4,5
Daimler,3.7,138,Automobile,Chennai,929,24,--,12
Maintec Technologies,3.7,138,IT Services & Consulting,Bengaluru,866,11,1,9
Ata Freight Line,3.2,138,Logistics,Pune,430,22,9,9
Star Estate,4.1,138,Real Estate,Noida,362,31,13,7
Lalbaba Engineering Limited,3.3,139,Industrial Machinery,Kolkata,418,17,21,16
Futuresoft Solutions,3.1,138,IT Services & Consulting,New Delhi,789,10,--,17
DMI DRAEXLMAIER MANUFACTURING,3.7,138,Industrial Machinery,Pune,481,9,--,8
EasyRewardz Software Services,2.7,138,IT Services & Consulting,Gurugram,927,10,12,4
Adamas University,2.9,138,Education & Training,Kolkata,474,16,--,7
Rockwell Industries,3.4,138,Electronics Manufacturing,Hyderabad,535,17,9,7
Accurate Background,3.6,138,Recruitment,Mumbai,798,12,1,1
EDUGORILLA COMMUNITY,3.3,138,Education & Training,Lucknow,405,12,--,10
Ashland,4.1,138,Chemicals,Hyderabad,619,3,9,14
UTI Mutual Fund,3.8,138,Financial Services,Mumbai,692,10,202,11
Rinac India Limited,4.0,139,Engineering & Construction,Bengaluru,531,6,26,7
Cherise India,3.7,138,Beverage,Pune,319,2,2,2
Pravin Electricals,4.1,138,Electrical Equipment,Mumbai,574,5,--,12
Rockwell Industries,3.4,138,Electronics Manufacturing,Hyderabad,535,17,9,7
Sagacious IP,3.3,138,,Gurugram,595,25,--,11
Star Estate,4.1,138,Real Estate,Noida,362,31,13,7
Kruger Ventilation Industries,3.5,138,Industrial Machinery,Mumbai,599,7,35,8
DWD Pharmaceuticals,3.4,138,Pharma,Vadodara,478,8,2,7
Phoenix Marketcity,3.8,138,Retail,Mumbai,650,5,--,9
Idea Infinity IT Solutions,3.0,138,IT Services & Consulting,Bengaluru,733,12,2,2
Toyoda Gosei South India,4.1,138,Automobile,Bengaluru,510,9,2,4
Ramdev Food Products,4.5,138,Food Processing,Ahmedabad,422,7,1,10
Adamas University,2.9,138,Education & Training,Kolkata,474,16,--,7
DMI DRAEXLMAIER MANUFACTURING,3.7,138,Industrial Machinery,Pune,481,9,--,8
Futuresoft Solutions,3.1,138,IT Services & Consulting,New Delhi,789,10,--,17
Thinkapps Solutions,3.5,138,Recruitment,Mumbai,652,11,--,2
Shalimar Group,4.1,138,Building Material,Lucknow,694,4,6,6
Tokai Rika Minda,3.7,138,Semiconductors,Bengaluru,539,8,2,11
Cascade Revenue Management,3.2,138,IT Services & Consulting,Kochi,518,5,--,4
Jss Pro Services,3.9,138,Financial Services,Hyderabad,619,14,3,10
THDC,4.0,139,Government,Rishikesh,377,8,--,7
Wings Pharmaceuticals Pvt Ltd.,3.1,138,Pharma,New Delhi,511,16,5,6
Octillion Power Systems,4.1,138,Electronics Manufacturing,Pune,611,15,4,3
Alter Domus,3.0,138,Financial Services,Hyderabad,1.1k,12,46,5
MAJID AL FUTTAIM RETAIL,3.2,138,Retail,Gurugram,586,11,6,10
Allzone Management Solutions,4.0,138,Healthcare,Chennai,409,8,2,10
Hailstone Innovations,4.1,138,Industrial Machinery,Palakkad,587,21,1,18
Serdia Pharmaceuticals,3.7,137,Pharma,Mumbai,376,6,--,18
Apex Kidney Care,3.8,137,Healthcare,Mumbai,424,9,6,5
Sanjay Ghodawat Group,3.5,137,FMCG,Kolhapur,526,5,6,9
Calling 24o7 Bpo Services,3.8,137,BPO,Pune,373,16,9,5
Synthimed Labs,3.6,137,Pharma,Chandigarh,541,12,16,4
Harley-Davidson,3.4,137,Automobile,Gurugram,485,6,--,24
Linamar,3.7,137,,Pune,697,8,2,8
Food Service India,4.0,137,Food Processing,Mumbai,758,5,1,9
Datwyler Group,3.9,137,Pharma,Pune,562,9,--,3
HP ADHESIVES,3.9,137,Chemicals,Mumbai,548,8,1,5
Weavetex Overseas,3.6,138,Fashion & Textile,New Delhi,538,9,2,9
Indian Potash,3.6,137,Agro Chemicals,Muzaffarnagar,458,6,8,8
Panda Retail Company,4.3,137,Retail,Bhubaneswar,181,3,--,24
Vishakha Glass,4.0,137,,Mundra,504,14,--,1
Digicommerce Solutions LLP,4.6,137,Internet,Noida,194,8,6,4
Calling 24o7 Bpo Services,3.8,137,BPO,Pune,373,16,9,5
Food Service India,4.0,137,Food Processing,Mumbai,758,5,1,9
Synthimed Labs,3.6,137,Pharma,Chandigarh,541,12,16,4
Apex Kidney Care,3.8,137,Healthcare,Mumbai,424,9,6,5
Oxalis Pharmaceuticals,3.8,137,Pharma,Baddi,540,5,--,8
AXA,3.8,137,Insurance,Bengaluru,870,19,--,10
Datwyler Group,3.9,137,Pharma,Pune,562,9,--,3
Nucsoft,2.7,137,IT Services & Consulting,Mumbai,654,14,--,6
Yahoo,4.3,137,Internet,Bengaluru,829,33,--,12
Transformers & Rectifiers (India),4.1,137,Electrical Equipment,Ahmedabad,843,8,9,13
AIDA Cruises,3.5,137,Travel & Tourism,Mumbai,213,7,--,14
Anjan Drug,3.3,137,Pharma,Chennai,692,16,--,9
Benteler Automotive,4.2,137,Electronics Manufacturing,Pune,503,4,11,11
POWERCON Ventures India,3.7,137,Power,Pune,463,15,--,15
Glocal Healthcare Systems,3.3,137,Healthcare,Kolkata,410,5,--,15
Arbro Pharmaceuticals,3.8,137,Pharma,New Delhi,534,16,1,9
Express KCS,3.6,137,Marketing & Advertising,New Delhi,526,12,--,17
ClinChoice,3.8,137,Clinical Research,Bengaluru,608,16,--,13
Signals & Systems (India) Private Limited,3.9,137,Electronics Manufacturing,Chennai,692,8,18,17
Foxlink India Electric,3.6,137,Electronics Manufacturing,Tirupati,608,13,--,8
Transformers & Rectifiers (India),4.1,137,Electrical Equipment,Ahmedabad,843,8,9,13
POWERCON Ventures India,3.7,137,Power,Pune,463,15,--,15
Svarn Infratel,3.5,137,Hardware & Networking,Faridabad,632,12,--,4
Voltech Hr Services,3.3,137,Recruitment,Chennai,430,8,4,23
Times Network,3.1,138,Broadcasting,Mumbai,1k,4,--,8
Obeetee,4.0,137,Fashion & Textile,Panipat,600,9,6,13
Fixderma,3.6,137,Beauty & Personal Care,Gurugram,477,11,--,7
Keya Foods International Private Limited,4.1,137,Hospitality,Mumbai,414,3,1,11
RELX Group,3.5,137,Analytics & KPO,Chennai,686,10,2,7
Just Dogs,3.4,137,Internet,Ahmedabad,371,20,12,4
AIDA Cruises,3.5,137,Travel & Tourism,Mumbai,213,7,--,14
Anjan Drug,3.3,137,Pharma,Chennai,692,16,--,9
Glocal Healthcare Systems,3.3,137,Healthcare,Kolkata,410,5,--,15
CriticaLog India Private Limited,4.1,137,Logistics,Bengaluru,569,7,2,8
Hicool Electronic Industries,3.8,137,Electrical Equipment,Pune,468,13,5,5
MGM Healthcare,3.9,137,Healthcare,Chennai,775,13,--,3
Viztar International,3.4,137,Education & Training,Mumbai,548,5,--,6
Norwegian Cruise Line,4.2,137,Travel & Tourism,Mumbai,189,8,--,15
BNB Groupe,3.2,137,Retail,Ahmedabad,264,13,--,6
Csc Computer Education,4.5,137,Education & Training,Chennai,556,5,--,9
Continental Coffee,4.1,137,Food Processing,Hyderabad,480,5,--,6
Orris Infrastructure,4.1,137,Real Estate,Gurugram,355,11,2,5
Minimalist,3.6,138,Internet,Jaipur,467,11,8,4
Manpasand Beverages,3.8,136,Beverage,Vadodara,297,2,--,10
IPAC,3.1,136,Retail,Kolkata,920,12,--,13
Dangote Industries,4.2,136,Building Material,Lagos,331,5,--,14
Consolidated Analytics,3.9,136,Software Product,Chennai,550,21,16,3
J. M. Mhatre Infra,3.9,136,Engineering & Construction,Navi Mumbai,506,1,--,16
C2L BIZ,3.1,136,Internet,Mumbai,755,14,6,14
Khandelwal Laboratories,4.1,136,Pharma,Mumbai,428,3,--,10
Kin Marché,4.1,136,Retail,Kinshasa,99,21,--,9
API Holdings,3.6,136,Fitness & Wellness,Mumbai,523,7,--,2
TYPSA,3.3,136,Engineering & Construction,Gurugram,583,11,1,9
Sanathan Textiles,4.2,136,Fashion & Textile,Dadra & Nagar Haveli,692,7,1,8
Mutual Industries,3.2,136,Petrochemicals,Mumbai,569,8,1,16
Crimsoune Club,3.8,136,Fashion & Textile,New Delhi,433,6,--,5
Hitachi Automotive Systems,4.2,136,Auto Components,Chennai,689,4,--,19
Fipola Retail,3.7,136,Food Processing,Chennai,310,2,--,61
Eptisa,3.5,136,Engineering & Construction,Kolkata,427,7,1,22
CASHe,3.3,136,Financial Services,Mumbai,828,11,10,6
Dunkin' Donuts,3.7,136,Hospitality,New Delhi,203,5,--,15
AstraGen,3.5,137,EdTech,Vijayawada,370,18,--,9
Marino Food Products,3.9,136,Food Processing,Hyderabad,440,8,--,4
Bristol Healthcare Services,3.1,136,BPO,Chennai,424,36,8,18
Ashok Iron Group,3.6,136,Iron & Steel,Belagavi,709,9,--,3
Lectrix Ev,3.6,136,,Gurugram,529,15,--,1
KION India,3.5,136,Industrial Machinery,Pune,925,13,1,7
Sarda Metals & Alloys,4.0,136,Metals & Mining,Visakhapatnam,530,12,--,4
Infotech,4.3,136,IT Services & Consulting,Hyderabad,1.1k,53,--,17
Quatrro Mortgage Solutions,3.1,136,Financial Services,Mumbai,448,5,--,19
HyTech Professionals,3.2,136,IT Services & Consulting,Noida,710,8,1,15
Kalyaniwalla & Mistry,3.3,136,Accounting & Auditing,Mumbai,672,9,6,11
Digital Nirvana Information Systems,3.6,136,Software Product,Hyderabad,635,3,--,16
Institute of Chemical Technology,4.1,136,,Mumbai,563,4,--,12
KWALITY DAIRY (INDIA),3.9,136,FMCG,New Delhi,326,1,--,13
Telegence Powercomm,3.4,136,Engineering & Construction,Vadodara,387,9,--,8
Farida Group,3.8,136,Leather,Chennai,431,7,--,3
Supriya Lifescience,3.7,136,Pharma,Chiplun,701,10,16,4
SAG Infotech,3.5,136,IT Services & Consulting,Jaipur,441,11,9,8
Insurance Company,4.1,136,,New Delhi,1.8k,9,--,4
Applied Cloud Computing,2.3,136,IT Services & Consulting,Mumbai,882,19,12,5
John Distilleries,3.6,136,Beverage,Bengaluru,690,6,--,11
The West Coast Paper Mills,3.6,136,Pulp & Paper,Dandeli,574,5,5,10
GadgEon,4.0,136,IT Services & Consulting,Kochi,1.4k,12,24,3
Noble Hospital,3.9,136,Healthcare,Pune,594,5,4,7
Fragma Data Systems,3.9,136,IT Services & Consulting,Bengaluru,407,15,--,8
Tafe Access,3.8,136,Automobile,Chennai,514,5,--,11
Glen Appliances,4.1,136,Consumer Electronics & Appliances,Faridabad,481,7,1,7
Kiran Motors,3.5,136,Auto Components,Ahmedabad,493,2,--,13
Ind Synergy,3.9,136,Engineering & Construction,Raigarh,524,6,2,8
Hemani Industries,3.6,136,Agro Chemicals,Ankleshwar,797,10,--,8
Mochiko Shoes,3.6,136,Fashion & Textile,Dehradun,447,3,5,4
MK TRON Autoparts,3.5,136,Auto Components,Chennai,694,10,3,5
cloudEQ,3.5,136,IT Services & Consulting,Chandigarh,445,24,4,6
ATPI,3.8,136,Travel & Tourism,Mumbai,924,8,7,11
Pratiti Technologies,3.3,136,Software Product,Pune,682,35,8,5
Lloyds Engineering Works Limited,4.0,137,Industrial Machinery,Mumbai,569,10,9,8
Global FPO,3.5,136,Accounting & Auditing,New Delhi,548,25,1,2
Choice International,3.3,136,,Mumbai,988,12,1,5
CDYMAX,3.4,136,Pharma,Bengaluru,672,8,--,5
Aqua Group,4.1,135,Industrial Machinery,Coimbatore,618,1,--,4
GlowTouch Technologies,3.0,135,BPO,Mangaluru,702,43,6,13
Nxtgen Datacenter Cloud Technologies,3.1,135,IT Services & Consulting,Bengaluru,782,10,1,8
Stemmons Business Services,4.1,135,BPO,Vadodara,629,12,3,21
Planet EDU,3.2,135,EdTech,Gurugram,427,12,--,7
Syncom Formulations India,3.0,135,Pharma,Indore,576,8,--,9
Growisto,4.2,135,Marketing & Advertising,Mumbai,328,15,6,13
91Squarefeet,3.3,135,Internet,Gurugram,353,12,2,4
D Light Energy,3.7,135,Waste Management,Gurugram,441,3,--,13
Qbss,3.8,135,IT Services & Consulting,Coimbatore,601,11,--,24
Aurore Life Sciences,3.1,135,Pharma,Hyderabad,723,8,9,6
Vkc Nuts,,,Food Processing,Noida,--,--,--,--
MeritTrac,3.7,135,EdTech,Bengaluru,536,1,--,15
Pyro Group,3.5,135,Telecom,Hyderabad,292,3,21,12
Sigma,3.9,135,Pharma,Pune,692,13,--,12
Annet Technologies,3.7,135,Software Product,Mumbai,660,8,--,14
Gillette,4.3,135,FMCG,Bhiwadi,249,4,--,21
FabAlley,3.9,135,Retail,Noida,242,5,--,2
Chemspec Chemicals Pvt Ltd,3.6,135,Chemicals,Mumbai,672,9,6,15
Infinity Fincorp Solutions,4.3,135,,Mumbai,374,4,--,2
FabAlley,3.9,135,Retail,Noida,242,5,--,2
Annet Technologies,3.7,135,Software Product,Mumbai,660,8,--,14
Facile Services,2.7,135,IT Services & Consulting,Pune,619,17,4,11
D Light Energy,3.7,135,Waste Management,Gurugram,441,3,--,13
Auma,3.5,135,Industrial Automation,Bengaluru,557,7,12,9
Shri Ram Murti Smarak Institute of Medical Sciences,3.5,135,Education & Training,Bareilly,352,9,--,10
Syncom Formulations India,3.0,135,Pharma,Indore,576,8,--,9
Qbss,3.8,135,IT Services & Consulting,Coimbatore,601,11,--,24
Comau,3.4,135,Industrial Automation,Pune,553,3,3,21
GLOBALFOUNDRIES,3.2,135,Semiconductors,Bengaluru,961,19,72,12
RAMADA PLAZA,4.1,135,Hospitality,Chennai,473,6,--,19
Moolya Software Testing,3.3,135,IT Services & Consulting,Bengaluru,1k,27,10,19
Kimia Biosciences Limited,3.5,135,Pharma,Gurugram,588,8,6,3
Outlier,3.9,135,Emerging Technologies,Bengaluru,241,16,--,2
Presidium School,3.6,135,Education & Training,New Delhi,590,2,1,13
Aurore Life Sciences,3.1,135,Pharma,Hyderabad,723,8,9,6
Eduquity Career Technologies,3.2,136,Recruitment,Bengaluru,622,11,--,6
Maharashtra Rail Infrastructure Development Corporation,3.7,135,Government,Mumbai,626,17,3,9
Sanzyme,3.7,135,Biotechnology,Hyderabad,520,10,--,12
Eastman Cast & Forge,3.1,135,Industrial Machinery,Ludhiana,500,8,1,6
Homeocare International,3.5,135,Healthcare,Hyderabad,406,9,7,9
Shree Malani Foams,3.9,135,,Hyderabad,598,10,--,7
PlasmaGen Biosciences,3.5,135,Pharma,Bengaluru,699,6,3,5
Monotech Systems,3.5,135,Printing & Publishing,Chennai,652,11,25,8
Supreme Petrochem,3.8,135,Chemicals,Mumbai,738,6,5,14
Electronics for Imaging,3.9,135,Printing & Publishing,Bengaluru,1.2k,16,--,7
AVON TUBETECH,3.4,135,Iron & Steel,Faridabad,473,15,8,8
Kusalava International,3.7,135,Industrial Machinery,Vijayawada,378,6,5,23
Bar Code India,3.6,135,Industrial Automation,Gurugram,805,11,7,10
Hawa Valves,3.1,135,Oil & Gas,Mumbai,745,8,6,9
Njs Engineers India,4.0,135,Waste Management,New Delhi,576,9,1,10
S K Samanta & Co,3.5,135,Engineering & Construction,Kolkata,453,9,--,16
AIT Global,3.1,135,IT Services & Consulting,Pune,840,13,9,7
Auriga Research,3.0,135,Analytics & KPO,Bengaluru,642,9,--,11
PCS-Global,3.8,135,Education & Training,Kolkata,319,21,--,10
Walkin Manpower Solution,4.4,135,,New Delhi,12,43,--,11
Robinhood Insurance Broker Limited,3.0,135,Insurance,Mumbai,542,5,20,18
Idom,4.1,136,Engineering & Construction,New Delhi,561,14,1,7
Dachser,3.8,135,Logistics,Mumbai,473,3,1,13
Dhanlaxmi Bank,4.0,135,Banking,Thrissur,532,2,--,5
Bigshare Services,2.8,135,Legal,Mumbai,265,56,5,12
Dhanlaxmi Bank,4.0,135,Banking,Thrissur,532,2,--,5
PSG Hospitals,4.0,135,Healthcare,Coimbatore,474,7,10,10
Yulu Bikes,4.0,135,Internet,Bengaluru,779,16,--,7
Garuda Aerospace,3.3,135,Internet,Chennai,296,14,--,17
OVT India,3.4,134,Electrical Equipment,Noida,569,14,--,4
Unified Infotech,4.2,134,IT Services & Consulting,Kolkata,478,27,6,8
Delhi Public School Ghaziabad Society,3.2,134,Education & Training,New Delhi,563,13,19,10
Trangile Services,4.5,135,IT Services & Consulting,Noida,607,10,6,3
Prabha Industries,4.0,134,Chemicals,Bengaluru,631,8,--,7
Mytrah Energy,4.2,134,Power,Hyderabad,474,1,--,18
Competent Automobiles,3.9,134,Retail,New Delhi,501,2,--,6
Securonix,2.6,134,Internet,Bengaluru,929,16,--,10
The Nuance Group AG,4.3,134,IT Services & Consulting,Bengaluru,922,4,--,7
Hansa Research Group,3.8,134,Analytics & KPO,Mumbai,560,4,4,11
Perennial Systems,4.2,134,IT Services & Consulting,Pune,635,26,1,8
Statcon Electronic,4.4,134,Industrial Machinery,Noida,304,24,2,6
Devgiri Forgings,3.5,134,Industrial Machinery,Chhatrapati Sambhajinagar,378,5,--,8
Appy Pie,3.7,134,IT Services & Consulting,Noida,697,14,1,13
Urbanpro,3.6,134,EdTech,Bengaluru,483,10,1,8
Century Rayon,3.9,134,Fashion & Textile,Mumbai,484,8,--,22
Astro Arun Pandit,3.6,134,,Noida,174,39,1,--
The George Telegraph Training Institute,3.0,134,Education & Training,Kolkata,394,9,4,8
Appcino Technologies,3.4,134,IT Services & Consulting,Jaipur,444,16,--,5
Global Market Insights,3.1,134,Analytics & KPO,Pune,610,11,1,14
Juego Studios,4.1,134,Gaming,Bengaluru,409,13,34,2
Scott Edil Pharmacia,3.4,134,Pharma,Baddi,608,12,--,8
Narayana Superspeciality Hospital,4.0,136,Healthcare,Kolkata,442,8,--,8
Medgulf Construction Company,3.3,134,Engineering & Construction,Doha,288,8,--,7
Xerago,3.0,134,Marketing & Advertising,Chennai,841,13,4,3
CORNITOS,4.1,134,FMCG,Roorkee,441,14,9,7
Eco Protection Engineers,4.1,134,Engineering & Construction,Chennai,594,12,--,10
LIC Mutual Fund,3.7,134,Financial Services,Mumbai,616,9,8,13
Mahalakshmi Profiles Private Limited,3.6,134,Iron & Steel,Hyderabad,469,17,5,5
Vkl Seasoning,3.9,134,FMCG,Kochi,684,3,--,15
Choice Solutions (India),3.7,134,IT Services & Consulting,Hyderabad,669,10,--,9
Paradigm Realty,4.0,134,Real Estate,Mumbai,490,13,6,7
Fiverr Inc.,4.4,134,Internet,New Delhi,881,13,--,5
I.T. Solutions India Private Limited,3.5,134,IT Services & Consulting,New Delhi,1.4k,12,3,12
Ace Creative Learning,3.8,134,Design,Bengaluru,525,7,6,12
SBM Offshore,4.4,135,Oil & Gas,Bengaluru,742,17,77,10
Argl,4.0,134,,Gurugram,476,8,--,7
Dietech India,3.9,134,Industrial Machinery,Chennai,740,5,2,10
Pune Institute of Business Management,2.9,134,Education & Training,Pune,525,10,7,12
Equinix,3.2,134,IT Services & Consulting,Bengaluru,871,10,28,1
Aryan International,3.2,134,,Mumbai,679,4,--,4
Ascentrik Research Services,1.9,134,IT Services & Consulting,Pune,533,22,6,3
SAGE Automation,4.2,134,Industrial Automation,Pune,250,22,--,9
PrimeXBT,4.6,134,FinTech,London,7,1,9,1
Ebix Smartclass Educational Services,4.0,134,EdTech,New Delhi,528,9,--,14
Rashi Peripherals,3.6,134,IT Services & Consulting,Mumbai,512,7,1,10
Refex Industries,3.7,134,NBFC,Chennai,480,17,55,5
Civet Projects,4.1,134,Engineering & Construction,Hyderabad,419,8,5,6
Aza Fashions,3.7,134,Fashion & Textile,Mumbai,711,24,--,2
Press Fit Pipe And Profile,4.1,134,Building Material,Mumbai,403,8,9,26
Nuvama Wealth Management,3.5,134,Financial Services,Mumbai,565,12,--,1
HashCash Consultants,3.5,133,Software Product,Kolkata,215,12,8,22
31 Parallel,1.9,133,BPO,Shimla,291,7,4,2
Secure Network Solutions,4.4,133,IT Services & Consulting,Chennai,372,11,3,21
FBSPL- Fusion Business Solution P Limited,3.4,133,BPO,Udaipur,678,18,10,6
MindSquare Technologies,4.5,133,IT Services & Consulting,Bengaluru,485,6,--,31
INVESMATE,3.9,133,Education & Training,Kolkata,145,13,--,2
Reliable Business Solutions & Services,2.9,133,BPO,Mumbai,523,1,--,13
Inorbvict Healthcare,3.9,133,Medical Equipment,Pune,64,10,3,8
DAEWOO E&C,4.2,133,Engineering & Construction,Patna,164,5,--,15
APC By Schneider Electric,4.4,133,Electrical Equipment,Bengaluru,266,7,--,26
FNF India,3.9,133,IT Services & Consulting,Bengaluru,704,24,--,17
EOX Vantage,3.1,133,Software Product,Bengaluru,836,7,2,6
Multitex Filtration Engineers,3.6,134,Industrial Machinery,New Delhi,617,7,--,6
Elite Powertech,4.0,133,Power,New Delhi,343,7,--,10
DSM,3.9,133,Chemicals,Hyderabad,611,4,--,17
TetraSoft,3.7,133,IT Services & Consulting,Hyderabad,992,13,--,16
PPS International,3.7,133,Industrial Machinery,Greater Noida,779,12,1,5
Distacart,4.6,133,Internet,Hyderabad,103,31,4,2
Apeejay Surrendra Group,3.6,133,Hospitality,Kolkata,594,2,7,11
Indo-Tibetan Border Police,4.6,133,Government,New Delhi,257,2,--,13
Lineomatic Industries Pvt. Ltd.,3.6,133,Pulp & Paper,Ahmedabad,587,12,3,19
Rollick Ice Cream,4.1,133,Hospitality,Kolkata,224,16,2,8
Earlyjobs,4.8,133,Recruitment,Bengaluru,13,40,--,6
Dayanand Medical College & Hospital,3.7,133,Healthcare,Ludhiana,438,6,1,15
Indo-Tibetan Border Police,4.6,133,Government,New Delhi,257,2,--,13
Anik Milk Products,3.5,133,FMCG,Indore,380,14,24,5
MindSquare Technologies,4.5,133,IT Services & Consulting,Bengaluru,485,6,--,31
INVESMATE,3.9,133,Education & Training,Kolkata,145,13,--,2
Fertilisers and Chemicals Travancore,4.1,133,Agro Chemicals,Kochi,464,3,--,5
Ardom Towergen,3.7,133,Telecom,Gurugram,343,7,2,3
Sai Construction,3.6,133,Engineering & Construction,Bengaluru,661,10,3,6
Serentica Renewables,4.3,133,Power,Gurugram,538,9,--,3
Tranistics Data Technologies,3.5,133,Software Product,Kolkata,554,6,--,10
TechBlocks,3.1,133,IT Services & Consulting,Hyderabad,666,22,65,2
Lion Services,3.6,133,Facility Management Services,New Delhi,531,7,6,6
Reliable Business Solutions & Services,2.9,133,BPO,Mumbai,523,1,--,13
Footprints Play School,3.4,133,Education & Training,New Delhi,501,9,--,7
Viveks,3.9,133,Retail,Chennai,472,8,7,13
iB Arts,3.9,133,IT Services & Consulting,Kolkata,174,23,7,24
Fortune Business Insights,3.6,133,Analytics & KPO,Pune,399,17,--,31
Eximietas Design,4.1,133,Emerging Technologies,Bengaluru,331,49,34,3
Ocube Services,3.0,133,BPO,Noida,521,10,17,1
Tribeca Developers,4.5,133,Real Estate,Pune,271,26,35,3
Srinivasa Farms,3.7,133,Food Processing,Hyderabad,560,9,10,15
Aqua Tech Systems,4.2,133,Power,Pune,711,7,6,3
Dr. Rela Institute & Medical Centre,4.2,133,Healthcare,Chennai,672,7,9,12
Almonds Ai,4.3,133,Software Product,Gurugram,167,12,14,2
IJM (India) Infrastructure,4.1,133,Engineering & Construction,Hyderabad,428,8,--,19
Defsys Solutions,3.9,133,Defence & Aerospace,Gurugram,688,10,--,16
Siemens Industry Software (India),4.2,133,Industrial Automation,Pune,1.1k,18,--,23
Abacus Staffing & Services,3.2,133,Recruitment,Hyderabad,565,8,2,4
TechNova Imaging Systems,4.0,133,Printing & Publishing,Mumbai,765,10,2,17
Idfy,3.1,133,Software Product,Mumbai,946,17,17,4
Koso India,4.1,133,Industrial Automation,Nashik,823,9,13,6
Tema India,4.1,133,Oil & Gas,Mumbai,609,3,22,10
Turner International,4.0,134,Engineering & Construction,Mumbai,700,12,80,8
Hitachi Solutions,3.7,133,IT Services & Consulting,Pune,1.1k,5,7,14
Full Creative,3.4,133,Software Product,Chennai,1.1k,48,2,15
Vhb Medi Sciences,3.3,133,Pharma,Rudrapur,577,9,3,6
R-pac,3.2,133,Packaging,Mumbai,626,10,1,10
ADM India,4.1,133,Food Processing,Bengaluru,796,14,5,18
Accountant Anywhere Services,4.2,133,BPO,Pune,980,13,--,18
Maharashtra Natural GAS,3.1,133,Oil & Gas,Pune,814,7,--,18
Amol Pharmaceuticals,4.0,133,Pharma,Jaipur,488,5,--,6
Ethos,2.9,133,Metals & Mining,New Delhi,782,15,26,6
Ptc Industries,3.5,133,Iron & Steel,Lucknow,595,15,2,11
Maire Tecnimont,4.1,133,Engineering & Construction,Mumbai,653,10,--,16
Emrill Services LLC,4.0,133,Facility Management Services,Dubai,171,7,--,16
ITL Industries,3.7,133,Industrial Machinery,Indore,673,7,--,5
StayVista,4.4,143,Travel & Tourism,Mumbai,470,22,55,10
Garrett - Advancing Motion,3.1,133,Auto Components,Pune,877,14,31,9
Nestor Pharmaceuticals,2.7,133,Pharma,Faridabad,448,10,--,4
Mahathi Infra Services,3.7,133,Engineering & Construction,Hyderabad,606,15,5,3
Globsyn Business School,4.3,132,Education & Training,Kolkata,242,15,--,12
A.K.AUTOMATICS,3.7,132,Auto Components,Rohtak,442,3,--,12
Baker Gauges,3.5,132,Semiconductors,Pune,668,6,--,8
Internship Studio,4.0,132,,Pune,70,7,--,2
Cambridge Technology Enterprises,3.2,132,IT Services & Consulting,Hyderabad,953,6,5,5
WonderBotz,3.9,132,IT Services & Consulting,Bengaluru,306,5,5,5
Snovasys,4.5,133,IT Services & Consulting,Hyderabad,328,76,--,2
CamelQ Software Solutions,4.0,132,Software Product,Hyderabad,122,51,--,--
Global Cloud Xchange,3.1,133,Telecom,Mumbai,752,7,--,14
Naresh Kumar & Co.,4.2,133,Urban Transport,Jamshedpur,456,4,--,12
Connect India E Commerce Services,2.8,132,Logistics,Bengaluru,375,7,--,4
DUKES,3.8,132,Hospitality,Hyderabad,605,8,1,12
Basix,4.4,132,Financial Services,Hyderabad,259,7,--,17
NirogStreet,3.1,134,Internet,New Delhi,457,18,1,4
ICSIL,3.3,132,Telecom,New Delhi,370,7,--,9
Rentokil Initial,3.4,132,Agro Chemicals,Mumbai,543,10,--,12
Vi-son Industries,3.4,132,Industrial Machinery,Pune,517,4,6,4
SATTRIX Information Security,2.9,132,IT Services & Consulting,Ahmedabad,504,14,--,11
Dasnac,4.5,132,Real Estate,New Delhi,286,14,--,3
Gmr Aero Technic,4.3,132,Aviation,Hyderabad,519,3,--,12
Nethues Technologies,3.2,132,IT Services & Consulting,New Delhi,777,12,5,6
Doosan Bobcat India,3.9,132,Industrial Machinery,Chennai,829,8,1,7
AutomationEdge,2.8,132,IT Services & Consulting,Pune,1.1k,17,50,5
Eaton Industrial Systems,4.2,132,Industrial Machinery,Pune,446,5,--,18
Zieta Technologies,3.2,132,IT Services & Consulting,Bengaluru,660,6,--,10
RFCL,3.7,132,Agro Chemicals,Ramagundam,605,13,--,4
Leonia Holistic Destination,3.8,132,Hospitality,Hyderabad,352,4,--,19
Fairmont Hotels & Resorts,3.8,132,Hospitality,Jaipur,359,10,--,14
Inspace Technologies,3.7,132,Software Product,Chennai,695,6,--,7
Aries Agro,4.2,132,Agro Chemicals,Mumbai,382,8,--,15
NTN NEI Manufacturing,4.0,132,Automobile,Chennai,549,9,--,9
D2K Technologies India,2.7,132,IT Services & Consulting,Mumbai,636,15,9,3
SAL Automotive,3.6,132,Auto Components,Nabha,540,13,--,11
FirstMeridian Business Services,3.7,134,Recruitment,Bengaluru,934,6,--,2
Leonia Holistic Destination,3.8,132,Hospitality,Hyderabad,352,4,--,19
NTN NEI Manufacturing,4.0,132,Automobile,Chennai,549,9,--,9
GoApptiv,4.1,132,,Mumbai,324,5,--,5
Eaton Industrial Systems,4.2,132,Industrial Machinery,Pune,446,5,--,18
AutomationEdge,2.8,132,IT Services & Consulting,Pune,1.1k,17,50,5
Doosan Bobcat India,3.9,132,Industrial Machinery,Chennai,829,8,1,7
Gracenote,3.5,132,Media & Entertainment,Mumbai,546,11,--,13
Mitel,3.7,132,Telecom,Bengaluru,1.1k,18,1,18
Snovasys,4.5,133,IT Services & Consulting,Hyderabad,328,76,--,2
Fairmont Hotels & Resorts,3.8,132,Hospitality,Jaipur,359,10,--,14
Aries Agro,4.2,132,Agro Chemicals,Mumbai,382,8,--,15
Inspace Technologies,3.7,132,Software Product,Chennai,695,6,--,7
Sathya Agencies,4.0,132,Consumer Electronics & Appliances,Chennai,376,6,--,6
Cxc Infotech,3.1,132,Financial Services,Noida,635,6,1,14
Sonepar,4.3,132,Other,Gurugram,607,6,11,9
Paras Buildtech,3.7,132,Real Estate,Gurugram,561,9,--,6
Lee & Nee Softwares Exports,3.7,132,Software Product,Kolkata,317,22,11,1
D2K Technologies India,2.7,132,IT Services & Consulting,Mumbai,636,15,9,3
Saurer,3.8,132,Financial Services,Vadodara,673,9,6,9
Mindrill Systems Solutions,3.5,132,Industrial Machinery,Kolkata,379,34,--,5
SA Technologies,3.0,132,IT Services & Consulting,Pune,1k,14,--,6
OCS Services,4.3,132,Oil & Gas,Mumbai,565,7,3,11
Central ParK,4.1,132,Real Estate,Gurugram,590,6,--,8
Nissin Abc Logistics,4.0,132,Logistics,Gurugram,470,5,--,16
Lee & Nee Softwares Exports,3.7,132,Software Product,Kolkata,317,22,11,1
Life Care Logistic,3.2,132,,Pune,545,8,9,6
Sids Farm,3.2,132,Food Processing,Hyderabad,566,6,30,3
M3bi,4.1,131,IT Services & Consulting,Hyderabad,755,10,--,7
Intelegencia,3.3,131,IT Services & Consulting,Noida,769,12,--,8
Openview Technologies,3.4,131,IT Services & Consulting,Pune,563,11,2,6
TAM Media Research,3.0,131,Analytics & KPO,Vadodara,390,4,2,14
ANY Graphics,3.8,131,Printing & Publishing,Noida,986,23,--,15
Hager Electro,3.2,131,Electrical Equipment,Pune,453,9,5,6
RPG Group,3.5,131,Engineering & Construction,Mumbai,873,12,5,9
Oorja Technical Services,4.0,132,Electrical Equipment,Indore,436,11,1,19
PATH India,4.2,131,Industrial Automation,Indore,471,6,--,22
BuyMore,4.1,131,Internet,Bengaluru,222,5,2,19
SMARTe,3.7,131,IT Services & Consulting,Mumbai,869,11,2,9
Ruban Memorial Hospital,3.7,131,Healthcare,Patna,377,13,7,15
Openview Technologies,3.4,131,IT Services & Consulting,Pune,563,11,2,6
M3bi,4.1,131,IT Services & Consulting,Hyderabad,755,10,--,7
Intelegencia,3.3,131,IT Services & Consulting,Noida,769,12,--,8
Metalman Microturners,3.8,131,Metals & Mining,Rudrapur,548,12,--,14
TAM Media Research,3.0,131,Analytics & KPO,Vadodara,390,4,2,14
Riello Power India,3.7,131,Electronics Manufacturing,Gurugram,431,11,3,19
ECS | Enterprise Change Specialists,4.3,131,IT Services & Consulting,Hyderabad,144,5,123,8
Foodhub,3.3,131,Software Product,Chennai,638,16,--,13
International Institute of SDG's and Public Policy Research,4.7,131,,New Delhi,5,17,--,24
Swarovski India,4.1,131,Jewellery,Pune,503,8,5,14
MotivityLabs,3.1,131,IT Services & Consulting,Hyderabad,1.1k,14,33,4
Dsm Shared Services India,4.0,131,Chemicals,Hyderabad,504,2,29,18
Eye7 Chaudhary Eye Centre,2.9,131,Healthcare,New Delhi,455,9,6,23
Holcim Global Hub Business Services,4.1,131,IT Services & Consulting,Mumbai,369,14,1,3
Small Industries Development Bank of India,3.8,131,NBFC,Mumbai,680,9,--,7
MOVIN,3.7,131,,Gurugram,555,12,12,3
Lakshya Powertech Limited,4.0,132,,Ahmedabad,498,14,--,13
Envision Overseas Education Consultants,4.0,131,,Mumbai,184,67,--,--
Camp K-12,3.3,131,EdTech,Gurugram,619,8,--,7
Bansal Group,3.5,131,Education & Training,Bhopal,772,9,8,5
MOVIN,3.7,131,,Gurugram,555,12,12,3
Small Industries Development Bank of India,3.8,131,NBFC,Mumbai,680,9,--,7
Paramount Products,4.2,131,Import & Export,New Delhi,600,9,1,11
Growel Softech,2.8,131,Recruitment,Pune,698,5,3,3
Tirupati Life Sciences,4.2,131,Pharma,Paonta Sahib,399,6,--,14
Cello,3.7,131,Retail,Mumbai,487,7,3,9
Forever New,4.0,131,Retail,Gurugram,533,9,--,18
Pan Seeds,3.7,131,Agriculture,Kolkata,379,15,2,12
Manali Petrochemicals,3.2,131,Chemicals,Chennai,892,14,1,13
Eye7 Chaudhary Eye Centre,2.9,131,Healthcare,New Delhi,455,9,6,23
Dsm Shared Services India,4.0,131,Chemicals,Hyderabad,504,2,29,18
eNTrust Software & Services,3.5,131,Software Product,Chennai,1.3k,15,--,5
Tricon Infotech,3.5,131,IT Services & Consulting,Bengaluru,1.5k,19,--,4
Dr. D.Y.Patil Hospital & Research Centre,3.8,131,Healthcare,Pune,556,7,--,7
SHREE GANESH CORPORATION,4.1,131,Engineering & Construction,Surat,346,25,3,17
Tekshapers Software Solutions,3.2,131,IT Services & Consulting,Noida,762,8,3,6
Labvantage Solutions,3.7,131,Software Product,Kolkata,748,22,3,6
Valtech India Systems,3.8,131,IT Services & Consulting,Bengaluru,1.2k,7,--,5
VRP Telematics,3.4,131,Retail,New Delhi,383,12,10,10
Labvantage Solutions,3.7,131,Software Product,Kolkata,748,22,3,6
Valtech India Systems,3.8,131,IT Services & Consulting,Bengaluru,1.2k,7,--,5
Same Deutz-fahr,3.7,130,Industrial Machinery,Vellore,781,7,2,10
IG Infotech India,2.9,130,IT Services & Consulting,Bengaluru,699,14,--,13
SAN Engineering & Locomotive,3.8,130,Industrial Machinery,Bengaluru,597,7,--,13
Helm360,3.6,130,IT Services & Consulting,Noida,576,18,--,2
Navi Finserv,3.3,130,,Bengaluru,496,15,--,6
Doehler,3.6,130,IT Services & Consulting,Pune,614,14,4,3
BMA Wealth Creators,4.4,130,Financial Services,Kolkata,347,1,--,9
Valu Connex Telecom Services Private,4.4,130,Telecom,New Delhi,325,7,--,5
Flyweis Technology,4.2,130,IT Services & Consulting,Noida,79,9,--,3
Hitachi MGRM Net,3.3,130,IT Services & Consulting,Gurugram,329,15,--,41
ZestMoney,4.0,130,FinTech,Bengaluru,756,14,--,15
Next Move Strategy Consulting,4.9,130,,Tinsukia,22,32,8,2
Ajnara India,3.5,130,Real Estate,Noida,475,3,2,11
PAVIT CERAMICS ( P),3.4,130,Building Material,Ahmedabad,377,5,3,10
Rahman Industries,3.7,130,Fashion & Textile,Kanpur,490,9,5,17
Mahansaria Group,3.4,131,Auto Components,Bharuch,737,13,10,10
Arrivae,3.3,130,,Mumbai,607,11,--,4
Hungama,3.2,130,Internet,Mumbai,771,7,10,20
FrontierWox Tech,4.5,130,IT Services & Consulting,Tiruchirappalli,--,62,--,47
Nation with NaMo,2.5,130,Non-Profit,New Delhi,686,30,26,4
Sical Logistics,4.2,130,Logistics,Bengaluru,629,1,1,16
Gainsight,4.0,130,IT Services & Consulting,Hyderabad,1.2k,26,--,10
Nice Software Solutions,3.0,130,IT Services & Consulting,Pune,1.1k,14,4,8
AGI Greenpac,3.8,130,Packaging,Hyderabad,582,6,9,3
Tata Motors Insurance Broking And Advisory Services,3.7,130,Insurance,Mumbai,406,8,--,14
NETPLUS Broadband Services,3.7,130,Telecom,Ludhiana,518,7,6,11
ImagicaaWorld Entertainment Limited,3.5,130,Events,Mumbai,579,3,9,17
Shantha Biotechnics,4.8,130,Biotechnology,Hyderabad,269,3,5,20
Gates Unitta India Company,3.9,130,Auto Components,Chennai,648,10,3,15
Seth Anandram Jaipuria School,3.7,130,Education & Training,Lucknow,482,8,--,4
LenDenClub,4.1,130,FinTech,Mumbai,576,11,22,20
Anko,4.5,130,Retail,Bengaluru,930,19,32,22
Zupee,3.7,130,Gaming,Gurugram,969,19,1,1
T & T Infra,4.0,130,Engineering & Construction,Pune,449,7,--,7
Wildnet Technologies,4.3,130,Marketing & Advertising,Noida,526,14,19,9
Rajagiri Hospital,4.2,130,Healthcare,Kochi,491,5,37,8
Risebird Talent Solutions,3.7,130,Recruitment,Noida,148,16,--,7
Seth Anandram Jaipuria School,3.7,130,Education & Training,Lucknow,482,8,--,4
NETPLUS Broadband Services,3.7,130,Telecom,Ludhiana,518,7,6,11
Bizmatics India,3.3,131,Software Product,Mumbai,713,10,1,9
myTectra,3.1,130,Education & Training,Bengaluru,42,--,3,--
Stellapps Technologies,3.9,130,Software Product,Bengaluru,889,5,1,14
Schiller Healthcare India,3.6,130,Medical Equipment,Mumbai,496,9,23,8
Axtel Industries,4.0,130,Industrial Machinery,Vadodara,647,10,5,13
Amwaj Catering Services,3.8,130,Hospitality,Doha,220,12,--,24
Jindal Water Infrastructure,3.7,130,Waste Management,New Delhi,448,12,--,12
ImagicaaWorld Entertainment Limited,3.5,130,Events,Mumbai,579,3,9,17
Ice Mortgage Technology,3.3,130,Software Product,Pune,957,15,--,13
Tata Motors Insurance Broking And Advisory Services,3.7,130,Insurance,Mumbai,406,8,--,14
Shantha Biotechnics,4.8,130,Biotechnology,Hyderabad,269,3,5,20
Shri Bhagwati Machines Pvt. Ltd.,3.7,130,Industrial Machinery,Ajmer,487,13,--,6
TalentSprint,4.0,130,,Hyderabad,590,7,--,16
Integrated Cleanroom Technologies,4.0,130,Facility Management Services,Hyderabad,512,3,--,14
FNZ,3.1,130,FinTech,Gurugram,1.3k,57,39,4
Alexis Global,3.7,130,Logistics,New Delhi,466,9,--,3
Forace Polymers,3.2,130,Chemicals,Haridwar,578,16,2,7
Dentcare Dental Lab,3.8,130,Medical Equipment,Kochi,490,11,4,11
Dentcare Dental Lab,3.8,130,Medical Equipment,Kochi,490,11,4,11
Techavera Solutions,4.2,130,Education & Training,Noida,104,2,--,20
Synergy Systems & Solutions,3.9,130,Industrial Automation,Faridabad,728,15,2,7
CNS Comnet,4.1,129,BPO,Gurugram,286,1,--,17
Acent High Soft Technologies,4.6,129,Recruitment,Noida,92,4,--,3
Desnor Destination,4.3,129,,Noida,48,13,--,7
Dembla Valves,3.7,129,Industrial Machinery,Mumbai,598,10,11,5
Welcomhotel By ITC Hotels,4.3,129,Hospitality,New Delhi,254,6,--,2
Veena Developers,4.1,129,Real Estate,Mumbai,256,10,8,2
Tide Water Oil,3.8,129,Oil & Gas,Kolkata,481,4,--,9
SOLITAIRE GROUP,3.5,129,Engineering & Construction,Pune,659,5,--,4
HIREXA SOLUTIONS,4.1,129,IT Services & Consulting,Bengaluru,536,21,1,2
Hester Biosciences,3.5,129,Biotechnology,Ahmedabad,565,6,4,7
Maharishi Ayurveda Products,3.6,129,Pharma,Noida,456,3,14,1
A2z Infra Engineering,3.6,130,Engineering & Construction,Gurugram,89,1,--,--
KSK Mahanadi Power Company,3.9,129,Power,Bilaspur,541,5,--,11
Insighte,3.9,129,Healthcare,Bengaluru,58,18,1,4
Merck Specialities,4.2,129,Pharma,Bengaluru,527,6,--,7
Ageis,3.7,129,Emerging Technologies,Bengaluru,533,19,--,19
INFOCRUNCH ANALYTICS,3.0,129,Analytics & KPO,New Delhi,375,9,1,10
Welcomhotel By ITC Hotels,4.3,129,Hospitality,New Delhi,254,6,--,2
Al Hassan Engineering Company SAOG,4.0,129,Engineering & Construction,Muscat,207,4,2,20
Vivekananda Hospital,3.8,129,Healthcare,Durgapur,482,8,--,10
SOLITAIRE GROUP,3.5,129,Engineering & Construction,Pune,659,5,--,4
Doshion,3.6,129,Waste Management,Ahmedabad,313,2,5,2
AKGVG & Associates,3.3,129,Accounting & Auditing,New Delhi,498,22,7,1
Vensar Constructions,4.2,129,Engineering & Construction,Hyderabad,482,9,9,2
Numbertree LLP,3.3,129,Accounting & Auditing,New Delhi,238,33,2,8
Mylab Discovery Solutions,2.9,129,Internet,Pune,553,14,--,8
Zeus Learning,2.8,129,EdTech,Mumbai,821,38,1,10
Sterling Manufacturing Company,3.7,129,Industrial Machinery,Gurugram,82,8,2,4
Lahori Zeera,4.0,129,Beverage,Sahibzada Ajit Singh Nagar,283,7,--,3
Hester Biosciences,3.5,129,Biotechnology,Ahmedabad,565,6,4,7
Crane Process Flow Technologies India,3.3,129,Industrial Machinery,Pune,669,12,--,11
Maharishi Ayurveda Products,3.6,129,Pharma,Noida,456,3,14,1
Kpn Farm Fresh,3.7,129,Internet,Chennai,469,7,9,4
IVY SOFTWARE DEVELOPMENT SERVICES,3.9,129,IT Services & Consulting,Hyderabad,647,19,--,12
NGL Fine Chem,3.9,129,Pharma,Mumbai,662,11,4,7
Packt Publishing,3.0,129,Printing & Publishing,Mumbai,705,17,8,24
Indian Synthetic Rubber,4.1,129,Petrochemicals,Panipat,574,12,1,23
Frog CellSat,3.8,129,Design,Noida,464,14,5,9
Channel Soft,3.7,129,IT Services & Consulting,Vijayawada,650,10,--,6
Hellmann Worldwide Logistics,3.9,129,Logistics,Chennai,489,4,--,12
DH Healthcare Software Services India Private Limited (Dedalus),3.5,129,Software Product,Chennai,1.2k,14,1,4
Techila Global Services,3.5,129,IT Services & Consulting,Pune,620,17,28,17
NewVision Software & Consultancy,3.4,129,IT Services & Consulting,Pune,1.1k,11,11,8
Gamma Process Hub,3.6,129,BPO,Chennai,363,5,--,7
Glory Global Solutions (south Asia),3.3,129,IT Services & Consulting,Mumbai,444,7,--,11
The AEC Associates,4.4,129,Engineering & Construction,Noida,217,15,7,7
Government Of Tamilnadu,4.1,129,Government,Chennai,591,5,--,9
Beroe Inc,4.1,129,Management Consulting,Chennai,690,15,2,14
Tex Corp.,3.7,129,Fashion & Textile,Gurugram,547,6,4,11
Krishna Enterprises,3.8,129,Industrial Machinery,Faridabad,887,8,3,7
Omni Hospital,3.6,129,Healthcare,Hyderabad,532,2,--,13
Minosha,4.0,129,Hardware & Networking,New Delhi,530,5,--,9
Marvell,3.6,129,Semiconductors,Bengaluru,1.2k,14,82,10
NEXA Service,4.1,129,Automobile,Hyderabad,470,4,--,6
R.K Associates & Hoteliers,2.6,129,Facility Management Services,New Delhi,476,11,9,7
Mtandt,3.7,129,Industrial Machinery,Chennai,677,8,8,16
Fourth Dimension Technologies,3.3,129,IT Services & Consulting,Chennai,921,13,4,8
Powermax Fitness India,4.8,129,Fitness & Wellness,Mumbai,104,3,--,2
Vector India,3.9,128,Auto Components,Hyderabad,484,7,--,5
Uk Realty,3.8,128,Real Estate,Mumbai,302,24,7,2
TRUGlobal,3.7,128,IT Services & Consulting,Bengaluru,827,27,5,4
C-Square Info Solutions,3.5,128,IT Services & Consulting,Bengaluru,641,6,--,9
Medicamen Biotech,3.2,128,Pharma,New Delhi,575,6,--,5
KW Group,3.9,128,Non-Profit,Ghaziabad,573,12,--,5
IndiaCan,4.8,128,EdTech,New Delhi,135,3,--,20
Ganga Medical Centre & Hospitals,4.1,128,Healthcare,Coimbatore,456,9,1,6
ABIL Group,4.3,128,Real Estate,Pune,502,14,--,28
Foodlink F&B Holdings,4.1,128,Hospitality,Mumbai,592,5,--,27
Dhanuka Laboratories,3.8,128,Pharma,Gurugram,533,7,--,4
Vedang Radio Technology,4.2,128,Telecom,Mumbai,288,4,--,21
Sadara Chemical Company,4.0,128,Chemicals,Al Jubail,279,2,--,20
Magnum Mi Steel,3.4,128,Iron & Steel,Gurugram,451,8,1,2
BHARAT TECHNO PLAST,3.8,128,Auto Components,Ahmedabad,449,5,2,14
Devon Software Services,3.8,128,IT Services & Consulting,Bengaluru,656,16,2,9
Scholastic,4.1,128,Printing & Publishing,Gurugram,439,4,--,18
Avaada Electro,4.1,131,Power,Nagpur,462,17,4,8
Stivaph Healthcare,4.1,128,Pharma,Ahmedabad,144,31,5,1
Uk Realty,3.8,128,Real Estate,Mumbai,302,24,7,2
Galore Networks,2.7,128,IT Services & Consulting,Chennai,273,4,--,15
Edge Telecom,3.6,128,Telecom,Gurugram,435,7,--,16
Vital Laboratories,3.3,128,Pharma,Vapi,803,9,6,4
Advance Decorative Laminates Private Limited,4.1,128,Building Material,Hapur,398,7,4,3
KW Group,3.9,128,Non-Profit,Ghaziabad,573,12,--,5
Chemco Plastic Industries Private Limited,4.5,128,Petrochemicals,Mumbai,504,6,4,17
Core Energy Systems Limited,3.8,128,Defence & Aerospace,Mumbai,504,20,--,3
BL Lifesciences,3.2,128,Medical Equipment,New Delhi,479,9,1,9
Mahatma Gandhi Medical College & Hospital,4.2,128,Education & Training,Jaipur,474,10,--,9
GE Capital,4.4,128,Financial Services,Gurugram,409,2,--,29
Bharat Cooperative Bank,4.1,128,Financial Services,Mumbai,696,8,3,4
TSR Darashaw,3.4,128,BPO,Mumbai,456,7,1,6
Dharmaj Crop Guard,4.0,128,Agro Chemicals,Ahmedabad,482,7,--,8
Cybertech Systems & Software,3.4,128,IT Services & Consulting,Mumbai,936,9,12,11
Sigma Corporation India,4.0,128,Auto Components,Gurugram,730,8,--,9
Regus,3.2,128,Facility Management Services,Mumbai,467,7,2,18
Computer Junction,3.6,128,IT Services & Consulting,New Delhi,481,5,1,5
Wipfli,3.5,128,Accounting & Auditing,Bengaluru,931,9,3,8
Indian Acrylics,3.9,128,Chemicals,Sangrur,552,7,--,13
College Of Education,4.4,129,Education & Training,Hyderabad,1.6k,9,--,2
Siec Education,2.7,128,Recruitment,New Delhi,417,11,--,1
Zopsmart Technology,3.3,128,Software Product,Bengaluru,1.1k,57,3,11
Ediglobe,3.9,128,EdTech,Bengaluru,92,18,--,7
DelEx Cargo,4.6,128,Logistics,Mumbai,337,6,--,18
MAP Systems,2.8,128,IT Services & Consulting,Bengaluru,412,12,3,14
Lot Mobiles,3.5,128,Retail,Hyderabad,413,4,2,11
SmartConnect Technologies,2.4,129,IT Services & Consulting,Mumbai,771,6,8,6
GetMyUni,3.3,128,Education & Training,Bengaluru,622,17,9,7
RouteMobile,3.4,128,IT Services & Consulting,Mumbai,983,8,44,13
Conceptia Software Technologies,4.1,127,Defence & Aerospace,Bengaluru,557,8,6,4
Kewaunee Labway,4.1,128,Furniture & Furnishing,Bengaluru,727,4,--,13
S R Enterprises,3.9,128,Electrical Equipment,New Delhi,667,6,--,8
Saasguru,2.0,127,Education & Training,Pune,46,2,--,3
Nala Robotics,1.8,127,,Hyderabad,344,5,--,3
Meritshot,4.5,127,Education & Training,Noida,65,22,--,2
P&R Infraprojects,3.8,127,Engineering & Construction,Chandigarh,349,3,--,8
Isgec Hitachi Zosen,3.6,127,Industrial Machinery,Bharuch,558,11,11,9
Cerence,3.2,127,Software Product,Pune,888,19,6,11
Enrich Agro Food Products,3.6,127,FMCG,Rohtak,602,9,2,9
Funskool India,3.9,127,Other,Chennai,681,7,--,5
CTA Apparels,3.9,127,Fashion & Textile,Noida,365,9,--,7
Basavatarakam Indo American Cancer Hospital Research Institute,4.3,127,Healthcare,Hyderabad,350,3,24,16
FR8,3.8,127,Internet,Chennai,523,15,7,2
Chargebee,3.7,127,Software Product,Chennai,1.4k,18,4,11
BEKEM Infra Projects,3.8,127,Engineering & Construction,Hyderabad,411,7,--,11
D&H Sécheron Electrodes,3.7,127,Industrial Machinery,Indore,467,12,1,6
Sfj Business Solutions,2.4,127,IT Services & Consulting,Bengaluru,542,10,1,3
KMC HOSPITAL,4.1,127,Healthcare,Mangaluru,382,6,--,10
Forvis Mazars,3.1,129,Accounting & Auditing,Gurugram,968,6,1,3
Nikon,4.0,127,Consumer Electronics & Appliances,Gurugram,471,6,--,15
The India Thermit Corporation,3.6,127,Industrial Machinery,Kanpur,522,11,1,9
Likewize,3.5,127,Telecom,Chennai,1k,17,2,8
Ftcash,3.9,127,FinTech,Mumbai,540,9,--,8
TTK Services,3.3,127,Internet,Bengaluru,617,5,15,13
Prodocs Solutions,3.4,127,Legal,Mumbai,330,14,3,2
Coloplast,3.4,127,Healthcare,New Delhi,405,12,15,13
Modern Informatics,3.8,127,IT Services & Consulting,Mumbai,506,12,5,7
Multi Organics,3.1,127,Chemicals,Chandrapur,570,12,24,14
Techversant Infotech,3.8,127,IT Services & Consulting,Thiruvananthapuram,582,16,1,8
YouGov,3.5,127,Analytics & KPO,Mumbai,673,11,13,10
Springworks,4.1,127,Software Product,Bengaluru,339,27,4,34
Qseap Infotech,3.6,127,IT Services & Consulting,Mumbai,694,20,5,12
Starion India,3.5,127,Electronics Manufacturing,Pune,514,7,1,8
ADS Spirits,4.4,127,Beverage,New Delhi,507,8,13,9
Odisha Power Transmission Corporation,4.3,127,Power,Bhubaneswar,205,7,--,9
Kilitch Healthcare India,4.5,127,Marketing & Advertising,Mumbai,458,26,--,1
Nitin Spinners,4.3,127,Fashion & Textile,Bhilwara,467,5,6,4
Craft Silicon,3.5,127,IT Services & Consulting,Bengaluru,1k,13,4,8
Ghaziabad Precision Products,3.6,127,Automobile,Ghaziabad,558,8,5,4
Jaya Shree Textiles,3.8,127,Fashion & Textile,Kolkata,296,12,--,12
PhillipCapital,3.1,127,Financial Services,Mumbai,820,8,--,3
Getronics,4.3,127,IT Services & Consulting,Bengaluru,920,8,17,18
Skillventory,3.5,127,,Indore,419,10,1,12
Eidiko Systems Integrators,3.3,127,IT Services & Consulting,Hyderabad,826,20,1,7
Paranjape Autocast,3.4,127,Auto Components,Pune,584,5,7,9
Novigo Solutions,3.8,127,IT Services & Consulting,Mangaluru,1.3k,19,2,4
Genus Electrotech,3.3,127,Semiconductors,Gandhidham,537,5,5,12
La opala rg,3.8,127,Retail,Sitarganj,460,6,--,8
Perpetuuiti Technosoft Services,3.6,127,IT Services & Consulting,Pune,829,14,--,15
Golden Tulip Hotels,3.4,127,Hospitality,New Delhi,452,7,--,15
PNG Jewellers,4.4,127,Jewellery,Pune,435,13,11,6
Interview Kickstart,3.6,127,Education & Training,Bengaluru,504,28,2,4
Bubugao Communication,4.2,127,,Jaipur,330,2,--,7
Kajaria Bathware,4.2,127,Building Material,Bhiwadi,448,6,--,10
Karma Ayurveda,3.6,127,Healthcare,New Delhi,401,6,--,16
Grid Dynamics,3.2,127,IT Services & Consulting,Hyderabad,1.1k,33,286,8
MCaffeine,2.9,127,Beauty & Personal Care,Mumbai,482,12,3,4
BASIC Home Loan,3.8,127,FinTech,Gurugram,397,15,5,5
Gromax Agri Equipment,3.7,127,Automobile,Vadodara,476,7,1,11
Indore Composite,3.9,127,Telecom,Mumbai,671,6,5,8
Gj Solutions,3.7,126,Recruitment,Hyderabad,397,7,--,13
Gm Infinite Dwelling,3.1,126,Real Estate,Bengaluru,445,4,2,4
SJS Enterprises,3.9,126,Auto Components,Bengaluru,643,11,4,6
Chetak Logistics,3.1,126,Logistics,New Delhi,462,7,2,6
BrandMuscle,3.4,126,IT Services & Consulting,Bengaluru,900,11,5,7
Microscan Infocommtech,4.0,126,Telecom,Mumbai,489,9,--,5
Gateway Distriparks,3.5,126,Logistics,New Delhi,587,6,1,10
Airworks,3.7,126,Aviation,Hosur,676,6,16,12
NDS InfoServ,3.2,126,BPO,Mumbai,354,12,3,5
Cheers Interactive,3.0,126,Management Consulting,Mumbai,498,9,--,12
Weizmann Forex,4.4,126,Financial Services,Mumbai,371,--,--,7
Daelim Industrial Co.,4.8,127,Petrochemicals,Chennai,96,4,--,29
QO BOX,4.6,126,IT Services & Consulting,Chennai,71,6,--,10
DDRC Agilus Diagnostics,3.8,126,,Kochi,422,8,--,7
Abhijeet Group,3.8,126,Power,Visakhapatnam,539,9,--,12
Redington Gulf,3.6,126,IT Services & Consulting,Chennai,733,9,--,11
Celebrity Cruises,4.1,126,Travel & Tourism,Mumbai,152,6,--,6
Richmondd Global School,4.8,126,Education & Training,New Delhi,86,6,3,5
Nahar Spinning Mills,4.2,126,Fashion & Textile,Ludhiana,473,6,--,10
Vishnu Solutions,3.6,126,BPO,Kolkata,337,6,1,6
IMCS Group.,3.1,126,IT Services & Consulting,Noida,469,10,--,11
TSS Consultancy,3.3,126,IT Services & Consulting,Mumbai,1.1k,34,8,6
Rich Products & Solutions,3.6,126,Food Processing,Pune,617,5,--,1
Ufi Filters,4.0,127,Auto Components,Bawal,658,10,6,10
Viaante Business Solutions,2.9,126,BPO,Mumbai,538,13,2,8
Panchayati Raj,3.4,126,Government,Lucknow,286,--,--,6
AachiGroup,3.8,126,,Chennai,599,3,--,3
Dai Ichi,4.2,126,Chemicals,Bharuch,503,4,2,6
PeopleStrong Technologies,3.2,126,Software Product,Gurugram,774,9,--,12
Airworks,3.7,126,Aviation,Hosur,676,6,16,12
Cheers Interactive,3.0,126,Management Consulting,Mumbai,498,9,--,12
NDS InfoServ,3.2,126,BPO,Mumbai,354,12,3,5
Oaknet Healthcare,3.1,126,Pharma,Mumbai,361,6,--,16
Deqode,3.3,126,IT Services & Consulting,Indore,986,21,34,16
Sud Chemie,4.5,126,Chemicals,Vadodara,578,6,--,16
Indian Institute of Science Education and Research,3.8,126,Analytics & KPO,Pune,539,7,--,18
DANA Graziano India,4.1,126,,Ahmedabad,522,11,--,11
Arki Techno Consultants,3.0,126,Engineering & Construction,Bhubaneswar,343,5,--,7
Great Champ Technology Limited,2.8,126,EdTech,Noida,583,5,1,9
Yuto Printing and Packaging,3.3,126,Packaging,Bengaluru,731,20,6,11
Honeywell Building Solutions,3.6,126,Engineering & Construction,Pune,873,7,--,5
Input Zero Technologies,3.6,126,Analytics & KPO,Bengaluru,591,8,30,6
Bridgenext,3.4,126,IT Services & Consulting,Pune,846,10,11,3
Auxein Medical,3.1,126,Medical Equipment,New Delhi,547,12,5,12
Continuum Global Solutions,3.6,126,BPO,Indore,586,10,6,7
Anmol Biscuits,4.3,126,FMCG,Kolkata,313,7,8,11
Geeklurn,3.6,126,EdTech,Bengaluru,132,5,--,2
TableSpace Technologies,3.1,127,Real Estate,Bengaluru,631,24,7,5
PeopleStrong Technologies,3.2,126,Software Product,Gurugram,774,9,--,12
Jaipuria Institute of Management,4.4,126,Education & Training,Lucknow,386,11,9,32
Arki Techno Consultants,3.0,126,Engineering & Construction,Bhubaneswar,343,5,--,7
Geeklurn,3.6,126,EdTech,Bengaluru,132,5,--,2
CallHippo,4.1,129,,Ahmedabad,153,25,24,12
DANA Graziano India,4.1,126,,Ahmedabad,522,11,--,11
Ador Powertron,3.6,126,Electrical Equipment,Pune,497,10,6,9
United Airlines,3.9,126,Aviation,Gurugram,1.8k,33,--,3
Nelson Global Products,3.5,126,Industrial Machinery,Pune,602,12,--,11
Orient Blackswan,4.1,126,Printing & Publishing,Hyderabad,331,6,--,14
C H Robinson Worldwide Freight,3.3,126,Logistics,Mumbai,640,9,--,5
Bridgenext,3.4,126,IT Services & Consulting,Pune,846,10,11,3
InSemi Technology Services,3.9,126,Semiconductors,Bengaluru,1.2k,17,11,5
MSN,3.7,126,Internet,Hyderabad,465,13,--,7
Anmol Biscuits,4.3,126,FMCG,Kolkata,313,7,8,11
HiveMinds Innovative Market Solutions,2.8,126,Marketing & Advertising,Bengaluru,761,15,14,8
Rama group,3.5,126,Real Estate,Pune,731,10,--,4
Impulse,3.4,126,IT Services & Consulting,Gurugram,538,8,--,7
ams OSRAM,3.1,126,Electronics Manufacturing,Bengaluru,778,6,24,2
Bioworld Merchandising,3.5,126,Retail,Gurugram,661,2,--,9
Tasmed,3.4,126,Pharma,Chandigarh,260,6,--,35
Bharatiya Vidya Bhavan,3.9,126,Education & Training,Nagpur,318,2,2,17
Swami Rama Himalayan University,3.9,126,Education & Training,Dehradun,361,7,2,8
Impulse,3.4,126,IT Services & Consulting,Gurugram,538,8,--,7
Atandra Energy,4.3,126,Electronics Manufacturing,Chennai,365,12,6,14
Modelyze Labs,4.8,126,,Bengaluru,36,56,5,38
DELLA LEADERS CLUB,4.6,125,IT Services & Consulting,Mumbai,123,4,21,25
Adnet Global,3.0,125,Animation & VFX,Mumbai,537,4,3,2
Bizbox Publishing,2.8,125,IT Services & Consulting,New Delhi,371,13,1,6
Information Evolution,3.7,125,IT Services & Consulting,Coimbatore,688,9,--,3
HirePro Consulting,3.7,125,Software Product,Bengaluru,691,12,--,22
GREEN POWER INTERNATIONAL,4.3,125,Oil & Gas,Noida,416,7,4,12
Edvoy,4.1,125,,Chennai,314,4,--,56
Hidoc Dr,4.7,126,Internet,Pune,111,37,4,3
Government Polytechnic Nagpur,3.9,125,Education & Training,Pune,314,5,2,9
Mahindra Agri Solutions,3.7,125,Agriculture,Mumbai,404,5,--,18
Sahara India Financial Corporation,3.9,125,Financial Services,Lucknow,348,--,--,12
Verificient Technologies,3.0,125,Emerging Technologies,Pune,672,16,20,9
Gram Panchayat,4.2,125,Government,Pune,347,3,--,4
Alstone Manufacturing,4.0,125,Building Material,New Delhi,260,12,1,2
ABS India,3.8,125,IT Services & Consulting,Bengaluru,1.3k,14,--,4
Bizbox Publishing,2.8,125,IT Services & Consulting,New Delhi,371,13,1,6
Adnet Global,3.0,125,Animation & VFX,Mumbai,537,4,3,2
Oremus Corporate Services,3.7,126,Financial Services,Hyderabad,620,7,3,8
Hombale Constructions and Estates,4.5,125,Engineering & Construction,Bengaluru,465,2,--,24
Bellfast Management,4.2,125,Recruitment,Bengaluru,519,11,7,7
Information Evolution,3.7,125,IT Services & Consulting,Coimbatore,688,9,--,3
Guardian Healthcare Services,3.9,125,Fitness & Wellness,New Delhi,526,8,--,15
Mores Techno Private Limited,4.8,125,Real Estate,Noida,28,9,12,2
BACS HITECH ENGINEERING,3.1,125,Engineering & Construction,Bhilai Nagar,197,9,--,43
Ethara AI,3.3,125,,Gurugram,98,16,--,5
91 Springboard Business Hub,3.9,125,Real Estate,Bengaluru,547,11,18,11
Edvoy,4.1,125,,Chennai,314,4,--,56
Hidoc Dr,4.7,126,Internet,Pune,111,37,4,3
Gram Panchayat,4.2,125,Government,Pune,347,3,--,4
HirePro Consulting,3.7,125,Software Product,Bengaluru,691,12,--,22
Pharmalex,3.3,125,Medical Equipment,Noida,491,15,--,10
ABS India,3.8,125,IT Services & Consulting,Bengaluru,1.3k,14,--,4
Prose Technologies,3.8,125,,Pune,598,5,1,2
Accentuate IT Solutions,3.9,125,IT Services & Consulting,Bengaluru,1.3k,33,--,1
Covenant Consultants,4.2,125,Recruitment,Chennai,676,11,--,12
Consort Builders,4.4,125,Real Estate,Chandigarh,412,12,7,8
Accubits Technologies,3.1,125,IT Services & Consulting,Thiruvananthapuram,562,16,--,7
Express Housekeeper,3.8,125,Facility Management Services,Kolkata,390,4,--,9
DEC Property Management,4.1,125,Facility Management Services,New Delhi,474,10,13,6
Chetak Enterprises,4.5,125,Engineering & Construction,Mumbai,443,--,--,14
JU Agri Sciences,4.3,125,Agro Chemicals,Noida,431,11,4,6
Accentuate IT Solutions,3.9,125,IT Services & Consulting,Bengaluru,1.3k,33,--,1
HERO ECOTECH,3.6,125,Automobile,Ludhiana,501,13,6,10
Kun Hyundai,4.0,125,Automobile,Chennai,603,6,1,7
Seneca Global IT Services,4.2,125,IT Services & Consulting,Hyderabad,876,11,9,9
Zeomega Infotech,3.5,125,IT Services & Consulting,Bengaluru,991,11,2,14
NETIMPACT SOLUTIONS PVT LTD,3.3,125,Analytics & KPO,Noida,470,9,4,2
Bijlipay,3.4,125,FinTech,Chennai,476,8,--,9
Drip Capital,3.5,125,FinTech,Mumbai,564,11,2,40
The Hi-tech Robotic Systemz,3.8,125,Emerging Technologies,Gurugram,533,13,8,11
Sparkline Equipments,4.2,125,Industrial Machinery,Pune,617,3,--,11
Neural IT,3.4,125,Financial Services,Mumbai,553,20,25,5
INTECH Creative Services Pvt. Ltd.,3.8,126,IT Services & Consulting,Gandhinagar,919,15,32,10
TVS Next,3.6,126,IT Services & Consulting,Chennai,1.2k,14,3,9
Sciative Solutions,3.8,125,Software Product,Navi Mumbai,283,38,63,14
Pharmalex,3.3,125,Medical Equipment,Noida,491,15,--,10
Prose Technologies,3.8,125,,Pune,598,5,1,2
TM International Logistics,3.6,125,Logistics,Kolkata,402,10,1,4
Centuary Fibre Plates,4.2,125,Furniture & Furnishing,Hyderabad,533,6,--,8
Tega McNally Minerals,2.8,125,Industrial Machinery,Bengaluru,591,4,1,12
Kanan International,3.1,125,Internet,Vadodara,576,12,1,5
Falabella,2.9,125,Retail,Bengaluru,882,16,--,11
InfinityLabs,3.9,125,IT Services & Consulting,Noida,831,14,3,12
Oncospark India Private Limited,3.7,125,Analytics & KPO,Chennai,603,9,10,6
Aster Pharmacy,3.6,125,Pharma,Bengaluru,454,9,--,4
Rippling,2.7,125,Internet,Bengaluru,1.8k,51,8,6
Covenant Consultants,4.2,125,Recruitment,Chennai,676,11,--,12
Numero Uno Clothing,4.1,125,Fashion & Textile,Gurugram,462,8,2,11
Sri Sai Power and Equipments,3.7,125,Industrial Machinery,Surat,403,7,--,6
Object Frontier Software,3.7,125,IT Services & Consulting,Chennai,1.2k,8,--,16
INFAC,3.8,125,Auto Components,Chennai,546,4,3,9
Sudisa Foundry,3.5,125,Auto Components,Jamshedpur,495,14,2,3
Performics,3.8,125,Marketing & Advertising,Mumbai,911,10,--,8
Dar Group,3.3,125,Architecture & Interior Design,Pune,640,10,--,15
ShipBob,3.9,125,Logistics,New Delhi,421,32,4,2
G.S.E.C,2.9,125,Logistics,Ahmedabad,391,2,--,24
IMARC Group,3.3,125,Analytics & KPO,New Delhi,423,21,1,3
TeamLease Staffing Solutions,3.3,124,Internet,Bengaluru,926,11,--,15
InnoEye Technologies,3.1,124,IT Services & Consulting,Indore,477,6,--,11
Migsun Group,3.2,124,Real Estate,Ghaziabad,594,7,--,4
Dewar's Garage,3.1,124,Automobile,Kolkata,380,3,--,5
Mawai Infotech,3.2,124,IT Services & Consulting,Noida,643,10,2,14
Bilt,4.3,124,Pulp & Paper,Yamunanagar,494,9,--,12
Lincoln Electric,4.0,124,Electrical Equipment,Chennai,696,7,--,18
Indira Gandhi National Open University,4.2,124,Education & Training,New Delhi,307,4,--,9
Jse Engineering Private Limited,3.4,124,Engineering & Construction,Chennai,426,3,--,3
Dentsu Global Services,3.4,124,Marketing & Advertising,Pune,1.3k,17,--,4
JBF Industries,3.5,124,Fashion & Textile,Dadra & Nagar Haveli,588,7,--,13
S10 Healthcare Solutions,3.6,124,Fitness & Wellness,Chennai,318,7,--,14
Retailio,3.8,124,Internet,Mumbai,311,8,2,2
Provab Technosoft,3.0,124,IT Services & Consulting,Bengaluru,645,6,10,2
Kamal Ced Solution,4.1,124,,Gurugram,401,8,1,5
Pearl Organisation,3.3,124,IT Services & Consulting,Dehradun,288,33,11,35
Biyani Technologies,3.6,124,Software Product,Kolhapur,256,33,5,3
Clinic Dermatech,3.0,124,Beauty & Personal Care,New Delhi,459,3,--,6
Suzlon Gujarat Wind Park,4.5,124,Power,Bhuj,330,9,--,27
Gojavas,4.7,124,Logistics,New Delhi,129,1,--,19
Bikayi,2.8,124,Marketing & Advertising,Bengaluru,351,10,--,20
Radiant Enterprise,3.7,124,Furniture & Furnishing,Kolkata,403,4,3,14
Mitratech,3.7,124,Software Product,Hyderabad,975,13,5,16
Religare Housing Development Finance Corporation,4.1,124,Financial Services,New Delhi,295,2,--,8
Indwell,3.6,124,Engineering & Construction,Vijayawada,449,10,--,9
House of Beauty,3.7,124,Internet,Gurugram,195,8,--,59
Galacon Infrastructure and Projects,3.3,124,Engineering & Construction,Hyderabad,269,9,5,5
NASSCOM,3.4,124,IT Services & Consulting,Noida,645,11,9,11
Skanray Technologies,2.5,124,Medical Equipment,Mysuru,662,5,--,9
Kaplan,3.9,124,EdTech,Bengaluru,957,15,5,6
Affordplan,3.1,124,FinTech,Gurugram,486,13,--,10
Avantel,3.6,124,Hardware & Networking,Visakhapatnam,611,15,--,9
TDS Group,4.1,124,Financial Services,New Delhi,480,8,--,5
Floating Numbers Digital Solutions,3.2,124,IT Services & Consulting,Kolkata,286,7,--,27
Prabhudas Lilladher,3.3,124,Financial Services,Mumbai,829,8,--,8
GALAXY OFFICE AUTOMATION,4.1,124,IT Services & Consulting,Mumbai,545,12,12,8
Marc Laboratories,3.2,124,Pharma,Lucknow,381,4,4,8
Zigly,4.2,124,Retail,New Delhi,91,20,--,28
Hi-Tech Arai,3.8,124,Auto Components,Madurai,527,3,--,13
Harsha Toyota,4.1,124,Automobile,Chennai,476,7,--,5
Applore Technologies,4.2,124,IT Services & Consulting,Noida,175,5,2,4
Wave Beverages,3.7,124,Beverage,Amritsar,409,6,--,8
Dormakaba India,3.8,124,Building Material,Chennai,616,2,--,14
Skyi Developers,4.4,124,Real Estate,Pune,391,20,1,4
National Public School,3.4,124,Education & Training,Bengaluru,616,7,9,5
Indian Institute of Commerce Lakshya,4.1,125,Education & Training,Bengaluru,328,35,18,6
Sicagen,3.7,124,Industrial Automation,Chennai,433,8,11,11
Saarloha Advanced Materials,3.2,124,Iron & Steel,Pune,606,7,1,5
Geekyants Software,3.2,124,IT Services & Consulting,Bengaluru,1.1k,32,15,15
Infotree Global Solutions,3.1,124,Recruitment,Jammu,426,8,--,7
Pipeline Infrastructure,4.1,124,Oil & Gas,Mumbai,490,7,1,7
ACPL Systems,3.4,124,Law Enforcement & Security,Gurugram,756,8,--,11
Caterpillar Signs,3.3,124,Printing & Publishing,Ahmedabad,520,5,25,3
Xome,4.2,124,Internet,Chennai,680,15,2,30
Local Company,4.1,124,Real Estate,New Delhi,2.3k,13,--,7
APPL Industries,3.7,124,Chemicals,Pune,599,4,--,10
Bird Group,2.8,124,Aviation,New Delhi,594,9,1,6
Ars Steels,3.6,124,Iron & Steel,Chennai,634,14,--,3
Badafinance S&P Services,4.1,124,,Mumbai,66,4,--,1
MPOnline,3.3,124,IT Services & Consulting,Bhopal,471,6,--,14
Oxane Partners,3.3,124,Financial Services,Gurugram,1.4k,34,24,8
Felix Generics,3.8,125,Pharma,Indore,578,7,3,11
NexWave Talent Management Solutions,3.4,124,Recruitment,Hyderabad,658,11,--,5
Shri Venkateshwara University,3.7,109,Education & Training,New Delhi,484,7,19,6
Government of Madhya Pradesh,3.9,123,Government,Bhopal,506,2,--,8
Everest Blowers & Vacuum Pumps,3.4,123,Industrial Machinery,New Delhi,557,4,--,11
NU Hospitals,3.8,123,Healthcare,Bengaluru,381,9,12,11
Digiperform,3.4,123,Education & Training,New Delhi,333,9,4,3
Cartrade.com,3.7,123,Internet,Mumbai,488,12,5,7
Dexian DISYS,3.2,123,IT Services & Consulting,Chennai,747,16,28,1
Saraswati Vidya Mandir,3.9,123,Education & Training,New Delhi,360,5,4,11
CNK & Associates,3.2,123,Accounting & Auditing,Mumbai,593,7,--,9
BML Munjal University,4.1,123,Education & Training,Gurugram,427,6,3,11
Ayushman Hospital & Health Services,3.8,123,Healthcare,New Delhi,524,4,6,4
Indus International School,3.3,123,Education & Training,Bengaluru,343,5,--,16
Wicked Ride Adventures,4.1,123,Internet,Bengaluru,630,1,--,11
Nimap Infotech,3.3,123,IT Services & Consulting,Mumbai,621,35,--,13
Arvog,4.6,123,Financial Services,Mumbai,100,73,13,21
Arvog,4.6,123,Financial Services,Mumbai,100,73,13,21
Digiperform,3.4,123,Education & Training,New Delhi,333,9,4,3
Cartrade.com,3.7,123,Internet,Mumbai,488,12,5,7
MAHLE Holding (India),3.8,123,Auto Components,Pune,658,2,--,10
GO MO Group AB,4.0,123,Marketing & Advertising,Pune,206,9,4,34
Menzies Aviation Bobba,3.7,124,Aviation,Bengaluru,318,6,--,15
Saraswati Vidya Mandir,3.9,123,Education & Training,New Delhi,360,5,4,11
BML Munjal University,4.1,123,Education & Training,Gurugram,427,6,3,11
CNK & Associates,3.2,123,Accounting & Auditing,Mumbai,593,7,--,9
Xtrim Global Solutions,4.6,123,BPO,Indore,65,14,1,23
Bernhard Schulte Shipmanagement,4.2,123,Ports & Shipping,Mumbai,518,6,5,9
Shiv Nadar University,4.1,123,Education & Training,New Delhi,642,11,5,12
Midco,3.6,123,Telecom,Mumbai,208,--,1,17
iPlace,3.7,123,,Pune,603,4,--,9
CL MICROMED,4.0,123,Medical Equipment,New Delhi,224,13,--,8
DAS Offshore Engineering,3.8,123,Industrial Machinery,Mumbai,531,5,24,9
Scorg International,3.3,123,Recruitment,Bengaluru,690,12,--,6
ICG Medical,2.3,123,Recruitment,Gurugram,538,7,--,7
Government of Kerala,4.0,123,Government,Thiruvananthapuram,578,4,--,7
Jagannath Gupta Institute of Medical Sciences & Hospital,3.5,123,Healthcare,Kolkata,481,4,4,9
Paytm Mall,3.6,123,Internet,Noida,877,7,--,15
bluCognition,3.1,123,IT Services & Consulting,Pune,570,10,9,8
Kyocera Document Solutions India,3.5,123,Printing & Publishing,Gurugram,562,9,3,10
S.R. Batliboi & Associates,3.0,123,Accounting & Auditing,Bengaluru,1.4k,5,--,2
Midco,3.6,123,Telecom,Mumbai,208,--,1,17
Union Mutual Fund,3.4,123,Financial Services,Mumbai,555,10,--,5
Jagannath Gupta Institute of Medical Sciences & Hospital,3.5,123,Healthcare,Kolkata,481,4,4,9
iPlace,3.7,123,,Pune,603,4,--,9
Xtrim Global Solutions,4.6,123,BPO,Indore,65,14,1,23
CL MICROMED,4.0,123,Medical Equipment,New Delhi,224,13,--,8
Vianaar Homes,3.9,123,Real Estate,New Delhi,498,9,2,6
Uttam Sugar Mills,3.9,123,Food Processing,Roorkee,408,5,1,8
MSP Group,3.8,123,,Raigarh,445,9,--,9
Shore Infotech India,2.9,123,IT Services & Consulting,Hyderabad,754,8,1,10
Vydehi Institute Of Medical Sciences And Research Centre,3.6,123,Healthcare,Bengaluru,501,6,20,18
Adyar Ananda Bhavan Sweets,4.0,123,Hospitality,Chennai,499,8,4,14
Maxvalue Credits & Investments,3.8,123,NBFC,Thrissur,585,10,1,5
ICG Medical,2.3,123,Recruitment,Gurugram,538,7,--,7
Government of Kerala,4.0,123,Government,Thiruvananthapuram,578,4,--,7
Bernhard Schulte Shipmanagement,4.2,123,Ports & Shipping,Mumbai,518,6,5,9
Shiv Nadar University,4.1,123,Education & Training,New Delhi,642,11,5,12
The Digital Group Infotech,3.4,123,IT Services & Consulting,Pune,855,7,54,5
Creative Projects & Contracts,4.1,123,Engineering & Construction,Jaipur,423,10,3,4
Mendine Pharmaceuticals,4.5,123,Pharma,Kolkata,289,15,167,8
Nirmaan Organization,3.6,123,Financial Services,Hyderabad,398,8,1,6
LS Cable,4.4,123,Electrical Equipment,Gurugram,520,8,1,18
Global Group,4.0,123,Engineering & Construction,Pune,530,11,8,5
Cybernetik Technologies,4.0,123,Industrial Automation,Pune,673,7,--,11
Claritus Management Consulting,4.2,123,IT Services & Consulting,Noida,438,17,--,40
Stratogent Technology Services,3.1,123,IT Services & Consulting,Bengaluru,736,10,10,7
TekFriday Processing Solutions,3.5,123,Financial Services,Hyderabad,735,12,19,11
ITDOSE INFOSYSTEMS,3.2,123,IT Services & Consulting,Noida,506,17,21,8
Shreeja Mahila Milk Producer Company,4.3,123,Food Processing,Tirupati,317,7,--,18
Pinnacle Life Science,3.5,123,,Baddi,605,6,8,3
Viswaat Chemicals,3.7,123,Chemicals,Mumbai,720,5,6,14
Diversey India Hygiene,3.9,123,,Mumbai,632,9,--,22
R.k.industries,3.7,123,Industrial Machinery,Chennai,670,2,--,5
Gemba Concepts,3.1,123,Management Consulting,Bengaluru,436,17,7,7
Auxilo Finserve,3.7,123,NBFC,Mumbai,643,9,9,3
Raj Process Equipments And System,3.7,123,Industrial Machinery,Pune,412,15,25,3
South India Krishna Oil & Fat,4.2,123,Oil & Gas,Nellore,469,7,--,13
Platinum One,3.4,123,BPO,Mumbai,464,8,5,11
Rocket Software,4.1,123,IT Services & Consulting,Pune,1.2k,16,14,10
Sobha Projects and Trade,4.2,123,Engineering & Construction,Bengaluru,618,7,4,6
Chinmaya Vidyalaya,3.9,123,Education & Training,New Delhi,364,3,2,7
Sandip University,3.2,122,Education & Training,Nashik,408,8,--,10
Hitachi Rail STS,4.0,122,Railways,Bengaluru,492,6,--,7
Anna University,4.1,122,Education & Training,Chennai,664,12,--,12
Gadre Marine Export,3.7,122,Food Processing,Ratnagiri,548,7,6,9
Terminal Technologies (i),4.2,122,Telecom,Pune,528,8,--,8
Artson Engineering,4.0,122,Engineering & Construction,Hyderabad,549,13,7,17
TRACKS AND TOWERS INFRATECH,3.7,122,Engineering & Construction,Hyderabad,509,8,20,11
Integral University,3.5,122,Education & Training,Lucknow,391,3,--,6
Rotary Engineering,4.1,122,Oil & Gas,Chennai,328,4,--,8
Paladion Networks,3.7,122,Hardware & Networking,Bengaluru,645,6,--,16
INTERPLEX,4.1,122,Industrial Automation,Bengaluru,673,7,--,11
Smarter BIZ Technologies,3.1,122,IT Services & Consulting,Bengaluru,318,14,--,12
Chemtrols Industries,3.2,122,Industrial Automation,Mumbai,418,3,2,13
Futures Group,4.6,122,Retail,New Delhi,684,2,--,16
Chumbak Design,3.4,122,Retail,Bengaluru,457,7,--,11
Glowlogics Solutions,4.2,122,,Bengaluru,30,58,--,2
Total IT Global,3.7,122,IT Services & Consulting,New Delhi,666,17,4,11
Saboo RKS Motor,4.1,122,Automobile,Hyderabad,428,7,--,7
Udaan Technologies,3.8,122,IT Services & Consulting,Bengaluru,544,6,--,12
The Heritage School,3.7,122,Education & Training,New Delhi,357,13,--,15
Polmon Instruments,3.5,122,Industrial Automation,Hyderabad,486,7,1,7
Rds Project,3.4,122,Real Estate,New Delhi,549,5,--,13
SPS Hospitals,3.9,122,Healthcare,Ludhiana,299,6,11,5
DQ Entertainment,3.3,122,Animation & VFX,Hyderabad,282,1,--,13
Entra Solutions,3.3,122,Financial Services,Gurugram,521,11,--,17
Medhavi Skills University,4.4,122,Education & Training,Kolkata,208,27,83,1
EB1A Experts,4.4,123,,Hyderabad,150,38,--,24
Nova Techset,3.3,122,Printing & Publishing,Chennai,625,8,5,4
Pride Technologies,3.3,122,Recruitment,Chennai,1k,4,--,5
DentalKart,2.9,122,Internet,New Delhi,552,10,14,4
PalTech,4.0,122,IT Services & Consulting,Hyderabad,721,48,3,3
Customer Analytics,4.1,122,IT Services & Consulting,Chennai,902,8,--,17
Biomatrix Healthcare,3.6,122,,Ahmedabad,547,13,16,9
Parekh Group,3.6,122,Logistics,Mumbai,671,6,3,7
Glance,3.4,122,Internet,Bengaluru,918,19,25,2
Stridely Solutions,2.8,122,IT Services & Consulting,Ahmedabad,815,9,--,4
PGEIN,3.5,122,Accounting & Auditing,Chandigarh,214,5,--,56
NGRT Systems Private Limited,3.6,122,Retail,Nagpur,364,10,9,6
Expound Technivo,4.3,122,IT Services & Consulting,Mumbai,417,13,8,7
Vardhman Acrylics,3.6,122,Fashion & Textile,Bharuch,558,9,5,4
ATS Services,3.5,122,Analytics & KPO,New Delhi,445,12,6,10
Rij Engineering,4.1,122,Auto Components,Pune,496,6,1,9
BramhaCorp,3.5,123,Real Estate,Pune,627,12,3,10
Netxcell,3.4,122,Telecom,Hyderabad,651,7,4,10
MNR Solutions,4.1,122,Recruitment,Noida,279,18,30,23
Petron Engineering Construction,4.4,122,Engineering & Construction,Mumbai,357,2,--,14
AJ Hospital and Research Centre,3.7,122,Healthcare,Mangaluru,420,6,22,5
Biomerieux,3.2,122,Biotechnology,New Delhi,425,8,1,13
Travclan Technology India,3.4,122,Travel & Tourism,New Delhi,557,61,26,1
MSG Global Solutions,3.9,122,IT Services & Consulting,Bengaluru,868,25,3,29
Belden,3.4,122,Industrial Machinery,Pune,865,9,8,14
Iswarya Fertility Centre,3.2,122,Healthcare,Chennai,492,8,--,2
Oriental Rubber Industries,3.0,122,Petrochemicals,Pune,685,12,5,11
ElringKlinger AG,3.7,123,Auto Components,Pune,602,3,--,12
Citi Style,4.2,122,Retail,Kolkata,265,7,6,8
Oriental Rubber Industries,3.0,122,Petrochemicals,Pune,685,12,5,11
Elysium Pharmaceuticals,3.3,122,Pharma,Vadodara,505,4,--,3
Veoneer India,3.9,122,Auto Components,Bengaluru,1.1k,9,4,11
R M Chemicals,3.5,122,FMCG,Baddi,453,14,1,17
Accordion (India),2.7,122,Management Consulting,Hyderabad,849,19,23,3
Absolutelabs,4.3,122,IT Services & Consulting,Hyderabad,152,11,17,5
Steelcase Asia Pacific Holdings India,3.6,122,Furniture & Furnishing,Pune,758,7,--,14
Decision Minds,3.5,122,IT Services & Consulting,Bengaluru,589,9,--,5
Lyka Labs,3.8,122,Pharma,Ankleshwar,529,9,7,5
M.P. State Electronics Development Corporation,3.6,122,,Bhopal,520,8,--,1
Sher-I-Kashmir Institute of Medical Sciences,4.2,122,Healthcare,Srinagar,269,4,--,2
Electronica India Limited,4.6,122,,Pune,224,11,--,--
Net Business Solutions,3.7,122,IT Services & Consulting,Mumbai,672,4,--,4
The Web Plant,2.7,121,IT Services & Consulting,New Delhi,315,9,--,36
Government Polytechnic College,3.9,121,Education & Training,Bengaluru,337,6,--,8
Smpp,3.5,121,Defence & Aerospace,New Delhi,251,6,--,2
IBCC Industries,4.0,121,,Ahmedabad,417,12,2,5
IBN Technologies,3.6,121,Financial Services,Pune,610,10,25,6
Vistaprint,3.4,121,Internet,Mumbai,464,11,--,18
Kalpa Electrikal,3.6,121,Electrical Equipment,Bengaluru,661,14,2,9
HWASHIN Automotive,3.8,121,Auto Components,Chennai,530,4,3,15
Wizertech Informatics,4.3,121,IT Services & Consulting,Kolkata,512,2,3,9
DY Patil University,3.4,121,Education & Training,Pune,720,11,--,9
SKDRDP,4.3,121,Non-Profit,Bengaluru,200,9,--,11
Suhail Bahwan Automobiles,4.0,121,Auto Components,Muscat,292,3,--,22
Techwise Digital,4.7,121,IT Services & Consulting,Bengaluru,109,23,--,5
Keltron,4.2,121,Electronics Manufacturing,Thiruvananthapuram,340,7,--,11
Futuretech Factory One,4.5,121,IT Services & Consulting,Pune,27,49,--,2
EasyBuy Lifestyle,3.9,121,Retail,Bengaluru,412,5,16,10
Media NV,4.5,121,,Ahmedabad,129,48,--,2
Vectone Mobile,1.7,121,Telecom,Chennai,565,12,--,43
Bankedge,4.0,121,Education & Training,Mumbai,175,13,--,27
iLabz Technology,3.2,121,Recruitment,Bengaluru,749,7,--,5
Derewala Jewellery Industries,3.5,121,Jewellery,Jaipur,565,9,--,5
AFour Technologies,3.4,121,IT Services & Consulting,Pune,1.3k,13,6,11
HuntingCube Recruitment Solution,3.9,121,Recruitment,Noida,407,15,4,--
Accuster Technologies,2.2,121,Healthcare,New Delhi,355,13,9,28
Affordable Robotic and Automation,2.8,121,IT Services & Consulting,Pune,614,4,--,8
BetterPlace Select,4.2,121,Recruitment,Bengaluru,677,11,--,17
Maaden Phosphate Company,4.3,121,Metals & Mining,Chennai,291,11,--,18
DY Patil University,3.4,121,Education & Training,Pune,720,11,--,9
Morarjee Textiles,3.8,121,Fashion & Textile,Nagpur,411,6,3,10
CoreEL Technologies,3.8,121,Electronics Manufacturing,Bengaluru,886,7,10,16
Finulent Solutions,4.1,121,Power,Mumbai,500,29,1,4
Mobikasa,3.8,121,IT Services & Consulting,New Delhi,506,17,--,10
Antier Solutions,2.8,121,IT Services & Consulting,Sahibzada Ajit Singh Nagar,795,15,107,4
L&T SuFin,3.2,121,Internet,Mumbai,357,17,--,8
Brahmaputra Cracker and Polymer,4.2,121,,Dibrugarh,671,4,--,7
INDI IT SOLUTIONS,4.4,121,IT Services & Consulting,Sahibzada Ajit Singh Nagar,104,2,--,2
Shreeyam Power And Steel Industries,4.0,121,Iron & Steel,Gandhidham,457,11,4,10
KLC CONSTRUCTION,3.8,121,Engineering & Construction,Hyderabad,488,9,--,8
Guru Amardass International,3.5,121,Electronics Manufacturing,Noida,357,7,5,7
Yingjia Communication Private Limited,4.4,121,Telecom,Kolkata,346,5,--,3
Reliable Spaces,2.7,121,Real Estate,Mumbai,434,11,--,5
Sentini,3.6,121,,Vijayawada,503,4,4,5
BARSYL,3.6,121,Railways,Hyderabad,370,10,--,14
Gandhar Oil Refinery India,3.2,121,Oil & Gas,Mumbai,518,8,2,5
Cigna,3.3,121,Internet,Bengaluru,964,10,--,7
Texport Syndicate India,3.8,121,Fashion & Textile,Bengaluru,496,3,1,7
MAHLE Engineering,3.9,121,,Pune,681,13,--,10
Guru Amardass International,3.5,121,Electronics Manufacturing,Noida,357,7,5,7
Mani Group,3.5,122,Real Estate,Kolkata,370,6,--,8
Indiana Gratings,3.4,121,Import & Export,Pune,466,7,32,35
Hindustan Copper,4.0,121,Metals & Mining,Kolkata,586,4,--,13
BARSYL,3.6,121,Railways,Hyderabad,370,10,--,14
IndiQube,4.1,121,Real Estate,Bengaluru,960,13,--,6
RD Public School,3.9,121,Education & Training,Betul,509,6,5,5
Sarens Heavy Lift India,3.7,121,Industrial Machinery,New Delhi,478,2,--,7
Adarsh Group,4.5,121,,Bengaluru,630,1,--,2
Haridwar University,4.4,121,Education & Training,Roorkee,62,15,--,1
Spl Infrastructure,4.0,121,Engineering & Construction,Chennai,624,5,12,10
FiftyFive Technologies,4.2,121,IT Services & Consulting,Jaipur,451,52,8,17
CliniSys Group,3.2,121,IT Services & Consulting,Bengaluru,745,10,27,10
Shindengen,3.7,121,Semiconductors,Bengaluru,626,6,7,7
Paradigm IT,3.3,121,IT Services & Consulting,Hyderabad,651,5,26,7
Rolex Rings,3.8,121,Industrial Machinery,Rajkot,547,4,9,13
ABB GISL,3.9,121,Electrical Equipment,Bengaluru,809,10,--,24
BYD India,3.2,121,Automobile,Chennai,661,8,5,7
Orient Fashions,4.0,121,Fashion & Textile,New Delhi,416,3,--,11
KSB Tech,3.4,120,Industrial Machinery,Pune,581,13,--,17
GOOD,4.4,120,Marketing & Advertising,Bengaluru,256,76,--,12
Finolex Plasson Industries,3.9,120,Industrial Machinery,Pune,394,4,--,6
ProProfs,4.0,120,Software Product,Noida,536,7,--,8
Shj International,4.4,120,IT Services & Consulting,Indore,193,24,12,8
Quampetence Business Solutions,3.0,120,BPO,Gurugram,384,4,--,10
Emeritus,3.3,120,,Mumbai,629,8,7,5
uCertify,3.7,120,EdTech,Noida,382,20,--,8
Winsome Textile Industries,3.3,120,Fashion & Textile,Baddi,537,8,15,18
TEXILA AMERICAN UNIVERSITY,3.9,120,Education & Training,Coimbatore,225,6,5,50
Assurance Intl Limited,3.4,133,Auto Components,Gurugram,306,11,31,12
Simeio Solutions,3.8,120,IT Services & Consulting,Bengaluru,866,9,14,13
ADNH Compass,4.3,120,Hospitality,Abu Dhabi,153,10,--,24
Epicu Agro Products,3.1,120,Food Processing,Ambala,444,6,--,4
Bharat Intern,3.9,120,,Hyderabad,65,11,--,--
Amco Batteries,4.3,121,Auto Components,Chennai,392,5,--,24
Aayan Infotech,4.8,120,IT Services & Consulting,Lucknow,34,12,--,8
Upland Software,4.7,120,Software Product,Bengaluru,202,20,--,10
Jamkash Vehicleades,3.3,120,Automobile,Jammu,285,4,2,8
Gandour India Food Processing,4.2,120,Food Processing,Hyderabad,420,5,1,11
Ministry of Rural Development India,3.6,120,Government,New Delhi,530,6,11,10
Edukyu,3.8,120,EdTech,Noida,239,19,3,8
Twin Health,3.1,120,Healthcare,Bengaluru,563,11,15,12
Ramkrishna Care Hospital,3.6,120,Healthcare,Raipur,377,5,--,6
Pune Property Investor,4.7,120,Real Estate,Pune,28,13,1,1
Agilisium,3.1,120,IT Services & Consulting,Chennai,1.1k,15,16,9
Spack Automotives,3.3,120,,Greater Noida,496,14,1,7
Maithan Steel And Power,3.7,120,Building Material,Asansol,573,10,--,2
Dubai Electricity & Water Authority (DEWA),3.4,120,Power,Dubai,398,11,--,12
Rajasthan Antibiotics,3.6,120,Pharma,Bhiwadi,396,10,--,2
PVR PROJECTS,3.7,120,Engineering & Construction,Hyderabad,440,14,2,9
GlobalHunt,3.9,120,Recruitment,New Delhi,696,16,1,20
SEPC Limited,4.3,120,Oil & Gas,Chennai,442,5,--,17
Josh Software,3.0,120,IT Services & Consulting,Pune,1k,21,6,8
Acme Services,4.3,120,Recruitment,Mumbai,289,33,4,1
Netradyne Technology,3.1,120,Software Product,Bengaluru,1k,8,45,5
Honeywell Aerospace,3.5,120,,Bengaluru,941,14,--,4
IMA-PG,3.7,120,Medical Equipment,Indore,577,7,--,10
Centric Consulting,3.5,120,IT Services & Consulting,Gurugram,956,20,3,5
iQuest Management Consultants,3.4,120,Recruitment,Pune,441,13,2,11
SAIL Bokaro Steel Plant,4.0,120,Iron & Steel,Bokaro,396,18,--,5
Rajasthan Antibiotics,3.6,120,Pharma,Bhiwadi,396,10,--,2
Hemmersbach,3.2,120,IT Services & Consulting,Bengaluru,584,11,10,7
T&T Group,4.0,120,Real Estate,Noida,385,8,4,6
Nagravision,3.5,120,IT Services & Consulting,Bengaluru,806,18,--,12
Reliance Broadcast Network,3.3,120,Broadcasting,Mumbai,648,6,--,6
Ingenuity Gaming,2.8,120,Food Processing,Noida,944,18,1,7
TEXILA AMERICAN UNIVERSITY,3.9,120,Education & Training,Coimbatore,225,6,5,50
KMK Ventures,4.0,120,Accounting & Auditing,Ahmedabad,386,8,3,1
EMDAD LLC,4.3,120,Oil & Gas,Mumbai,301,12,--,13
IMA-PG,3.7,120,Medical Equipment,Indore,577,7,--,10
Highly Electrical Appliances India,3.4,121,Electrical Equipment,Ahmedabad,633,4,9,12
Acme Services,4.3,120,Recruitment,Mumbai,289,33,4,1
Assurance Intl Limited,3.4,133,Auto Components,Gurugram,306,11,31,12
Honeywell Aerospace,3.5,120,,Bengaluru,941,14,--,4
Ahlcon Parenterals,4.6,120,Pharma,Bhiwadi,390,6,--,16
IND-SPHINX PRECISION,4.1,120,Industrial Machinery,Solan,398,6,2,12
Lansum Properties,3.9,120,Real Estate,Hyderabad,468,8,7,9
Br.CAT International,3.8,120,Oil & Gas,Dammam,197,13,--,12
SAAB ENGINEERING,3.9,120,Auto Components,Bengaluru,525,4,4,7
Jeeva Organic,3.6,120,Pharma,Bhubaneswar,301,19,1,11
Patanjali Parivahan,3.7,120,Logistics,Haridwar,474,9,--,3
AL JABER GROUP,3.2,120,Engineering & Construction,Abu Dhabi,250,7,--,18
Minfy Technologies,3.0,120,IT Services & Consulting,Hyderabad,1.1k,8,48,2
Wealth Clinic,3.1,120,Real Estate,Noida,419,12,7,7
Detroit Engineered Products,3.3,120,Software Product,Chennai,935,13,21,10
Vasu Chemicals,3.8,121,Waste Management,Mumbai,438,14,--,9
ERD Technologies,3.5,120,Electronics Manufacturing,Noida,549,8,10,6
Acsia Technologies,3.0,120,Automobile,Thiruvananthapuram,799,13,12,9
ADA Tech Solutions Private Limited,3.6,120,BPO,Pune,346,10,3,1
Graphic Era Institute of Medical Sciences,3.6,120,,Dehradun,347,12,--,2
Kale Logistics Solutions,3.1,120,Software Product,Mumbai,832,16,13,8
JMD Group,3.9,119,Real Estate,Gurugram,579,4,--,4
Hipad Technology India,4.0,119,Electronics Manufacturing,Noida,385,3,--,20
Namaste Credit,3.1,119,FinTech,Bengaluru,591,10,--,11
Comed Chemicals,3.7,119,Pharma,Vadodara,471,13,5,6
MAMTA Health Institute for Mother and child,4.2,119,Healthcare,New Delhi,278,4,--,15
Abhyudaya Co-operative Bank,3.9,119,Banking,Mumbai,487,2,--,8
Municipal Corporation of Greater Mumbai,3.7,119,Government,Mumbai,495,4,--,15
PG Technoplast,3.9,119,,Pune,437,8,--,3
RED CHIEF,3.8,119,Retail,Kanpur,298,6,--,14
Eben Telecom,3.9,119,Telecom,Kochi,323,12,8,2
inTarvo Technologies,4.4,119,BPO,Noida,352,1,--,16
Fotografik Enterprises,3.6,119,Media & Entertainment,Chandigarh,356,5,--,8
Mersen,3.7,119,Industrial Machinery,Bengaluru,570,6,1,8
Seeh Al Sarya Engineering,3.6,119,Oil & Gas,Muscat,422,1,--,5
First Connect Health,4.5,119,Healthcare,Noida,80,47,--,8
Grohe,4.1,119,Architecture & Interior Design,Gurugram,442,9,--,8
Hotel Sahara Star,3.5,119,Hospitality,Mumbai,398,2,10,16
Digitas,3.6,119,Marketing & Advertising,Mumbai,903,6,--,10
KTM,3.8,119,Automobile,Pune,373,3,--,5
Wockhardt Biotech Park,3.9,119,Pharma,Chhatrapati Sambhajinagar,374,7,--,11
NDTV Network,3.0,119,Broadcasting,New Delhi,626,5,--,21
Success Pact Consulting,3.8,119,Recruitment,Noida,325,13,--,8
JK Organisation,3.9,119,Auto Components,New Delhi,610,7,--,2
Masters Management Consultants,4.0,119,Real Estate,Mumbai,392,4,--,7
iRISE India,3.3,120,Engineering & Construction,Mumbai,442,7,1,6
Seven Seas Hotel,2.9,119,Hospitality,New Delhi,388,5,--,6
Vaibhav Plasto Printing & Packaging,4.0,119,Packaging,Nagpur,443,13,3,5
India Ratings & Research,3.4,119,Financial Services,Mumbai,628,12,--,12
Sjr Prime Corporation,4.0,119,Real Estate,Bengaluru,320,14,--,7
Sjr Prime Corporation,4.0,119,Real Estate,Bengaluru,320,14,--,7
Municipal Corporation of Greater Mumbai,3.7,119,Government,Mumbai,495,4,--,15
India Ratings & Research,3.4,119,Financial Services,Mumbai,628,12,--,12
Mobily Infotech,3.1,119,Telecom,Bengaluru,888,7,4,10
Adaequare,3.2,119,IT Services & Consulting,Hyderabad,790,9,7,30
Govt of Karnataka,3.8,119,Government,Bengaluru,584,3,--,11
ImpactQA,3.9,119,IT Services & Consulting,Noida,588,15,1,31
21K School,3.2,119,EdTech,Bengaluru,289,10,33,4
Learnbay,3.6,119,,Bengaluru,445,5,--,2
Quadlabs Technologies,2.9,119,Software Product,Gurugram,432,6,15,2
Saviynt,3.1,120,Software Product,Bengaluru,1.1k,24,47,14
Emerald Haven Realty,3.7,119,Real Estate,Chennai,591,12,3,9
Golcha Associated Group,3.8,119,Metals & Mining,Udaipur,421,9,13,11
Breach Candy Hospital Trust,4.0,119,Healthcare,Mumbai,378,7,8,13
Stonemen Crafts,3.8,119,Furniture & Furnishing,Agra,512,6,4,5
Integer Telecom Services,2.9,119,,Noida,350,22,--,3
Pavna Group of Industries,3.5,120,Auto Components,Aligarh,488,9,1,3
Nissan Digital,3.5,119,IT Services & Consulting,Thiruvananthapuram,756,9,--,6
VProtect,3.1,119,,Gurugram,361,10,2,4
Cinntra Info Tech Solutions,3.5,119,IT Services & Consulting,Noida,399,9,9,10
ImpactQA,3.9,119,IT Services & Consulting,Noida,588,15,1,31
21K School,3.2,119,EdTech,Bengaluru,289,10,33,4
R K Construction,4.1,119,Engineering & Construction,Jamshedpur,594,5,--,7
Woxsen University,3.2,119,,Hyderabad,375,23,--,1
Mindspace Outsourcing Services,3.6,119,,Jaipur,292,5,3,14
Faze Three,3.4,119,Fashion & Textile,Dadra & Nagar Haveli,649,11,9,8
Appventurez,2.8,119,IT Services & Consulting,Noida,693,19,--,4
Kcm Appliances,3.6,119,Consumer Electronics & Appliances,Bengaluru,526,4,5,8
Mobily Infotech,3.1,119,Telecom,Bengaluru,888,7,4,10
Saviynt,3.1,120,Software Product,Bengaluru,1.1k,24,47,14
T.R. Sawhney Motors,3.8,119,Automobile,New Delhi,366,--,--,11
Senrysa Technologies,4.2,119,IT Services & Consulting,Kolkata,330,10,--,15
Featherlite,3.4,119,Furniture & Furnishing,Bengaluru,753,5,--,8
Manipal Global Education Services,3.6,119,Education & Training,Bengaluru,890,3,--,14
Advanz Pharma,4.1,119,Pharma,Mumbai,495,9,7,7
U K Paints,3.0,119,Building Material,New Delhi,388,13,--,10
Mitarsh Energy,4.4,120,Power,Ahmedabad,281,11,10,6
TopSource,3.6,119,Other,Pune,399,10,5,1
Syscom Corporation,4.4,119,IT Services & Consulting,Noida,381,4,--,21
Bnk Power Solution,3.7,119,Power,Nagpur,392,8,4,7
Central Board of Secondary Education,4.3,119,Government,New Delhi,564,5,--,7
Infomerica,3.2,119,IT Services & Consulting,Hyderabad,766,7,6,1
Gvr Technolabs,3.6,119,Engineering & Construction,Bengaluru,465,8,14,6
Bnk Power Solution,3.7,119,Power,Nagpur,392,8,4,7
Woodkraft (India) Private Limited,3.3,119,Real Estate,Bengaluru,502,5,10,12
Ksk Energy Ventures,4.5,119,Oil & Gas,Hyderabad,399,5,2,18
Maharashtra State Power Generation Company,4.3,119,Power,Nagpur,220,--,--,9
Khosla Profil Private Limited,3.4,119,Fashion & Textile,Mumbai,561,20,1,6
Runwal Realty,3.6,119,Real Estate,Mumbai,552,6,65,6
Pratian Technologies,2.4,118,IT Services & Consulting,Bengaluru,557,9,--,7
Sofitel Luxury Hotel,4.1,118,Hospitality,Mumbai,349,9,1,13
HP Global e-Business Operations,4.2,118,BPO,Bengaluru,521,9,--,18
BITS Pilani,3.8,118,Education & Training,Hyderabad,585,12,--,15
2050 Healthcare,3.0,118,Healthcare,Bengaluru,338,1,--,3
BeeperMD,3.8,118,,Chandigarh,153,25,--,2
iB Hubs,4.1,118,IT Services & Consulting,Kurnool,218,6,--,73
Agile Capital Services,2.5,118,,New Delhi,71,18,--,1
Durovalves India,3.3,118,Auto Components,Chhatrapati Sambhajinagar,374,7,--,10
Central Electronics,3.8,118,Government,Ghaziabad,565,7,--,11
Acme Industries,4.0,118,,Guwahati,293,6,--,4
PaywithRING,4.1,118,FinTech,Mumbai,328,18,3,1
Sofitel Luxury Hotel,4.1,118,Hospitality,Mumbai,349,9,1,13
Pratian Technologies,2.4,118,IT Services & Consulting,Bengaluru,557,9,--,7
2050 Healthcare,3.0,118,Healthcare,Bengaluru,338,1,--,3
iB Hubs,4.1,118,IT Services & Consulting,Kurnool,218,6,--,73
BeeperMD,3.8,118,,Chandigarh,153,25,--,2
Windals Precision,3.4,118,Auto Components,Pune,528,5,1,9
Central Electronics,3.8,118,Government,Ghaziabad,565,7,--,11
iXceed Solutions,4.0,118,Recruitment,Noida,190,18,2,9
Trend Technologies,3.9,118,,Pune,468,13,--,13
MyOperator,3.7,118,Software Product,Noida,415,41,5,9
Suncity Projects,4.2,118,Real Estate,Gurugram,491,7,--,10
ACCE GLOBAL SOFTWARE,3.7,118,Software Product,Kolkata,154,13,1,23
SCOPE T&M,3.5,118,Import & Export,Pune,552,14,3,14
24seven,4.5,118,Retail,New Delhi,415,6,--,12
BAPS Shastriji Maharaj Hospital,4.4,118,Healthcare,Vadodara,134,--,--,1
Lark Laboratories (I),2.9,118,Pharma,Bhiwadi,349,9,--,7
Beetel Teletech,3.7,118,Telecom,Gurugram,508,5,--,8
Nath Bio - Genes,4.1,119,Agro Chemicals,Chhatrapati Sambhajinagar,349,7,3,14
Soffit Infrastructure Services,3.7,118,Real Estate,Kochi,324,6,23,4
Lark Laboratories (I),2.9,118,Pharma,Bhiwadi,349,9,--,7
Nath Bio - Genes,4.1,119,Agro Chemicals,Chhatrapati Sambhajinagar,349,7,3,14
Soffit Infrastructure Services,3.7,118,Real Estate,Kochi,324,6,23,4
Oswal Industries,3.3,118,Financial Services,Ahmedabad,478,5,3,10
Progression Infonet,4.2,118,IT Services & Consulting,Gurugram,550,6,1,8
anovIP,3.3,118,Legal,New Delhi,350,9,14,7
SKM Animal Feeds and Foods,3.2,119,Food Processing,Erode,585,5,--,5
Chevron,3.5,119,Oil & Gas,Bengaluru,917,22,1,7
Velvex,3.8,118,,Mumbai,456,15,--,3
Veena world,3.7,118,Travel & Tourism,Mumbai,467,1,106,16
Velan Info Services,3.4,118,IT Services & Consulting,Coimbatore,445,10,10,13
Vinsys IT Services India Limited,2.9,118,Education & Training,Pune,665,11,--,5
Room to Read,3.6,118,Non-Profit,New Delhi,297,14,105,11
Shubham Goldiee Masale,4.2,119,Food Processing,Kanpur,358,9,1,5
Sambhav Foundation,3.9,118,Non-Profit,Bengaluru,319,9,9,4
Gujarat Insecticides,4.0,118,Biotechnology,Ankleshwar,718,7,--,10
Newaco Grupo,3.2,118,,Luanda,325,12,--,14
ABK Imports,4.1,118,Import & Export,Pune,410,8,--,5
Pickyourtrail,3.0,118,Travel & Tourism,Chennai,590,25,9,2
Shrim Bhanu Construction,3.6,118,Engineering & Construction,Mumbai,509,5,--,3
AccioJob,3.6,118,EdTech,Gurugram,408,54,1,1
New Horizon College of Engineering,3.6,118,Education & Training,Bengaluru,338,10,--,13
Shiv Enterprises,3.8,118,Recruitment,New Delhi,677,5,7,4
Uralungal Labour Contract Cooperative Society,3.4,118,,Kozhikode,566,5,--,7
Richi Circuitronix,3.5,118,Electronics Manufacturing,Gurugram,408,15,11,15
Relinns Technologies,4.5,118,IT Services & Consulting,Sahibzada Ajit Singh Nagar,179,20,36,1
LA Technologies,3.9,118,IT Services & Consulting,Mumbai,365,30,11,17
Six Sails Technologies,4.1,118,IT Services & Consulting,New Delhi,413,8,--,4
The Walt Disney Company,4.3,118,Media & Entertainment,Mumbai,1.1k,13,3,12
Encore Healthcare,3.7,118,Pharma,Chhatrapati Sambhajinagar,386,1,4,4
Onsurity Technologies,2.2,118,Insurance,Bengaluru,724,16,3,15
Site Engineering,4.2,118,Engineering & Construction,Chennai,1k,8,--,9
Mondee,3.3,118,Internet,Hyderabad,446,5,3,2
Stallion Laboratories,3.3,118,Pharma,Ahmedabad,686,5,--,6
TEJRAJ PROMOTERS & BUILDERS,4.3,118,Real Estate,Pune,126,33,35,1
Axis Risk Consulting Services,3.4,118,,Gurugram,731,6,--,5
Medsource Ozone Biomedicals,3.4,118,Pharma,Faridabad,390,8,6,9
Career Point,3.8,118,Recruitment,Kota,739,16,3,22
Pena4 Tech Solutions,4.1,118,IT Services & Consulting,Visakhapatnam,574,8,11,15
Shree Shubham Logistics,4.1,118,Logistics,Mumbai,361,4,--,9
Pixis,3.7,118,Internet,Bengaluru,724,14,--,12
Vcommission Media Private,4.4,118,Marketing & Advertising,Gurugram,247,9,7,7
Analog Devices,4.0,118,Semiconductors,Bengaluru,1.2k,32,115,5
Oswal Woollen Mills,4.1,118,Fashion & Textile,Ludhiana,438,4,--,11
SunSource Energy,4.4,118,Power,Noida,546,6,--,11
ORIX Leasing & Financial Services,4.1,118,Financial Services,New Delhi,483,6,1,5
Apollo Global Management,3.1,118,Banking,Mumbai,1k,15,27,8
Mahabal Group of Industries,3.7,118,Auto Components,Sangli Miraj Kupwad,531,2,--,4
Bryka Electrosystems & Software,3.1,118,Semiconductors,Mumbai,187,16,17,5
VALEUR FABTEX,3.3,118,Education & Training,New Delhi,356,7,1,1
Gurit India,4.0,118,Internet,Chennai,538,13,--,5
Resmed,4.2,118,Medical Equipment,Bengaluru,697,28,6,13
Chemist Box Private Limited,3.9,118,,Patna,102,19,12,1
Colorshine Coated,3.8,118,Iron & Steel,Gudur,412,8,9,2
Concept Pharmaceuticals,3.0,118,Pharma,Mumbai,432,11,14,5
Vijay Raja Homes,4.3,118,Real Estate,Chennai,489,7,2,26
Oxigen Services,4.4,117,FinTech,Gurugram,404,3,--,18
Railrestro.com,4.4,117,Internet,Patna,62,8,--,29
Bhagyalaxmi Rolling mill,3.6,117,Iron & Steel,Jalna,444,3,3,8
Minda Silca Engineering,3.8,117,Industrial Automation,Greater Noida,516,10,13,12
Driver Logistics,4.1,117,Logistics,Bengaluru,493,5,1,1
India Kawasaki Motors Pvt. Ltd.,3.5,117,Automobile,Pune,721,10,--,8
Voltamp Transformers,4.0,117,Electrical Equipment,Vadodara,663,12,--,8
Lexmark International,3.9,117,IT Services & Consulting,Kolkata,715,10,--,11
Ministry Of Education,3.5,117,Government,New Delhi,376,4,--,15
SDG Software,3.8,117,IT Services & Consulting,Noida,553,11,15,15
Atulaya Healthcare,3.8,117,Healthcare,Chandigarh,391,5,7,3
Delta IoT Solutions,3.5,117,Software Product,Pune,380,22,--,2
Qualified Recruiter,4.2,117,Recruitment,Pune,315,17,--,2
Nureca Limited,4.1,117,Medical Equipment,Chandigarh,426,10,2,1
JSS Medical Research,3.1,117,Clinical Research,New Delhi,506,17,4,8
CISB,3.5,117,Law Enforcement & Security,Mumbai,400,5,1,6
Forever 21,3.8,117,Fashion & Textile,New Delhi,239,2,--,12
Bajaj Allianz Staffing Solutions,3.8,117,Recruitment,Pune,377,2,--,8
GlowTouch,2.8,117,,Mangaluru,759,8,--,--
K & J Project,2.9,117,Engineering & Construction,Nagpur,431,6,11,9
Unimark Remedies,3.5,117,Pharma,Vapi,345,6,--,13
Gram Tarang Employability Training Services,3.7,117,Recruitment,Bhubaneswar,346,6,1,16
Tolaram Group,4.2,117,FMCG,Lagos,256,6,--,8
Securitrans India,4.0,117,Financial Services,New Delhi,341,8,--,13
Teaching at home,4.4,117,Design,New Delhi,822,25,--,6
Srmb Steel,3.4,117,Iron & Steel,Kolkata,390,9,--,6
Shriji Polymers,3.9,117,Packaging,Ujjain,494,7,8,7
Hard Rock Cafe,4.3,117,Hospitality,Bengaluru,380,4,--,17
Glassdoor,4.2,117,Internet,Kolkata,29,18,--,4
Vibrant Infocom,2.6,117,Other,Kolkata,295,9,2,4
MSL Group,3.4,117,Education & Training,New Delhi,534,11,2,6
TDCX Digilab India,2.6,117,Telecom,Hyderabad,297,4,9,4
Mangalore Refinery and Petrochemicals,4.0,117,Oil & Gas,Mangaluru,625,--,--,11
CLSA,3.1,117,Investment Banking / Venture Capital / Private Equity,Pune,741,10,37,10
Telecomone Teleservices,4.0,117,Telecom,Bengaluru,508,7,--,9
Loylty Rewardz Mngt,3.7,117,Software Product,Mumbai,976,14,1,7
Jamshedpur Continuous Annealing and Processing Company,3.3,117,Metals & Mining,Jamshedpur,465,7,--,10
Seagate,3.3,117,Hardware & Networking,Pune,717,20,--,10
Tupperware,3.5,117,Retail,Dehradun,524,6,1,14
Finacus Solutions,2.5,117,IT Services & Consulting,Mumbai,719,15,21,7
IT Convergence,3.3,117,IT Services & Consulting,Hyderabad,889,10,--,8
National Dairy Development Board,3.9,117,Food Processing,Anand,452,3,--,10
Oman Pharmaceutical Products,2.9,117,Pharma,Salalah,366,20,--,11
Galaxy Toyota,3.3,117,Automobile,New Delhi,438,6,--,6
Paloma Turning,4.1,117,Industrial Machinery,Bengaluru,403,4,--,4
Gala Precision Engineering Limited,3.8,117,Engineering & Construction,Mumbai,498,8,4,17
Tulip Infratech,3.6,117,Real Estate,Gurugram,448,10,4,4
Tecosim Engineering Services,3.3,117,Industrial Machinery,Bengaluru,567,18,--,15
Markem Imaje,3.7,118,Industrial Automation,Bhiwadi,540,10,41,8
Omni Net Technologies,4.0,117,IT Services & Consulting,Lucknow,368,15,--,5
National Dairy Development Board,3.9,117,Food Processing,Anand,452,3,--,10
R. K. Associates Valuers & Techno Engineering Consultants,3.8,117,Management Consulting,New Delhi,496,7,4,7
Elevate,2.9,117,Internet,New Delhi,661,12,14,2
CLSA,3.1,117,Investment Banking / Venture Capital / Private Equity,Pune,741,10,37,10
Loylty Rewardz Mngt,3.7,117,Software Product,Mumbai,976,14,1,7
Le Marche,3.2,117,Retail,New Delhi,409,8,1,13
Go-Jek,3.7,117,Financial Services,Bengaluru,1.3k,31,2,8
Telecomone Teleservices,4.0,117,Telecom,Bengaluru,508,7,--,9
Adani Defence and Aerospace,3.9,117,Defence & Aerospace,Hyderabad,564,17,3,2
Jaycee Punching Solution,4.1,117,Electronics Manufacturing,Faridabad,432,4,--,7
B Gauss,3.8,117,Automobile,Pune,525,9,--,2
Indorama Ventures Global Shared Services,3.2,117,Chemicals,Kolkata,430,9,1,5
Volvo Buses,3.1,117,Automobile,Bengaluru,474,6,--,17
Galaxy Toyota,3.3,117,Automobile,New Delhi,438,6,--,6
Chandan Hospital,3.9,117,Healthcare,Lucknow,419,3,6,6
Elevate,2.9,117,Internet,New Delhi,661,12,14,2
ADG Online Solutions,2.3,117,,New Delhi,545,6,2,1
VST Motors,3.8,117,Automobile,Chennai,484,7,3,5
Jaycee Punching Solution,4.1,117,Electronics Manufacturing,Faridabad,432,4,--,7
Graphura India Private Limited,4.4,117,Marketing & Advertising,Gurugram,4,69,--,41
GOURMET INVESTMENTS,4.0,117,Hospitality,Mumbai,305,25,8,4
Tecosim Engineering Services,3.3,117,Industrial Machinery,Bengaluru,567,18,--,15
Dream India Schools,3.6,117,Education & Training,Lucknow,254,7,--,15
Choksi Laboratories,2.9,117,Pharma,Indore,492,3,2,6
Knowcraft Analytics,2.8,117,Financial Services,Ahmedabad,712,15,4,6
Markem Imaje,3.7,118,Industrial Automation,Bhiwadi,540,10,41,8
NICE Actimize,3.3,117,IT Services & Consulting,Pune,673,23,--,12
Svamaan Financial Services,3.4,117,Financial Services,Mumbai,363,18,6,6
Snabbit,3.8,117,Internet,Bengaluru,181,15,3,12
Seinumero Nirman,3.2,117,Industrial Machinery,Pune,488,13,7,7
Mobicule Technologies,3.0,117,Software Product,Mumbai,634,20,1,3
Xitadel CAE Technologies,3.4,117,Analytics & KPO,Bengaluru,448,12,5,19
Finnew Solutions,4.1,117,FinTech,Bengaluru,499,1,7,5
ANS Commerce,3.5,117,Internet,Gurugram,794,5,1,--
SAP Ariba,3.6,117,Software Product,Bengaluru,968,3,--,15
Fi,3.5,117,FinTech,Bengaluru,645,26,8,--
Waah Jobs,4.2,117,Internet,Bengaluru,458,7,--,16
Husky Injection Molding Systems,4.1,117,Industrial Machinery,Chennai,539,16,1,8
Palsons Derma,3.0,118,Fitness & Wellness,Kolkata,335,12,--,10
Trimed Solutions India,3.6,117,Medical Equipment,Hyderabad,285,7,9,16
Amogha Polymers,3.7,117,Building Material,Coimbatore,270,17,4,10
KORE.AI SOFTWARE INDIA,3.2,117,Emerging Technologies,Hyderabad,1.5k,14,1,12
First Quantum Minerals,4.2,116,Metals & Mining,Lusaka,26,14,--,23
6Sense,3.5,116,Software Product,Bengaluru,658,16,--,38
Hamad Medical Corporation,4.0,116,Healthcare,Doha,246,5,--,17
Citizens Specialty Hospital,4.3,116,Healthcare,Hyderabad,370,--,13,12
Modern Construction Company,3.4,116,Engineering & Construction,New Delhi,437,2,--,8
Stanley Engineered Fastening,3.9,116,Industrial Machinery,Chennai,548,7,--,6
Matangi Industries,3.2,116,Chemicals,Ahmedabad,569,8,39,7
J&K Bank,3.9,116,Banking,Srinagar,337,4,--,14
Outline Systems,3.5,116,IT Services & Consulting,Chandigarh,580,4,1,6
Parsvnath Developers,2.5,116,Real Estate,New Delhi,408,4,--,6
Quality Needles,3.6,116,Medical Equipment,Noida,469,15,--,5
Ashwini Hospital,3.0,116,Healthcare,Cuttack,435,1,--,9
Ashwini Hospital,3.0,116,Healthcare,Cuttack,435,1,--,9
Tatsuno India,3.3,116,Oil & Gas,Navi Mumbai,448,6,2,9
E-connect Solutions,3.1,116,IT Services & Consulting,Udaipur,624,8,4,5
Maybright Ventures,3.5,116,FinTech,Kolkata,442,10,24,12
GGK Technologies,3.8,116,IT Services & Consulting,Hyderabad,799,3,--,29
Strabag,4.1,116,Engineering & Construction,New Delhi,385,9,--,7
Privi Life Sciences,3.5,116,Agriculture,Mumbai,461,4,--,5
Shaze Luxury Retail,4.1,116,Retail,Mumbai,380,11,--,12
Han River Technology,3.5,116,IT Services & Consulting,Kolkata,308,5,11,10
Modern Construction Company,3.4,116,Engineering & Construction,New Delhi,437,2,--,8
Stanley Engineered Fastening,3.9,116,Industrial Machinery,Chennai,548,7,--,6
Model Infra Corporation,3.4,116,Engineering & Construction,Pune,714,1,1,4
BMD Private Limited,3.9,117,Engineering & Construction,Banswara,462,4,--,11
Projects & Development India,4.2,116,Oil & Gas,Noida,527,5,--,9
Smart Software Services(I),4.8,116,Software Product,Pune,1.1k,4,2,4
Matangi Industries,3.2,116,Chemicals,Ahmedabad,569,8,39,7
XL Laboratories,3.5,116,Pharma,Bhiwadi,493,15,--,3
Outline Systems,3.5,116,IT Services & Consulting,Chandigarh,580,4,1,6
J&K Bank,3.9,116,Banking,Srinagar,337,4,--,14
Information Dynamics,3.7,116,IT Services & Consulting,Chennai,1.2k,7,--,8
City Hospital,4.1,116,Healthcare,Nagpur,493,4,6,8
Concorde Group,4.2,116,Real Estate,Bengaluru,776,9,3,10
Reebok,3.9,116,Fashion & Textile,New Delhi,312,7,--,15
Navin Fluorine Advanced Sciences,3.7,116,,Bharuch,482,4,--,4
Y Equipment Services Pvt Ltd,4.0,116,Building Material,Greater Noida,625,18,--,5
Imark InfoTech,4.2,116,IT Services & Consulting,Chandigarh,437,50,--,14
Revv,3.9,116,Internet,Gurugram,515,6,--,12
DTCC,3.7,116,Financial Services,Chennai,1.2k,23,182,10
FinAGG Technologies,3.7,116,FinTech,Noida,336,13,3,9
Plan International,3.8,116,Non-Profit,New Delhi,372,5,6,8
Paix Services,3.9,117,Analytics & KPO,Chennai,171,15,5,20
Technocraze Computing Solution,2.7,116,,Noida,358,12,--,3
Hindusthan Microfinance,3.9,116,NBFC,Mumbai,256,6,--,5
Cemtics,3.6,116,Telecom,Gurugram,450,8,--,9
Radiant Polymers,4.1,116,Petrochemicals,Ahmedabad,539,7,2,11
Associated Power Structures,4.3,116,Oil & Gas,Vadodara,387,5,3,12
DP Chocolates,4.2,116,Food Processing,Baddi,496,6,1,5
Versa Drives,4.1,116,Electronics Manufacturing,Coimbatore,285,5,3,14
Optimus Pharma,3.6,116,Pharma,Hyderabad,586,9,--,10
Baazi Games,3.5,116,IT Services & Consulting,New Delhi,742,22,--,7
Sureminds Solutions,3.5,116,Recruitment,Hyderabad,847,8,33,1
Exl Technosolutions,3.7,116,IT Services & Consulting,New Delhi,904,6,--,4
Coldex Logistics,3.1,116,Logistics,New Delhi,557,5,--,4
Rishita Developers,4.0,116,Real Estate,Lucknow,404,5,1,12
ZaranTech,4.7,116,EdTech,Bengaluru,109,7,1,2
Finicity,3.6,116,Financial Services,Mumbai,715,10,31,12
Nirmiti Precision,3.5,116,Electronics Manufacturing,Nashik,514,8,--,1
Le Mei Plastic Manufacturing,3.4,116,Petrochemicals,Greater Noida,580,11,--,7
Maharashtra Feeds,3.1,116,Agriculture,New Delhi,401,7,3,4
Yellow Banana Food Company,3.3,116,Hospitality,Mumbai,429,8,--,14
Wacker Metroark Chemicals,3.0,116,Chemicals,Kolkata,581,7,--,6
Sunrise Biztech Systems,3.5,116,IT Services & Consulting,Bengaluru,475,12,31,10
Yes Germany,3.4,116,,Faridabad,298,5,9,3
E2E Networks,3.0,116,Hardware & Networking,New Delhi,537,12,8,21
Mojj Engineering Systems,3.7,116,Financial Services,Pune,464,7,1,5
We Win,3.1,116,BPO,Lucknow,535,8,--,1
The Good Glamm Group,3.1,116,IT Services & Consulting,New Delhi,630,7,--,1
Life Care Hospital,3.9,116,Healthcare,Mumbai,617,3,--,7
Affinity Global Advertising,2.8,116,Marketing & Advertising,Mumbai,705,10,24,6
WebPT,3.8,116,Software Product,Hyderabad,514,28,4,6
Finicity,3.6,116,Financial Services,Mumbai,715,10,31,12
Avians Innovations Technology,3.7,116,Building Material,Pune,566,10,10,6
Jekson Vision,4.0,116,IT Services & Consulting,Ahmedabad,791,10,4,10
DNV GL,4.0,116,"Testing, Inspection and Certification (TIC)",Mumbai,491,6,--,12
Tricolite Electrical Industries,4.0,116,Electrical Equipment,New Delhi,493,10,4,8
EPACK Prefab,3.5,116,Engineering & Construction,Greater Noida,437,7,14,3
Hirotec,3.9,116,Auto Components,Coimbatore,697,10,3,11
Statcon Energiaa,4.0,116,Electronics Manufacturing,Noida,517,7,2,9
Sandberg Translation Partners,3.6,116,Chemicals,New Delhi,517,6,2,14
Indogulf Cropsciences Ltd,3.4,116,Agro Chemicals,New Delhi,509,3,--,5
Suspa Pneumatics,4.2,116,Automobile,Chennai,570,--,5,13
Tecno Mobile,3.8,116,Consumer Electronics & Appliances,Noida,330,12,--,15
Apac Housing Finance,4.1,116,Financial Services,Mumbai,287,3,--,2
Aagna Global Solutions,3.7,115,BPO,Chennai,254,4,--,9
Baidyanath Minerals,3.5,115,Metals & Mining,Mumbai,130,13,1,7
SHREE AMBA INDUSTRIES,3.7,115,Auto Components,Roorkee,432,4,12,10
Global Talent Track,3.2,115,Education & Training,Pune,502,11,7,13
Nirvana Solutions,2.9,115,IT Services & Consulting,Gurugram,654,26,--,8
Tristha Global,4.3,115,IT Services & Consulting,Chennai,751,9,1,8
Avant Garde Industries,4.6,115,Industrial Machinery,Mumbai,81,44,2,3
Huber Suhner Electronics,4.1,115,Electrical Equipment,Gurugram,522,8,2,12
Pentair Water India,3.6,115,Industrial Machinery,Noida,525,10,4,15
Blue Dart Aviation,3.3,115,Aviation,Chennai,306,5,--,18
Amalgamations Valeo Clutch,3.5,115,Auto Components,Chennai,626,5,3,11
Autocal Solutions,3.7,115,Clinical Research,Mumbai,373,4,--,9
Ashoka Builders,3.6,116,Real Estate,Hyderabad,624,17,5,7
ekincare,3.0,115,Healthcare,Hyderabad,617,12,1,7
Accu Pack Engineering,3.6,115,Engineering & Construction,Mumbai,492,7,5,19
Bop Realty,4.5,115,Real Estate,Noida,308,8,4,3
AGC Networks,3.1,115,IT Services & Consulting,Mumbai,618,4,--,6
Saudi Arabian Airlines,4.0,115,Aviation,Mumbai,276,5,--,8
Coastal Projects,3.9,115,Engineering & Construction,Hyderabad,301,6,--,18
SONATRACH,3.5,115,Oil & Gas,New Delhi,48,6,--,22
Piscesia Power Transmission,4.5,115,Power,Noida,69,1,--,3
Chetana Publications,2.9,115,Printing & Publishing,Mumbai,348,1,--,14
Logicash,3.7,115,Financial Services,Mumbai,305,1,--,11
Poddar Tyres,3.8,115,Auto Components,Ludhiana,375,6,--,10
SoftProdigy System Solutions,3.7,115,IT Services & Consulting,Sahibzada Ajit Singh Nagar,380,7,4,7
SWISS PARENTERALS,3.7,115,Pharma,Ahmedabad,467,9,--,11
GrayQuest Finance,3.3,116,,Mumbai,479,3,--,2
Dana Group,3.9,115,Pharma,Pune,563,--,--,8
Tag Corporation,3.4,115,Industrial Machinery,Chennai,665,10,2,8
TaeguTec,4.0,115,Industrial Machinery,Bengaluru,497,7,8,9
BBD University,3.6,115,Financial Services,Lucknow,309,11,7,3
Oswal Infrastructure,3.6,115,Real Estate,Ahmedabad,442,19,--,7
NatureNurture,4.4,115,Education & Training,New Delhi,99,8,--,4
Sage IT,3.5,115,IT Services & Consulting,Hyderabad,931,17,24,6
Relu Consultancy,3.3,115,IT Services & Consulting,Bhopal,55,25,2,8
Taural India,4.0,115,Industrial Machinery,Pune,586,18,13,6
Kapiva,3.5,115,Fitness & Wellness,Bengaluru,610,8,17,9
TechRBM,4.7,115,IT Services & Consulting,Sahibzada Ajit Singh Nagar,162,10,5,7
illumine-i,3.7,115,Emerging Technologies,Chennai,374,31,11,6
Brennan,3.7,115,IT Services & Consulting,Mumbai,545,3,6,7
Freshers Universe,4.2,115,IT Services & Consulting,Bengaluru,574,20,--,5
Kalki Fashion,3.1,115,Fashion & Textile,Mumbai,573,15,4,1
Teqfocus Consulting,3.8,115,IT Services & Consulting,Bengaluru,677,11,4,1
Arco Lab,4.2,115,Pharma,Bengaluru,1.2k,14,21,9
Arora Iron & Steel Rolling Mills,3.8,115,Iron & Steel,Ludhiana,481,7,--,5
Anand Mando E-Mobility,3.8,115,,Bhiwadi,294,7,--,4
Techjays,4.3,115,IT Services & Consulting,Coimbatore,256,21,1,42
Bhargava Phytolab,3.5,115,Pharma,Noida,341,10,--,3
Marwadi University,3.7,115,Education & Training,Rajkot,410,13,--,16
Mastech Digital,3.6,115,IT Services & Consulting,Noida,638,6,5,17
Ingram Micro India Ssc,3.6,115,IT Services & Consulting,Mumbai,918,5,86,15
Kalki Fashion,3.1,115,Fashion & Textile,Mumbai,573,15,4,1
Teqfocus Consulting,3.8,115,IT Services & Consulting,Bengaluru,677,11,4,1
Arora Iron & Steel Rolling Mills,3.8,115,Iron & Steel,Ludhiana,481,7,--,5
Brennan,3.7,115,IT Services & Consulting,Mumbai,545,3,6,7
ekincare,3.0,115,Healthcare,Hyderabad,617,12,1,7
Bal Bharati Public School,4.2,115,Education & Training,New Delhi,365,1,19,3
Bop Realty,4.5,115,Real Estate,Noida,308,8,4,3
GoldenSource,3.2,115,Financial Services,Mumbai,924,13,9,12
Sharda Cropchem,3.9,115,Chemicals,Mumbai,422,6,6,21
Madhu Silica,3.8,115,Metals & Mining,Bhavnagar,574,8,13,8
Ebullient Securities,3.2,115,Financial Services,Gurugram,402,17,--,11
Rayat Bahra University,4.5,115,Education & Training,Chandigarh,166,8,--,11
Delta Exchange,4.8,115,Financial Services,Bengaluru,202,37,3,1
East West Seeds,4.4,115,FMCG,Chhatrapati Sambhajinagar,394,10,--,11
SPS Construction & Engineering Works,3.3,115,Engineering & Construction,Chennai,544,6,--,8
Hatch Associates India,3.9,115,Electronics Manufacturing,Gurugram,611,12,--,7
