name,ratings,count_of_rating,company_types,hq,salary,interview_counts,jobs,benefits
TCS,3.3,120000.0,IT Services & Consulting,Bengaluru,1040000.0,11400.0,5100.0,10900.0
Accenture,3.7,75600.0,IT Services & Consulting,Bengaluru,720000.0,9500.0,19700.0,6900.0
Wipro,3.6,66700.0,IT Services & Consulting,Hyderabad,490000.00000000006,7000.0,182.0,4900.0
Cognizant,3.7,63000.0,IT Services & Consulting,Hyderabad,610000.0,6600.0,906.0,5600.0
Capgemini,3.6,55100.0,IT Services & Consulting,Bengaluru,500000.0,5700.0,2100.0,3800.0
HDFC Bank,3.8,54300.0,Banking,Mumbai,150000.0,3200.0,373.0,3300.0
Infosys,3.5,50200.0,IT Services & Consulting,Bengaluru,530000.0,8600.0,3100.0,4900.0
HCLTech,3.4,47300.0,IT Services & Consulting,Chennai,400000.0,4600.0,287.0,3900.0
ICICI Bank,3.9,46900.0,Banking,Mumbai,160000.0,3000.0,18.0,3700.0
Tech Mahindra,3.3,44500.0,IT Services & Consulting,Hyderabad,290000.0,4700.0,620.0,3500.0
Genpact,3.6,43700.0,Analytics & KPO,Hyderabad,240000.0,4000.0,486.0,3600.0
TP,3.9,39900.0,BPO,Mumbai,100000.0,2300.0,1700.0,1900.0
Axis Bank,3.6,34400.0,Banking,Mumbai,100000.0,2000.0,201.0,2200.0
Jio,4.4,34200.0,Telecom,Mumbai,61100.0,4500.0,0.0,2500.0
Concentrix Corporation,3.5,33100.0,BPO,Bengaluru,130000.0,2000.0,10.0,3200.0
Amazon,3.9,32600.0,Internet,Bengaluru,160000.0,6100.0,76.0,3400.0
Reliance Retail,3.9,27900.0,Retail,Mumbai,74600.0,2000.0,90.0,1900.0
iEnergizer,4.5,27700.0,BPO,Noida,25200.0,1700.0,64.0,804.0
LTM Limited,3.6,27300.0,IT Services & Consulting,Bengaluru,200000.0,3500.0,792.0,863.0
HDB Financial Services,3.9,26400.0,NBFC,Mumbai,49300.0,1100.0,2.0,1400.0
IBM,3.9,26400.0,IT Services & Consulting,Bengaluru,220000.00000000003,2700.0,318.0,2600.0
Larsen & Toubro Limited,3.9,24600.0,Engineering & Construction,Mumbai,77000.0,1900.0,288.0,2600.0
Deloitte,3.6,24100.0,Management Consulting,Hyderabad,280000.0,3400.0,467.0,2500.0
Kotak Mahindra Bank,3.6,23200.0,Banking,Mumbai,88200.0,1400.0,203.0,1300.0
Reliance Industries,4.0,20800.0,Oil & Gas,Jamnagar,75600.0,1700.0,107.0,1900.0
Vodafone Idea,3.9,17900.0,Telecom,Pune,48700.0,715.0,74.0,2000.0
Bharti Airtel,3.8,17500.0,Telecom,Gurugram,50300.0,1100.0,162.0,1600.0
BYJU'S,3.2,16400.0,EdTech,Bengaluru,50000.0,2100.0,5.0,1700.0
WNS,3.3,15700.0,IT Services & Consulting,Pune,71700.0,1300.0,56.0,1400.0
IDFC FIRST Bank,4.0,15600.0,Banking,Mumbai,51500.0,1000.0,37.0,803.0
Ernst & Young,3.4,15100.0,Management Consulting,Bengaluru,150000.0,1400.0,3200.0,1100.0
IndusInd Bank,3.4,14700.0,Banking,Mumbai,52800.0,791.0,196.0,811.0
AU Small Finance Bank,3.8,14600.0,Banking,Jaipur,30700.0,725.0,162.0,611.0
Tata Motors,4.1,14500.0,Automobile,Pune,44200.0,1300.0,33.0,1700.0
Bajaj Finserv,3.9,13700.0,NBFC,Pune,32400.0,819.0,15.0,727.0
Muthoot FinCorp,4.5,13400.0,NBFC,Bengaluru,9700.0,2400.0,57.0,312.0
Flipkart,3.9,13400.0,Internet,Bengaluru,56900.0,1800.0,151.0,1400.0
PwC,3.3,13200.0,Management Consulting,Bengaluru,130000.0,1600.0,1300.0,869.0
Mahindra & Mahindra,4.0,12500.0,Automobile,Pune,42100.0,913.0,2.0,1200.0
HDFC Life,3.8,12500.0,Insurance,Mumbai,33900.0,841.0,145.0,644.0
Infosys BPM,3.5,12400.0,BPO,Bengaluru,78400.0,1100.0,31.0,1200.0
DXC Technology,3.6,12300.0,IT Services & Consulting,Bengaluru,75000.0,912.0,69.0,1100.0
Bandhan Bank,3.6,11700.0,Banking,Kolkata,27900.0,784.0,0.0,568.0
Digitide Solutions,3.4,10600.0,IT Services & Consulting,Hyderabad,27300.0,597.0,336.0,779.0
Yes Bank,3.7,10500.0,Banking,Mumbai,43800.0,581.0,196.0,628.0
Mphasis,3.3,10500.0,IT Services & Consulting,Bengaluru,75500.0,954.0,31.0,873.0
Tata Steel,4.0,10200.0,Iron & Steel,Jamshedpur,34800.0,1100.0,0.0,684.0
Quess,3.8,10100.0,Recruitment,Bengaluru,31800.0,554.0,29.0,448.0
Asian Paints,3.9,9900.0,Chemicals,Mumbai,26700.0,901.0,63.0,921.0
UltraTech Cement,4.1,9800.0,Building Material,Mumbai,25300.0,848.0,91.0,663.0
Startek,3.0,9800.0,BPO,Bengaluru,25100.0,674.0,261.0,702.0
Maruti Suzuki,4.1,9800.0,Automobile,Gurugram,29600.0,827.0,301.0,1000.0
Bajaj Finance,3.9,9600.0,NBFC,Pune,24100.0,468.0,7700.0,525.0
Paytm,3.2,9600.0,FinTech,Noida,35700.0,922.0,1100.0,566.0
Shriram Finance,3.9,9400.0,NBFC,Chennai,16000.0,477.0,4.0,76.0
Sutherland Global Services,3.3,9400.0,BPO,Chennai,36400.0,834.0,283.0,931.0
Equitas Small Finance Bank,4.3,9200.0,Banking,Chennai,14200.0,1000.0,35.0,454.0
Coforge,3.3,9100.0,IT Services & Consulting,Hyderabad,68600.0,985.0,324.0,428.0
Wells Fargo,3.6,9000.0,Financial Services,Bengaluru,65500.0,714.0,140.0,895.0
Cipla,4.1,8800.0,Pharma,Mumbai,27100.0,624.0,54.0,892.0
EXL Service,3.6,8800.0,Analytics & KPO,Noida,45600.0,942.0,95.0,818.0
Ericsson,3.9,8600.0,Telecom,Noida,42600.0,483.0,47.0,1000.0
Samsung,3.9,8500.0,Consumer Electronics & Appliances,Noida,26700.0,642.0,57.0,548.0
Dr. Reddy's,4.0,8400.0,Pharma,Hyderabad,26200.0,541.0,66.0,749.0
Optum Global Solutions,4.0,8200.0,IT Services & Consulting,Hyderabad,52800.0,796.0,427.0,724.0
JSW Steel,3.9,8200.0,Iron & Steel,Ballari,32800.0,884.0,162.0,641.0
Delhivery,3.7,8100.0,Logistics,Gurugram,23100.0,635.0,433.0,647.0
JPMorgan Chase & Co.,3.8,8000.0,Financial Services,Bengaluru,94100.0,894.0,418.0,879.0
ICICI Prudential Life Insurance,3.9,8000.0,Insurance,Mumbai,23400.0,498.0,429.0,630.0
Hexaware Technologies,3.4,8000.0,IT Services & Consulting,Chennai,56600.0,852.0,1700.0,579.0
Ujjivan Small Finance Bank,4.0,7900.0,Banking,Bengaluru,13700.0,344.0,126.0,578.0
Jana Small Finance Bank,3.7,7900.0,Banking,Bengaluru,14400.0,316.0,93.0,606.0
Sun Pharmaceutical Industries,4.0,7900.0,Pharma,Vadodara,24000.0,718.0,405.0,628.0
Zydus Lifesciences,4.0,7800.0,Pharma,Ahmedabad,20600.0,565.0,43.0,684.0
Ekart Logistics,3.9,7800.0,Logistics,Bengaluru,17400.0,422.0,1.0,425.0
HGS,3.7,7700.0,Emerging Technologies,Bengaluru,20100.0,279.0,21.0,962.0
KPMG India,3.4,7600.0,Management Consulting,Bengaluru,71200.0,966.0,116.0,771.0
Amazon Development Centre India,3.8,7600.0,Internet,Hyderabad,39500.0,913.0,17.0,609.0
Lupin,4.1,7600.0,Pharma,Pune,22500.0,459.0,50.0,778.0
Axis Max Life Insurance,4.0,7500.0,Insurance,New Delhi,20800.0,437.0,2400.0,547.0
ITC,3.8,7400.0,FMCG,Bengaluru,25500.0,720.0,80.0,647.0
L&T Construction,4.0,7400.0,Engineering & Construction,Chennai,19100.0,962.0,0.0,921.0
Hindustan Unilever,4.2,7300.0,FMCG,Mumbai,21000.0,487.0,47.0,708.0
Megha Engineering & Infrastructures,3.9,7200.0,Engineering & Construction,Hyderabad,19800.0,600.0,50.0,560.0
Tata Projects,4.2,7100.0,Engineering & Construction,Mumbai,23100.0,647.0,40.0,579.0
Cholamandalam Investment & Finance,3.8,6900.0,Financial Services,Chennai,13400.0,311.0,83.0,310.0
Bajaj Life Insurance,3.8,6900.0,Insurance,Pune,18300.0,459.0,108.0,494.0
L&T Technology Services,3.1,6900.0,IT Services & Consulting,Bengaluru,45700.0,659.0,1.0,514.0
FIS,3.7,6700.0,FinTech,Pune,39100.0,555.0,99.0,738.0
Oracle,3.3,6700.0,Software Product,Bengaluru,66000.0,970.0,313.0,651.0
JLL,4.1,6700.0,Real Estate,Gurugram,26000.0,511.0,514.0,568.0
Omega Healthcare,3.7,6600.0,BPO,Chennai,28700.0,576.0,164.0,412.0
Muthoot Finance,3.7,6600.0,NBFC,Bengaluru,13300.0,377.0,207.0,335.0
IIFL Finance,4.0,6500.0,NBFC,Mumbai,14000.0,343.0,67.0,397.0
eClerx,3.1,6500.0,IT Services & Consulting,Pune,34000.0,659.0,419.0,570.0
Indian Army,4.7,6400.0,Defence & Aerospace,New Delhi,9500.0,215.0,0.0,742.0
DMart,3.9,6400.0,Retail,Mumbai,19800.0,579.0,210.0,486.0
PolicyBazaar,3.7,6400.0,Internet,Gurugram,19000.0,670.0,1300.0,283.0
Indiamart Intermesh,3.6,6300.0,Internet,Noida,22000.0,816.0,263.0,511.0
Piramal Finance,4.2,6300.0,NBFC,Mumbai,13100.0,307.0,133.0,447.0
Virtusa Consulting Services,3.7,6300.0,IT Services & Consulting,Hyderabad,58100.0,696.0,237.0,335.0
HSBC Group,3.8,6200.0,Financial Services,Bengaluru,46500.0,570.0,124.0,1100.0
SMFG India Credit,3.9,6200.0,NBFC,Mumbai,11400.0,221.0,146.0,358.0
Access Healthcare,3.7,6100.0,BPO,Chennai,30100.0,424.0,825.0,392.0
HCL Group,3.5,6100.0,IT Services & Consulting,Chennai,38600.0,529.0,0.0,656.0
BigBasket,3.9,6000.0,Internet,Bengaluru,20300.0,513.0,80.0,392.0
Manappuram Finance,3.9,6000.0,NBFC,Bengaluru,9700.0,239.0,17.0,245.0
GlobalLogic,3.5,6000.0,IT Services & Consulting,Hyderabad,42800.0,705.0,62.0,545.0
ICICI Lombard General Insurance Company,3.5,6000.0,Insurance,Mumbai,20900.0,379.0,249.0,391.0
Siemens,4.0,6000.0,Industrial Automation,Bengaluru,35500.0,525.0,804.0,645.0
Apollo Hospitals,4.0,6000.0,Healthcare,Chennai,17300.0,512.0,388.0,525.0
Firstsource Solutions,3.5,6000.0,BPO,Bengaluru,25400.0,376.0,106.0,575.0
Aurobindo Pharma,4.0,5900.0,Pharma,Hyderabad,20500.0,306.0,22.0,465.0
Shapoorji Pallonji Group,4.1,5900.0,Engineering & Construction,Mumbai,15500.0,456.0,59.0,650.0
Tata Capital,4.0,5900.0,NBFC,Mumbai,16500.0,302.0,5300.0,275.0
UST,3.7,5900.0,IT Services & Consulting,Bengaluru,41500.0,616.0,671.0,407.0
Swiggy,3.7,5900.0,Internet,Bengaluru,25200.0,612.0,172.0,373.0
Standard Chartered,3.6,5800.0,Banking,Chennai,42800.0,336.0,14.0,317.0
Mahindra Finance,3.8,5800.0,NBFC,Mumbai,12400.0,230.0,135.0,524.0
Bosch Global Software Technologies,3.7,5800.0,IT Services & Consulting,Bengaluru,41500.0,399.0,57.0,645.0
Udaan,3.9,5700.0,Internet,Bengaluru,15100.0,376.0,6.0,704.0
Citicorp,3.6,5700.0,Financial Services,Pune,55500.0,648.0,0.0,532.0
Ashok Leyland,4.0,5700.0,Automobile,Chennai,19100.0,336.0,2.0,651.0
Hero MotoCorp,4.1,5600.0,Automobile,Gurugram,16800.0,435.0,4.0,605.0
CGI Inc,4.0,5600.0,IT Services & Consulting,Bengaluru,48200.0,580.0,501.0,360.0
SBI Cards & Payment Services,3.6,5500.0,Financial Services,Gurugram,16400.0,334.0,95.0,351.0
NTT DATA,3.8,5500.0,IT Services & Consulting,Bengaluru,39900.0,782.0,19.0,547.0
Kalpataru Projects International,4.1,5500.0,Engineering & Construction,Mumbai,14400.0,351.0,2.0,227.0
BNY,3.6,5400.0,Financial Services,Pune,32500.0,408.0,40.0,556.0
Nagarjuna Construction Company,4.0,5400.0,Engineering & Construction,Hyderabad,12700.0,470.0,21.0,421.0
Cyient,3.6,5400.0,IT Services & Consulting,Hyderabad,27900.0,340.0,153.0,449.0
IQVIA,3.7,5400.0,Clinical Research,Bengaluru,32700.000000000004,579.0,33.0,548.0
Schneider Electric,4.1,5400.0,Industrial Automation,Bengaluru,26600.0,474.0,526.0,456.0
SBI Life Insurance Company,3.7,5300.0,Insurance,Mumbai,12200.0,330.0,6.0,344.0
CBRE,4.1,5300.0,Real Estate,Hyderabad,19700.0,367.0,37.0,484.0
JustDial,3.5,5300.0,Internet,Noida,15300.0,403.0,35.0,362.0
TVS Motor,3.8,5300.0,Automobile,Hosur,16900.0,435.0,162.0,555.0
State Bank of India,3.9,5200.0,Banking,Mumbai,11900.0,351.0,6.0,405.0
Persistent Systems,3.5,5200.0,IT Services & Consulting,Pune,48400.0,729.0,470.0,394.0
KEC International,4.0,5100.0,Engineering & Construction,Mumbai,13900.0,443.0,25.0,470.0
ITC Infotech,3.8,5100.0,IT Services & Consulting,Bengaluru,30500.0,430.0,121.0,295.0
Amdocs,3.6,5100.0,Software Product,Pune,38200.0,571.0,0.0,629.0
Atos,3.8,5100.0,IT Services & Consulting,Pune,33500.0,420.0,107.0,467.0
vivo,4.0,5000.0,Consumer Electronics & Appliances,Noida,12900.0,249.0,25.0,624.0
Varun Beverages,4.0,5000.0,Beverage,New Delhi,12400.0,364.0,34.0,331.0
JBM Group,3.9,5000.0,Auto Components,Gurugram,14300.0,375.0,74.0,358.0
Utkarsh Small Finance Bank,3.6,5000.0,Banking,Varanasi,11600.0,340.0,49.0,294.0
Ecom Express,4.1,4900.0,Logistics,Gurugram,9400.0,270.0,0.0,304.0
Randstad,3.7,4900.0,Recruitment,Hyderabad,17700.0,346.0,530.0,355.0
Nagarro,3.9,4800.0,IT Services & Consulting,Gurugram,34400.0,846.0,314.0,1100.0
Lenskart,3.4,4800.0,Internet,New Delhi,13900.0,534.0,240.0,321.0
EY Global Delivery Services ( EY GDS),3.5,4800.0,IT Services & Consulting,Bengaluru,55200.0,926.0,16.0,359.0
Bosch,4.1,4800.0,Auto Components,Bengaluru,21500.0,393.0,0.0,610.0
Hetero,3.9,4800.0,Pharma,Hyderabad,15700.0,446.0,118.0,381.0
Eviden,3.6,4800.0,IT Services & Consulting,Pune,26600.0,316.0,0.0,3.0
Intas Pharmaceuticals,4.1,4800.0,Pharma,Ahmedabad,18400.0,274.0,33.0,400.0
Havells,3.9,4800.0,Electrical Equipment,Noida,16300.0,313.0,28.0,323.0
L&T Finance,3.9,4800.0,NBFC,Mumbai,12400.0,239.0,0.0,248.0
R1 RCM,3.8,4700.0,BPO,Hyderabad,23200.0,373.0,183.0,353.0
Aditya Birla Fashion and Retail,4.1,4700.0,Fashion & Textile,Bengaluru,13300.0,279.0,71.0,398.0
Tata AIA Life Insurance,3.8,4700.0,Insurance,Mumbai,15200.0,269.0,779.0,315.0
Hewlett Packard Enterprise,4.0,4700.0,IT Services & Consulting,Bengaluru,27800.0,272.0,219.0,550.0
Cars24,3.4,4700.0,Internet,Gurugram,16000.0,420.0,79.0,400.0
Mahindra Logistics,3.7,4700.0,Logistics,Mumbai,13000.0,254.0,196.0,444.0
Berger Paints,3.7,4700.0,Chemicals,Kolkata,10800.0,462.0,283.0,278.0
Dell,3.8,4600.0,Consumer Electronics & Appliances,Bengaluru,29300.0,442.0,18.0,546.0
Deutsche Bank,3.8,4600.0,Banking,Pune,39000.0,439.0,283.0,425.0
Home Credit Finance,4.0,4600.0,NBFC,Gurugram,9100.0,155.0,124.0,597.0
Motilal Oswal Financial Services,3.7,4600.0,Financial Services,Mumbai,13700.0,562.0,41.0,179.0
OPPO,3.9,4500.0,Consumer Electronics & Appliances,Greater Noida,11500.0,265.0,13.0,583.0
TeamLease Services,3.9,4500.0,Recruitment,Bengaluru,16800.0,263.0,0.0,221.0
Hyundai Motor India Limited,4.1,4500.0,Automobile,Chennai,14600.0,334.0,7.0,530.0
VE Commercial Vehicles,3.9,4500.0,Automobile,Indore,14700.0,304.0,24.0,363.0
Thermax Limited,4.2,4400.0,Industrial Machinery,Pune,13600.0,362.0,46.0,393.0
Jubilant Foods Works,3.7,4400.0,Hospitality,Noida,10100.0,266.0,365.0,202.0
Macleods Pharmaceuticals,3.7,4400.0,Pharma,Mumbai,16100.000000000002,282.0,33.0,348.0
Carelon Global Solutions,4.0,4400.0,IT Services & Consulting,Bengaluru,29400.0,435.0,134.0,32.0
Jindal Steel Limited,3.9,4300.0,Iron & Steel,Angul,16600.0,451.0,33.0,350.0
Aakash Educational Services,3.2,4300.0,Education & Training,New Delhi,14200.0,384.0,118.0,213.0
State Street Corporation,3.5,4300.0,Financial Services,Bengaluru,35000.0,305.0,10.0,274.0
Bajaj Auto,3.8,4300.0,Automobile,Pune,15200.0,338.0,40.0,486.0
LG Electronics,3.8,4300.0,Consumer Electronics & Appliances,Pune,11400.0,273.0,14.0,404.0
HDFC ERGO General Insurance,3.9,4200.0,Insurance,Mumbai,12300.0,212.0,7.0,278.0
DCB Bank,3.8,4200.0,Banking,Mumbai,9800.0,239.0,14.0,259.0
Kogta Financial India Limited,4.6,4200.0,NBFC,Jaipur,2000.0,252.0,100.0,38.0
Royal Enfield,4.2,4200.0,Automobile,Chennai,15300.0,212.0,1.0,397.0
RBL Bank,3.5,4200.0,Banking,Mumbai,18900.0,254.0,41.0,221.0
John Deere,4.0,4200.0,Industrial Machinery,Pune,15900.0,278.0,4.0,440.0
Publicis Sapient,3.2,4100.0,IT Services & Consulting,Bengaluru,33700.0,717.0,88.0,407.0
Cloudnine Hospital,4.5,4100.0,Healthcare,Bengaluru,3200.0,1600.0,32.0,199.0
Tata Communications,3.8,4100.0,Telecom,Pune,24000.0,312.0,186.0,429.0
Cummins,4.3,4100.0,Industrial Machinery,Pune,15900.0,299.0,185.0,467.0
Alembic Pharmaceuticals,3.9,4100.0,Pharma,Vadodara,16000.0,272.0,53.0,390.0
Pidilite Industries,4.2,4100.0,Chemicals,Mumbai,12300.0,278.0,13.0,366.0
Aditya Birla Sun Life Insurance,4.0,4000.0,Insurance,Mumbai,10700.0,194.0,0.0,217.0
Grasim Industries,4.0,4000.0,Building Material,Bharuch,13400.0,300.0,5.0,298.0
Bank of America,4.1,4000.0,Banking,Gurugram,30600.0,298.0,0.0,417.0
PNB MetLife,3.3,4000.0,Insurance,New Delhi,8500.0,202.0,1.0,224.0
American Express,4.1,4000.0,Financial Services,Gurugram,26300.0,443.0,244.0,460.0
Aditya Birla Capital,3.8,4000.0,NBFC,Mumbai,14900.0,274.0,0.0,225.0
Kyndryl,3.9,4000.0,IT Services & Consulting,Bengaluru,28700.0,242.0,676.0,178.0
Oyo Rooms,3.0,4000.0,Hospitality,Gurugram,13200.0,268.0,129.0,393.0
Subros,3.8,4000.0,Auto Components,Noida,12900.0,233.0,1.0,399.0
KPIT Technologies,2.8,4000.0,Software Product,Pune,24600.0,355.0,18.0,295.0
ADP Private Limited,3.9,4000.0,Software Product,Hyderabad,22600.0,305.0,59.0,469.0
Escorts Kubota Limited,4.1,3900.0,Industrial Machinery,Faridabad,14200.0,318.0,6.0,277.0
Maersk,3.9,3900.0,Logistics,Chennai,20100.0,257.0,65.0,439.0
JK Cement,4.0,3900.0,Building Material,New Delhi,10800.0,363.0,6.0,275.0
Viatris,4.1,3900.0,Pharma,Hyderabad,14500.0,174.0,13.0,508.0
XpressBees,4.1,3900.0,Logistics,Pune,8500.0,448.0,8.0,161.0
Blinkit,3.8,3900.0,Internet,Gurugram,14900.0,405.0,1.0,240.0
PVR INOX,3.9,3900.0,Media & Entertainment,New Delhi,9700.0,226.0,51.0,252.0
PhonePe,4.0,3900.0,FinTech,Bengaluru,14500.0,452.0,72.0,207.0
Altruist Technologies,4.3,3900.0,BPO,Bengaluru,8400.0,726.0,6.0,84.0
Birlasoft,3.4,3900.0,IT Services & Consulting,Pune,29900.0,323.0,602.0,255.0
Synechron,3.4,3900.0,IT Services & Consulting,Pune,29500.0,417.0,149.0,261.0
Glenmark Pharmaceuticals,3.8,3800.0,Pharma,Mumbai,12300.0,195.0,219.0,333.0
Sodexo,4.0,3800.0,Hospitality,Mumbai,10300.0,220.0,2200.0,366.0
Kotak Mahindra Life Insurance Company,3.5,3800.0,Insurance,Mumbai,12900.0,269.0,292.0,263.0
Reliance Communications,3.9,3800.0,Telecom,Mumbai,9200.0,110.0,0.0,357.0
Bharat Electronics,4.2,3800.0,Electronics Manufacturing,Bengaluru,13000.0,258.0,0.0,316.0
Dabur,3.8,3800.0,FMCG,New Delhi,9200.0,355.0,41.0,280.0
Cogent E Services,3.1,3800.0,BPO,Noida,10600.0,300.0,2.0,222.0
UNO Minda,3.9,3800.0,Auto Components,Pune,12100.0,279.0,151.0,309.0
ArcelorMittal Nippon Steel India,4.1,3800.0,Iron & Steel,Surat,13300.0,287.0,12.0,134.0
Godrej & Boyce Manufacturing,3.8,3700.0,Consumer Electronics & Appliances,Mumbai,15300.0,247.0,55.0,409.0
Abbott,4.1,3700.0,Pharma,Mumbai,12200.0,192.0,208.0,367.0
Ipca Laboratories,3.8,3700.0,Pharma,Mumbai,11800.0,226.0,48.0,246.0
Aarti Industries,4.1,3700.0,Agro Chemicals,Bharuch,14700.0,341.0,93.0,357.0
Samvardhana Motherson Group,3.7,3700.0,Auto Components,Noida,12000.0,266.0,24.0,415.0
Reliance Projects & Property Management Services,4.0,3700.0,Other,Kolkata,7600.0,218.0,0.0,34.0
Reliance Digital,4.1,3700.0,Retail,Mumbai,8400.0,184.0,2.0,255.0
IGT Solutions,3.2,3700.0,BPO,New Delhi,14000.0,261.0,293.0,225.0
MRF Tyres,3.6,3700.0,Auto Components,Chennai,13400.0,395.0,80.0,350.0
Indian Oil Corporation,4.3,3600.0,Oil & Gas,New Delhi,7900.0,249.0,0.0,302.0
Alkem Laboratories,3.9,3600.0,Pharma,Mumbai,10300.0,208.0,51.0,327.0
"NTT DATA, Inc.",3.9,3600.0,IT Services & Consulting,Bengaluru,21000.0,162.0,128.0,259.0
Johnson Controls,3.5,3600.0,Industrial Automation,Pune,18100.0,312.0,4.0,273.0
Honda Motorcycle & Scooter,4.1,3600.0,Automobile,Gurugram,11200.0,215.0,0.0,347.0
[24]7.ai,3.4,3600.0,Hospitality,Bengaluru,11700.0,203.0,64.0,418.0
Vishal Mega Mart,3.7,3600.0,Retail,New Delhi,6300.0,224.0,3.0,274.0
Barclays,3.7,3600.0,Banking,Pune,35000.0,329.0,0.0,274.0
Hindustan Coca Cola Beverages,4.0,3500.0,Beverage,Bengaluru,8200.0,197.0,24.0,384.0
DTDC Express,3.7,3500.0,Logistics,New Delhi,9000.0,208.0,41.0,267.0
Bajaj General Insurance Limited,3.6,3500.0,Insurance,Pune,11200.0,149.0,344.0,244.0
TVS Credit Services Ltd,4.1,3500.0,NBFC,Chennai,7500.0,171.0,39.0,197.0
RSPL Group,4.0,3500.0,FMCG,Kanpur,10100.0,274.0,43.0,298.0
IndusInd Nippon Life Insurance,3.3,3500.0,Insurance,Mumbai,8100.0,175.0,13.0,216.0
ABB,4.0,3500.0,Industrial Machinery,Bengaluru,19300.0,311.0,557.0,368.0
UBS,3.8,3500.0,Financial Services,Pune,32500.0,382.0,2.0,130.0
AGS Health,3.9,3500.0,Analytics & KPO,Chennai,15400.0,225.0,54.0,299.0
Ceat Tyres,3.9,3500.0,Auto Components,Nagpur,13100.0,217.0,51.0,352.0
Sagility,3.9,3500.0,BPO,Bengaluru,13900.0,311.0,77.0,130.0
NatWest Group,3.9,3400.0,Banking,Gurugram,22100.0,244.0,5.0,379.0
Ford Motor,4.2,3400.0,Automobile,Chennai,15700.0,180.0,6.0,404.0
Alstom Transportation,3.7,3400.0,Engineering & Construction,Bengaluru,16100.000000000002,294.0,175.0,191.0
Croma,3.8,3400.0,Retail,Mumbai,9900.0,197.0,47.0,200.0
HARMAN,3.8,3400.0,Consumer Electronics & Appliances,Bengaluru,24300.0,301.0,158.0,109.0
Niva Bupa Health Insurance Company,4.0,3400.0,Insurance,New Delhi,8900.0,390.0,225.0,137.0
InterGlobe Aviation,3.4,3400.0,Aviation,New Delhi,13800.0,387.0,30.0,319.0
Conduent,3.4,3400.0,BPO,Bengaluru,17300.0,250.0,177.0,377.0
Tata Technologies,3.4,3400.0,Automobile,Pune,23800.0,318.0,294.0,320.0
Tata AIG,4.0,3300.0,Insurance,Mumbai,12200.0,203.0,113.0,242.0
Indian Air Force,4.6,3300.0,Defence & Aerospace,New Delhi,5300.0,88.0,2.0,355.0
Tata AutoComp Systems,3.7,3300.0,Auto Components,Pune,11800.0,226.0,99.0,190.0
GeBBS Healthcare Solutions,3.8,3300.0,BPO,Mumbai,11500.0,191.0,79.0,302.0
Jindal Stainless,4.1,3300.0,Iron & Steel,Jajpur,12100.0,343.0,178.0,210.0
Canara HSBC Life Insurance,4.1,3300.0,Insurance,Gurugram,6500.0,580.0,1.0,179.0
PepsiCo,4.0,3300.0,Food Processing,Hyderabad,14600.0,257.0,244.0,263.0
UPL,4.1,3300.0,Agro Chemicals,Ankleshwar,11300.0,229.0,46.0,296.0
Tata Electronics,3.8,3300.0,Semiconductors,Hosur,13800.0,303.0,19.0,115.0
Max Healthcare,4.0,3300.0,Healthcare,New Delhi,10800.0,208.0,178.0,299.0
Mankind Pharma,3.8,3300.0,Pharma,New Delhi,10000.0,271.0,10.0,261.0
Titan Company,4.2,3300.0,Retail,Bengaluru,10100.0,220.0,99.0,349.0
Ambuja Cements,3.9,3300.0,Building Material,Ahmedabad,8800.0,259.0,28.0,311.0
Amazon Transportation Services,4.2,3200.0,Logistics,Hyderabad,8900.0,265.0,0.0,250.0
S&P Global,3.9,3200.0,Analytics & KPO,Hyderabad,21500.0,340.0,95.0,227.0
Dilip Buildcon,3.9,3200.0,Engineering & Construction,Bhopal,8000.0,197.0,9.0,296.0
Societe Generale Global Solution Centre,3.6,3200.0,IT Services & Consulting,Bengaluru,23800.0,308.0,34.0,304.0
Allcargo Logistics,3.8,3200.0,Logistics,Mumbai,6800.0,143.0,8.0,327.0
Varroc Group,3.6,3200.0,Auto Components,Pune,9800.0,229.0,27.0,246.0
MSN Laboratories,3.6,3200.0,Pharma,Hyderabad,10100.0,183.0,25.0,165.0
Quest Global,3.5,3200.0,IT Services & Consulting,Bengaluru,22500.0,376.0,192.0,205.0
Walmart,3.4,3200.0,Retail,Bengaluru,25100.0,452.0,213.0,323.0
ESAF Small Finance Bank,3.6,3200.0,Banking,Thrissur,7800.0,185.0,75.0,112.0
Ola Electric Mobility,3.3,3200.0,Automobile,Bengaluru,9800.0,316.0,0.0,94.0
IDFC FIRST Bharat,4.1,3200.0,Financial Services,Chennai,5300.0,168.0,3.0,92.0
Afcons Infrastructure,4.2,3200.0,Engineering & Construction,Mumbai,8800.0,283.0,45.0,323.0
Torrent Pharmaceuticals,4.0,3200.0,Pharma,Ahmedabad,10400.0,178.0,24.0,320.0
DS Group,4.0,3200.0,FMCG,Noida,8200.0,240.0,25.0,229.0
Zepto,3.6,3100.0,Internet,Bengaluru,11300.0,493.0,44.0,64.0
Bharat Financial Inclusion,3.7,3100.0,Financial Services,Hyderabad,5700.0,130.0,4.0,182.0
Marpu Foundation,4.9,3100.0,Non-Profit,Hyderabad,61.0,266.0,0.0,8.0
Tata Elxsi,3.4,3100.0,IT Services & Consulting,Bengaluru,25000.0,350.0,84.0,215.0
Suzlon Group,4.0,3100.0,Power,Pune,8400.0,190.0,51.0,333.0
Indus Towers,3.6,3100.0,Telecom,Gurugram,9600.0,240.0,53.0,214.0
HDFC Sales,3.9,3100.0,Financial Services,Mumbai,8300.0,202.0,39.0,188.0
Zensar Technologies,3.6,3100.0,IT Services & Consulting,Pune,25900.0,288.0,421.0,251.0
Square Yards,3.5,3100.0,Internet,Gurugram,9700.0,238.0,76.0,227.0
Eternal Limited,3.6,3100.0,Internet,Gurugram,15600.0,371.0,12.0,226.0
Fujitsu,3.8,3100.0,IT Services & Consulting,Pune,17900.0,214.0,73.0,204.0
I Process Services,3.8,3000.0,Recruitment,Mumbai,5500.0,142.0,2.0,114.0
VVDN Technologies,3.6,3000.0,IT Services & Consulting,Gurugram,14400.0,269.0,17.0,136.0
CMS IT Services,3.1,3000.0,IT Services & Consulting,Mumbai,9200.0,161.0,22.0,187.0
Future Group,4.2,3000.0,Retail,Mumbai,6100.0,85.0,0.0,399.0
IKS Health,3.5,3000.0,BPO,Mumbai,11800.0,278.0,22.0,240.0
ACC,3.9,3000.0,Building Material,Mumbai,9200.0,239.0,20.0,269.0
Yazaki,3.9,3000.0,Auto Components,Pune,9400.0,200.0,36.0,273.0
Shree Cement,3.8,3000.0,Building Material,Beawar,10200.0,247.0,16.0,229.0
Nokia,4.0,3000.0,Telecom,Bengaluru,17600.0,334.0,9.0,549.0
Shoppers Stop,3.9,3000.0,Retail,Mumbai,7100.0,152.0,49.0,319.0
Apollo Tyres,4.0,3000.0,Auto Components,Chennai,10100.0,159.0,35.0,335.0
Fiserv,2.7,2900.0,FinTech,Pune,17700.0,204.0,24.0,324.0
Physicswallah,3.6,2900.0,EdTech,Noida,9900.0,315.0,434.0,73.0
Britannia,4.0,2900.0,Hospitality,Pune,8500.0,251.0,35.0,251.0
Exl India,3.5,2900.0,Logistics,New Delhi,19200.0,139.0,2.0,187.0
Landmark Group,3.8,2900.0,Retail,Bengaluru,9700.0,182.0,4.0,269.0
Foxconn,3.8,2900.0,Electronics Manufacturing,Chennai,12500.0,261.0,4.0,142.0
SRF,4.1,2900.0,Chemicals,Bharuch,9400.0,215.0,19.0,260.0
ZS,3.0,2900.0,Management Consulting,Pune,22600.0,539.0,82.0,280.0
Kansai Nerolac Paints,3.8,2900.0,Chemicals,Mumbai,8200.0,201.0,65.0,190.0
Star Health & Allied Insurance,3.5,2900.0,Insurance,Chennai,10700.0,164.0,40.0,174.0
Blue Dart Express Ltd,3.9,2800.0,Logistics,Mumbai,7100.0,139.0,6.0,234.0
Nestlé,3.7,2800.0,FMCG,Gurugram,10100.0,295.0,14.0,312.0
Exide Industries,3.4,2800.0,Electrical Equipment,Kolkata,9200.0,227.0,4.0,241.0
Shell,3.9,2800.0,Oil & Gas,Bengaluru,14500.0,244.0,42.0,259.0
UnitedHealth,4.0,2800.0,Healthcare,Hyderabad,13300.0,84.0,0.0,434.0
Micro Labs,3.6,2800.0,Pharma,Bengaluru,9900.0,158.0,12.0,205.0
KPMG Global Services,3.4,2800.0,Management Consulting,Bengaluru,24800.0,275.0,40.0,14.0
Flex,3.9,2800.0,Electronics Manufacturing,Chennai,15300.0,217.0,45.0,438.0
TVS Supply Chain Solutions,3.8,2800.0,Logistics,Chennai,8500.0,172.0,18.0,194.0
Blue Star,4.0,2700.0,Consumer Electronics & Appliances,Mumbai,10000.0,206.0,123.0,251.0
Gallagher,3.6,2700.0,Insurance,Bengaluru,15100.0,284.0,213.0,141.0
ElasticRun,3.6,2700.0,Logistics,Pune,6700.0,280.0,4.0,224.0
Care Health Insurance,3.5,2700.0,Insurance,Gurugram,9200.0,172.0,39.0,174.0
Photon Interactive,4.0,2700.0,IT Services & Consulting,Chennai,7800.0,142.0,877.0,113.0
Tata Advanced Systems,3.7,2700.0,Defence & Aerospace,Bengaluru,13400.0,197.0,14.0,149.0
KFintech,3.3,2700.0,Financial Services,Hyderabad,11300.0,181.0,27.0,57.0
Ajanta Pharma,3.9,2700.0,Pharma,Mumbai,9300.0,173.0,23.0,229.0
G4S,4.0,2700.0,Law Enforcement & Security,Gurugram,5300.0,138.0,916.0,241.0
Movate,3.1,2700.0,IT Services & Consulting,Chennai,15500.0,299.0,140.0,13.0
Sonalika Tractors,3.5,2700.0,Automobile,Hoshiarpur,9300.0,179.0,1.0,183.0
Voltas,4.0,2700.0,Consumer Electronics & Appliances,Mumbai,8700.0,180.0,24.0,259.0
Capita,3.5,2700.0,BPO,Pune,12400.0,169.0,39.0,322.0
Whitehat jr,3.3,2700.0,EdTech,Mumbai,8800.0,266.0,0.0,926.0
DBS Bank,3.7,2700.0,Banking,Hyderabad,13500.0,209.0,454.0,195.0
Adani Power,3.8,2700.0,Power,Mundra,10100.0,339.0,0.0,180.0
ACT Fibernet,3.8,2700.0,Telecom,Hyderabad,8000.0,169.0,217.0,262.0
NoBroker,3.0,2700.0,Internet,Bengaluru,11200.0,292.0,433.0,363.0
BlackBuck,3.7,2700.0,Internet,Bengaluru,6500.0,223.0,11.0,243.0
IntouchCX,2.7,2700.0,BPO,Hyderabad,10700.0,245.0,117.0,165.0
Himalaya Wellness,3.9,2700.0,Pharma,Bengaluru,6200.0,157.0,163.0,262.0
Foundever,3.3,2700.0,BPO,Hyderabad,9400.0,196.0,86.0,214.0
Laurus Labs,4.3,2700.0,Pharma,Visakhapatnam,7500.0,164.0,7.0,226.0
Fortis Healthcare,4.1,2700.0,Healthcare,New Delhi,7800.0,197.0,1400.0,148.0
Domino's Pizza,3.9,2700.0,Hospitality,New Delhi,4400.0,146.0,0.0,396.0
GAO Tek,4.4,2600.0,Electrical Equipment,New York,269.0,760.0,0.0,130.0
BT Group,3.8,2600.0,Telecom,Gurugram,12200.0,235.0,6.0,285.0
V-Mart,4.0,2600.0,Retail,Gurugram,4700.0,202.0,18.0,220.0
JCB,3.9,2600.0,Industrial Machinery,Pune,10000.0,177.0,0.0,247.0
Sahrudaya Healthcare (Medicover Hospitals),4.3,2600.0,Healthcare,Hyderabad,3700.0,147.0,54.0,1.0
Alldigi Tech,3.8,2600.0,BPO,Chennai,7600.0,239.0,5.0,116.0
Northern Trust Operating Services,3.6,2600.0,Financial Services,Bengaluru,18000.0,248.0,139.0,229.0
Adani Group,3.8,2600.0,Power,Ahmedabad,12300.0,323.0,680.0,124.0
CorroHealth Infotech,3.5,2600.0,Analytics & KPO,Hyderabad,8200.0,289.0,12.0,20.0
Sterlite Technologies,3.8,2600.0,Hardware & Networking,Chhatrapati Sambhajinagar,10000.0,192.0,124.0,211.0
ICICI Securities,3.9,2600.0,Financial Services,Mumbai,9900.0,202.0,49.0,196.0
Tractors and Farm Equipment,3.9,2600.0,Industrial Machinery,Chennai,8500.0,140.0,39.0,284.0
Bajaj Electricals,3.9,2500.0,Consumer Electronics & Appliances,Mumbai,7400.0,161.0,21.0,289.0
Parle Agro,3.9,2500.0,Beverage,Mumbai,7200.0,156.0,1.0,221.0
Sammaan Capital Limited,3.7,2500.0,NBFC,Gurugram,5700.0,115.0,39.0,118.0
TaskUs,2.9,2500.0,BPO,Indore,10500.0,236.0,184.0,135.0
Emcure Pharmaceuticals,3.6,2500.0,Pharma,Pune,8900.0,135.0,69.0,249.0
Biocon Limited,4.0,2500.0,Biotechnology,Bengaluru,11500.0,191.0,15.0,14.0
Hero FinCorp,3.9,2500.0,NBFC,New Delhi,6000.0,125.0,79.0,130.0
Planet Spark,3.8,2500.0,EdTech,Gurugram,3800.0,606.0,65.0,203.0
Mahindra Holidays & Resorts,3.5,2500.0,Hospitality,Mumbai,6100.0,136.0,76.0,197.0
Cadila Pharmaceuticals,3.1,2500.0,Pharma,Ahmedabad,8300.0,170.0,114.0,183.0
Intellect Design Arena,3.5,2500.0,Software Product,Chennai,14200.0,184.0,15.0,118.0
Datamatics Global Services,3.4,2500.0,IT Services & Consulting,Mumbai,11700.0,184.0,110.0,178.0
Syngene International,3.7,2500.0,Clinical Research,Bengaluru,12800.0,192.0,1.0,221.0
Mahindra Rural Housing Finance,4.0,2500.0,NBFC,Mumbai,4800.0,110.0,6.0,177.0
Newgen Software Technologies,4.1,2500.0,IT Services & Consulting,Noida,11800.0,210.0,31.0,151.0
McDonald's,3.8,2500.0,Hospitality,New Delhi,5100.0,163.0,1.0,404.0
Team Computers,3.8,2500.0,IT Services & Consulting,New Delhi,8900.0,226.0,197.0,158.0
Bureau Veritas,3.8,2500.0,Other,Mumbai,8600.0,149.0,55.0,189.0
Patanjali Ayurved,3.9,2500.0,FMCG,Haridwar,5900.0,142.0,0.0,240.0
RMSI,3.5,2500.0,IT Services & Consulting,Hyderabad,9200.0,202.0,10.0,194.0
Paras Hospital,4.1,2500.0,Healthcare,Patna,3300.0,108.0,83.0,125.0
Aditya Birla Group,4.1,2500.0,Metals & Mining,Mumbai,10200.0,249.0,2.0,252.0
3i Infotech,3.4,2500.0,IT Services & Consulting,Mumbai,10700.0,172.0,93.0,153.0
Cholamandalam MS General Insurance,3.7,2400.0,Insurance,Chennai,5900.0,119.0,0.0,169.0
Info Edge,3.8,2400.0,Internet,Noida,11600.0,388.0,432.0,309.0
Taj Hotels Resorts and Palaces,4.2,2400.0,Hospitality,Mumbai,5000.0,165.0,0.0,182.0
Delhi Public School,3.7,2400.0,Education & Training,New Delhi,5300.0,166.0,112.0,265.0
Aavas Financiers,3.9,2400.0,NBFC,Jaipur,5700.0,129.0,62.0,134.0
Statestreet HCL Services,3.4,2400.0,BPO,Chennai,12300.0,221.0,0.0,202.0
Lodha,4.2,2400.0,Real Estate,Mumbai,9200.0,186.0,182.0,184.0
Capgemini Engineering,3.3,2400.0,IT Services & Consulting,Bengaluru,13100.0,409.0,0.0,142.0
TCE,3.9,2400.0,Engineering & Construction,Mumbai,10300.0,305.0,26.0,182.0
Apollo Pharmacy,3.7,2400.0,Pharma,Hyderabad,7400.0,211.0,1100.0,138.0
Axis Direct,3.6,2400.0,Financial Services,Mumbai,4600.0,90.0,44.0,208.0
Kia India,3.9,2400.0,Automobile,Anantapur,8400.0,185.0,94.0,173.0
Cybage,3.7,2400.0,IT Services & Consulting,Pune,17300.0,216.0,25.0,275.0
Straive,3.3,2400.0,IT Services & Consulting,Chennai,10800.0,237.0,77.0,125.0
Sopra Steria,3.9,2400.0,IT Services & Consulting,Noida,14400.0,188.0,138.0,245.0
GVK Emergency Management and Research Institute,3.6,2400.0,Non-Profit,Lucknow,4700.0,122.0,65.0,181.0
SBI Securities,3.6,2400.0,Financial Services,Mumbai,7000.0,197.0,107.0,107.0
Xoriant,4.0,2400.0,IT Services & Consulting,Pune,11700.0,237.0,50.0,407.0
Star Union Dai-ichi Life Insurance,3.8,2400.0,Insurance,Mumbai,5500.0,148.0,17.0,104.0
KocharTech,3.6,2400.0,IT Services & Consulting,Kolkata,3800.0,83.0,16.0,559.0
Akums Drugs & Pharmaceuticals Limited,4.2,2400.0,Pharma,Haridwar,6300.0,338.0,28.0,152.0
Sobha,3.8,2400.0,Real Estate,Bengaluru,8600.0,169.0,61.0,235.0
Endurance Technologies Limited,3.9,2400.0,Auto Components,Chhatrapati Sambhajinagar,8100.0,148.0,33.0,248.0
Daikin Airconditioning India Pvt. Ltd.,4.2,2300.0,Consumer Electronics & Appliances,Neemrana,8100.0,222.0,14.0,161.0
BNP Paribas,3.7,2300.0,Banking,Mumbai,19500.0,225.0,35.0,188.0
Bharat Petroleum,4.2,2300.0,Oil & Gas,Mumbai,7500.0,192.0,0.0,192.0
JK Tyre,3.9,2300.0,Auto Components,Chennai,7100.0,223.0,7.0,263.0
Eureka Forbes,3.6,2300.0,Consumer Electronics & Appliances,Mumbai,5700.0,95.0,8.0,228.0
Panasonic Life Solutions India,3.9,2300.0,Consumer Electronics & Appliances,Mumbai,7300.0,100.0,18.0,120.0
Lifestyle,4.2,2300.0,Retail,Bengaluru,6700.0,91.0,27.0,270.0
Myntra,3.8,2300.0,Internet,Bengaluru,10900.0,390.0,9.0,309.0
AWL Agri Business,4.1,2300.0,FMCG,Ahmedabad,7100.0,146.0,15.0,190.0
Radisson Hotels,4.0,2300.0,Hospitality,New Delhi,5300.0,110.0,169.0,316.0
SBI General Insurance,3.5,2300.0,Insurance,Mumbai,6800.0,137.0,39.0,134.0
Bharti AXA Life Insurance,3.6,2300.0,Insurance,Mumbai,5200.0,156.0,858.0,169.0
Unacademy,3.0,2300.0,EdTech,Bengaluru,10400.0,243.0,11.0,158.0
Renault Nissan Technology & Business Centre India,3.6,2300.0,Automobile,Chennai,15400.0,159.0,25.0,211.0
Cisco,4.1,2300.0,Hardware & Networking,Bengaluru,19500.0,428.0,303.0,229.0
Meesho,3.7,2300.0,Internet,Bengaluru,10200.0,458.0,45.0,301.0
Coromandel International,4.1,2300.0,Agro Chemicals,Visakhapatnam,7900.0,131.0,42.0,225.0
ValueLabs,3.4,2300.0,IT Services & Consulting,Hyderabad,16600.0,221.0,83.0,270.0
Sify Technologies,3.6,2300.0,IT Services & Consulting,Chennai,10200.0,151.0,60.0,159.0
Henry Harvin Education,4.0,2200.0,EdTech,Noida,993.0,138.0,24.0,76.0
Indian Railways,4.2,2200.0,Railways,Kolkata,3600.0,116.0,0.0,162.0
Lava International,3.9,2200.0,Consumer Electronics & Appliances,Noida,4400.0,95.0,9.0,296.0
Whirlpool,4.0,2200.0,Consumer Electronics & Appliances,Pune,7900.0,122.0,15.0,199.0
Shahi Exports,3.9,2200.0,Fashion & Textile,Bengaluru,6900.0,129.0,59.0,226.0
Allstate,3.7,2200.0,Insurance,Pune,12100.0,158.0,18.0,190.0
Bank of Baroda,3.6,2200.0,Banking,Mumbai,7100.0,128.0,0.0,150.0
Manipal Hospitals,4.0,2200.0,Healthcare,Bengaluru,7500.0,146.0,245.0,151.0
Mercedes-Benz Research and Development India,3.5,2200.0,IT Services & Consulting,Bengaluru,18600.0,212.0,0.0,199.0
GlaxoSmithKline Pharmaceuticals,4.1,2200.0,Pharma,Bengaluru,6000.0,133.0,21.0,116.0
Generali Central Life Insurance,3.4,2200.0,Insurance,Mumbai,6900.0,123.0,21.0,165.0
Infinite Computer Solutions,3.2,2200.0,IT Services & Consulting,Bengaluru,16200.0,185.0,154.0,113.0
Poonawalla Fincorp,3.5,2200.0,NBFC,Pune,6300.0,91.0,8.0,133.0
FirstCry,3.5,2200.0,Retail,Pune,9300.0,220.0,6.0,80.0
Jio Platforms,3.4,2200.0,IT Services & Consulting,Mumbai,15300.0,274.0,0.0,69.0
Spark Minda,3.8,2200.0,Auto Components,Pune,7600.0,165.0,15.0,49.0
Saint-Gobain,3.8,2200.0,Building Material,Mumbai,12300.0,222.0,162.0,260.0
Nuvoco Vistas,4.1,2200.0,Building Material,Kolkata,7400.0,139.0,57.0,148.0
Life Insurance Corporation of India,4.4,2200.0,Insurance,Mumbai,4700.0,108.0,2.0,232.0
CAMS,3.5,2200.0,Financial Services,Chennai,9200.0,154.0,8.0,56.0
Brakes India,3.9,2200.0,Auto Components,Chennai,7400.0,110.0,47.0,218.0
Cargill,3.9,2200.0,Food Processing,Bengaluru,8800.0,115.0,119.0,157.0
NTT DATA Business Solutions,4.1,2200.0,IT Services & Consulting,Bengaluru,13500.0,287.0,27.0,37.0
BHEL,4.2,2200.0,Electrical Equipment,Bengaluru,5300.0,142.0,53.0,231.0
upGrad,3.3,2200.0,EdTech,Bengaluru,9600.0,220.0,27.0,135.0
Kotak Securities,3.4,2200.0,Financial Services,Mumbai,9700.0,151.0,29.0,153.0
Nokia Networks,4.1,2200.0,Hardware & Networking,Chennai,10300.0,130.0,7.0,13.0
Power Mech Projects,3.8,2200.0,Engineering & Construction,Hyderabad,7000.0,127.0,2.0,165.0
Microsoft Corporation,3.8,2200.0,Software Product,Bengaluru,32900.0,641.0,0.0,199.0
Force Motors,3.7,2200.0,Automobile,Pune,8300.0,150.0,22.0,157.0
CitiusTech,3.1,2200.0,IT Services & Consulting,Mumbai,15000.0,327.0,10.0,173.0
Provana,4.1,2100.0,BPO,Noida,4700.0,280.0,10.0,328.0
"Maruti Suzuki India Limited, Hansalpur",4.2,2100.0,Automobile,Ahmedabad,6900.0,241.0,365.0,175.0
Pfizer,3.9,2100.0,Pharma,Visakhapatnam,6000.0,92.0,93.0,283.0
EPAM Systems,3.6,2100.0,IT Services & Consulting,Hyderabad,25700.0,673.0,247.0,145.0
SGS,3.7,2100.0,Engineering & Construction,Mumbai,6800.0,134.0,142.0,188.0
IndusInd General Insurance,3.6,2100.0,Insurance,Mumbai,7200.0,106.0,14.0,133.0
Biological E,4.3,2100.0,Pharma,Hyderabad,7300.0,150.0,37.0,229.0
Morgan Stanley,3.5,2100.0,Financial Services,Mumbai,28600.0,345.0,58.0,164.0
ITC Hotels,4.0,2100.0,Hospitality,Bengaluru,5500.0,109.0,0.0,202.0
Reliance Trends,4.1,2100.0,Retail,Bengaluru,4100.0,127.0,0.0,205.0
Huawei Technologies,4.1,2100.0,Telecom,Bengaluru,7600.0,120.0,34.0,280.0
K12 Techno Services,3.7,2100.0,EdTech,Bengaluru,5500.0,448.0,348.0,73.0
Simplex Infrastructures,3.4,2100.0,Engineering & Construction,Kolkata,4200.0,86.0,1.0,280.0
Raymond Lifestyle Limited,4.2,2100.0,Fashion & Textile,Mumbai,6300.0,126.0,26.0,233.0
Delphi TVS,3.8,2100.0,Auto Components,Chennai,5600.0,103.0,3.0,201.0
Aditya Birla Health Insurance Co,3.7,2100.0,Insurance,Mumbai,7300.0,135.0,4.0,101.0
Narayana Health,4.0,2100.0,Healthcare,Bengaluru,6300.0,101.0,114.0,149.0
YASH Technologies,3.6,2100.0,IT Services & Consulting,Hyderabad,16300.0,180.0,580.0,184.0
Shadowfax Technologies,3.5,2100.0,Logistics,Bengaluru,8000.0,176.0,35.0,85.0
Ola Cabs,3.2,2100.0,Internet,Bengaluru,8800.0,156.0,2.0,212.0
Trent,3.8,2100.0,Retail,Mumbai,5400.0,114.0,36.0,133.0
Extramarks Education,3.2,2100.0,EdTech,Noida,7200.0,178.0,5.0,146.0
Haier Appliances India,3.9,2000.0,Consumer Electronics & Appliances,Pune,7300.0,173.0,28.0,173.0
IDBI Bank,3.3,2000.0,Banking,Mumbai,6400.0,89.0,0.0,129.0
Novartis,4.2,2000.0,Pharma,Hyderabad,10600.0,172.0,1.0,232.0
Senco Gold,4.4,2000.0,Jewellery,Kolkata,1600.0,634.0,1.0,29.0
Motherson Automotive Technologies and Engineering,3.7,2000.0,Auto Components,Chennai,7800.0,166.0,0.0,158.0
Honeywell Automation,3.8,2000.0,Industrial Automation,Pune,12800.0,140.0,0.0,164.0
R.R. Donnelley,3.6,2000.0,Marketing & Advertising,Chennai,10300.0,130.0,13.0,212.0
AECOM,4.2,2000.0,Engineering & Construction,Gurugram,7300.0,158.0,429.0,250.0
Schindler,3.9,2000.0,Industrial Machinery,Pune,6400.0,126.0,54.0,193.0
TELUS Digital,3.5,2000.0,IT Services & Consulting,Noida,10900.0,151.0,43.0,54.0
Microland,3.5,2000.0,IT Services & Consulting,Bengaluru,10800.0,156.0,660.0,176.0
Aye Finance,4.1,2000.0,NBFC,Gurugram,3700.0,107.0,82.0,119.0
HSBC Electronic Data Processing,4.0,2000.0,IT Services & Consulting,Bengaluru,8300.0,94.0,0.0,6.0
Globiva,3.0,2000.0,BPO,Gurugram,5500.0,143.0,210.0,86.0
L&T Energy Hydrocarbon,3.8,2000.0,Engineering & Construction,Vadodara,8400.0,121.0,0.0,202.0
SAP,4.1,2000.0,Software Product,Bengaluru,18400.0,325.0,0.0,282.0
V-Guard,4.3,2000.0,Consumer Electronics & Appliances,Kochi,4700.0,125.0,44.0,278.0
Paisabazaar.com,3.4,2000.0,Internet,Gurugram,7100.0,176.0,57.0,104.0
CMS Infosystems,3.5,2000.0,Software Product,Mumbai,5000.0,83.0,5.0,102.0
Torrent Power,3.8,2000.0,Power,Ahmedabad,8100.0,182.0,69.0,174.0
Godrej Properties,3.6,2000.0,Real Estate,Mumbai,9800.0,136.0,0.0,129.0
Uflex,3.8,2000.0,Packaging,Noida,6900.0,133.0,66.0,129.0
Ninjacart,3.8,2000.0,Internet,Bengaluru,4900.0,105.0,21.0,126.0
Crisil,3.5,2000.0,Analytics & KPO,Mumbai,13900.0,216.0,665.0,227.0
Aadhar Housing Finance,4.0,2000.0,NBFC,Mumbai,5000.0,123.0,22.0,109.0
Spinny,3.6,2000.0,Internet,Gurugram,8100.0,219.0,56.0,107.0
Dr Lal PathLabs,4.2,2000.0,Healthcare,New Delhi,4600.0,198.0,102.0,194.0
Adecco Group,3.8,2000.0,Recruitment,Bengaluru,7600.0,124.0,3.0,138.0
Gabriel India Limited,4.0,2000.0,Auto Components,Pune,5800.0,136.0,3.0,255.0
Orchids International School,4.0,2000.0,Education & Training,Bengaluru,4000.0,462.0,19.0,123.0
CNH (Case New Holland),3.7,2000.0,Industrial Machinery,Gurugram,6300.0,143.0,13.0,166.0
NCR Voyix,3.4,2000.0,IT Services & Consulting,Hyderabad,9500.0,145.0,40.0,174.0
CSB Bank,3.2,2000.0,Banking,Mumbai,7400.0,113.0,1400.0,53.0
Hinduja Leyland Finance,4.3,2000.0,NBFC,Chennai,3000.0,519.0,3.0,313.0
Parle Products,3.9,2000.0,FMCG,Mumbai,3600.0,131.0,19.0,202.0
HTC Global Services,3.3,2000.0,IT Services & Consulting,Chennai,13700.0,170.0,5.0,112.0
DHL Supply Chain,4.1,2000.0,Logistics,Mumbai,6400.0,132.0,132.0,136.0
State Street Syntel,3.7,2000.0,Financial Services,Pune,6100.0,81.0,8.0,283.0
Philips,3.8,2000.0,Medical Equipment,Bengaluru,11400.0,185.0,117.0,178.0
Tata Power,3.9,2000.0,Power,Mumbai,7800.0,223.0,33.0,138.0
G R Infraprojects,4.1,2000.0,Engineering & Construction,Gurugram,5400.0,169.0,40.0,159.0
Trident Group,3.3,2000.0,Hospitality,Barnala,5600.0,145.0,18.0,131.0
Angel One,3.5,2000.0,FinTech,Mumbai,7900.0,173.0,58.0,158.0
Rungta Mines,3.9,2000.0,Metals & Mining,Chaibasa,6300.0,216.0,1.0,71.0
NTPC,4.2,2000.0,Power,New Delhi,4400.0,195.0,0.0,192.0
Tekwissen,4.9,2000.0,IT Services & Consulting,Visakhapatnam,617.0,341.0,251.0,70.0
ICICI Home Finance,3.8,2000.0,Financial Services,Mumbai,5900.0,106.0,7.0,97.0
Iris Software,3.7,2000.0,IT Services & Consulting,Noida,8300.0,219.0,420.0,267.0
Verizon,3.5,2000.0,Telecom,Hyderabad,12300.0,136.0,0.0,211.0
NeoSOFT,3.2,1900.0,IT Services & Consulting,Mumbai,11100.0,308.0,49.0,105.0
Thomson Reuters,3.7,1900.0,Software Product,Bengaluru,11000.0,143.0,106.0,232.0
Infinx,3.7,1900.0,Software Product,Hyderabad,5600.0,213.0,65.0,75.0
Safexpress,3.9,1900.0,Logistics,New Delhi,5800.0,132.0,2.0,154.0
Lucas-TVS,3.9,1900.0,Auto Components,Chennai,6200.0,100.0,14.0,213.0
PI Industries,3.8,1900.0,Agro Chemicals,Vadodara,7100.0,142.0,15.0,172.0
Google,4.4,1900.0,Software Product,Bengaluru,37600.0,1100.0,422.0,141.0
Jindal Saw,4.1,1900.0,Iron & Steel,Mundra,7000.0,152.0,48.0,187.0
Polycab Wires,4.0,1900.0,Electrical Equipment,Vadodara,7400.0,137.0,118.0,96.0
Capri Global Capital,3.6,1900.0,NBFC,New Delhi,4500.0,78.0,36.0,50.0
Medi Assist India,3.4,1900.0,Insurance,Bengaluru,7500.0,142.0,33.0,149.0
Hindustan Aeronautics,4.3,1900.0,Defence & Aerospace,Bengaluru,4600.0,93.0,2.0,179.0
Fusion CX,3.2,1900.0,BPO,Kolkata,4600.0,148.0,66.0,97.0
Infra.Market,3.8,1900.0,Building Material,Mumbai,4000.0,284.0,0.0,23.0
Tata Tele Business Services,3.4,1900.0,Telecom,Mumbai,4500.0,58.0,55.0,270.0
TVS Sundram Fasteners,3.6,1900.0,Auto Components,Chennai,6700.0,95.0,17.0,209.0
Aragen Life Sciences,3.9,1900.0,Clinical Research,Hyderabad,6700.0,129.0,2.0,290.0
Digit Insurance,3.6,1900.0,Insurance,Bengaluru,6400.0,241.0,32.0,115.0
AXA Global Business Services,3.7,1900.0,IT Services & Consulting,Pune,7200.0,109.0,39.0,175.0
KENT RO Systems,3.7,1900.0,Consumer Electronics & Appliances,Noida,4500.0,107.0,19.0,106.0
First American (India),3.5,1900.0,Insurance,Bengaluru,9600.0,101.0,82.0,175.0
Haldiram Foods International Limited,3.8,1900.0,FMCG,Nagpur,6300.0,169.0,0.0,108.0
Honda Cars,4.3,1900.0,Automobile,Bhiwadi,6300.0,118.0,0.0,188.0
AkzoNobel,4.1,1900.0,Chemicals,Pune,4600.0,145.0,22.0,138.0
Adani Green Energy,3.9,1900.0,Power,Ahmedabad,6300.0,168.0,1.0,90.0
Hindustan Petroleum,4.2,1800.0,Oil & Gas,Mumbai,6200.0,119.0,1.0,136.0
Labmentix,4.5,1800.0,,Bengaluru,44.0,612.0,0.0,65.0
DIVI'S Laboratories,3.6,1800.0,Pharma,Visakhapatnam,6900.0,106.0,0.0,172.0
Innovsource Services,3.9,1800.0,Recruitment,Mumbai,4600.0,80.0,0.0,118.0
MetLife,4.0,1800.0,Insurance,Noida,9700.0,103.0,80.0,242.0
Air India,3.4,1800.0,Aviation,New Delhi,8400.0,231.0,42.0,169.0
Isgec Heavy Engineering,3.8,1800.0,Engineering & Construction,Noida,7100.0,149.0,68.0,135.0
Sterling & Wilson,4.1,1800.0,Engineering & Construction,Mumbai,6600.0,91.0,22.0,198.0
Pine Labs,3.2,1800.0,FinTech,Noida,7900.0,144.0,7.0,112.0
Cafe Coffee Day,3.7,1800.0,Hospitality,Bengaluru,3700.0,86.0,6.0,167.0
USV,4.0,1800.0,Pharma,Mumbai,5800.0,91.0,43.0,178.0
Reckitt Benckiser,3.9,1800.0,FMCG,Gurugram,6400.0,107.0,102.0,173.0
USHA International,4.0,1800.0,Consumer Electronics & Appliances,Gurugram,4900.0,121.0,17.0,168.0
SS&C TECHNOLOGIES,3.2,1800.0,IT Services & Consulting,Mumbai,13600.0,205.0,191.0,199.0
HDFC Securities,3.4,1800.0,Financial Services,Mumbai,6300.0,130.0,73.0,144.0
Annapurna Finance,3.8,1800.0,NBFC,Bhubaneswar,3900.0,89.0,1.0,129.0
LivSpace,3.3,1800.0,Architecture & Interior Design,Bengaluru,8300.0,173.0,155.0,92.0
XBP Global,3.1,1800.0,Internet,Chennai,7600.0,105.0,62.0,83.0
Granules India Limited,3.8,1800.0,Pharma,Hyderabad,6600.0,87.0,9.0,169.0
Kalyan Jewellers,4.4,1800.0,Jewellery,Thrissur,1600.0,90.0,66.0,65.0
Hitachi Astemo,4.0,1800.0,Auto Components,Neemrana,6700.0,146.0,0.0,124.0
Bata,3.5,1800.0,Fashion & Textile,Gurugram,4200.0,91.0,4.0,124.0
Security and Intelligence Services (India),4.1,1800.0,Law Enforcement & Security,New Delhi,4600.0,86.0,36.0,129.0
NielsenIQ,3.4,1800.0,Analytics & KPO,Chennai,11500.0,244.0,19.0,71.0
Tata Communications Transformation Services,3.8,1800.0,Telecom,Pune,8400.0,101.0,0.0,166.0
BT Business,3.9,1800.0,Telecom,Gurugram,9200.0,90.0,0.0,270.0
TTEC India,3.6,1800.0,BPO,Ahmedabad,5600.0,198.0,8.0,154.0
Stellar Migration,1.3,1800.0,Other,Dubai,2.0,2.0,0.0,8.0
BVG India,4.2,1800.0,Facility Management Services,Pune,4100.0,178.0,105.0,102.0
Mother Dairy Fruit & Vegetable,4.0,1800.0,Hospitality,New Delhi,5200.0,105.0,4.0,156.0
Cushman & Wakefield,4.1,1800.0,Real Estate,Gurugram,6800.0,129.0,113.0,139.0
IIFL SAMASTA,3.7,1800.0,NBFC,Bengaluru,3300.0,89.0,3.0,24.0
Orange Business,4.1,1800.0,IT Services & Consulting,Gurugram,9200.0,121.0,11.0,246.0
Medanta the Medicity,4.0,1800.0,Healthcare,Gurugram,5300.0,142.0,72.0,159.0
Vedantu,3.2,1700.0,EdTech,Bengaluru,7800.0,202.0,26.0,152.0
HighRadius,2.4,1700.0,Software Product,Hyderabad,9500.0,217.0,98.0,89.0
FactSet,3.7,1700.0,Analytics & KPO,Hyderabad,11000.0,240.0,27.0,191.0
Tata 1mg,3.6,1700.0,Internet,Gurugram,7500.0,234.0,244.0,115.0
Caterpillar Inc,4.1,1700.0,Industrial Machinery,Chennai,11800.0,213.0,327.0,146.0
Cavinkare,3.9,1700.0,FMCG,Chennai,5000.0,73.0,19.0,144.0
Metro Cash & Carry,3.9,1700.0,Retail,Bengaluru,4900.0,77.0,4.0,161.0
Future Retail,4.4,1700.0,Retail,Mumbai,3600.0,61.0,0.0,230.0
Sysnet Global Technologies,3.6,1700.0,IT Services & Consulting,New Delhi,4400.0,144.0,10.0,80.0
Dhani Loans and Services,3.9,1700.0,NBFC,Gurugram,4200.0,72.0,36.0,41.0
Patanjali Foods,3.7,1700.0,FMCG,Haridwar,4700.0,114.0,22.0,128.0
Clover Infotech,3.3,1700.0,IT Services & Consulting,Mumbai,12200.0,146.0,194.0,103.0
Indian Navy,4.6,1700.0,Defence & Aerospace,Mumbai,3500.0,40.0,0.0,237.0
Shriram Life Insurance,3.5,1700.0,Insurance,Hyderabad,5000.0,119.0,124.0,90.0
Frankfinn Institute of Air Hostess Training,3.9,1700.0,Education & Training,Gurugram,3100.0,130.0,12.0,171.0
L.G.Balakrishnan & Bros,3.5,1700.0,Auto Components,Coimbatore,5900.0,86.0,0.0,119.0
Compass Group Support Services,4.0,1700.0,Hospitality,Bengaluru,5700.0,92.0,35.0,142.0
Health Care Global Enterprises,4.4,1700.0,Healthcare,Bengaluru,2900.0,178.0,112.0,30.0
ReNew,4.2,1700.0,Power,Gurugram,6700.0,148.0,76.0,106.0
KONE,4.1,1700.0,Industrial Machinery,Chennai,5800.0,146.0,37.0,198.0
NEC,4.0,1700.0,IT Services & Consulting,Noida,5500.0,81.0,5.0,81.0
Yamaha Motor,4.0,1700.0,Automobile,Chennai,5400.0,97.0,0.0,168.0
CG Power and Industrial Solutions,3.8,1700.0,Electrical Equipment,Bhopal,6900.0,113.0,0.0,219.0
Rane (Madras),3.8,1700.0,Auto Components,Chennai,4800.0,99.0,30.0,164.0
Vardhman Fabrics,4.0,1700.0,Fashion & Textile,Baddi,5300.0,91.0,14.0,143.0
Suryoday Small Finance Bank,3.9,1700.0,Banking,Mumbai,4700.0,101.0,13.0,94.0
MagicBricks,3.9,1700.0,Internet,Noida,4700.0,350.0,12.0,72.0
DHL Express,4.1,1700.0,Logistics,Mumbai,6200.0,80.0,0.0,174.0
Toyota Kirloskar Motor,4.3,1700.0,Automobile,Bengaluru,4900.0,89.0,12.0,169.0
Matrimony.com,3.9,1700.0,Internet,Chennai,4400.0,121.0,41.0,82.0
BA Continuum,3.9,1700.0,IT Services & Consulting,Hyderabad,10000.0,114.0,0.0,291.0
JSW Bhushan Power & Steel,4.0,1700.0,Iron & Steel,Jharsuguda,4800.0,86.0,0.0,178.0
Goldman Sachs,3.3,1700.0,Financial Services,Bengaluru,21600.0,424.0,175.0,106.0
Urban Company,3.3,1700.0,Internet,Gurugram,7500.0,180.0,53.0,105.0
Belrise Industries,3.7,1700.0,Auto Components,Pune,6200.0,108.0,9.0,94.0
Veritas Finance,4.2,1700.0,NBFC,Chennai,2300.0,92.0,0.0,39.0
Coronis Ajuba Solutions,3.9,1700.0,BPO,Chennai,5800.0,95.0,37.0,144.0
Krishna Maruti,3.8,1700.0,Auto Components,Gurugram,5300.0,143.0,10.0,129.0
Procter & Gamble,4.0,1700.0,FMCG,Mumbai,6000.0,138.0,31.0,161.0
CMA CGM,4.0,1700.0,Ports & Shipping,Chennai,8000.0,106.0,37.0,210.0
mPokket,4.5,1700.0,NBFC,Kolkata,1700.0,423.0,1.0,50.0
Arvind Group,4.0,1700.0,Fashion & Textile,Ahmedabad,5400.0,89.0,16.0,294.0
Dixon Technologies,3.9,1700.0,Electronics Manufacturing,Noida,5900.0,157.0,30.0,122.0
Johnson & Johnson,3.9,1700.0,Healthcare,Mumbai,6000.0,118.0,88.0,181.0
Godrej Industries Group,3.9,1600.0,Real Estate,Mumbai,3200.0,158.0,1.0,162.0
Marico,3.8,1600.0,FMCG,Mumbai,5900.0,112.0,39.0,163.0
Wipro Enterprises Ltd,3.8,1600.0,FMCG,Bengaluru,8500.0,215.0,5.0,443.0
Satin Creditcare Network,4.0,1600.0,NBFC,Gurugram,3100.0,69.0,10.0,129.0
Sanofi,4.0,1600.0,Pharma,Hyderabad,6200.0,109.0,85.0,171.0
Welspun Living Limited,3.9,1600.0,Fashion & Textile,Anjar,5200.0,93.0,1.0,150.0
Teva Pharmaceuticals,3.9,1600.0,Pharma,Bengaluru,5900.0,122.0,3.0,191.0
Chegg,4.1,1600.0,EdTech,New Delhi,4000.0,167.0,14.0,86.0
iOPEX Technologies,3.1,1600.0,IT Services & Consulting,Chennai,6300.0,95.0,26.0,515.0
IndiaFirst Life Insurance,3.8,1600.0,Insurance,Mumbai,4000.0,87.0,25.0,105.0
HERE Technologies,3.7,1600.0,IT Services & Consulting,Mumbai,7700.0,114.0,16.0,285.0
Hero Motors Company,3.9,1600.0,Automobile,Ghaziabad,6300.0,101.0,4.0,117.0
Supreme Industries,4.0,1600.0,Petrochemicals,Gwalior,5900.0,102.0,0.0,118.0
Tata Play,4.0,1600.0,Broadcasting,Mumbai,4600.0,90.0,1.0,174.0
Asahi India Glass,3.8,1600.0,Auto Components,Chennai,5500.0,119.0,4.0,136.0
Troikaa Pharmaceuticals,4.3,1600.0,Pharma,Ahmedabad,3900.0,165.0,15.0,188.0
Cemindia Projects,4.2,1600.0,Engineering & Construction,Kolkata,3500.0,100.0,2.0,144.0
Broadridge Financial Solutions,3.8,1600.0,FinTech,Hyderabad,11300.0,165.0,73.0,140.0
Emami,3.8,1600.0,FMCG,Kolkata,5400.0,109.0,15.0,138.0
Relaxo Footwear,4.0,1600.0,Fashion & Textile,New Delhi,4700.0,118.0,38.0,151.0
ZF Commercial Vehicle Control Systems,3.8,1600.0,Auto Components,Chennai,3800.0,86.0,4.0,7.0
Kotak Mahindra Prime,3.9,1600.0,NBFC,Mumbai,5300.0,73.0,0.0,63.0
SHYAM METALICS AND ENERGY,3.4,1600.0,Metals & Mining,Kolkata,5100.0,159.0,128.0,51.0
Wockhardt,3.8,1600.0,Pharma,Chhatrapati Sambhajinagar,4200.0,67.0,29.0,183.0
Lumax Industries,3.9,1600.0,Auto Components,Pune,5900.0,109.0,40.0,131.0
KFC,4.0,1600.0,Hospitality,New Delhi,3100.0,89.0,0.0,148.0
Mercer,3.6,1600.0,Management Consulting,New Delhi,10000.0,99.0,0.0,209.0
Tata Consumer Products,3.5,1600.0,FMCG,Bengaluru,6400.0,106.0,2.0,93.0
Amul India,4.0,1600.0,Hospitality,Ahmedabad,4300.0,165.0,0.0,12.0
PharmEasy,3.7,1600.0,Internet,Bengaluru,6400.0,122.0,4.0,148.0
Bisleri,4.2,1600.0,Beverage,Mumbai,4500.0,129.0,18.0,139.0
IFB,3.5,1600.0,Consumer Electronics & Appliances,Bengaluru,5600.0,126.0,23.0,61.0
Marriott International,4.1,1600.0,Hospitality,Bengaluru,4700.0,108.0,1900.0,186.0
Muthoot Microfin,4.2,1600.0,NBFC,Kochi,2600.0,86.0,11.0,67.0
Gujarat Fluorochemicals,3.9,1600.0,Chemicals,Bharuch,6800.0,111.0,7.0,132.0
Karur Vysya Bank,3.5,1600.0,Banking,Chennai,5100.0,112.0,13.0,63.0
Patra India,3.5,1600.0,BPO,Visakhapatnam,6400.0,123.0,1.0,85.0
Bajaj Capital,3.5,1600.0,Financial Services,New Delhi,3900.0,170.0,110.0,98.0
Suguna Foods,3.9,1600.0,Food Processing,Coimbatore,4200.0,97.0,17.0,128.0
GE VERNOVA,4.1,1600.0,Power,Bengaluru,5800.0,115.0,6.0,14.0
Honda,4.0,1600.0,Automobile,Gurugram,3800.0,114.0,13.0,194.0
XL Dynamics,3.7,1500.0,IT Services & Consulting,Mumbai,3600.0,98.0,14.0,196.0
Piramal Pharma,3.9,1500.0,Pharma,Mumbai,6900.0,136.0,49.0,116.0
Canara Bank,3.6,1500.0,Banking,Bengaluru,4100.0,53.0,0.0,97.0
Evalueserve,3.0,1500.0,Analytics & KPO,Gurugram,10800.0,142.0,59.0,134.0
Dainik Bhaskar Group,4.1,1500.0,Printing & Publishing,Bhopal,4500.0,85.0,69.0,147.0
GMR Group,3.9,1500.0,Engineering & Construction,New Delhi,4700.0,110.0,0.0,194.0
Nayara Energy,4.2,1500.0,Oil & Gas,Jamnagar,5900.0,97.0,7.0,169.0
Tanishq,4.2,1500.0,Jewellery,Kolkata,3100.0,121.0,0.0,77.0
Sonata Software,3.4,1500.0,IT Services & Consulting,Bengaluru,12100.0,147.0,173.0,90.0
Tesco,3.6,1500.0,Retail,Bengaluru,9400.0,152.0,87.0,192.0
SAI Life Sciences,3.9,1500.0,Clinical Research,Hyderabad,6200.0,110.0,59.0,134.0
Page Industries,4.1,1500.0,Fashion & Textile,Bengaluru,5200.0,78.0,5.0,107.0
Chetu,3.8,1500.0,Software Product,Noida,7300.0,238.0,5.0,143.0
PNB Housing Finance,3.7,1500.0,NBFC,New Delhi,4900.0,58.0,16.0,88.0
American Broadcasting Company,4.0,1500.0,Engineering & Construction,Bengaluru,37800.0,605.0,5.0,9.0
Wheelseye Technology,3.4,1500.0,Internet,Gurugram,4100.0,125.0,26.0,95.0
Oracle Cerner,3.3,1500.0,Software Product,Bengaluru,9800.0,172.0,0.0,254.0
QualityKiosk Technologies,3.2,1500.0,IT Services & Consulting,Mumbai,11700.0,167.0,252.0,101.0
Airtel Payments Bank,3.8,1500.0,Banking,Gurugram,5400.0,124.0,26.0,103.0
Ashoka Buildcon,4.1,1500.0,Engineering & Construction,Nashik,4200.0,83.0,4.0,130.0
Devyani International,3.7,1500.0,Hospitality,Gurugram,3600.0,73.0,21.0,113.0
V5 Global Services,3.9,1500.0,Recruitment,New Delhi,3800.0,95.0,8.0,69.0
Gland Pharma,3.9,1500.0,Pharma,Hyderabad,6000.0,93.0,10.0,127.0
Acuity Analytics,3.1,1500.0,Analytics & KPO,Bengaluru,13300.0,185.0,228.0,84.0
SBFC Finance,3.8,1500.0,NBFC,Mumbai,2900.0,104.0,94.0,52.0
Amneal Pharmaceuticals,4.2,1500.0,Pharma,Ahmedabad,6500.0,87.0,62.0,147.0
Heritage Foods,4.0,1500.0,Food Processing,Hyderabad,3800.0,108.0,49.0,143.0
Valeo,3.9,1500.0,Auto Components,Chennai,8200.0,109.0,139.0,130.0
ALTEN,3.5,1500.0,IT Services & Consulting,Bengaluru,8900.0,170.0,95.0,74.0
Happiest Minds Technologies,3.4,1500.0,IT Services & Consulting,Bengaluru,13100.0,156.0,586.0,94.0
Daimler India Commercial Vehicles,3.9,1500.0,Automobile,Chennai,6800.0,79.0,0.0,181.0
ISS Facility Services,4.0,1500.0,Facility Management Services,Mumbai,4300.0,71.0,16.0,133.0
Max Fashion,4.0,1500.0,Retail,Bengaluru,3500.0,78.0,12.0,168.0
Apexon,3.2,1500.0,IT Services & Consulting,Bengaluru,9800.0,178.0,42.0,45.0
HCL Infosystems,4.0,1500.0,IT Services & Consulting,Noida,6400.0,144.0,0.0,228.0
Altimetrik,3.4,1500.0,IT Services & Consulting,Bengaluru,13100.0,278.0,244.0,115.0
Apco Infratech,3.8,1500.0,Engineering & Construction,Mumbai,4300.0,145.0,18.0,114.0
Indoco Remedies,3.4,1500.0,Pharma,Mumbai,5800.0,93.0,24.0,109.0
Jaquar,4.1,1500.0,Building Material,Gurugram,5300.0,92.0,40.0,129.0
VOIS,3.7,1500.0,IT Services & Consulting,Pune,9300.0,186.0,39.0,26.0
Honeywell Technology Solutions,3.7,1500.0,Industrial Automation,Bengaluru,11400.0,165.0,0.0,204.0
Aon,3.8,1500.0,Management Consulting,Bengaluru,6700.0,96.0,78.0,213.0
Chandigarh University,4.2,1500.0,Education & Training,Chandigarh,2900.0,111.0,45.0,48.0
Bharat Forge,3.7,1500.0,Auto Components,Pune,6600.0,80.0,12.0,125.0
City Union Bank,2.9,1500.0,Banking,Chennai,6000.0,133.0,5.0,74.0
Oberoi Group of Hotels,4.0,1500.0,Hospitality,New Delhi,3800.0,96.0,0.0,232.0
Aumovio,3.7,1500.0,Auto Components,Bengaluru,9500.0,83.0,15.0,136.0
Fusion Finance,3.9,1500.0,NBFC,New Delhi,3300.0,62.0,1.0,79.0
NIIT,3.5,1500.0,Education & Training,Gurugram,6100.0,108.0,15.0,158.0
Morningstar,3.7,1500.0,Financial Services,Mumbai,10600.0,268.0,35.0,132.0
Hyatt Regency,4.0,1500.0,Hospitality,New Delhi,3100.0,64.0,1.0,198.0
Narayana Educational Society,3.6,1500.0,Education & Training,Hyderabad,4100.0,70.0,1.0,119.0
Taurus BPO Services,4.0,1500.0,BPO,Pune,996.0,35.0,2.0,497.0
Amara Raja Energy & Mobility,4.0,1500.0,Auto Components,Tirupati,4300.0,118.0,57.0,116.0
CIE Automotive India Limited (Formerly known as Mahindra CIE Automotive Limited),3.6,1500.0,Auto Components,Pune,5100.0,93.0,1.0,11.0
Indegene,3.3,1500.0,Healthcare,Bengaluru,10200.0,178.0,30.0,131.0
AB InBev India,3.3,1500.0,Beverage,Bengaluru,8000.0,121.0,76.0,144.0
Sony,4.2,1500.0,Consumer Electronics & Appliances,New Delhi,4700.0,92.0,3.0,189.0
Aerial Telecom Solutions,4.1,1500.0,Telecom,Sahibzada Ajit Singh Nagar,2400.0,128.0,19.0,70.0
MedPlus,3.5,1500.0,Retail,Hyderabad,4500.0,114.0,50.0,65.0
Nykaa,3.4,1400.0,Internet,Mumbai,7100.0,161.0,27.0,62.0
Tieto,4.1,1400.0,IT Services & Consulting,Pune,9400.0,109.0,18.0,118.0
R Systems International,3.8,1400.0,IT Services & Consulting,Noida,7700.0,189.0,37.0,136.0
Vfs Global Services,3.4,1400.0,IT Services & Consulting,Mumbai,4400.0,74.0,8.0,121.0
DCM Shriram,4.0,1400.0,Chemicals,Bharuch,5100.0,113.0,16.0,117.0
Sansera Engineering,4.0,1400.0,Auto Components,Bengaluru,5700.0,99.0,1.0,116.0
Agilus Diagnostics,4.1,1400.0,Healthcare,Mumbai,3300.0,86.0,3.0,129.0
Eaton,3.9,1400.0,Electronics Manufacturing,Pune,8400.0,154.0,15.0,127.0
TEKsystems,3.1,1400.0,IT Services & Consulting,Bengaluru,11600.0,140.0,30.0,78.0
Adobe,3.7,1400.0,Software Product,Bengaluru,13700.0,277.0,240.0,155.0
Hire In Global,4.9,1400.0,Recruitment,Mumbai,8.0,304.0,0.0,35.0
Acmegrade,3.9,1400.0,EdTech,Bengaluru,303.0,69.0,2.0,1.0
TÜV SÜD,4.0,1400.0,"Testing, Inspection and Certification (TIC)",Bengaluru,4000.0,109.0,45.0,112.0
Slk Software Services,3.2,1400.0,IT Services & Consulting,Bengaluru,9400.0,115.0,1.0,88.0
AtkinsRealis,3.7,1400.0,Engineering & Construction,Bengaluru,6200.0,113.0,413.0,98.0
VLCC,3.2,1400.0,Beauty & Personal Care,New Delhi,3400.0,55.0,56.0,94.0
J. Kumar Infraprojects,4.1,1400.0,Engineering & Construction,Mumbai,4500.0,96.0,3.0,112.0
Citco,3.1,1400.0,Management Consulting,Hyderabad,10200.0,173.0,109.0,57.0
Tenarai,3.5,1400.0,Emerging Technologies,Bengaluru,11100.0,139.0,76.0,126.0
Xiaomi,3.7,1400.0,Consumer Electronics & Appliances,Bengaluru,5600.0,113.0,6.0,129.0
Oracle Financial Services Software,3.2,1400.0,Software Product,Bengaluru,10500.0,204.0,0.0,188.0
Kantar,3.4,1400.0,Analytics & KPO,Bengaluru,6900.0,120.0,0.0,77.0
Unisys,3.4,1400.0,IT Services & Consulting,Bengaluru,10200.0,82.0,14.0,152.0
EOSGlobe,3.0,1400.0,BPO,Mumbai,4000.0,91.0,10.0,81.0
Tata Group,4.2,1400.0,IT Services & Consulting,Mumbai,5700.0,386.0,0.0,143.0
The Muthoot Group,3.6,1400.0,Financial Services,New Delhi,3600.0,84.0,0.0,215.0
FedEx Express,4.0,1400.0,Logistics,Mumbai,5400.0,117.0,123.0,190.0
Rashmi Metaliks,3.1,1400.0,Iron & Steel,Kharagpur,4900.0,119.0,3.0,64.0
JSW Cement,4.0,1400.0,Building Material,Mumbai,4400.0,142.0,18.0,116.0
Sunknowledge Services,3.4,1400.0,BPO,Kolkata,4000.0,110.0,16.0,208.0
Worley,4.1,1400.0,Engineering & Construction,Mumbai,7600.0,141.0,140.0,119.0
Novo Nordisk,3.6,1400.0,Pharma,Bengaluru,6600.0,101.0,165.0,136.0
iMerit,3.2,1400.0,IT Services & Consulting,Kolkata,5900.0,120.0,8.0,102.0
Fino Payments Bank,3.8,1400.0,Banking,Mumbai,4100.0,64.0,10.0,101.0
Amity University,3.6,1400.0,Education & Training,Noida,5300.0,119.0,4.0,122.0
IDC Technologies,3.0,1400.0,IT Services & Consulting,Noida,6800.0,76.0,0.0,44.0
Incedo,2.9,1400.0,IT Services & Consulting,Gurugram,10800.0,213.0,77.0,115.0
Sharekhan,3.7,1400.0,Financial Services,Mumbai,5200.0,100.0,109.0,115.0
Bajaj Housing Finance,3.5,1400.0,NBFC,Pune,6000.0,74.0,86.0,55.0
TCS iON,3.8,1400.0,IT Services & Consulting,Bengaluru,4100.0,412.0,0.0,172.0
INDIUM,3.9,1400.0,IT Services & Consulting,Chennai,7300.0,265.0,117.0,51.0
The Ramco Cements,4.1,1400.0,Building Material,Chennai,4500.0,549.0,0.0,104.0
TE Connectivity,4.1,1400.0,Electronics Manufacturing,Bengaluru,7700.0,102.0,157.0,158.0
Faurecia,3.9,1400.0,Auto Components,Pune,6000.0,72.0,17.0,187.0
Unichem Laboratories,3.7,1400.0,Pharma,Ghaziabad,5100.0,96.0,57.0,39.0
Paytm Payments Bank,3.8,1400.0,Banking,Noida,5700.0,144.0,0.0,101.0
Grant Thornton,3.4,1400.0,Accounting & Auditing,Bengaluru,11900.0,121.0,282.0,87.0
Aforeserve,3.4,1400.0,IT Services & Consulting,Mumbai,3600.0,93.0,29.0,83.0
Iffco Tokio General Insurance Co.,3.8,1400.0,Insurance,Gurugram,4200.0,53.0,0.0,106.0
ZF Steering Gear,3.7,1400.0,Auto Components,Hyderabad,7500.0,62.0,14.0,98.0
Bharat FIH,3.7,1400.0,Electronics Manufacturing,Chennai,5200.0,92.0,0.0,128.0
Burger King,3.9,1400.0,Hospitality,New Delhi,3600.0,104.0,6.0,136.0
NetAmbit,4.0,1400.0,BPO,Noida,3100.0,177.0,4.0,47.0
Viraj Profiles,4.0,1400.0,Iron & Steel,Mumbai,4500.0,102.0,12.0,149.0
Brillio,3.4,1400.0,IT Services & Consulting,Bengaluru,11100.0,144.0,0.0,83.0
Aptara,3.1,1400.0,Content Development,Noida,6400.0,80.0,14.0,115.0
FDC,3.7,1400.0,Pharma,Mumbai,3800.0,70.0,29.0,87.0
CenturyPly,3.8,1400.0,Furniture & Furnishing,Kolkata,4500.0,103.0,50.0,60.0
Hindware Limited,3.9,1400.0,Building Material,Hyderabad,4600.0,88.0,9.0,129.0
CreditAccess Grameen,3.9,1400.0,NBFC,Bengaluru,2600.0,55.0,14.0,61.0
Sheenlac Paints,4.1,1400.0,Chemicals,Chennai,1800.0,210.0,1.0,47.0
Baroda Global Shared Services,3.9,1400.0,BPO,Gandhinagar,3100.0,137.0,38.0,38.0
Hatsun Agro Product,3.8,1400.0,Food Processing,Chennai,4800.0,86.0,14.0,98.0
Nippon Paint India,4.0,1400.0,Chemicals,Chennai,4000.0,82.0,2.0,86.0
SK Finance Limited,3.8,1400.0,NBFC,Jaipur,3800.0,92.0,0.0,22.0
ManpowerGroup,3.6,1400.0,Recruitment,Bengaluru,5200.0,71.0,179.0,87.0
GEP Worldwide,3.6,1400.0,IT Services & Consulting,Mumbai,9700.0,158.0,11.0,131.0
Decathlon,3.7,1400.0,Retail,Bengaluru,4300.0,120.0,0.0,116.0
DEXIT Global,3.4,1400.0,IT Services & Consulting,Mumbai,5600.0,142.0,3.0,103.0
RBL FinServe,3.9,1400.0,Financial Services,Mumbai,3100.0,72.0,5.0,76.0
Collabera Talent Solutions,3.5,1300.0,Recruitment,Bengaluru,6900.0,152.0,4.0,109.0
GE,4.1,1300.0,Defence & Aerospace,Bengaluru,7500.0,117.0,10.0,139.0
OM Logistics,3.9,1300.0,Logistics,New Delhi,4000.0,96.0,3.0,107.0
More Supermarket,3.6,1300.0,Retail,Bengaluru,4100.0,97.0,27.0,58.0
Globant,3.3,1300.0,IT Services & Consulting,Pune,10700.0,210.0,88.0,107.0
Punjab National Bank,3.9,1300.0,Banking,New Delhi,3000.0,66.0,0.0,101.0
JioMart,3.9,1300.0,Retail,Mumbai,4300.0,120.0,0.0,75.0
Shubham Housing Development Finance,4.0,1300.0,NBFC,New Delhi,2900.0,54.0,6.0,73.0
VIBGYOR Group of Schools,3.5,1300.0,Education & Training,Bengaluru,4200.0,101.0,221.0,105.0
ICICI Prudential Mutual Fund,3.9,1300.0,Financial Services,Mumbai,5900.0,92.0,0.0,94.0
NxtWave,3.5,1300.0,EdTech,Hyderabad,3500.0,294.0,180.0,23.0
Cinépolis,3.8,1300.0,Media & Entertainment,New Delhi,3000.0,84.0,0.0,145.0
Centre for Development of Advanced Computing,3.6,1300.0,IT Services & Consulting,Pune,7000.0,127.0,0.0,64.0
Astral Pipe,4.0,1300.0,Building Material,Ahmedabad,4300.0,96.0,87.0,34.0
Mondelez International,4.1,1300.0,Food Processing,Mumbai,4700.0,77.0,68.0,128.0
Royal Migration Solutions,4.9,1300.0,Other,Dubai,5.0,1.0,0.0,1.0
Spicejet,3.3,1300.0,Aviation,New Delhi,5100.0,106.0,2.0,150.0
Atul,3.9,1300.0,Chemicals,Valsad,5300.0,104.0,3.0,116.0
Ion Exchange India,3.7,1300.0,Waste Management,Mumbai,5400.0,102.0,32.0,89.0
Luminous Power Technologies,4.1,1300.0,Consumer Electronics & Appliances,Gurugram,4200.0,102.0,25.0,125.0
Samsung Research,2.9,1300.0,IT Services & Consulting,Bengaluru,10000.0,151.0,1.0,143.0
Big Bazaar,4.4,1300.0,Retail,New Delhi,2100.0,47.0,0.0,173.0
Aarvee Associates,3.7,1300.0,Engineering & Construction,Hyderabad,3300.0,103.0,0.0,107.0
Fabindia,3.7,1300.0,Retail,New Delhi,4000.0,64.0,58.0,119.0
Jakson Group,4.1,1300.0,Power,Noida,4000.0,108.0,19.0,98.0
Hindustan Construction Company,4.2,1300.0,Engineering & Construction,Mumbai,3200.0,96.0,7.0,158.0
OpenText Technologies,3.3,1300.0,Software Product,Bengaluru,12400.0,200.0,22.0,92.0
Bluestock ™,4.5,1300.0,FinTech,Pune,63.0,389.0,0.0,1.0
Apex Group,2.6,1300.0,Financial Services,Pune,8700.0,190.0,442.0,43.0
Pantaloons,4.1,1300.0,Retail,Mumbai,3100.0,69.0,0.0,129.0
Spandana Sphoorty Financial,3.7,1300.0,NBFC,Hyderabad,2400.0,57.0,9.0,84.0
T-Systems ICT India,3.7,1300.0,IT Services & Consulting,Pune,9100.0,113.0,27.0,98.0
Tenneco,3.6,1300.0,Auto Components,Pune,5400.0,73.0,14.0,121.0
Vestas,4.1,1300.0,Power,Chennai,5300.0,101.0,35.0,137.0
ANZ Banking Group,3.7,1300.0,Banking,Bengaluru,8400.0,113.0,9.0,106.0
H.G. Infra Engineering,4.0,1300.0,Engineering & Construction,Jaipur,3300.0,111.0,9.0,98.0
Godrej Consumer Products,4.0,1300.0,FMCG,Mumbai,4900.0,62.0,0.0,118.0
DP World,3.8,1300.0,Logistics,Mumbai,5500.0,104.0,181.0,70.0
KIMS Hospital,3.7,1300.0,Healthcare,Hyderabad,3800.0,63.0,7.0,75.0
Dassault Systemes,3.7,1300.0,Software Product,Pune,7500.0,191.0,0.0,136.0
Fresenius Kabi,4.0,1300.0,Pharma,Pune,4200.0,59.0,7.0,119.0
Willis Towers Watson,3.7,1300.0,Financial Services,Mumbai,8000.0,120.0,22.0,109.0
Sigma Electric Manufacturing Corporation,4.0,1300.0,Industrial Machinery,Pune,2800.0,78.0,8.0,207.0
Panasonic,4.0,1300.0,Consumer Electronics & Appliances,Gurugram,4700.0,52.0,11.0,148.0
SKF,4.0,1300.0,Auto Components,Pune,4700.0,78.0,63.0,155.0
Automotive Manufacturers,3.8,1300.0,Automobile,Hyderabad,5200.0,106.0,72.0,69.0
PNC Infratech,3.8,1300.0,Engineering & Construction,Agra,3600.0,84.0,0.0,74.0
Prodapt,3.5,1300.0,IT Services & Consulting,Chennai,10000.0,120.0,93.0,77.0
Intertek,3.7,1300.0,"Testing, Inspection and Certification (TIC)",New Delhi,4100.0,86.0,69.0,109.0
Mu Sigma,2.5,1300.0,Analytics & KPO,Bengaluru,6800.0,255.0,0.0,123.0
Electronics Corporation of India Limited,4.2,1300.0,Electronics Manufacturing,Hyderabad,3200.0,63.0,4.0,93.0
Diageo,3.7,1300.0,Beverage,Bengaluru,6500.0,94.0,20.0,107.0
Shriram Pistons & Rings,4.0,1300.0,Auto Components,Bhiwadi,4700.0,79.0,3.0,135.0
AGS Transact Technologies,2.8,1300.0,FinTech,Mumbai,3700.0,45.0,0.0,124.0
AIIMS,4.2,1300.0,Education & Training,New Delhi,4600.0,71.0,0.0,68.0
Kalpataru Limited,4.1,1300.0,Real Estate,Mumbai,4600.0,283.0,21.0,81.0
Dell EMC,3.8,1300.0,IT Services & Consulting,Bengaluru,8300.0,74.0,0.0,188.0
iSON Xperiences,3.1,1300.0,BPO,Chennai,3300.0,81.0,24.0,87.0
Colliers India,3.9,1300.0,Real Estate,Bengaluru,5000.0,100.0,75.0,78.0
DLF,4.0,1300.0,Real Estate,Gurugram,5100.0,103.0,21.0,83.0
Synchrony,4.3,1300.0,Financial Services,Hyderabad,5600.0,96.0,15.0,204.0
Indostar Capital Finance Limited,4.3,1300.0,NBFC,Mumbai,2100.0,202.0,1.0,43.0
Nielsen,3.0,1200.0,Analytics & KPO,Bengaluru,6800.0,163.0,2.0,130.0
Parexel International,3.8,1200.0,Clinical Research,Hyderabad,6100.0,90.0,11.0,127.0
Oil And Natural Gas Corporation,4.3,1200.0,Oil & Gas,Mumbai,3100.0,82.0,0.0,135.0
Rockman Industries,3.8,1200.0,Auto Components,Haridwar,3900.0,101.0,18.0,96.0
Wind World,4.0,1200.0,Power,Jaisalmer,3400.0,89.0,0.0,123.0
Ahluwalia Contracts India,4.0,1200.0,Engineering & Construction,New Delhi,3600.0,82.0,16.0,73.0
Jindal X,3.5,1200.0,BPO,New Delhi,2800.0,114.0,4.0,151.0
Qualcomm,3.7,1200.0,Semiconductors,Hyderabad,15600.0,302.0,486.0,138.0
ExcelR,3.5,1200.0,Education & Training,Bengaluru,1100.0,109.0,24.0,3.0
JTEKT,4.1,1200.0,Auto Components,Gurugram,4500.0,99.0,4.0,95.0
Fidelity Investments,4.1,1200.0,Financial Services,Bengaluru,8100.0,129.0,1.0,163.0
Strides Pharma,3.9,1200.0,Pharma,Bengaluru,4500.0,81.0,0.0,155.0
Rupeek,4.1,1200.0,FinTech,Bengaluru,3400.0,135.0,17.0,59.0
Kirloskar Oil Engines,4.1,1200.0,Industrial Machinery,Pune,4300.0,66.0,3.0,99.0
DENSO,4.1,1200.0,Auto Components,Gurugram,3800.0,86.0,4.0,176.0
JK Lakshmi Cement,3.7,1200.0,Building Material,New Delhi,3800.0,89.0,0.0,98.0
Innova Solutions,3.3,1200.0,IT Services & Consulting,Hyderabad,8400.0,105.0,96.0,27.0
Zetwerk,4.0,1200.0,Industrial Machinery,Bengaluru,4300.0,121.0,30.0,63.0
Genius HRTech,3.8,1200.0,Recruitment,Kolkata,4000.0,76.0,2.0,66.0
Best Sellers,4.1,1200.0,Retail,Mumbai,3200.0,34.0,4.0,122.0
Balkrishna Industries,4.0,1200.0,Auto Components,Bhuj,4400.0,71.0,0.0,69.0
EbixCash Limited,3.5,1200.0,Software Product,Noida,5100.0,111.0,0.0,73.0
Federal Bank,3.6,1200.0,Banking,Mumbai,6000.0,122.0,0.0,75.0
ACG Worldwide,3.8,1200.0,Pharma,Mumbai,4000.0,87.0,62.0,48.0
Fidelity National Financial,3.7,1200.0,Financial Services,Bengaluru,6300.0,63.0,5.0,155.0
Schaeffler India,4.0,1200.0,Auto Components,Vadodara,6000.0,69.0,22.0,114.0
Leadec India,4.1,1200.0,Facility Management Services,Pune,3600.0,155.0,50.0,88.0
Sri Chaitanya Techno Schools,3.5,1200.0,Education & Training,Bengaluru,3700.0,80.0,1.0,5.0
Intel,4.1,1200.0,Semiconductors,Bengaluru,9400.0,243.0,56.0,91.0
Baazar Retail Private Limited,4.5,1200.0,Retail,Kolkata,1600.0,89.0,2.0,22.0
PHN Technology,4.2,1200.0,EdTech,Pune,397.0,43.0,0.0,3.0
Indira IVF Hospital,3.8,1200.0,Healthcare,Mumbai,3100.0,79.0,71.0,76.0
Aparna Constructions and Estates,3.9,1200.0,Real Estate,Hyderabad,4200.0,117.0,52.0,96.0
Aptiv,3.4,1200.0,Auto Components,Bengaluru,8700.0,127.0,16.0,49.0
HFCL Limited,3.7,1200.0,Telecom,Hyderabad,4100.0,87.0,8.0,90.0
Meril,3.6,1200.0,Medical Equipment,Vapi,5100.0,91.0,26.0,78.0
Thyrocare Technologies,3.7,1200.0,Healthcare,Mumbai,4400.0,88.0,26.0,95.0
Prism Johnson,3.7,1200.0,Building Material,Mumbai,4400.0,72.0,18.0,67.0
Salesforce,3.9,1200.0,Software Product,Hyderabad,15300.0,255.0,342.0,106.0
London Stock Exchange Group,3.6,1200.0,Financial Services,Bengaluru,11500.0,163.0,2.0,58.0
Imperial Auto Industries,3.7,1200.0,Auto Components,Faridabad,5000.0,80.0,11.0,70.0
Electronica Finance,4.1,1200.0,NBFC,Pune,2700.0,145.0,18.0,37.0
Birla Corporation,4.0,1200.0,Building Material,Satna,3800.0,77.0,12.0,89.0
PayPal,3.7,1200.0,FinTech,Bengaluru,10300.0,245.0,0.0,121.0
IIFL Home Finance,3.8,1200.0,NBFC,Gurugram,3100.0,60.0,1800.0,27.0
MDIndia Health Insurance TPA,3.6,1200.0,Insurance,Pune,3800.0,73.0,38.0,87.0
Birla Opus,4.1,1200.0,Chemicals,Mumbai,2700.0,107.0,0.0,23.0
Deccan Fine Chemicals,3.6,1200.0,Agro Chemicals,Tuni,5300.0,109.0,7.0,64.0
Apollo Health and Lifestyle Limited,4.3,1200.0,Healthcare,Hyderabad,3600.0,133.0,43.0,87.0
FOCUS EDUMATICS,2.9,1200.0,EdTech,Coimbatore,3000.0,128.0,0.0,36.0
The Jaypee Group,3.8,1200.0,Engineering & Construction,Noida,3400.0,54.0,11.0,116.0
Podar International School,4.0,1200.0,Education & Training,Mumbai,3300.0,83.0,10.0,113.0
Johnson Lifts,3.9,1200.0,Industrial Machinery,Chennai,3700.0,52.0,10.0,89.0
Nilkamal,3.7,1200.0,Furniture & Furnishing,Mumbai,3800.0,85.0,31.0,89.0
Coca-Cola Company,4.0,1200.0,Beverage,Bengaluru,3400.0,109.0,0.0,102.0
Dhoot Transmission,3.7,1200.0,Auto Components,Chhatrapati Sambhajinagar,3900.0,71.0,1.0,106.0
Barclays Shared Services,3.7,1200.0,Financial Services,Chennai,4600.0,38.0,585.0,179.0
Biocon Biologics,3.7,1200.0,Biotechnology,Bengaluru,7000.0,115.0,3.0,346.0
Stanza Living,3.4,1200.0,Internet,Bengaluru,3600.0,127.0,19.0,79.0
Motilal Oswal Home Finance,4.3,1200.0,NBFC,Mumbai,1400.0,127.0,0.0,26.0
Ocwen Financial Solutions,3.8,1200.0,Financial Services,Bengaluru,4200.0,53.0,29.0,172.0
INDO-MIM,4.0,1200.0,Metals & Mining,Bengaluru,4500.0,80.0,18.0,116.0
CaratLane - A Tata Product,4.0,1200.0,Jewellery,Chennai,3200.0,68.0,13.0,75.0
Dishtv,3.4,1200.0,Broadcasting,Noida,3300.0,77.0,16.0,100.0
Bajaj Motors,3.9,1200.0,Auto Components,Gurugram,3500.0,70.0,13.0,108.0
Kinara Capital,4.4,1200.0,NBFC,Bengaluru,2200.0,130.0,33.0,207.0
Edelweiss Life Insurance,3.7,1200.0,Insurance,Mumbai,3700.0,60.0,36.0,97.0
Navitasys India,4.0,1200.0,Electronics Manufacturing,Bawal,2700.0,149.0,5.0,58.0
Kohler,3.6,1200.0,Building Material,Pune,5300.0,79.0,3.0,74.0
Svatantra Microfin,3.9,1200.0,NBFC,Mumbai,2300.0,50.0,12.0,80.0
Edelweiss,3.6,1200.0,Financial Services,Mumbai,5500.0,66.0,0.0,135.0
Asirvad Microfinance,3.8,1100.0,NBFC,Chennai,2300.0,49.0,3.0,64.0
Jacobs Engineering Group,4.2,1100.0,Engineering & Construction,Mumbai,5400.0,93.0,17.0,95.0
Jabil Circuit India,4.0,1200.0,Electronics Manufacturing,Pune,4400.0,74.0,73.0,89.0
Innodata India Private Limited,3.7,1100.0,IT Services & Consulting,Noida,3200.0,210.0,44.0,60.0
Advantmed,4.0,1100.0,Healthcare,Ahmedabad,2800.0,173.0,11.0,57.0
V2 Retail,3.3,1100.0,Retail,New Delhi,2700.0,93.0,46.0,80.0
Air India Sats Airport Services,3.6,1100.0,Aviation,New Delhi,2600.0,72.0,0.0,73.0
Onward Technologies Inc,2.8,1100.0,IT Services & Consulting,Pune,6300.0,95.0,39.0,43.0
Unicharm,3.9,1100.0,FMCG,Gurugram,2900.0,68.0,3.0,104.0
Barbeque Nation,3.9,1100.0,Hospitality,Bengaluru,2800.0,52.0,5.0,120.0
TÜV NORD,3.7,1100.0,"Testing, Inspection and Certification (TIC)",Pune,4200.0,82.0,370.0,70.0
Piaggio,3.6,1100.0,Automobile,Pune,3800.0,74.0,49.0,126.0
TK Elevator,3.8,1100.0,Industrial Machinery,Pune,4400.0,66.0,6.0,97.0
MG Motor,3.9,1100.0,Automobile,Vadodara,5000.0,85.0,19.0,77.0
Hyundai Mobis,3.7,1100.0,Auto Components,Chennai,5300.0,81.0,4.0,129.0
Zydus Wellness,4.1,1100.0,FMCG,Ahmedabad,2800.0,111.0,22.0,74.0
Sundaram Finance,3.9,1100.0,NBFC,Chennai,3200.0,52.0,1.0,82.0
Hikal,3.8,1100.0,Pharma,Bengaluru,4800.0,77.0,5.0,89.0
1Point1 Solutions Ltd,3.5,1100.0,IT Services & Consulting,Bengaluru,3100.0,84.0,81.0,84.0
MAHLE ANAND Filter Systems,3.9,1100.0,Auto Components,Pune,3600.0,42.0,0.0,116.0
Godrej Agrovet,4.0,1100.0,Agriculture,Mumbai,3600.0,65.0,7.0,82.0
Tube Investments of India,3.8,1100.0,Engineering & Construction,Chennai,3800.0,70.0,31.0,53.0
BDR Pharmaceuticals International,4.2,1100.0,Pharma,Vadodara,2100.0,172.0,15.0,73.0
Unity Small Finance Bank,3.6,1100.0,Banking,Mumbai,4400.0,80.0,4.0,21.0
Kirloskar Brothers,3.8,1100.0,Industrial Machinery,Pune,4600.0,94.0,47.0,98.0
Wonder Home Finance,4.6,1100.0,NBFC,Jaipur,794.0,192.0,2.0,9.0
Hinduja Housing Finance,3.7,1100.0,NBFC,New Delhi,2900.0,49.0,41.0,32.0
ICON Plc,4.0,1100.0,Clinical Research,Chennai,4700.0,150.0,4.0,62.0
Tata Capital Housing Finance,3.9,1100.0,NBFC,Mumbai,3400.0,55.0,0.0,12.0
Wistron,4.0,1100.0,Electronics Manufacturing,Bengaluru,5100.0,93.0,0.0,128.0
Aarvi Encon,4.0,1100.0,Recruitment,Mumbai,3100.0,88.0,262.0,71.0
Knorr-Bremse,3.2,1100.0,Auto Components,Pune,5300.0,73.0,9.0,118.0
Sri Chaitanya Educational Institutions,3.5,1100.0,Education & Training,Hyderabad,3100.0,52.0,2.0,64.0
Syngenta,4.1,1100.0,Agriculture,Pune,3700.0,84.0,35.0,98.0
Vedanta Aluminium Metal,3.8,1100.0,Metals & Mining,Jharsuguda,4700.0,72.0,0.0,116.0
Saipem,4.2,1100.0,Engineering & Construction,Chennai,3400.0,55.0,17.0,151.0
HPCL-Mittal Energy Limited,4.3,1100.0,Petrochemicals,Bathinda,4700.0,47.0,0.0,105.0
Hitachi Energy,4.0,1100.0,Power,Chennai,7900.0,129.0,488.0,63.0
Malabar Gold and Diamonds,4.1,1100.0,Jewellery,Hyderabad,2900.0,107.0,68.0,75.0
Gmmco,4.1,1100.0,Industrial Machinery,Chennai,2900.0,53.0,9.0,113.0
CALIBEHR,3.9,1100.0,IT Services & Consulting,Mumbai,2700.0,70.0,20.0,54.0
TKIL,4.0,1100.0,Industrial Machinery,Pune,4600.0,77.0,33.0,96.0
Dana Anand,4.0,1100.0,Auto Components,Pune,3000.0,57.0,0.0,129.0
SLMG Beverages,3.9,1100.0,Beverage,Lucknow,3600.0,72.0,1.0,38.0
Pernod Ricard,3.5,1100.0,Beverage,Gurugram,4700.0,63.0,4.0,106.0
VMware Software,4.4,1100.0,Software Product,Bengaluru,8800.0,146.0,35.0,129.0
Shyam Steel Group,3.5,1100.0,Iron & Steel,Kolkata,3800.0,87.0,14.0,50.0
Thermo Fisher Scientific,3.8,1100.0,Biotechnology,Bengaluru,7000.0,109.0,276.0,92.0
Writer Information Management Services,3.2,1100.0,BPO,Mumbai,3700.0,56.0,0.0,49.0
GAIL,4.4,1100.0,Oil & Gas,New Delhi,3300.0,82.0,0.0,85.0
Power Grid Corporation of India,4.3,1100.0,Power,Gurugram,2100.0,80.0,0.0,76.0
Adani Ports and SEZ,3.6,1100.0,Ports & Shipping,Mundra,3900.0,77.0,0.0,120.0
QX Global Group,3.0,1100.0,BPO,Ahmedabad,4700.0,179.0,106.0,46.0
Crompton Greaves Consumer Electricals,3.7,1100.0,Consumer Electronics & Appliances,Mumbai,4400.0,63.0,47.0,6.0
Metropolis Healthcare,3.9,1100.0,Healthcare,Mumbai,3700.0,70.0,19.0,75.0
Thomas Cook,4.1,1100.0,Travel & Tourism,Mumbai,3700.0,105.0,0.0,112.0
Vayona Energy,4.0,1100.0,Power,Bengaluru,4800.0,60.0,1.0,101.0
Aspire Systems,3.8,1100.0,IT Services & Consulting,Chennai,10000.0,131.0,51.0,85.0
Netcracker Technology,2.9,1100.0,IT Services & Consulting,Hyderabad,9300.0,145.0,0.0,87.0
Fractal Analytics,4.0,1100.0,Analytics & KPO,Bengaluru,11900.0,233.0,374.0,115.0
Northcorp Software,4.8,1100.0,IT Services & Consulting,Gurugram,229.0,865.0,0.0,54.0
Hindustan Zinc,3.7,1100.0,Metals & Mining,Udaipur,4400.0,58.0,11.0,103.0
Vertiv,3.8,1100.0,Electronics Manufacturing,Pune,4800.0,62.0,214.0,7.0
Wheels,3.9,1100.0,Auto Components,Chennai,5200.0,73.0,4.0,75.0
Greenko Group,3.9,1100.0,Power,Hyderabad,3900.0,75.0,0.0,101.0
Bajaj Capital Insurance Broking Limited,4.3,1100.0,Insurance,New Delhi,1300.0,230.0,2.0,38.0
Gharda Chemicals Limited,3.9,1100.0,Agro Chemicals,Mumbai,4800.0,84.0,69.0,107.0
Renault Nissan Automotive India Private Limited,4.1,1100.0,Automobile,Chennai,34.0,12.0,0.0,6.0
Xyz Company,3.8,1100.0,Financial Services,Bengaluru,49400.0,547.0,0.0,63.0
GVPR Engineers,3.8,1100.0,Engineering & Construction,Hyderabad,3100.0,78.0,12.0,140.0
Zf Rane Automotive,3.9,1100.0,Auto Components,Chennai,3900.0,66.0,5.0,131.0
IB Group,3.7,1100.0,Food Processing,Rajnandgaon,3400.0,86.0,1.0,50.0
ValueMomentum,3.2,1100.0,IT Services & Consulting,Hyderabad,9000.0,100.0,27.0,60.0
Jet Airways,4.6,1100.0,Aviation,Mumbai,1800.0,27.0,0.0,175.0
Nexa,3.9,1100.0,Automobile,New Delhi,2300.0,41.0,0.0,106.0
Atlas Copco,4.1,1100.0,Industrial Machinery,Pune,5600.0,102.0,0.0,94.0
Uber,4.0,1100.0,Internet,Hyderabad,8800.0,176.0,20.0,104.0
ALLEN Career Institute,3.7,1100.0,Education & Training,Kota,4500.0,73.0,44.0,41.0
Bharat Sanchar Nigam,3.8,1100.0,Telecom,Bengaluru,2500.0,50.0,0.0,92.0
BirlaNu,3.8,1100.0,Building Material,Hyderabad,2900.0,74.0,32.0,72.0
Otis Elevator,4.0,1100.0,Industrial Machinery,Bengaluru,4200.0,65.0,150.0,86.0
Tata Cummins,4.4,1100.0,Auto Components,Jamshedpur,1500.0,90.0,0.0,5.0
Skipper,3.9,1100.0,Industrial Machinery,Kolkata,3200.0,88.0,9.0,63.0
NBC Bearings,3.9,1100.0,Auto Components,Jaipur,3800.0,113.0,5.0,47.0
Klm Axiva Finvest,4.4,1100.0,NBFC,Bengaluru,798.0,438.0,5.0,6.0
United Breweries,3.4,1100.0,Beverage,Bengaluru,3500.0,57.0,35.0,93.0
Spencer's Retail,3.8,1100.0,Retail,Kolkata,2800.0,68.0,5.0,90.0
GlobalData,3.3,1100.0,Analytics & KPO,Hyderabad,5600.0,96.0,18.0,100.0
Nippon Life India Asset Management,4.6,1100.0,Financial Services,Mumbai,1600.0,158.0,77.0,27.0
Syrma SGS Technologies,4.1,1100.0,Electronics Manufacturing,Chennai,3600.0,75.0,7.0,8.0
Hitachi Payment Services,3.6,1100.0,FinTech,Mumbai,3500.0,56.0,54.0,66.0
Motherson Sumi Wiring,3.7,1100.0,Electrical Equipment,Noida,4300.0,110.0,9.0,13.0
Lakshmi Machine Works,3.8,1100.0,Industrial Machinery,Coimbatore,4300.0,62.0,112.0,68.0
Siemens Energy,4.0,1100.0,Power,Pune,6400.0,102.0,3.0,73.0
Amara Raja Group,4.1,1100.0,Auto Components,Tirupati,3500.0,75.0,0.0,101.0
Vistaar Finance,3.9,1100.0,NBFC,Bengaluru,2100.0,39.0,29.0,138.0
Allianz Technology,4.0,1000.0,IT Services & Consulting,Pune,6900.0,73.0,3.0,112.0
Suzuki Motorcycle,4.0,1100.0,Automobile,Gurugram,4000.0,53.0,2.0,88.0
Vaco Binary Semantics,3.1,1000.0,IT Services & Consulting,Gurugram,5500.0,97.0,41.0,80.0
Fortrea Development India Private Limited,3.9,1000.0,Clinical Research,Bengaluru,5100.0,87.0,70.0,59.0
Comviva Technology,2.7,1000.0,Software Product,Gurugram,6300.0,88.0,121.0,77.0
iQor Global Services,3.3,1000.0,BPO,Noida,2600.0,47.0,31.0,116.0
MakeMyTrip,3.5,1000.0,Travel & Tourism,Gurugram,7800.0,149.0,84.0,102.0
Skoda Auto Volkswagen India,3.9,1000.0,Automobile,Pune,4800.0,51.0,7.0,85.0
Zudio,3.9,1000.0,Retail,New Delhi,2300.0,66.0,0.0,24.0
Ceasefire Industries,3.1,1000.0,Industrial Machinery,New Delhi,2400.0,122.0,5.0,74.0
Merino Industries,3.7,1000.0,Building Material,New Delhi,3600.0,80.0,22.0,77.0
Perfetti Van Melle,4.2,1000.0,FMCG,Gurugram,2900.0,39.0,10.0,95.0
SitusAMC,3.2,1000.0,Financial Services,Bengaluru,5500.0,73.0,0.0,45.0
Arohan Financial Services,3.8,1000.0,NBFC,Kolkata,2100.0,41.0,14.0,62.0
Westside,3.7,1000.0,Retail,Mumbai,2100.0,58.0,0.0,70.0
Visionet Systems,3.3,1000.0,IT Services & Consulting,Bengaluru,5900.0,81.0,31.0,85.0
Secure Meters,3.9,1000.0,Electronics Manufacturing,Udaipur,4600.0,88.0,54.0,103.0
Colgate Palmolive,4.0,1000.0,FMCG,Mumbai,4400.0,89.0,39.0,121.0
Lemon Tree Hotels,4.0,1000.0,Hospitality,New Delhi,2800.0,64.0,1.0,141.0
Aparajitha Corporate Services,3.8,1000.0,Legal,Madurai,3200.0,56.0,2.0,60.0
Bounteous,3.1,1000.0,IT Services & Consulting,Bengaluru,8500.0,250.0,185.0,111.0
Star Cement,4.0,1000.0,Building Material,Guwahati,3300.0,89.0,0.0,88.0
Tiger Analytics,3.8,1000.0,IT Services & Consulting,Bengaluru,11000.0,261.0,73.0,40.0
Cult.fit,3.5,1000.0,Fitness & Wellness,Bengaluru,4300.0,85.0,186.0,83.0
MasterCard,3.8,1000.0,FinTech,Pune,13500.0,174.0,342.0,108.0
Sahara India Pariwar,3.9,1000.0,Broadcasting,Lucknow,2500.0,30.0,0.0,87.0
TradeIndia (Infocom Network Private Limited),3.3,1000.0,Internet,New Delhi,4500.0,90.0,40.0,61.0
AstraZeneca,3.8,1000.0,Pharma,Chennai,7500.0,70.0,1.0,150.0
Mastek,3.6,1000.0,IT Services & Consulting,Mumbai,6600.0,134.0,31.0,47.0
VeeTechnologies,4.0,1000.0,IT Services & Consulting,Salem,4400.0,133.0,17.0,91.0
Technip Energies,3.9,1000.0,Engineering & Construction,Noida,5600.0,94.0,14.0,46.0
Pristyn Care,3.1,1000.0,Internet,Gurugram,4200.0,86.0,9.0,147.0
Wonder Cement,4.2,1000.0,Building Material,Nimbahera,3700.0,64.0,44.0,64.0
Temenos,3.1,1000.0,Software Product,Chennai,8500.0,97.0,13.0,57.0
Xebia,3.0,1000.0,IT Services & Consulting,Gurugram,6600.0,97.0,24.0,228.0
Collins Aerospace,3.8,1000.0,Defence & Aerospace,Bengaluru,8000.0,89.0,17.0,106.0
Amazon Web Services,3.8,1000.0,IT Services & Consulting,Bengaluru,7000.0,194.0,0.0,82.0
eClinicalWorks,3.5,1000.0,Software Product,Mumbai,5100.0,78.0,6.0,159.0
National Payments Corporation of India,3.9,1000.0,FinTech,Mumbai,4400.0,107.0,154.0,36.0
Incheon Motors,4.7,1000.0,Automobile,Kochi,358.0,297.0,10.0,7.0
Psp Projects,3.8,1000.0,Engineering & Construction,Ahmedabad,3100.0,84.0,5.0,45.0
Marsh McLennan,3.8,1000.0,Management Consulting,Mumbai,8800.0,55.0,46.0,82.0
Mahindra Automotives,3.8,1000.0,Automobile,Pune,5200.0,49.0,0.0,43.0
Entain,3.5,1000.0,IT Services & Consulting,Hyderabad,7300.0,143.0,0.0,94.0
JSW Group,3.9,1000.0,Iron & Steel,Mumbai,4500.0,136.0,0.0,62.0
CarDekho Group,3.6,1000.0,Internet,Gurugram,5100.0,87.0,42.0,110.0
Lumina Datamatics,3.1,1000.0,IT Services & Consulting,Mumbai,4800.0,64.0,77.0,51.0
Capacit'e Infraprojects,3.7,1000.0,Engineering & Construction,Mumbai,3300.0,80.0,10.0,65.0
Quantiphi Analytics Solutions Private Limited,3.1,1000.0,IT Services & Consulting,Bengaluru,7700.0,211.0,153.0,58.0
Jyothy Labs,4.0,1000.0,FMCG,Mumbai,2400.0,57.0,15.0,78.0
C&S Electric,4.0,1000.0,Electrical Equipment,Noida,3800.0,68.0,23.0,92.0
J B Chemicals And Pharmaceuticals,3.9,1000.0,Pharma,Mumbai,3400.0,66.0,12.0,85.0
Rebel Foods,3.7,1000.0,Hospitality,Mumbai,3500.0,78.0,2.0,61.0
Yokohama Off-Highway Tires,3.7,1000.0,Auto Components,Bharuch,4300.0,72.0,3.0,42.0
KEI Industries,4.2,1000.0,Electrical Equipment,New Delhi,3300.0,72.0,2.0,93.0
SYSKA LED Lights,2.9,1000.0,Consumer Electronics & Appliances,Pune,2300.0,59.0,0.0,75.0
Softenger,4.0,1000.0,IT Services & Consulting,Pune,2700.0,76.0,0.0,161.0
Natco Pharma,4.0,1000.0,Pharma,Hyderabad,3600.0,56.0,0.0,85.0
Napino Auto & Electronics,3.9,1000.0,Auto Components,Gurugram,4000.0,67.0,2.0,78.0
JW Marriott,4.2,1000.0,Hospitality,Mumbai,2000.0,50.0,0.0,152.0
Everest Industries,3.8,1000.0,Building Material,Mumbai,3300.0,65.0,37.0,89.0
General Mills,4.1,1000.0,Food Processing,Mumbai,5300.0,87.0,16.0,120.0
Lowe's,4.0,1000.0,Retail,Bengaluru,10500.0,157.0,57.0,131.0
Pizza Hut,4.1,1000.0,Hospitality,New Delhi,2100.0,50.0,0.0,80.0
TechnipFMC,3.9,1000.0,Engineering & Construction,Hyderabad,5000.0,84.0,47.0,107.0
Defence Research & Development Organisation,4.4,1000.0,Defence & Aerospace,Hyderabad,4000.0,78.0,0.0,89.0
Salcomp Manufacturing,4.0,1000.0,Electronics Manufacturing,Chennai,4600.0,89.0,6.0,72.0
Guidehouse,3.5,999.0,Management Consulting,Chennai,6000.0,83.0,152.0,45.0
Kendriya Vidyalaya Sangathan,4.2,996.0,Education & Training,New Delhi,1700.0,70.0,0.0,64.0
Hiranandani Financial Services,4.4,996.0,NBFC,Mumbai,1000.0,208.0,10.0,24.0
Barclays Global Service Centre,3.9,995.0,IT Services & Consulting,Pune,8000.0,103.0,0.0,143.0
Astral Adhesives,3.8,995.0,Chemicals,Ahmedabad,2600.0,59.0,0.0,60.0
JSW Paints,3.7,993.0,Chemicals,Mumbai,3400.0,105.0,1.0,37.0
VIP Industries,3.7,993.0,Retail,Mumbai,3000.0,51.0,23.0,88.0
Xceedance,3.5,992.0,IT Services & Consulting,Gurugram,6800.0,138.0,0.0,86.0
Bhanzu,3.8,1000.0,EdTech,Bengaluru,1400.0,202.0,1.0,13.0
Shriram General Insurance,3.6,991.0,Insurance,Jaipur,2800.0,43.0,32.0,47.0
LOREAL,3.7,990.0,Beauty & Personal Care,Mumbai,3900.0,70.0,69.0,96.0
Financial Software & Systems,3.6,990.0,Software Product,Chennai,5200.0,75.0,14.0,59.0
Pricol,3.9,987.0,Auto Components,Coimbatore,4400.0,56.0,11.0,88.0
Cohance Lifesciences,3.9,984.0,Pharma,Hyderabad,3300.0,43.0,7.0,47.0
LanceSoft,3.2,982.0,Recruitment,Hyderabad,5800.0,77.0,33.0,49.0
Adani Enterprises,3.6,979.0,Metals & Mining,Ahmedabad,5000.0,108.0,2.0,77.0
Pramerica Life Insurance,3.7,979.0,Insurance,Gurugram,2500.0,43.0,30.0,68.0
Altisource,3.5,979.0,Real Estate,Bengaluru,3500.0,45.0,67.0,139.0
Jaro Education,3.3,979.0,Education & Training,Mumbai,2300.0,119.0,20.0,71.0
Signify,3.4,976.0,Consumer Electronics & Appliances,Bengaluru,4700.0,64.0,47.0,80.0
Aristo Pharmaceuticals,3.9,975.0,Pharma,Mumbai,2600.0,55.0,4.0,68.0
Navayuga Engineering Company,3.9,975.0,Engineering & Construction,Hyderabad,2500.0,67.0,18.0,86.0
Amphenol Interconnect,4.2,974.0,Electrical Equipment,Pune,3900.0,54.0,14.0,69.0
Renault-Nissan,3.9,972.0,Automobile,Chennai,3700.0,99.0,0.0,211.0
SFO Technologies,3.4,973.0,Electronics Manufacturing,Bengaluru,4900.0,50.0,31.0,67.0
Velocis Systems,3.8,971.0,IT Services & Consulting,New Delhi,5200.0,71.0,20.0,54.0
Timken,3.9,971.0,Industrial Machinery,Jamshedpur,4300.0,62.0,1.0,102.0
KMV Projects Limited,4.3,969.0,Engineering & Construction,Hyderabad,2300.0,65.0,0.0,89.0
Knight Frank,4.0,968.0,Real Estate,Mumbai,3400.0,61.0,1.0,76.0
ICCS,3.0,967.0,BPO,Noida,2900.0,68.0,8.0,46.0
Gannon Dunkerley & Co.,3.4,966.0,Engineering & Construction,Kolkata,1900.0,44.0,2.0,116.0
Nasser S. Al Hajri Corporation,3.6,965.0,Engineering & Construction,Chennai,1800.0,43.0,0.0,97.0
"Commonwealth Bank of Australia, India",2.7,965.0,Financial Services,Bengaluru,8200.0,116.0,1.0,56.0
Regulated Council of Immigration Consultants,4.9,963.0,Other,Dubai,0.0,0.0,0.0,0.0
Integra Software Services,4.0,969.0,IT Services & Consulting,Puducherry,3200.0,78.0,47.0,70.0
Mando Automotive,4.0,961.0,Auto Components,Chennai,4200.0,55.0,0.0,125.0
Reliance Power,4.1,960.0,Power,Singrauli,3300.0,68.0,6.0,68.0
Sandhar Technologies,3.7,959.0,Auto Components,Gurugram,3600.0,59.0,16.0,78.0
Godfrey Phillips India,4.0,959.0,FMCG,New Delhi,3300.0,44.0,4.0,101.0
FLSmidth,3.5,958.0,Industrial Machinery,Chennai,4200.0,46.0,40.0,111.0
Volvo,4.0,959.0,Automobile,Bengaluru,5800.0,82.0,5.0,95.0
Medha Servo Drives,4.2,958.0,Electrical Equipment,Hyderabad,3200.0,94.0,17.0,112.0
CIEL HR,3.9,957.0,Recruitment,Bengaluru,3300.0,75.0,4.0,55.0
Target,4.0,956.0,Retail,Bengaluru,7300.0,146.0,97.0,94.0
M3M India,4.1,955.0,Real Estate,Gurugram,3500.0,69.0,0.0,42.0
Tikona Infinet,3.3,955.0,Telecom,Mumbai,2600.0,33.0,6.0,84.0
Re Sustainability Limited,3.8,954.0,Waste Management,Hyderabad,3200.0,64.0,27.0,84.0
Episource,3.9,954.0,IT Services & Consulting,Chennai,3100.0,229.0,0.0,78.0
Medhaj Techno Concept,4.0,953.0,Management Consulting,Lucknow,2000.0,61.0,3.0,161.0
Hathway,3.4,953.0,Telecom,Mumbai,3500.0,50.0,4.0,73.0
FastInfo,4.2,953.0,Internet,Kolkata,924.0,116.0,0.0,346.0
Petrofac,4.3,952.0,Oil & Gas,Chennai,2400.0,47.0,0.0,117.0
Steag Energy Services,4.3,952.0,Power,Jharsuguda,2800.0,53.0,6.0,108.0
Jubilant Pharmova,3.7,950.0,Pharma,Noida,3300.0,63.0,77.0,110.0
MAS Financial Services Ltd,3.6,954.0,NBFC,Ahmedabad,2400.0,59.0,65.0,37.0
Naukri,4.1,948.0,Internet,Noida,3400.0,234.0,1.0,115.0
Tafe Motors & Tractors,3.8,948.0,Industrial Machinery,Bhopal,3100.0,61.0,0.0,24.0
Greenlam Industries,4.1,948.0,Furniture & Furnishing,New Delhi,3400.0,67.0,15.0,61.0
Wakefit,3.9,949.0,Furniture & Furnishing,Bengaluru,3200.0,83.0,25.0,29.0
SKH Metals,4.0,949.0,Auto Components,Gurugram,3000.0,86.0,13.0,61.0
Deepak Fertilisers and Petrochemicals,4.0,947.0,Chemicals,Mumbai,3600.0,50.0,19.0,80.0
Bayer,4.0,947.0,Pharma,Bengaluru,4500.0,62.0,0.0,135.0
Intellipaat Software Solutions,3.8,946.0,EdTech,Bengaluru,2100.0,206.0,0.0,16.0
Apotex Research,3.7,946.0,Pharma,Bengaluru,2900.0,38.0,34.0,106.0
OCS Group,4.1,945.0,Facility Management Services,Mumbai,2600.0,64.0,11.0,53.0
Schlumberger,3.7,943.0,Oil & Gas,Pune,5700.0,159.0,5.0,116.0
Orient Electric,3.7,942.0,Consumer Electronics & Appliances,New Delhi,3500.0,66.0,14.0,57.0
GE Healthcare,3.9,939.0,Medical Equipment,Bengaluru,6200.0,87.0,1.0,100.0
HomeLane,3.3,938.0,Architecture & Interior Design,Bengaluru,4200.0,96.0,112.0,68.0
Aviva Life Insurance India,3.4,937.0,Insurance,Gurugram,2700.0,37.0,7.0,66.0
Simplilearn,3.8,935.0,EdTech,Bengaluru,4700.0,151.0,86.0,59.0
Nirma,4.3,934.0,FMCG,Bhavnagar,3100.0,54.0,27.0,121.0
HT Media,3.0,934.0,Media & Entertainment,New Delhi,4800.0,61.0,0.0,88.0
Sundaram Clayton,3.9,934.0,Auto Components,Chennai,2800.0,36.0,10.0,90.0
Experis IT,3.0,933.0,Recruitment,Bengaluru,3800.0,72.0,6.0,44.0
Test Yantra Software Solutions,3.0,933.0,IT Services & Consulting,Bengaluru,26100.0,151.0,7.0,130.0
Vijay Sales,4.0,931.0,Retail,Mumbai,3000.0,69.0,8.0,58.0
Amazon Sellers Services,4.0,930.0,Internet,Bengaluru,2500.0,136.0,0.0,106.0
Neel Metal Products,4.0,929.0,Auto Components,Gurugram,2700.0,57.0,0.0,76.0
Netscribes,2.7,929.0,Analytics & KPO,Kolkata,3100.0,95.0,33.0,74.0
Sona Comstar,4.0,928.0,Auto Components,Gurugram,4200.0,83.0,1.0,68.0
Ashirvad Pipes,3.8,928.0,Building Material,Bengaluru,3100.0,70.0,18.0,89.0
Yashoda Hospitals,3.9,927.0,Healthcare,Hyderabad,3500.0,71.0,30.0,90.0
Michelin,3.7,928.0,Auto Components,Pune,5100.0,68.0,16.0,113.0
Alok Industries,3.6,926.0,Fashion & Textile,Dadra & Nagar Haveli,3400.0,54.0,13.0,86.0
Aircel,4.5,925.0,Telecom,New Delhi,1200.0,9.0,0.0,142.0
Nityo Infotech,3.2,926.0,IT Services & Consulting,Bengaluru,5100.0,98.0,42.0,46.0
ACL Digital,3.5,925.0,IT Services & Consulting,Bengaluru,6800.0,96.0,158.0,49.0
Impact Infotech Pvt. Ltd.,3.8,922.0,IT Services & Consulting,Mumbai,2700.0,74.0,0.0,92.0
Nibav Lifts,4.0,920.0,Industrial Machinery,Chennai,1800.0,105.0,177.0,25.0
Carborundum Universal Limited,3.7,920.0,Industrial Machinery,Chennai,3700.0,39.0,18.0,65.0
Egis India Consulting Engineers,4.3,918.0,Engineering & Construction,Gurugram,2400.0,57.0,1.0,99.0
Ageas Federal Life Insurance,3.4,918.0,Insurance,Mumbai,2400.0,59.0,52.0,69.0
Wipro PARI,3.2,919.0,Industrial Automation,Pune,3900.0,69.0,30.0,24.0
Bosch Chassis Systems,4.1,915.0,Auto Components,Pune,2700.0,48.0,0.0,110.0
Musashi Auto Parts,3.8,915.0,Auto Components,Bengaluru,2900.0,45.0,5.0,78.0
Updater Services,3.7,915.0,Facility Management Services,Chennai,3000.0,49.0,22.0,51.0
Alorica,3.1,915.0,BPO,Bengaluru,3500.0,96.0,99.0,27.0
WSP,4.2,913.0,Management Consulting,Bengaluru,4400.0,112.0,2.0,28.0
Truhome Finance,3.7,913.0,Financial Services,Mumbai,2800.0,61.0,39.0,47.0
Centum Electronics,3.4,910.0,Electronics Manufacturing,Bengaluru,3700.0,32.0,8.0,109.0
RAMTeCH Software Solutions,3.7,907.0,IT Services & Consulting,Hyderabad,3500.0,47.0,5.0,59.0
TNQ Tech Private Limited,3.5,907.0,Printing & Publishing,Chennai,4100.0,67.0,16.0,67.0
Acme Cleantech Solutions,4.0,908.0,Power,Gurugram,2700.0,86.0,9.0,96.0
H&M,3.8,906.0,Fashion & Textile,Bengaluru,3300.0,122.0,114.0,82.0
Silaris Informations,2.9,905.0,BPO,New Delhi,3000.0,61.0,6.0,55.0
Apar Industries,4.1,905.0,Semiconductors,Mumbai,3600.0,66.0,11.0,53.0
Ups Logistics,3.6,906.0,Logistics,Pune,4700.0,88.0,159.0,81.0
Satya MicroCapital,3.7,905.0,NBFC,New Delhi,2200.0,71.0,5.0,40.0
Volkswagen,4.1,904.0,Automobile,Pune,3100.0,54.0,0.0,101.0
Epsilon,3.6,905.0,Marketing & Advertising,Bengaluru,7500.0,109.0,164.0,93.0
MOURI Tech,3.6,903.0,IT Services & Consulting,Hyderabad,6500.0,77.0,70.0,56.0
Ather Energy,4.1,902.0,Automobile,Bengaluru,4900.0,76.0,14.0,38.0
Fedbank Financial Services,4.0,903.0,NBFC,Mumbai,3300.0,49.0,19.0,40.0
Nlb Services,3.6,901.0,Recruitment,Noida,3300.0,37.0,3.0,60.0
UKG,2.8,899.0,Software Product,Noida,6700.0,133.0,26.0,56.0
Magna International,3.9,899.0,Auto Components,Pune,5800.0,54.0,67.0,70.0
Tata Chemicals,3.9,897.0,Chemicals,Jamnagar,2900.0,79.0,1.0,131.0
India Shelter Finance Corporation,3.8,895.0,NBFC,Gurugram,2400.0,38.0,5.0,33.0
Tata Starbucks,4.1,896.0,Hospitality,Mumbai,2000.0,67.0,425.0,105.0
IDEMIA,3.8,895.0,Electronics Manufacturing,Noida,3800.0,62.0,18.0,79.0
AJIO,3.6,895.0,Internet,Bengaluru,2700.0,65.0,0.0,90.0
Marks & Spencer,3.8,893.0,Retail,New Delhi,3200.0,37.0,111.0,108.0
Shilpa Medicare,3.4,892.0,Pharma,Hyderabad,3800.0,65.0,3.0,54.0
Parag Milk Foods,3.9,894.0,Food Processing,Mumbai,2600.0,81.0,12.0,58.0
Metso,4.0,891.0,Metals & Mining,Alwar,3400.0,84.0,10.0,62.0
Shivalik Small Finance Bank,4.2,891.0,Banking,Noida,1800.0,115.0,8.0,77.0
BGR Energy Systems,3.8,892.0,Engineering & Construction,Chennai,3100.0,47.0,0.0,115.0
Nexdigm,3.7,889.0,Management Consulting,Pune,3500.0,75.0,57.0,17.0
Panacea Biotec,3.5,889.0,Biotechnology,Baddi,2800.0,69.0,37.0,101.0
Casagrand,3.8,889.0,Real Estate,Chennai,4700.0,76.0,107.0,32.0
Rohan Builders,4.1,890.0,Real Estate,Pune,2500.0,63.0,59.0,67.0
Athena BPO,3.3,888.0,BPO,Mumbai,2800.0,58.0,4.0,54.0
KGISL,3.2,887.0,IT Services & Consulting,Coimbatore,5400.0,97.0,11.0,101.0
C.R.I. Pumps,3.9,886.0,Industrial Machinery,Coimbatore,2700.0,37.0,5.0,73.0
Swaraj Tractors,4.0,886.0,Automobile,Sahibzada Ajit Singh Nagar,2900.0,44.0,0.0,128.0
National Health Mission,3.5,886.0,Healthcare,Guwahati,2300.0,36.0,0.0,50.0
Porter,3.5,886.0,Internet,Bengaluru,3900.0,104.0,139.0,60.0
Vedanta Limited,3.7,886.0,Metals & Mining,Jharsuguda,3200.0,73.0,39.0,74.0
Victura Technologies Private Limited,4.0,886.0,Auto Components,Faridabad,3400.0,49.0,0.0,44.0
Next Education India,3.2,884.0,EdTech,Hyderabad,2700.0,50.0,11.0,121.0
Parekh Integrated Services,4.0,883.0,Logistics,Mumbai,2700.0,42.0,28.0,86.0
Future Focus Infotech,3.3,882.0,IT Services & Consulting,Bengaluru,4100.0,61.0,0.0,47.0
Jaya Hind Industries,3.7,882.0,Auto Components,Pune,2700.0,66.0,2.0,60.0
Shaktiman Tirth Agro Technology,3.8,882.0,Industrial Machinery,Rajkot,3000.0,64.0,1.0,82.0
enGen Global,3.8,882.0,IT Services & Consulting,Chennai,5900.0,76.0,48.0,60.0
Ascendion,3.1,880.0,IT Services & Consulting,Bengaluru,4900.0,132.0,109.0,14.0
Union Bank of India,3.9,880.0,Banking,Mumbai,3000.0,45.0,0.0,66.0
Sutherland Healthcare Solutions,3.7,880.0,Analytics & KPO,Hyderabad,4100.0,50.0,0.0,54.0
Tata Power Solar,4.1,879.0,Power,Bengaluru,3300.0,87.0,0.0,49.0
Clarivate,3.7,881.0,Analytics & KPO,Bengaluru,7100.0,96.0,52.0,47.0
Torry Harris Integration Solutions,4.1,877.0,IT Services & Consulting,Bengaluru,4400.0,191.0,38.0,38.0
Precision Infomatic M Pvt Ltd,3.9,876.0,IT Services & Consulting,Chennai,2800.0,57.0,6.0,28.0
Welspun Corp,3.9,878.0,Iron & Steel,Anjar,2700.0,50.0,0.0,53.0
Rico Auto Industries,3.8,875.0,Auto Components,Gurugram,3500.0,62.0,1.0,52.0
Tata Hitachi Construction Machinery,4.0,875.0,Industrial Machinery,Kharagpur,3200.0,68.0,13.0,80.0
Patel Infrastructure Limited,4.3,872.0,Engineering & Construction,Vadodara,2100.0,121.0,15.0,89.0
BDO,3.2,871.0,Accounting & Auditing,Mumbai,6300.0,61.0,0.0,22.0
Rockwell Automation,3.7,868.0,Industrial Automation,Pune,5900.0,90.0,522.0,77.0
HP India,3.7,868.0,Consumer Electronics & Appliances,Bengaluru,6100.0,168.0,1.0,109.0
Lumen Technologies,3.8,870.0,Hardware & Networking,Bengaluru,4000.0,57.0,8.0,105.0
Bechtel,3.9,868.0,Engineering & Construction,Gurugram,4000.0,75.0,140.0,90.0
RR kabel,4.1,868.0,Electrical Equipment,Vadodara,3100.0,74.0,2.0,49.0
Petpooja,3.9,867.0,Software Product,Ahmedabad,1900.0,99.0,47.0,89.0
IBS Software Services,3.6,866.0,Software Product,Kochi,6700.0,125.0,84.0,69.0
LEAD School,3.2,866.0,EdTech,Mumbai,3400.0,95.0,16.0,76.0
Sanden Vikas,4.0,866.0,Auto Components,Faridabad,2700.0,58.0,10.0,72.0
Eris Lifesciences,3.6,864.0,Pharma,Ahmedabad,2400.0,47.0,10.0,72.0
Syneos Health,3.5,863.0,Clinical Research,Hyderabad,4000.0,65.0,140.0,51.0
Mahindra First Choice,3.9,862.0,Internet,Mumbai,3000.0,43.0,15.0,75.0
AuthBridge Research Services,3.1,861.0,IT Services & Consulting,Gurugram,3100.0,52.0,5.0,57.0
K Raheja Corp,4.2,860.0,Hospitality,Mumbai,3300.0,74.0,67.0,77.0
Bank of India,4.0,859.0,Banking,Mumbai,2800.0,58.0,0.0,89.0
Fareportal,2.9,860.0,Travel & Tourism,Gurugram,3600.0,46.0,4.0,103.0
Royal Sundaram General Insurance,3.7,861.0,Insurance,Chennai,2900.0,24.0,30.0,61.0
Greaves Cotton,4.0,858.0,Travel & Tourism,Chhatrapati Sambhajinagar,3000.0,32.0,9.0,97.0
Mahindra Tractors,4.1,858.0,Automobile,Nagpur,2700.0,57.0,0.0,3.0
Waaree Energies,4.0,858.0,Power,Surat,3600.0,78.0,50.0,48.0
Guardian India,3.7,858.0,Insurance,Chennai,4500.0,64.0,6.0,87.0
Luxoft,3.6,859.0,IT Services & Consulting,Bengaluru,5400.0,139.0,410.0,102.0
Poly Medicure,3.4,856.0,Medical Equipment,Faridabad,3100.0,88.0,37.0,48.0
Five-Star Business Finance,4.1,856.0,NBFC,Chennai,2200.0,32.0,6.0,35.0
Principal Financial Group,3.6,856.0,Insurance,Pune,6300.0,86.0,58.0,104.0
Rodic Consultants,4.2,853.0,Engineering & Construction,New Delhi,1900.0,48.0,15.0,76.0
DBG Technology,3.7,852.0,Electronics Manufacturing,Rewari,2300.0,92.0,1.0,36.0
Baxter International,3.8,851.0,Healthcare,Bengaluru,3800.0,54.0,62.0,86.0
Rashmi Group,3.5,851.0,Iron & Steel,Kharagpur,3400.0,54.0,3.0,36.0
Medusind Solutions,3.5,850.0,IT Services & Consulting,Chennai,3100.0,37.0,38.0,101.0
Serco,4.3,850.0,Analytics & KPO,Mumbai,1200.0,33.0,0.0,136.0
eTeam,3.2,848.0,Recruitment,Bengaluru,3700.0,54.0,4.0,32.0
Universal Sompo General Insurance,4.4,848.0,Insurance,Mumbai,2200.0,163.0,12.0,51.0
Orion Edutech,4.1,849.0,EdTech,Kolkata,1400.0,43.0,0.0,99.0
Encore Capital Group,3.8,848.0,Financial Services,Gurugram,2100.0,48.0,8.0,115.0
Teamware Solutions,4.1,847.0,Recruitment,Hyderabad,3300.0,72.0,6.0,47.0
Zydus Healthcare,4.0,846.0,Pharma,Mumbai,2300.0,73.0,0.0,10.0
Duck Creek Technologies,4.5,845.0,Software Product,Mumbai,1300.0,87.0,11.0,393.0
Freshworks,3.3,845.0,Software Product,Chennai,7600.0,186.0,59.0,61.0
Dineshchandra R. Agrawal Infracon,4.0,846.0,Engineering & Construction,Ahmedabad,2800.0,66.0,18.0,40.0
Ugro Capital,3.7,845.0,NBFC,Mumbai,2900.0,50.0,38.0,30.0
Bpo Convergence,3.4,845.0,BPO,Hyderabad,2100.0,67.0,2.0,32.0
Consolidated Contractors,4.2,844.0,Engineering & Construction,Mumbai,1400.0,40.0,0.0,164.0
Vastu Housing Finance,4.1,844.0,NBFC,Mumbai,2400.0,58.0,6.0,135.0
Praj Industries,4.0,841.0,Biotechnology,Pune,3400.0,47.0,35.0,69.0
Credence Resource Management,3.0,841.0,BPO,Pune,3500.0,39.0,122.0,85.0
Advik Hi Tech,3.8,842.0,Auto Components,Pune,3200.0,65.0,7.0,66.0
Artech Infosystems,3.3,841.0,Recruitment,Bengaluru,3900.0,85.0,0.0,73.0
Ramkrishna Forgings,3.5,841.0,Auto Components,Jamshedpur,3200.0,70.0,11.0,65.0
Feedback Infrastructure Services,3.5,840.0,Engineering & Construction,Gurugram,2400.0,47.0,4.0,88.0
Amber Enterprises India,3.8,839.0,Electronics Manufacturing,Gurugram,3100.0,60.0,6.0,41.0
FIITJEE,3.2,838.0,Education & Training,New Delhi,2000.0,57.0,0.0,50.0
Y-Axis Overseas Careers,4.1,839.0,Other,Hyderabad,1500.0,158.0,3.0,241.0
JK Paper,3.8,837.0,Pulp & Paper,Rayagada,2900.0,68.0,15.0,70.0
Linde India,3.9,836.0,Chemicals,Vadodara,3800.0,58.0,23.0,91.0
Ramco Systems,3.7,836.0,Software Product,Chennai,5300.0,73.0,9.0,60.0
Ford Business Solutions,4.1,836.0,IT Services & Consulting,Chennai,4200.0,54.0,45.0,26.0
Arvind Lifestyle Brands,4.0,835.0,Fashion & Textile,Bengaluru,1900.0,22.0,37.0,1.0
Qualitest,3.6,835.0,IT Services & Consulting,Bengaluru,7100.0,93.0,35.0,30.0
Bill Gosling Outsourcing India,3.5,833.0,,Gurugram,3000.0,51.0,41.0,86.0
Prama Hikvision India,3.5,833.0,Electronics Manufacturing,Mumbai,3200.0,67.0,8.0,43.0
Vijaya Diagnostic Centre,3.7,834.0,Healthcare,Hyderabad,2200.0,48.0,30.0,136.0
Jio-bp,3.6,831.0,Oil & Gas,Mumbai,3000.0,80.0,7.0,27.0
Novac Technology Solutions,3.5,831.0,Software Product,Chennai,5600.0,77.0,43.0,50.0
Huhtamaki,3.9,828.0,Packaging,Mumbai,2700.0,27.0,14.0,86.0
Prince Pipes & Fittings,4.1,827.0,Building Material,Mumbai,2600.0,57.0,14.0,57.0
Qinecsa Solutions,2.7,826.0,Clinical Research,Mysuru,2800.0,64.0,1.0,2.0
Aequs,3.4,826.0,Defence & Aerospace,Belagavi,3600.0,61.0,13.0,52.0
Zuventus Healthcare,3.9,826.0,Pharma,Mumbai,2400.0,63.0,6.0,61.0
Ask Automotive,4.2,825.0,Auto Components,Gurugram,3100.0,39.0,4.0,51.0
Radical Minds,2.8,823.0,BPO,Gurugram,2700.0,70.0,28.0,38.0
Border Security Force,4.5,822.0,Law Enforcement & Security,New Delhi,1400.0,19.0,0.0,77.0
Nippon Koei India,4.7,822.0,Engineering & Construction,New Delhi,1400.0,167.0,2.0,32.0
THE LEELA PALACES HOTELS & RESORTS,4.0,822.0,Hospitality,New Delhi,2300.0,41.0,0.0,116.0
Punj Lloyd,4.0,821.0,Engineering & Construction,Gurugram,1600.0,20.0,0.0,138.0
RenewBuy,3.3,821.0,Internet,Gurugram,3000.0,65.0,0.0,25.0
IFFCO,4.1,820.0,Agro Chemicals,New Delhi,2000.0,60.0,0.0,90.0
AISIN,4.1,820.0,Auto Components,Rohtak,2800.0,59.0,8.0,93.0
Investors Clinic,3.5,820.0,Real Estate,Noida,1600.0,76.0,21.0,28.0
Engineers India,4.2,819.0,Engineering & Construction,New Delhi,3400.0,91.0,10.0,80.0
Progressive Techserve,3.2,817.0,IT Services & Consulting,Noida,2800.0,46.0,17.0,63.0
PUMA,4.1,816.0,Fashion & Textile,Bengaluru,2700.0,74.0,14.0,83.0
Fluor Corporation,4.1,816.0,Engineering & Construction,Gurugram,1800.0,32.0,185.0,9.0
Wabtec,3.9,816.0,Auto Components,Bengaluru,4300.0,64.0,8.0,54.0
Eveready Industries,3.9,815.0,Consumer Electronics & Appliances,Kolkata,2500.0,44.0,1.0,81.0
Chennai Radha Engineering Works,3.9,815.0,Engineering & Construction,Chennai,2300.0,42.0,0.0,94.0
Wipro Consumer Care & Lighting,3.6,815.0,FMCG,Bengaluru,3800.0,76.0,9.0,268.0
Hitachi,3.8,814.0,Industrial Machinery,Bengaluru,5000.0,98.0,2.0,58.0
Somany Ceramics,4.2,816.0,Building Material,New Delhi,2800.0,31.0,8.0,67.0
Zidio Development,4.4,813.0,IT Services & Consulting,Bengaluru,115.0,173.0,0.0,2.0
Indo Autotech,4.0,812.0,Auto Components,Faridabad,2800.0,56.0,8.0,66.0
Travel Food Services Ltd,4.0,812.0,Hospitality,Mumbai,2100.0,51.0,1.0,66.0
Axtria,2.7,811.0,Software Product,Gurugram,8000.0,136.0,168.0,77.0
Careernet,3.5,811.0,Recruitment,Bengaluru,4700.0,51.0,0.0,51.0
Action Construction Equipment,3.7,812.0,Industrial Machinery,Faridabad,2900.0,77.0,1.0,41.0
Denave,3.4,810.0,Marketing & Advertising,Noida,2800.0,50.0,8.0,79.0
Maveric Systems,3.3,810.0,IT Services & Consulting,Chennai,7300.0,132.0,9.0,71.0
Creative Synergies Group,3.8,808.0,IT Services & Consulting,Bengaluru,2400.0,30.0,23.0,17.0
JM Financial,3.8,808.0,Financial Services,Mumbai,4000.0,61.0,0.0,35.0
Franklin Templeton Investments,3.9,808.0,Financial Services,Hyderabad,3900.0,35.0,47.0,73.0
Rallis India,4.0,808.0,Agro Chemicals,Ankleshwar,2500.0,46.0,12.0,79.0
Hilti,3.3,806.0,Industrial Machinery,Gurugram,3800.0,75.0,15.0,82.0
Jai Balaji Group,3.2,806.0,Iron & Steel,Durgapur,3300.0,56.0,0.0,67.0
Microtek International,3.7,805.0,Consumer Electronics & Appliances,New Delhi,2800.0,54.0,3.0,54.0
Intex Technologies,3.6,804.0,Consumer Electronics & Appliances,New Delhi,1500.0,20.0,2.0,97.0
Wapcos,3.1,804.0,Engineering & Construction,New Delhi,2300.0,42.0,0.0,36.0
Hitachi Digital Services,3.5,804.0,IT Services & Consulting,Hyderabad,2400.0,70.0,38.0,52.0
Forever Living Products,4.2,804.0,Fitness & Wellness,Mumbai,1600.0,79.0,0.0,47.0
Lenovo,4.0,804.0,Consumer Electronics & Appliances,Bengaluru,4300.0,61.0,14.0,59.0
Toyo Engineering,4.0,804.0,Engineering & Construction,Mumbai,3800.0,62.0,2.0,81.0
People Tech Group,2.3,802.0,IT Services & Consulting,Hyderabad,5400.0,89.0,16.0,35.0
First Advantage,3.4,802.0,Recruitment,Bengaluru,4600.0,32.0,35.0,62.0
Padget Electronics,3.7,802.0,Electronics Manufacturing,Noida,2900.0,85.0,0.0,27.0
Ksb Pumps,3.7,801.0,Industrial Machinery,Pune,3500.0,59.0,131.0,42.0
Pratap Technocrats,3.7,802.0,Telecom,Pune,1900.0,37.0,5.0,38.0
Neurealm,3.4,800.0,IT Services & Consulting,Chennai,6900.0,102.0,52.0,56.0
Transrail Lighting,4.0,799.0,Engineering & Construction,Mumbai,2800.0,64.0,5.0,52.0
Lea Associates South Asia,4.2,799.0,Engineering & Construction,New Delhi,1900.0,34.0,0.0,79.0
Fleetguard Filters Private Limited,4.3,798.0,Auto Components,Pune,2800.0,53.0,15.0,63.0
ManipalCigna Health Insurance,3.7,797.0,Insurance,Mumbai,3100.0,45.0,204.0,45.0
Protiviti,3.0,796.0,Management Consulting,Gurugram,5700.0,73.0,7.0,24.0
Celebal Technologies,3.0,796.0,IT Services & Consulting,Jaipur,4900.0,143.0,32.0,22.0
NTT,3.9,795.0,IT Services & Consulting,Mumbai,4900.0,72.0,1.0,63.0
Allied Digital Services,3.1,794.0,IT Services & Consulting,Mumbai,3600.0,68.0,20.0,34.0
Reliance Smart,4.1,794.0,Retail,Hyderabad,2200.0,37.0,0.0,22.0
Eastman Auto and Power Limited,3.9,795.0,Electronics Manufacturing,Gurugram,2300.0,111.0,38.0,36.0
Fidelity International,3.5,794.0,Financial Services,Gurugram,6000.0,63.0,64.0,84.0
Isuzu Motors,4.2,795.0,Automobile,Chennai,3000.0,57.0,1.0,95.0
Edubridge Learning,3.8,792.0,EdTech,Mumbai,1300.0,67.0,79.0,150.0
Alivus Life Sciences,3.8,792.0,Pharma,Ankleshwar,4100.0,42.0,0.0,46.0
Neuland Laboratories,3.9,792.0,Pharma,Hyderabad,3100.0,56.0,9.0,72.0
Mindsprint,3.5,792.0,IT Services & Consulting,Chennai,4700.0,72.0,25.0,109.0
Sterling Tools,4.5,791.0,Auto Components,Faridabad,1200.0,235.0,11.0,31.0
Exicom,3.9,790.0,Semiconductors,Gurugram,3100.0,62.0,14.0,75.0
ESL Steel,3.8,789.0,Iron & Steel,Bokaro,2100.0,38.0,0.0,91.0
VA Tech Wabag,3.8,788.0,Waste Management,Chennai,3000.0,61.0,18.0,87.0
Volkswagen Group Digital Solutions [India],3.9,788.0,IT Services & Consulting,Pune,5200.0,86.0,32.0,4.0
Ameriprise Financial,3.7,788.0,Financial Services,Gurugram,5400.0,75.0,5.0,104.0
JioStar,3.6,789.0,Media & Entertainment,Mumbai,4900.0,65.0,187.0,24.0
Forvia Hella,3.7,788.0,Auto Components,Pune,3600.0,51.0,78.0,81.0
Bses Rajdhani Power,3.8,787.0,Power,New Delhi,2800.0,60.0,0.0,61.0
Amadeus,3.7,787.0,Software Product,Bengaluru,7600.0,128.0,24.0,94.0
Bunge India,3.9,787.0,Food Processing,Sahibzada Ajit Singh Nagar,3300.0,50.0,448.0,59.0
Assystem,3.3,786.0,Engineering & Construction,Chennai,2200.0,51.0,165.0,5.0
Quatrro Business Support Services,3.2,786.0,Recruitment,Gurugram,2600.0,62.0,0.0,86.0
Vaaman Engineers,3.8,786.0,Engineering & Construction,Jharsuguda,2300.0,76.0,6.0,58.0
Central Industrial Security Force,4.3,786.0,Law Enforcement & Security,New Delhi,2000.0,24.0,0.0,77.0
Bitwise Solutions,3.7,784.0,IT Services & Consulting,Pune,4500.0,62.0,5.0,127.0
Creambell,3.8,785.0,Hospitality,New Delhi,2200.0,44.0,3.0,74.0
Times Internet,3.4,784.0,Internet,Noida,5600.0,75.0,13.0,73.0
Aurigo Software Technologies,4.7,783.0,Software Product,Bengaluru,1100.0,37.0,26.0,127.0
Mott MacDonald,3.9,783.0,Management Consulting,Mumbai,2900.0,58.0,151.0,53.0
TO THE NEW,3.6,783.0,IT Services & Consulting,Noida,6000.0,155.0,26.0,98.0
Skill Lync,3.1,782.0,EdTech,Chennai,3500.0,93.0,1.0,29.0
Steel Authority Of India,4.1,783.0,Iron & Steel,Bokaro,2300.0,51.0,0.0,59.0
India Japan Lighting,4.0,783.0,Auto Components,Chennai,2700.0,69.0,5.0,69.0
BNP Paribas India Solutions,3.5,782.0,IT Services & Consulting,Mumbai,6400.0,83.0,8.0,116.0
Sharda Motor Industries,3.7,781.0,Auto Components,Chennai,2900.0,58.0,13.0,86.0
National Informatics Centre,3.9,780.0,Government,New Delhi,4300.0,44.0,0.0,27.0
CMS Computers Limited (INDIA),3.6,780.0,IT Services & Consulting,New Delhi,3300.0,44.0,4.0,57.0
KreditBee,3.7,781.0,FinTech,Bengaluru,3600.0,73.0,25.0,48.0
Wipro Infrastructure Engineering,3.7,778.0,Industrial Machinery,Bengaluru,4000.0,63.0,18.0,89.0
Greenply,3.8,777.0,Building Material,Kolkata,2500.0,58.0,1.0,54.0
Google Operations Center,3.5,776.0,BPO,Hyderabad,4400.0,104.0,0.0,49.0
UnitedLex,2.6,775.0,Analytics & KPO,New Delhi,3700.0,75.0,50.0,61.0
JSW Energy,4.1,776.0,Power,Mumbai,4100.0,61.0,9.0,44.0
McDermott International,4.2,775.0,Engineering & Construction,Chennai,3600.0,65.0,61.0,74.0
Finolex Cables,3.7,774.0,Electrical Equipment,Pune,2600.0,45.0,17.0,47.0
Smollan Group,3.9,774.0,Marketing & Advertising,Mumbai,1900.0,51.0,1.0,43.0
Stellantis,3.4,774.0,Automobile,Chennai,5500.0,68.0,0.0,23.0
Veradigm,3.7,773.0,Software Product,Pune,3500.0,43.0,74.0,2.0
R.V.R. PROJECTS,3.8,774.0,Engineering & Construction,Hyderabad,1900.0,71.0,18.0,37.0
Zee Entertainment Enterprises,3.3,772.0,Media & Entertainment,Mumbai,4400.0,57.0,0.0,50.0
Livguard,3.8,771.0,Electronics Manufacturing,Gurugram,2400.0,45.0,0.0,19.0
Rackspace,3.6,771.0,IT Services & Consulting,Gurugram,4700.0,86.0,9.0,61.0
HSBC Software Development,4.0,772.0,Software Product,Pune,7800.0,29.0,0.0,3.0
India Cements,3.9,768.0,Building Material,Chennai,2700.0,55.0,9.0,63.0
Eugia Pharma Specialities,4.0,769.0,Pharma,Hyderabad,2900.0,49.0,0.0,36.0
Hapag-Lloyd,3.8,768.0,Ports & Shipping,Chennai,3200.0,31.0,5.0,74.0
LG Soft India,2.6,767.0,IT Services & Consulting,Bengaluru,4800.0,116.0,36.0,73.0
Religare,3.6,766.0,Financial Services,New Delhi,2500.0,36.0,38.0,33.0
Samsung E&A,4.0,766.0,Engineering & Construction,Noida,2400.0,73.0,0.0,116.0
Integreon,3.1,766.0,BPO,Mumbai,4100.0,58.0,33.0,86.0
Care Hospital,4.1,765.0,Healthcare,Hyderabad,2200.0,36.0,34.0,67.0
ReSource Pro,3.7,765.0,BPO,Bengaluru,4200.0,140.0,37.0,55.0
RITES,3.9,765.0,Engineering & Construction,Gurugram,2600.0,41.0,8.0,61.0
Electrosteel Casting,3.6,763.0,Building Material,Kolkata,2900.0,57.0,1.0,42.0
bp,3.7,765.0,Oil & Gas,Pune,4900.0,98.0,24.0,35.0
Trianz,3.7,763.0,IT Services & Consulting,Hyderabad,4800.0,61.0,40.0,60.0
Brane Enterprises,2.1,762.0,Software Product,Hyderabad,3700.0,151.0,0.0,19.0
Primus Global Technologies,3.6,762.0,IT Services & Consulting,Bengaluru,3200.0,26.0,0.0,56.0
LifeCell International,3.3,762.0,Biotechnology,Chennai,2900.0,53.0,36.0,69.0
BCD Travel,4.3,761.0,Travel & Tourism,Bengaluru,1800.0,152.0,30.0,40.0
Better.com,3.0,762.0,Financial Services,Gurugram,3800.0,58.0,8.0,115.0
EMERSON PROCESS MANAGEMENT,4.0,760.0,Industrial Automation,Pune,4600.0,66.0,0.0,76.0
Deepak Nitrite,3.8,759.0,Chemicals,Vadodara,3200.0,53.0,23.0,76.0
Genus Power Infrastructures,3.9,759.0,Electronics Manufacturing,Jaipur,3100.0,72.0,2.0,49.0
AI Airport Services,3.3,759.0,Aviation,Mumbai,1800.0,50.0,0.0,7.0
Boeing,3.8,759.0,Aviation,Bengaluru,7200.0,103.0,9.0,67.0
Shalby Hospitals,4.3,757.0,Healthcare,Ahmedabad,2200.0,120.0,66.0,65.0
B. G. Shirke Construction Technology,4.1,757.0,Engineering & Construction,Pune,2800.0,44.0,5.0,83.0
Mitsubishi Electric India,4.2,758.0,Electronics Manufacturing,Pune,3100.0,48.0,5.0,62.0
Redcliffe Labs,3.9,756.0,Healthcare,Noida,1900.0,73.0,12.0,60.0
Turtlemint,3.7,756.0,Internet,Mumbai,2700.0,61.0,1.0,34.0
Dunzo,3.5,756.0,Internet,Bengaluru,3100.0,71.0,0.0,22.0
ASG Eye Hospital,3.5,757.0,Healthcare,Jaipur,1800.0,63.0,104.0,40.0
Razorpay,3.4,755.0,FinTech,Bengaluru,7100.0,179.0,5.0,50.0
CADD Centre Training Services,3.9,755.0,Education & Training,Chennai,2000.0,38.0,6.0,91.0
V-Trans,3.8,754.0,Logistics,Mumbai,2000.0,34.0,0.0,50.0
Sterlite Power,4.1,754.0,Power,New Delhi,3300.0,42.0,21.0,72.0
Tredence,3.3,753.0,IT Services & Consulting,Bengaluru,7300.0,154.0,150.0,54.0
1 India Family Mart,4.6,752.0,Retail,New Delhi,1500.0,40.0,0.0,40.0
BDO INDIA SERVICES PRIVATE LIMITED,3.1,753.0,Accounting & Auditing,Mumbai,3900.0,94.0,173.0,39.0
Delta Electronics,3.8,752.0,Electronics Manufacturing,Bengaluru,3800.0,69.0,1.0,46.0
Sun Life Financial,3.8,751.0,Financial Services,Gurugram,4200.0,55.0,189.0,114.0
Mswipe Technologies,3.2,751.0,FinTech,Mumbai,2300.0,36.0,5.0,47.0
Koch Business Solutions,3.1,750.0,IT Services & Consulting,Bengaluru,5300.0,71.0,4.0,51.0
The Akshaya Patra Foundation,4.4,749.0,Non-Profit,Bengaluru,2000.0,62.0,17.0,65.0
Ag Industries,4.0,748.0,Auto Components,Gurugram,2800.0,62.0,10.0,55.0
Kissht Finance,3.9,748.0,FinTech,Mumbai,2200.0,103.0,17.0,48.0
Galfar,3.9,748.0,Engineering & Construction,Muscat,1900.0,32.0,0.0,78.0
OLX India,3.8,747.0,Internet,Gurugram,3300.0,69.0,8.0,114.0
URC Construction,3.6,746.0,Engineering & Construction,Chennai,2600.0,76.0,8.0,36.0
GirnarSoft,3.7,745.0,IT Services & Consulting,Gurugram,3300.0,36.0,3.0,92.0
BDO RISE Private Limited,3.6,746.0,Accounting & Auditing,Bengaluru,3400.0,98.0,27.0,34.0
Home First Finance Company India,3.5,745.0,NBFC,Mumbai,2800.0,68.0,297.0,27.0
SLK Global Services,4.0,744.0,BPO,Bengaluru,2400.0,35.0,0.0,86.0
Nvidia,3.4,743.0,Hardware & Networking,Pune,5700.0,135.0,340.0,68.0
McKinsey & Company,3.8,743.0,Management Consulting,Gurugram,8800.0,254.0,5.0,69.0
TDK India Private Limited,3.9,741.0,Semiconductors,Nashik,2300.0,48.0,29.0,63.0
Evision Technoserve,4.8,740.0,IT Services & Consulting,Pune,214.0,324.0,0.0,24.0
Rentokil Pest Control,3.5,740.0,Facility Management Services,Mumbai,2100.0,44.0,347.0,73.0
Tavant Technologies,3.8,739.0,IT Services & Consulting,Bengaluru,6400.0,81.0,79.0,93.0
Molex,3.8,740.0,Electronics Manufacturing,Bengaluru,4000.0,71.0,5.0,63.0
Lohia Corp,4.1,740.0,Industrial Machinery,Kanpur,2500.0,93.0,3.0,54.0
Adidas,3.9,739.0,Fashion & Textile,Gurugram,4100.0,85.0,57.0,57.0
Indusind Marketing & Financial Services,3.7,737.0,Financial Services,Chennai,1600.0,33.0,0.0,55.0
Bahwan CyberTek,3.3,737.0,IT Services & Consulting,Chennai,5100.0,53.0,351.0,30.0
Cotiviti,3.5,735.0,Analytics & KPO,Hyderabad,4900.0,92.0,37.0,58.0
Central Bank of India,4.0,736.0,Banking,Mumbai,1600.0,46.0,0.0,36.0
Bikanervala,3.9,735.0,FMCG,New Delhi,2100.0,31.0,2.0,59.0
Expleo Solutions,3.6,734.0,IT Services & Consulting,Chennai,4800.0,75.0,4.0,26.0
Bristlecone,3.6,734.0,IT Services & Consulting,Bengaluru,6200.0,77.0,129.0,57.0
Medreich,3.8,734.0,Pharma,Bengaluru,3000.0,64.0,9.0,71.0
Thriveni Earthmovers,3.9,733.0,Metals & Mining,Jamshedpur,2600.0,65.0,0.0,90.0
Jubilant Ingrevia,3.8,733.0,Chemicals,Bharuch,3000.0,56.0,0.0,27.0
Revolut,2.5,734.0,FinTech,Bengaluru,3600.0,128.0,0.0,16.0
Zaalima Development,4.3,734.0,IT Services & Consulting,Bengaluru,20.0,247.0,0.0,38.0
YOKOGAWA,3.9,738.0,Industrial Automation,Bengaluru,3800.0,75.0,115.0,83.0
Goodyear,3.5,731.0,Auto Components,Chhatrapati Sambhajinagar,2700.0,76.0,10.0,53.0
PrimEra Medical Technologies,3.5,731.0,IT Services & Consulting,Hyderabad,4100.0,73.0,12.0,41.0
DuPont,4.2,730.0,Waste Management,Hyderabad,3000.0,45.0,19.0,94.0
Visteon,3.1,729.0,Auto Components,Chennai,4700.0,65.0,279.0,49.0
Biba Apparels,3.5,729.0,Fashion & Textile,New Delhi,2200.0,52.0,0.0,67.0
Infor Global Solution,3.9,728.0,Software Product,Hyderabad,7000.0,86.0,66.0,66.0
Gartner,3.8,728.0,Management Consulting,Gurugram,6800.0,102.0,50.0,26.0
Vindhya Telelinks,4.0,728.0,Engineering & Construction,Lucknow,2200.0,51.0,1.0,37.0
Vertex Customer Solutions,3.7,727.0,IT Services & Consulting,Chennai,1000.0,16.0,0.0,83.0
BSH Home Appliances Group,3.8,727.0,Consumer Electronics & Appliances,Bengaluru,2600.0,39.0,8.0,6.0
Lavender Technology,4.9,724.0,IT Services & Consulting,Bengaluru,19.0,4.0,0.0,53.0
Apple,4.3,724.0,Consumer Electronics & Appliances,Bengaluru,5700.0,177.0,163.0,55.0
Amrit Cement,3.9,724.0,Building Material,Guwahati,1500.0,86.0,24.0,30.0
TTK Prestige,3.8,724.0,Consumer Electronics & Appliances,Bengaluru,2600.0,52.0,16.0,52.0
NecLife,3.5,723.0,Pharma,Chandigarh,2200.0,62.0,2.0,56.0
TransUnion,3.6,724.0,Financial Services,Chennai,6700.0,106.0,45.0,61.0
Dodla Dairy,4.2,723.0,Food Processing,Hyderabad,2000.0,47.0,25.0,56.0
Diebold Nixdorf,3.6,722.0,Software Product,Hyderabad,3600.0,56.0,17.0,87.0
Lovely Professional University,3.3,721.0,Education & Training,Jalandhar,2100.0,66.0,6.0,52.0
Wolters Kluwer,3.8,721.0,Software Product,Pune,5300.0,96.0,10.0,56.0
Raychem RPG,3.7,720.0,Electrical Equipment,Mumbai,2500.0,34.0,1.0,95.0
Ness Digital Engineering,3.2,720.0,IT Services & Consulting,Bengaluru,5700.0,73.0,31.0,12.0
CtrlS,3.6,720.0,IT Services & Consulting,Hyderabad,3300.0,60.0,6.0,93.0
Progressive Infovision,3.9,720.0,Recruitment,New Delhi,1200.0,64.0,0.0,73.0
Moglix,3.3,719.0,Internet,Noida,3800.0,70.0,43.0,48.0
ffreedom app,3.4,718.0,Internet,Bengaluru,1500.0,64.0,0.0,1.0
Ramky Infrastructure,4.2,718.0,Engineering & Construction,Hyderabad,2000.0,54.0,0.0,66.0
Patel Engineering,4.1,717.0,Engineering & Construction,Mumbai,2400.0,47.0,0.0,51.0
Magic Bus India Foundation,3.9,717.0,Non-Profit,Chennai,1800.0,50.0,42.0,54.0
Radico Khaitan,4.0,716.0,Beverage,Rampur,2100.0,70.0,1.0,38.0
Asb International,3.7,716.0,Industrial Machinery,Mumbai,2800.0,38.0,0.0,55.0
Technotask Business Solutions,3.4,717.0,BPO,Bhopal,2200.0,66.0,7.0,11.0
Vizag Steel,3.8,715.0,Iron & Steel,Visakhapatnam,1700.0,37.0,0.0,50.0
Bisk Farm,3.9,715.0,Food Processing,Kolkata,1400.0,32.0,12.0,44.0
Joyalukkas,4.6,715.0,Retail,Bengaluru,1000.0,191.0,4.0,191.0
Elite Elevators,4.2,715.0,Industrial Machinery,Chennai,1100.0,53.0,0.0,72.0
Nomura Holdings,3.6,715.0,Investment Banking / Venture Capital / Private Equity,Mumbai,7200.0,84.0,317.0,90.0
IHG,3.6,714.0,Hospitality,New Delhi,2700.0,40.0,125.0,92.0
Wuerth,3.5,714.0,Industrial Machinery,Pune,2400.0,46.0,1.0,77.0
Wow Momo Foods,4.1,714.0,Hospitality,Kolkata,2000.0,189.0,19.0,20.0
Mynd Solutions Private,3.7,713.0,BPO,Gurugram,3200.0,36.0,6.0,40.0
Autoliv,3.9,713.0,Auto Components,Bengaluru,3000.0,44.0,5.0,59.0
HRH Next Services,2.9,713.0,BPO,Hyderabad,2000.0,57.0,9.0,50.0
uFaber,2.3,713.0,Education & Training,Mumbai,1400.0,54.0,0.0,55.0
Blue Yonder,3.5,712.0,Software Product,Bengaluru,7700.0,74.0,183.0,75.0
Bharat Serums and Vaccines,3.9,712.0,Pharma,Mumbai,2400.0,31.0,7.0,63.0
PPG Asian Paints,3.8,712.0,Chemicals,Mumbai,2900.0,46.0,4.0,65.0
NephroPlus,3.9,711.0,Healthcare,Hyderabad,3000.0,336.0,13.0,46.0
Emami Agrotech,3.8,712.0,Food Processing,Kolkata,2600.0,46.0,11.0,57.0
SG Analytics,2.5,710.0,Analytics & KPO,Pune,3800.0,84.0,16.0,53.0
Bridgestone - Global Capability Center,4.0,710.0,Auto Components,Pune,2900.0,50.0,20.0,63.0
XcelServ Solutions,4.4,709.0,IT Services & Consulting,New Delhi,415.0,12.0,0.0,11.0
Impetus Technologies,3.2,709.0,IT Services & Consulting,Indore,6500.0,122.0,71.0,66.0
Kaar Tech,4.3,709.0,IT Services & Consulting,Chennai,2300.0,235.0,16.0,16.0
Capco Technologies,3.8,711.0,IT Services & Consulting,Bengaluru,5400.0,99.0,231.0,52.0
Tejas Networks,3.8,709.0,Hardware & Networking,Bengaluru,4300.0,93.0,0.0,30.0
Csc E Governance Services,3.7,707.0,Government,New Delhi,1700.0,48.0,8.0,37.0
Magic EdTech,3.6,710.0,EdTech,Noida,3700.0,101.0,13.0,34.0
LEAP India Limited,4.6,707.0,Packaging,Mumbai,1300.0,32.0,13.0,31.0
Mahindra Integrated Business Solutions,3.3,707.0,BPO,Mumbai,2700.0,48.0,4.0,25.0
Transsion,3.9,706.0,Consumer Electronics & Appliances,Noida,2600.0,41.0,5.0,67.0
Surya Roshni,4.1,705.0,Building Material,New Delhi,2300.0,23.0,11.0,48.0
Rane NSK Steering Systems,3.9,705.0,Auto Components,Chennai,2100.0,43.0,0.0,66.0
InternEzy,4.9,704.0,EdTech,Chennai,5.0,149.0,4.0,120.0
Micro Turners,3.8,704.0,Auto Components,Baddi,2200.0,36.0,4.0,52.0
CJ Darcl Logistics Limited,4.0,703.0,Logistics,Gurugram,2100.0,46.0,1.0,51.0
Keventer,3.7,704.0,FMCG,Kolkata,2200.0,35.0,6.0,54.0
BrightCHAMPS,4.2,703.0,EdTech,Bengaluru,1200.0,107.0,27.0,52.0
VRL Logistics,3.8,703.0,Logistics,Bengaluru,1700.0,27.0,1.0,37.0
TVS Electronics,3.7,702.0,Electronics Manufacturing,Chennai,2400.0,33.0,7.0,65.0
TCNS Clothing Company,4.2,703.0,Fashion & Textile,New Delhi,1500.0,27.0,2.0,59.0
NSB Bpo Solutions,2.8,702.0,BPO,Noida,1700.0,36.0,0.0,33.0
North East Small Finance Bank,3.5,702.0,Banking,Guwahati,1800.0,30.0,0.0,41.0
HCL Healthcare,4.5,703.0,Healthcare,Noida,1100.0,179.0,9.0,26.0
Quislex Legal Services,4.1,701.0,Legal,Hyderabad,1700.0,39.0,0.0,58.0
BASF,4.2,701.0,Chemicals,Mumbai,2500.0,36.0,14.0,65.0
Medtronic,3.8,702.0,Medical Equipment,Hyderabad,4800.0,82.0,117.0,64.0
Flash Electronics,3.6,701.0,Electronics Manufacturing,Pune,2500.0,37.0,0.0,60.0
Caparo Engineering India,4.0,702.0,Auto Components,Chennai,2500.0,35.0,0.0,60.0
Titan Eye Plus,4.1,701.0,Other,Kolkata,1500.0,41.0,0.0,57.0
Welspun World,3.7,700.0,Building Material,Anjar,2600.0,60.0,100.0,84.0
ChannelPlay,3.8,699.0,Marketing & Advertising,Gurugram,2000.0,32.0,152.0,94.0
R.S. Infraprojects,4.0,699.0,Engineering & Construction,Noida,1700.0,41.0,1.0,61.0
Leverage Edu,4.0,698.0,EdTech,Noida,1900.0,70.0,14.0,11.0
Teamlease Digital,3.3,698.0,Recruitment,Bengaluru,3300.0,40.0,4.0,46.0
Lionbridge Technologies,3.4,698.0,Content Development,Mumbai,3900.0,52.0,14.0,61.0
Samunnati,4.5,698.0,NBFC,Chennai,969.0,84.0,0.0,278.0
HSBC Bank,3.9,697.0,Banking,Bengaluru,3000.0,45.0,0.0,22.0
Testbook.com,3.3,697.0,EdTech,Noida,4500.0,111.0,1.0,22.0
MPS Limited,3.5,697.0,Content Development,Dehradun,3000.0,39.0,11.0,44.0
Triveni Engineering & Industries,4.1,697.0,Food Processing,Noida,2500.0,51.0,4.0,58.0
Vasudha Pharma Chem,4.0,697.0,Pharma,Visakhapatnam,2300.0,39.0,5.0,65.0
Neeyamo Enterprise Solutions,3.5,696.0,,Madurai,4100.0,72.0,3.0,67.0
Wissen Infotech,3.5,696.0,IT Services & Consulting,Bengaluru,5100.0,64.0,66.0,59.0
Sykes Business Services Of India,3.4,696.0,BPO,Hyderabad,2500.0,53.0,42.0,199.0
Livpure,3.8,695.0,Consumer Electronics & Appliances,Gurugram,2300.0,41.0,6.0,48.0
PCBL Chemical Limited,3.9,695.0,Petrochemicals,Vadodara,2700.0,75.0,0.0,54.0
Solv,3.4,694.0,Internet,Bengaluru,1700.0,46.0,0.0,16.0
Doosan Power Systems,4.3,693.0,Power,Gurugram,2500.0,44.0,0.0,82.0
Avaada Group,4.3,696.0,Power,Noida,2400.0,73.0,78.0,53.0
Wissen Technology,3.8,693.0,IT Services & Consulting,Bengaluru,5500.0,215.0,61.0,86.0
Bayer Crop Science Vegetable Seeds,4.2,693.0,,Bengaluru,1000.0,38.0,0.0,4.0
SMC Global Securities,3.5,692.0,Financial Services,New Delhi,2700.0,60.0,7.0,32.0
CSC,3.6,692.0,Financial Services,Bengaluru,4800.0,68.0,53.0,5.0
ANAROCK Property Consultants,3.5,692.0,Real Estate,Mumbai,3200.0,66.0,58.0,37.0
Cohesity,3.8,693.0,Software Product,Pune,5200.0,87.0,23.0,86.0
Orient Cement,4.4,691.0,Building Material,Hyderabad,2400.0,48.0,7.0,76.0
Grihum Housing Finance,3.6,691.0,NBFC,Pune,2200.0,33.0,38.0,13.0
Dhanuka Agritech,3.7,693.0,Agro Chemicals,Gurugram,1900.0,50.0,7.0,61.0
Belstar Microfinance,3.9,690.0,NBFC,Chennai,1600.0,44.0,0.0,18.0
Corteva Agriscience,4.3,690.0,Agro Chemicals,Hyderabad,2700.0,41.0,5.0,59.0
Narayana e-Techno School,3.6,691.0,Education & Training,Bengaluru,2100.0,56.0,0.0,30.0
Kurlon,4.3,689.0,Furniture & Furnishing,Bengaluru,2100.0,37.0,8.0,87.0
Embibe,3.4,686.0,EdTech,Bengaluru,2700.0,61.0,0.0,85.0
Redington,4.1,685.0,Hardware & Networking,Chennai,3100.0,37.0,0.0,70.0
JoulestoWatts Business Solutions,3.3,685.0,IT Services & Consulting,Bengaluru,3500.0,79.0,0.0,15.0
EPL Limited,3.8,684.0,Packaging,Mumbai,1800.0,30.0,5.0,72.0
Office Beacon,4.5,684.0,BPO,Vadodara,923.0,68.0,4.0,15.0
Surin Automotive,3.9,684.0,Industrial Machinery,Pune,2000.0,63.0,0.0,33.0
Housing.com,3.5,684.0,Internet,Gurugram,3000.0,81.0,85.0,68.0
Osource Global,3.5,684.0,BPO,Mumbai,2800.0,28.0,25.0,4.0
Krsnaa Diagnostics,3.5,684.0,Healthcare,Pune,1700.0,53.0,37.0,28.0
My Home Industries,4.1,683.0,Building Material,Hyderabad,2300.0,44.0,3.0,61.0
Optimum Infosystem,3.2,685.0,IT Services & Consulting,Chennai,3600.0,60.0,107.0,18.0
Toppr,3.4,682.0,EdTech,Mumbai,3000.0,66.0,0.0,87.0
Saint Gobain Glass,3.9,682.0,Building Material,Chennai,2100.0,31.0,0.0,2.0
Indorama,3.9,682.0,Agro Chemicals,Haldia,2400.0,43.0,11.0,41.0
TCI Express,3.9,680.0,Logistics,New Delhi,1900.0,48.0,2.0,57.0
Sigma Engineered Solutions,3.9,681.0,Industrial Machinery,Pune,2700.0,34.0,0.0,19.0
Licious,3.5,680.0,Hospitality,Bengaluru,3100.0,79.0,16.0,87.0
DeHaat,3.6,679.0,Internet,Gurugram,2200.0,70.0,5.0,22.0
Ingram Micro,3.6,679.0,IT Services & Consulting,Mumbai,3400.0,33.0,0.0,65.0
Quess IT Staffing Solutions,3.2,679.0,,Bengaluru,1500.0,45.0,0.0,9.0
Finova Capital,3.9,679.0,NBFC,Jaipur,1600.0,30.0,24.0,25.0
TDS Lithium-Ion Battery,4.2,679.0,Auto Components,Ahmedabad,2400.0,99.0,0.0,34.0
Nihilent,3.2,678.0,IT Services & Consulting,Pune,4900.0,65.0,33.0,49.0
Sintex BAPL,3.6,677.0,Petrochemicals,Ahmedabad,2400.0,43.0,4.0,71.0
DAV Public School,3.9,677.0,Education & Training,New Delhi,1200.0,37.0,0.0,82.0
Careon Healthcare Solutions,3.9,677.0,Medical Equipment,Bengaluru,3100.0,10.0,1.0,5.0
MAQ Software,3.0,673.0,IT Services & Consulting,Noida,4100.0,175.0,1.0,25.0
Carrier,3.6,673.0,Industrial Machinery,Hyderabad,4900.0,56.0,3.0,46.0
Snapdeal,3.6,673.0,Internet,Gurugram,2800.0,78.0,35.0,123.0
Snapdeal,3.6,673.0,Internet,Gurugram,2800.0,78.0,34.0,123.0
Carrier,3.6,674.0,Industrial Machinery,Hyderabad,4900.0,56.0,3.0,46.0
Tata Power Delhi Distribution,3.8,672.0,Power,New Delhi,2900.0,37.0,3.0,66.0
Suroj Buildcon,4.0,674.0,Engineering & Construction,Pune,1700.0,41.0,5.0,62.0
Chaitanya India Fin Credit,4.1,671.0,NBFC,Bengaluru,1600.0,39.0,0.0,30.0
Corporate Infotech,3.7,671.0,IT Services & Consulting,New Delhi,2400.0,89.0,8.0,19.0
Omaxe,4.2,670.0,Real Estate,New Delhi,2200.0,40.0,2.0,55.0
Quality Austria Central Asia,3.5,670.0,Other,New Delhi,1900.0,32.0,16.0,52.0
Vikram Solar,3.6,671.0,Power,Kolkata,2400.0,41.0,3.0,58.0
AML RightSource,2.5,669.0,IT Services & Consulting,New Delhi,3900.0,68.0,17.0,20.0
PeopleStrong,3.3,669.0,Recruitment,Gurugram,3300.0,55.0,3.0,45.0
BankBazaar,3.3,669.0,FinTech,Chennai,2900.0,63.0,22.0,62.0
NextComm Corporation,4.8,669.0,Software Product,Bengaluru,39.0,6.0,0.0,31.0
Collegedunia,3.2,669.0,Internet,Gurugram,3300.0,141.0,27.0,38.0
Marlabs,3.5,668.0,IT Services & Consulting,Bengaluru,5100.0,44.0,7.0,53.0
NiCE,3.6,669.0,Software Product,Pune,4800.0,104.0,52.0,66.0
Future Supply Chain Solutions,4.4,667.0,Logistics,Nagpur,2100.0,22.0,0.0,83.0
Anudip Foundation,4.0,667.0,Non-Profit,Kolkata,1300.0,213.0,16.0,42.0
Kiya.ai,4.0,669.0,IT Services & Consulting,Mumbai,4300.0,51.0,151.0,27.0
Qatar Airways,3.4,666.0,Aviation,Ahmedabad,2100.0,73.0,6.0,62.0
Times Group,3.7,666.0,Printing & Publishing,Mumbai,4700.0,35.0,6.0,78.0
Infinity Learn,4.1,666.0,EdTech,Hyderabad,2300.0,104.0,189.0,10.0
Kiya.ai,4.0,667.0,IT Services & Consulting,Mumbai,4300.0,51.0,151.0,27.0
Airports Authority of India,4.3,666.0,Aviation,New Delhi,1700.0,56.0,0.0,70.0
SOLAR INDUSTRIES INDIA,3.7,665.0,Defence & Aerospace,Nagpur,3200.0,78.0,17.0,47.0
FCC Clutch,3.9,666.0,Auto Components,Gurugram,2300.0,46.0,3.0,36.0
Kutumbh Care,4.0,665.0,Recruitment,Noida,1600.0,33.0,0.0,51.0
Inspirisys Solution,3.7,665.0,IT Services & Consulting,Chennai,3900.0,65.0,60.0,28.0
RealPage,3.6,666.0,Software Product,Hyderabad,4300.0,80.0,6.0,55.0
Epicenter Technologies,3.4,664.0,BPO,Mumbai,2200.0,45.0,7.0,76.0
Pennar Industries,3.5,665.0,Engineering & Construction,Hyderabad,3100.0,39.0,10.0,61.0
Yatra,3.3,663.0,Travel & Tourism,Gurugram,3100.0,39.0,0.0,60.0
Monte Carlo,4.2,663.0,Fashion & Textile,Ahmedabad,2500.0,37.0,11.0,47.0
Motilal Oswal Wealth Management,4.4,663.0,Financial Services,Mumbai,449.0,44.0,0.0,20.0
Myk Laticrete,3.7,663.0,Building Material,Hyderabad,2400.0,29.0,62.0,37.0
Hetero Healthcare,3.6,662.0,Pharma,Hyderabad,2400.0,37.0,7.0,48.0
Kaizen IT Services,3.8,662.0,IT Services & Consulting,Kolkata,1400.0,38.0,0.0,19.0
L&T Power,3.9,662.0,Power,Vadodara,3300.0,38.0,0.0,97.0
Celebi Aviation Holding,4.1,662.0,Aviation,New Delhi,1200.0,37.0,0.0,4.0
Ramboll,3.9,661.0,Engineering & Construction,Gurugram,3400.0,47.0,146.0,73.0
Fiat India Automobiles,3.6,660.0,Automobile,Pune,2300.0,48.0,21.0,57.0
Healthians,4.1,660.0,Internet,Gurugram,2000.0,146.0,0.0,22.0
Me n Moms,4.1,659.0,Retail,Mumbai,1100.0,155.0,3.0,38.0
Gainwell Commosales,4.0,660.0,Industrial Machinery,Kolkata,2400.0,46.0,8.0,56.0
Cogoport,3.2,657.0,Internet,Mumbai,1900.0,58.0,0.0,5.0
South Indian Bank,3.3,656.0,Banking,Kochi,3200.0,49.0,0.0,34.0
Geojit Financial Services,3.3,656.0,Financial Services,Kochi,2200.0,55.0,6.0,49.0
Talentpro,3.8,656.0,Recruitment,Chennai,2400.0,36.0,29.0,44.0
Alshaya Group,3.8,656.0,Retail,Bengaluru,2400.0,51.0,1.0,82.0
Adani Cement,3.4,657.0,Building Material,Ahmedabad,2600.0,63.0,0.0,10.0
Danfoss Industries,3.8,655.0,Industrial Machinery,Chennai,3600.0,45.0,4.0,67.0
ICA Edu Skills,3.8,655.0,Education & Training,Kolkata,1400.0,42.0,10.0,52.0
Global Healthcare Billing Partners,3.3,655.0,BPO,Chennai,3800.0,47.0,85.0,15.0
TIAA Global Business Services,3.7,655.0,Financial Services,Pune,5000.0,52.0,13.0,123.0
GKN,3.9,654.0,Defence & Aerospace,Pune,2400.0,44.0,30.0,83.0
Philips Innovation Campus,3.7,654.0,Software Product,Bengaluru,4600.0,58.0,0.0,49.0
Forbes Marshall,3.9,654.0,Industrial Machinery,Pune,2800.0,47.0,32.0,52.0
Blackrock,3.5,655.0,Financial Services,Gurugram,7800.0,121.0,0.0,68.0
InsuranceDekho,3.5,654.0,Internet,Gurugram,2400.0,81.0,79.0,9.0
Ferrero,3.9,653.0,Food Processing,Pune,2100.0,31.0,25.0,67.0
ACKO,3.3,653.0,Insurance,Bengaluru,3200.0,66.0,16.0,31.0
TVS Eurogrip,3.6,653.0,Auto Components,Madurai,2200.0,35.0,18.0,39.0
Vyapar,3.6,652.0,Software Product,Bengaluru,2500.0,83.0,114.0,37.0
The Lalit,3.3,651.0,Hospitality,New Delhi,1600.0,26.0,19.0,78.0
B.L. Kashyap & Sons,3.7,651.0,Engineering & Construction,Bengaluru,1700.0,70.0,17.0,49.0
ExportersIndia,4.9,651.0,Internet,New Delhi,130.0,32.0,0.0,11.0
Uno Mindarika,4.0,651.0,Auto Components,Gurugram,2100.0,52.0,0.0,58.0
UKB Electronics Limited,3.5,651.0,Electronics Manufacturing,Noida,2300.0,56.0,3.0,95.0
Sapphire Foods India,3.8,651.0,Hospitality,Mumbai,2000.0,38.0,24.0,55.0
Sir H. N. Reliance Foundation Hospital and Research,4.3,651.0,Healthcare,Mumbai,1300.0,170.0,32.0,19.0
Varun Motors,3.7,651.0,Automobile,Hyderabad,2200.0,25.0,1.0,51.0
IDBI Intech Limited,3.2,650.0,IT Services & Consulting,Mumbai,3100.0,60.0,5.0,48.0
Serum Institute of India,4.1,649.0,Biotechnology,Pune,3500.0,45.0,4.0,61.0
Schwing Stetter,3.8,650.0,Industrial Machinery,Chennai,2700.0,49.0,98.0,54.0
Ebixcash Global Services,3.2,649.0,BPO,Mumbai,2200.0,59.0,0.0,10.0
Avalon Technologies,3.8,649.0,Electronics Manufacturing,Chennai,3500.0,43.0,8.0,43.0
Videocon d2h,3.7,648.0,Internet,New Delhi,1200.0,31.0,0.0,102.0
Electrotherm,4.2,648.0,Iron & Steel,Ahmedabad,2900.0,42.0,6.0,57.0
Hamilton Housewares,3.8,649.0,Consumer Electronics & Appliances,Mumbai,2800.0,45.0,85.0,34.0
Action Tesa,3.9,648.0,Building Material,Sitarganj,1500.0,114.0,2.0,19.0
NoBrokerHood,2.7,648.0,Software Product,Bengaluru,2100.0,68.0,2.0,207.0
Varthana,4.0,648.0,NBFC,Bengaluru,1400.0,48.0,11.0,59.0
NRB Bearings,4.0,648.0,Auto Components,Chhatrapati Sambhajinagar,2100.0,53.0,48.0,65.0
Suraksha Diagnostic,3.6,647.0,Healthcare,Kolkata,1600.0,53.0,29.0,40.0
Sapiens,3.0,647.0,Software Product,Bengaluru,5600.0,67.0,26.0,66.0
Kirloskar Ferrous Industries,3.6,647.0,Iron & Steel,Koppal,2300.0,35.0,2.0,34.0
Sandvik Asia,4.0,646.0,Industrial Machinery,Pune,1600.0,33.0,0.0,92.0
Central Reserve Police Force,4.6,645.0,Government,New Delhi,1300.0,10.0,0.0,44.0
Maharashtra Seamless,3.5,645.0,Building Material,Mumbai,2300.0,63.0,6.0,40.0
Mount Litera Zee School,3.7,645.0,Education & Training,Bengaluru,1500.0,43.0,15.0,66.0
Manjushree Technopack,3.5,645.0,,Bengaluru,2800.0,50.0,13.0,58.0
Data Entry,4.2,645.0,BPO,New Delhi,1900.0,138.0,0.0,55.0
Turbo Energy,4.1,644.0,Auto Components,Chennai,2000.0,25.0,0.0,81.0
Tecnimont,3.8,645.0,Engineering & Construction,Mumbai,2900.0,44.0,77.0,64.0
Emids Technologies Limited,3.6,644.0,IT Services & Consulting,Bengaluru,5100.0,49.0,19.0,68.0
Khazana Jewellery,3.9,644.0,Jewellery,Chennai,1800.0,66.0,11.0,49.0
Reliance Jewels,3.9,644.0,Jewellery,Mumbai,1300.0,38.0,0.0,49.0
Sasken,3.5,642.0,IT Services & Consulting,Bengaluru,4400.0,95.0,50.0,50.0
NetConnectGlobal,3.1,641.0,IT Services & Consulting,Bengaluru,2800.0,33.0,164.0,30.0
Cashify,3.9,641.0,Internet,Gurugram,2800.0,53.0,9.0,37.0
Continental,3.7,641.0,Auto Components,Bengaluru,3600.0,59.0,83.0,51.0
Pyramid IT Consulting,3.2,640.0,IT Services & Consulting,Noida,2900.0,28.0,5.0,46.0
Varindera Constructions,4.4,639.0,Engineering & Construction,New Delhi,1500.0,51.0,6.0,29.0
EaseMyTrip.com,4.0,637.0,Travel & Tourism,New Delhi,1400.0,70.0,33.0,217.0
Suma Soft,3.5,636.0,IT Services & Consulting,Pune,3200.0,52.0,17.0,40.0
HDFC Asset Management Company,4.1,636.0,Financial Services,Mumbai,2500.0,48.0,0.0,29.0
Sterling Oil Exploration & Energy Production,3.5,636.0,Oil & Gas,Lagos,1400.0,73.0,5.0,37.0
Finastra,3.6,635.0,Software Product,Bengaluru,4600.0,63.0,44.0,73.0
Trigent Software,3.3,635.0,IT Services & Consulting,Bengaluru,4100.0,81.0,0.0,49.0
Eli Lilly and Company,3.2,638.0,Pharma,Bengaluru,5100.0,85.0,17.0,70.0
Annalect,3.4,635.0,Marketing & Advertising,Bengaluru,4400.0,83.0,0.0,18.0
Shriram Automall,4.0,634.0,Internet,New Delhi,1400.0,55.0,0.0,111.0
Finolex Industries,3.7,635.0,Building Material,Pune,2400.0,50.0,4.0,25.0
Einfochips,3.5,635.0,IT Services & Consulting,Ahmedabad,4000.0,80.0,187.0,52.0
Dr. Batras' Positive Health Clinic,3.7,633.0,Healthcare,Mumbai,1100.0,23.0,20.0,34.0
Sl Lumax,3.4,633.0,Auto Components,Chennai,2400.0,30.0,2.0,88.0
Nspira Management Services,3.7,634.0,Management Consulting,Hyderabad,2600.0,39.0,56.0,27.0
Medcode,3.7,633.0,IT Services & Consulting,Hyderabad,545.0,14.0,18.0,1.0
HashedIn by Deloitte,3.8,634.0,IT Services & Consulting,Bengaluru,6300.0,151.0,7.0,53.0
Okaya Power,3.8,633.0,Electronics Manufacturing,New Delhi,2200.0,46.0,7.0,50.0
Nucleus Software Exports,3.1,632.0,Software Product,Noida,4300.0,49.0,28.0,76.0
Jubilant Agri and Consumer Products,3.9,632.0,Chemicals,Gurugram,2000.0,38.0,0.0,30.0
Paytm Payments Services,3.1,635.0,FinTech,Noida,1500.0,27.0,2.0,10.0
Fiem Industries,3.7,632.0,Auto Components,Hosur,2700.0,29.0,11.0,55.0
IRB Infrastructure,3.9,632.0,Engineering & Construction,Mumbai,1400.0,30.0,29.0,57.0
Hpl Electric & Power,3.8,631.0,Electrical Equipment,Gurugram,2300.0,70.0,4.0,26.0
The Saraswat Co-operative Bank,3.1,632.0,Banking,Mumbai,3200.0,30.0,2.0,27.0
Kajaria Ceramics,3.8,631.0,Building Material,New Delhi,2100.0,32.0,6.0,47.0
CSM Technologies,4.0,631.0,IT Services & Consulting,Bhubaneswar,2200.0,36.0,16.0,24.0
Royaloak Incorporation,3.6,631.0,Furniture & Furnishing,Bengaluru,1600.0,43.0,8.0,15.0
Renovision Automation Services,3.3,630.0,IT Services & Consulting,New Delhi,1800.0,27.0,14.0,38.0
Sudarshan Chemical Industries,3.8,630.0,Chemicals,Roha,2800.0,36.0,11.0,50.0
Crowne Plaza,4.1,630.0,Hospitality,New Delhi,1300.0,23.0,0.0,109.0
Godrej Industries,4.0,630.0,Real Estate,Mumbai,2900.0,60.0,164.0,63.0
ITC Limited Foods Division,4.0,629.0,Food Processing,Bengaluru,2000.0,79.0,0.0,64.0
Mrs Bector's Food Specialities,3.8,631.0,Hospitality,Greater Noida,2000.0,34.0,22.0,34.0
Heidelberg Cement,3.9,628.0,Building Material,Damoh,2000.0,37.0,1.0,43.0
Sintex Industries,4.0,628.0,Industrial Machinery,Ahmedabad,2000.0,26.0,10.0,57.0
Cyfuture,2.9,629.0,Emerging Technologies,Noida,2800.0,110.0,40.0,71.0
Shivam Autotech,3.5,627.0,Auto Components,Gurugram,2300.0,37.0,4.0,44.0
Aster Dm Healthcare,3.7,627.0,Healthcare,Bengaluru,3100.0,60.0,90.0,32.0
C5i,4.2,627.0,Analytics & KPO,Bengaluru,3000.0,55.0,19.0,32.0
Rocket India,4.0,626.0,Financial Services,Chennai,3800.0,120.0,16.0,38.0
Toyoda Gosei Minda,4.2,627.0,Auto Components,Neemrana,1900.0,34.0,0.0,55.0
Becton Dickinson,3.9,625.0,Medical Equipment,Bengaluru,3500.0,38.0,39.0,47.0
Super Smelters,3.7,625.0,Iron & Steel,Asansol,2100.0,42.0,0.0,44.0
Mavenir Systems,3.4,624.0,IT Services & Consulting,Bengaluru,3600.0,63.0,17.0,48.0
BMC Software,3.9,624.0,Software Product,Pune,3900.0,52.0,57.0,82.0
IKEA,4.0,624.0,Retail,Bengaluru,2300.0,53.0,2.0,60.0
Bharat Biotech International,3.1,625.0,Biotechnology,Hyderabad,2300.0,67.0,6.0,39.0
FNP,3.7,624.0,Retail,New Delhi,2500.0,79.0,15.0,31.0
Gestamp,3.7,624.0,Auto Components,Pune,2200.0,26.0,3.0,67.0
ThoughtWorks,3.9,623.0,IT Services & Consulting,Bengaluru,7300.0,178.0,13.0,50.0
AgroStar,3.9,623.0,Agriculture,Pune,1600.0,63.0,1.0,67.0
Family Health Plan,3.7,624.0,Insurance,Hyderabad,2100.0,48.0,5.0,34.0
Ongc Petro Additions,4.0,623.0,Petrochemicals,Bharuch,3300.0,36.0,0.0,76.0
Karvy Stock Broking,3.6,622.0,,Hyderabad,1500.0,9.0,0.0,67.0
Netmeds.com,3.8,622.0,Pharma,Chennai,2300.0,50.0,0.0,29.0
BT E Serv,3.9,622.0,BPO,Kolkata,2700.0,55.0,1.0,131.0
Ofbusiness,3.0,621.0,Internet,Gurugram,2700.0,52.0,82.0,24.0
Pinnacle,3.5,620.0,IT Services & Consulting,Durgapur,3000.0,63.0,24.0,54.0
HLL Lifecare,3.7,620.0,Healthcare,Thiruvananthapuram,1800.0,49.0,5.0,42.0
Grab A Grub Services,3.9,621.0,Logistics,Mumbai,1900.0,38.0,1.0,31.0
Consulting Engineers Group,4.0,620.0,Engineering & Construction,Jaipur,1800.0,49.0,9.0,45.0
BAXY Limited,3.9,621.0,Auto Components,Bhiwadi,2100.0,35.0,1.0,54.0
Jain Irrigation Systems,3.6,619.0,Agriculture,Jalgaon,2000.0,32.0,0.0,53.0
CSG International,3.5,619.0,IT Services & Consulting,Bengaluru,4400.0,61.0,0.0,44.0
DHL Global Forwarding,3.8,619.0,Logistics,Chennai,3000.0,39.0,0.0,76.0
Anmol Industries,3.9,619.0,FMCG,Kolkata,1900.0,69.0,0.0,46.0
Jayaswal Neco Industries Limited,4.1,619.0,Iron & Steel,Raipur,2100.0,37.0,16.0,48.0
VDA Infosolutions,3.8,618.0,IT Services & Consulting,Pune,2000.0,55.0,0.0,25.0
Expleo Group,3.5,618.0,IT Services & Consulting,Pune,5900.0,50.0,82.0,23.0
Royal Caribbean International,4.1,618.0,Travel & Tourism,Mumbai,704.0,34.0,0.0,69.0
EdgeVerve Systems,3.2,618.0,Software Product,Bengaluru,4400.0,78.0,36.0,70.0
Vindhya e-Info Media,4.0,616.0,BPO,Bengaluru,1200.0,67.0,2.0,36.0
APL Apollo Tubes,4.1,616.0,Iron & Steel,Raipur,2000.0,55.0,9.0,24.0
Hitachi Systems Micro Clinic,4.0,615.0,IT Services & Consulting,Mumbai,2600.0,32.0,0.0,68.0
Perficient,3.7,615.0,IT Services & Consulting,Chennai,4700.0,49.0,13.0,33.0
United Colors of Benetton,4.4,615.0,Fashion & Textile,Gurugram,1400.0,25.0,2.0,62.0
Vedang Cellular Services,3.7,616.0,Telecom,Mumbai,1800.0,30.0,12.0,33.0
Aurionpro Solutions,3.4,614.0,Software Product,Mumbai,3800.0,40.0,10.0,34.0
Laxmi Organic Industries,3.6,614.0,Chemicals,Mahad,2200.0,48.0,13.0,51.0
Hettich,3.5,614.0,Furniture & Furnishing,Mumbai,2500.0,45.0,14.0,42.0
Kauvery Hospital,3.9,614.0,Healthcare,Chennai,2300.0,39.0,42.0,23.0
Holiday Inn,3.8,613.0,Hospitality,New Delhi,1400.0,18.0,2.0,75.0
Lulu International Shopping Mall,3.7,613.0,Retail,Bengaluru,2700.0,45.0,0.0,22.0
Accion Labs,3.5,613.0,IT Services & Consulting,Bengaluru,5100.0,86.0,68.0,44.0
Allianz Services,4.0,614.0,Insurance,Thiruvananthapuram,2600.0,34.0,4.0,50.0
DealShare,3.6,613.0,Internet,Bengaluru,2600.0,42.0,0.0,34.0
Blackberrys,3.7,612.0,Fashion & Textile,Gurugram,1800.0,34.0,4.0,48.0
Pathkind Diagnostics Private Limited,4.0,612.0,Healthcare,New Delhi,1900.0,56.0,9.0,45.0
Equifax,4.0,610.0,FinTech,Pune,2800.0,130.0,8.0,32.0
Iron Mountain Inc,3.7,611.0,IT Services & Consulting,Bengaluru,3300.0,35.0,152.0,49.0
Apitoria Pharma,4.2,611.0,Pharma,Hyderabad,994.0,42.0,14.0,2.0
MothersonSumi INfotech & Designs,3.4,609.0,IT Services & Consulting,Noida,3600.0,39.0,21.0,56.0
Carnival Cruise Lines,4.1,609.0,Travel & Tourism,Mumbai,667.0,25.0,0.0,75.0
Orra Fine Jewellery,3.5,609.0,Jewellery,Mumbai,1800.0,53.0,35.0,29.0
Jaipur Rugs,4.2,608.0,Fashion & Textile,Jaipur,866.0,73.0,5.0,27.0
Jaipur Rugs,4.2,608.0,Fashion & Textile,Jaipur,869.0,73.0,5.0,27.0
IDP Education Limited,3.6,608.0,Education & Training,Chennai,2500.0,71.0,12.0,52.0
Ambit Finvest,4.0,607.0,NBFC,Mumbai,2100.0,31.0,5.0,20.0
Inspira Enterprise India Limited,3.6,607.0,IT Services & Consulting,Mumbai,3600.0,51.0,4.0,39.0
SIS Prosegur Holdings,3.4,608.0,Law Enforcement & Security,New Delhi,1500.0,21.0,6.0,42.0
Vadilal Industries,4.1,607.0,FMCG,Ahmedabad,1800.0,38.0,10.0,58.0
Maxicus,3.8,606.0,BPO,Vadodara,790.0,135.0,0.0,74.0
NLC India Limited,4.4,605.0,Metals & Mining,Neyveli,1300.0,32.0,0.0,23.0
Dr. Reddy's Foundation,3.7,605.0,Non-Profit,Hyderabad,1800.0,58.0,44.0,78.0
Indecomm Global Services,4.3,605.0,IT Services & Consulting,Bengaluru,2600.0,32.0,14.0,54.0
Colt Technology Services,4.2,605.0,Hardware & Networking,Gurugram,3300.0,25.0,16.0,81.0
QSpiders,3.7,604.0,Education & Training,Bengaluru,1900.0,102.0,0.0,21.0
Polaris Consulting,4.2,603.0,IT Services & Consulting,Hyderabad,2600.0,33.0,0.0,86.0
ArcelorMittal,4.0,603.0,Iron & Steel,Surat,3600.0,46.0,9.0,32.0
Ascent HR Technologies Private Limited,3.6,603.0,Software Product,Bengaluru,1800.0,47.0,15.0,20.0
Gandhi Automations,4.0,607.0,Industrial Machinery,Mumbai,1300.0,48.0,1.0,109.0
Fenesta Building Systems,4.0,603.0,Building Material,Gurugram,2100.0,41.0,19.0,42.0
Coal India,3.9,602.0,Metals & Mining,Kolkata,1900.0,54.0,0.0,71.0
HUDL,3.2,601.0,Software Product,Mumbai,2100.0,64.0,1.0,30.0
SAEL Industries Limited,4.0,601.0,Power,New Delhi,2100.0,59.0,47.0,31.0
IKF Finance,4.0,602.0,Financial Services,Hyderabad,1400.0,32.0,5.0,25.0
Medley Pharmaceuticals,3.8,600.0,Pharma,Mumbai,1800.0,39.0,14.0,38.0
Cvent,3.2,600.0,Software Product,Gurugram,4900.0,103.0,55.0,56.0
Excitel Broadband,3.7,601.0,Telecom,New Delhi,2000.0,60.0,4.0,29.0
Bridge & Roof Co,3.4,599.0,Engineering & Construction,Kolkata,2500.0,27.0,0.0,101.0
Congruex Asia Pacific,3.7,599.0,Engineering & Construction,Sahibzada Ajit Singh Nagar,2200.0,75.0,1.0,43.0
Prochant,3.8,599.0,Analytics & KPO,Chennai,2500.0,75.0,25.0,37.0
PTC,4.2,601.0,Software Product,Pune,4000.0,70.0,19.0,56.0
MR.DIY,3.4,598.0,Retail,Mumbai,1500.0,52.0,5.0,14.0
Affinity Express,2.8,598.0,Marketing & Advertising,Pune,2500.0,41.0,4.0,42.0
Saudi Aramco,4.4,598.0,Oil & Gas,Mumbai,1500.0,62.0,0.0,76.0
Sandoz,3.9,598.0,Pharma,Hyderabad,2600.0,26.0,0.0,55.0
Country Delight,3.9,598.0,Hospitality,Gurugram,2600.0,45.0,4.0,10.0
Maharashtra State Electricity Distribution Company,4.2,597.0,Power,Pune,1200.0,25.0,0.0,38.0
Titan Engineering & Automation,3.7,599.0,Engineering & Construction,Hosur,3700.0,40.0,18.0,37.0
PayU Payments,3.3,597.0,FinTech,Gurugram,4500.0,70.0,120.0,48.0
Empower,4.0,597.0,Financial Services,Bengaluru,4500.0,63.0,40.0,43.0
Magma General Insurance Limited,3.7,597.0,Insurance,Mumbai,2400.0,43.0,22.0,38.0
Crystal Crop Protection,3.8,596.0,Agro Chemicals,New Delhi,1900.0,25.0,4.0,41.0
ShareChat,3.6,595.0,Internet,Bengaluru,2600.0,87.0,7.0,39.0
Alcon,3.8,595.0,Medical Equipment,Bengaluru,3100.0,44.0,19.0,50.0
UTL Solar,3.5,595.0,Electronics Manufacturing,New Delhi,1900.0,65.0,34.0,30.0
PureSoftware,2.9,595.0,Software Product,Noida,3800.0,70.0,17.0,39.0
Efs Facilities Services,3.8,595.0,Facility Management Services,New Delhi,1400.0,42.0,1.0,55.0
Columbia Asia,4.6,594.0,Healthcare,Bengaluru,1400.0,19.0,0.0,98.0
Vishwa Samudra Engineering,3.6,596.0,Engineering & Construction,Hyderabad,1700.0,38.0,5.0,13.0
Unified Mentor,4.0,594.0,IT Services & Consulting,Bengaluru,424.0,129.0,4.0,2.0
Jubilant Generics,3.9,594.0,Pharma,Roorkee,2300.0,20.0,0.0,71.0
Ugam Solution,3.5,594.0,IT Services & Consulting,Mumbai,3200.0,51.0,0.0,96.0
Jindal Poly Films,3.6,594.0,Packaging,Nashik,2400.0,40.0,0.0,52.0
BUSINESSNEXT,3.4,594.0,Software Product,Noida,4000.0,79.0,14.0,27.0
Paramount Health Services Tpa,3.9,593.0,Insurance,Mumbai,2300.0,36.0,22.0,35.0
McCain Foods,4.0,593.0,FMCG,Mahesana,1700.0,38.0,4.0,47.0
Capital Numbers Infotech,4.1,593.0,IT Services & Consulting,Kolkata,1200.0,49.0,11.0,88.0
AVTEC,3.5,592.0,Auto Components,Hosur,2100.0,26.0,16.0,54.0
Kellogg,4.2,592.0,FMCG,Mumbai,2300.0,31.0,5.0,72.0
Axiscades,3.2,592.0,IT Services & Consulting,Bengaluru,3800.0,65.0,6.0,32.0
Matrimonialsindia,4.9,592.0,Internet,New Delhi,117.0,13.0,0.0,6.0
Prestige Group,4.3,592.0,Real Estate,Bengaluru,2700.0,51.0,15.0,52.0
BEML,3.6,591.0,Industrial Machinery,Bengaluru,1700.0,30.0,0.0,58.0
Damco Solutions,3.4,591.0,IT Services & Consulting,Noida,2300.0,45.0,66.0,23.0
Army Public School,4.0,591.0,Education & Training,New Delhi,1200.0,44.0,1.0,54.0
Voyants Solutions,3.6,590.0,Engineering & Construction,Gurugram,1700.0,60.0,229.0,25.0
smartData Enterprises,3.8,590.0,IT Services & Consulting,Nagpur,1600.0,72.0,7.0,78.0
Andritz Hydro Location India,3.9,590.0,Industrial Machinery,Chennai,2900.0,36.0,2.0,47.0
AM Infoweb,3.9,590.0,BPO,Pune,1500.0,97.0,18.0,68.0
NAV Backoffice,3.9,590.0,Accounting & Auditing,Jaipur,2600.0,38.0,0.0,28.0
J K Fenner,3.8,589.0,Engineering & Construction,Chennai,2100.0,38.0,11.0,45.0
Maxop Engineering Co.,4.1,589.0,Auto Components,Gurugram,2400.0,49.0,2.0,30.0
Western Refrigeration,3.8,589.0,Industrial Machinery,Vapi,2400.0,42.0,40.0,40.0
Wood Group,3.8,589.0,Engineering & Construction,Chennai,2900.0,68.0,107.0,27.0
Datamatics Business Solutions,3.3,588.0,Management Consulting,Mumbai,2600.0,48.0,13.0,33.0
Genesys International Corporation,3.2,587.0,IT Services & Consulting,Mumbai,2300.0,24.0,5.0,53.0
Baker Hughes,4.0,587.0,Oil & Gas,Bengaluru,4100.0,65.0,126.0,62.0
Hilton,4.2,587.0,Hospitality,Bengaluru,1500.0,29.0,246.0,68.0
Hitachi Cash Management Services,3.1,587.0,Other,Mumbai,1400.0,44.0,13.0,35.0
Mahendra NextWealth IT,3.3,587.0,IT Services & Consulting,Salem,2000.0,26.0,12.0,19.0
Quest Retail Private Limited,3.9,586.0,Retail,Gurugram,934.0,16.0,2.0,237.0
Icl Fincorp,4.7,585.0,NBFC,Thrissur,650.0,143.0,5.0,1.0
Lear Corporation,4.0,584.0,Auto Components,Pune,3000.0,25.0,2.0,66.0
Hitachi Systems,4.0,584.0,IT Services & Consulting,Mumbai,3100.0,21.0,6.0,6.0
Dishman Carbogen Amcis,3.6,583.0,Pharma,Ahmedabad,2100.0,38.0,25.0,35.0
Applied Materials,3.7,583.0,Semiconductors,Bengaluru,5000.0,91.0,182.0,62.0
Bajaj Consumer Care,3.8,583.0,FMCG,Mumbai,1600.0,34.0,7.0,45.0
Toyota Industries Engine India,4.3,583.0,Auto Components,Bengaluru,1600.0,32.0,0.0,69.0
Marelli,3.5,584.0,Auto Components,Gurugram,2900.0,49.0,28.0,74.0
FiveS Digital,3.3,583.0,BPO,Jamshedpur,1500.0,59.0,4.0,8.0
TSYS|Total System Services,4.1,582.0,FinTech,Pune,4300.0,68.0,15.0,10.0
Paras Dairy,3.5,581.0,Food Processing,New Delhi,1700.0,33.0,6.0,51.0
AVIOM,4.0,582.0,NBFC,New Delhi,1200.0,32.0,1.0,14.0
Kirloskar Pneumatic,4.0,581.0,Industrial Machinery,Pune,2700.0,41.0,1.0,45.0
Infotact Solutions,4.4,583.0,IT Services & Consulting,Bengaluru,57.0,139.0,0.0,19.0
GAMMON INDIA,3.8,580.0,Engineering & Construction,Mumbai,1100.0,32.0,1.0,75.0
Transport Corporation Of India,3.8,580.0,Logistics,Gurugram,2000.0,39.0,0.0,61.0
Harman Finochem,3.6,579.0,Pharma,Chhatrapati Sambhajinagar,3000.0,45.0,28.0,35.0
DB Schenker,4.3,580.0,Logistics,Gurugram,2300.0,26.0,0.0,47.0
HBL Power Systems,4.0,578.0,Electrical Equipment,Hyderabad,2200.0,34.0,10.0,56.0
WPP Media,3.5,578.0,Marketing & Advertising,Gurugram,4300.0,46.0,12.0,38.0
"DATAMARK, Inc.",3.5,578.0,BPO,Chennai,1800.0,37.0,50.0,43.0
Amway India Enterprises,4.1,578.0,Fitness & Wellness,Gurugram,2100.0,19.0,23.0,83.0
Navin Fluorine International,3.8,577.0,Chemicals,Surat,2800.0,30.0,6.0,43.0
Carlsberg,3.9,577.0,Beverage,Gurugram,1900.0,41.0,16.0,59.0
Haldiram Snacks,3.8,578.0,Food Processing,Noida,1900.0,25.0,23.0,4.0
Levi Strauss & Co.,4.2,577.0,Fashion & Textile,Bengaluru,2100.0,34.0,25.0,66.0
WayCool Foods and Products,3.4,577.0,FMCG,Chennai,2800.0,43.0,0.0,34.0
Amara Raja Infra,4.0,577.0,Engineering & Construction,Hyderabad,1700.0,61.0,0.0,20.0
SoftAge Information Technology,3.6,575.0,IT Services & Consulting,Gurugram,975.0,24.0,6.0,63.0
LendingKart,3.6,575.0,NBFC,Ahmedabad,2700.0,39.0,68.0,23.0
Innovaccer,2.6,574.0,Software Product,Noida,3800.0,99.0,25.0,34.0
MITS Global Consulting,4.5,574.0,Recruitment,Mumbai,948.0,46.0,0.0,105.0
Larsen & Toubro Group,4.0,574.0,Engineering & Construction,Chennai,1100.0,96.0,0.0,48.0
Solara Active Pharma Sciences,3.7,574.0,Pharma,Visakhapatnam,2800.0,45.0,2.0,55.0
Head Field Solutions,4.4,573.0,Recruitment,Noida,1400.0,67.0,0.0,26.0
Renault,3.9,573.0,Automobile,Chennai,2000.0,34.0,0.0,45.0
GSPANN Technologies,4.0,573.0,IT Services & Consulting,Hyderabad,3800.0,53.0,69.0,34.0
L & W Constructions,4.0,573.0,Engineering & Construction,Bengaluru,1800.0,29.0,0.0,41.0
AVEVA,3.9,573.0,Software Product,Hyderabad,1900.0,31.0,51.0,302.0
Macawber Beekay,4.2,571.0,Industrial Machinery,Noida,1800.0,28.0,21.0,64.0
Toothsi,2.6,571.0,Internet,Mumbai,2200.0,67.0,0.0,18.0
Allianz Partners,3.6,571.0,Insurance,Gurugram,2800.0,40.0,0.0,35.0
Virtual Employee,3.2,571.0,Recruitment,Noida,3200.0,53.0,0.0,53.0
The Times of India,3.6,570.0,Media & Entertainment,New Delhi,2900.0,47.0,1.0,52.0
Vimta Labs,3.3,570.0,Clinical Research,Hyderabad,2200.0,43.0,7.0,59.0
Roop Polymers,3.9,570.0,Auto Components,Gurugram,1800.0,33.0,17.0,42.0
Bharat Fritz Werner,3.9,570.0,Industrial Machinery,Bengaluru,2500.0,34.0,12.0,51.0
My Home Constructions,4.3,569.0,Real Estate,Hyderabad,2300.0,35.0,7.0,32.0
Craftsman Automation,3.7,569.0,Auto Components,Coimbatore,2500.0,24.0,0.0,57.0
Statusneo,4.1,569.0,IT Services & Consulting,Gurugram,1800.0,182.0,77.0,58.0
National Australia Bank,3.0,569.0,Banking,Gurugram,4500.0,61.0,5.0,13.0
Kellogg Brown and Root,4.1,569.0,Engineering & Construction,Chennai,2400.0,42.0,77.0,57.0
MUTHOOT HOMEFIN (I) LTD.,3.8,568.0,NBFC,Mumbai,1500.0,35.0,4.0,14.0
Herbalife International,4.1,568.0,Healthcare,Bengaluru,2700.0,31.0,8.0,44.0
Saksoft,3.4,567.0,IT Services & Consulting,Bengaluru,3600.0,54.0,8.0,23.0
RAK Ceramics,3.6,568.0,Building Material,Mumbai,1800.0,36.0,13.0,49.0
Micromax Informatics,3.9,567.0,Consumer Electronics & Appliances,New Delhi,1300.0,23.0,0.0,90.0
United Spirits,4.0,567.0,Beverage,Bengaluru,1500.0,15.0,5.0,69.0
Innominds Software,3.2,567.0,IT Services & Consulting,Hyderabad,4800.0,49.0,100.0,29.0
Enco Engineers Combine,3.7,566.0,Auto Components,Gurugram,1600.0,36.0,0.0,40.0
Brigade Group,4.1,566.0,Real Estate,Bengaluru,2800.0,46.0,124.0,43.0
Innovatiview India Ltd,4.2,566.0,Emerging Technologies,Noida,1400.0,82.0,20.0,32.0
Tracxn,2.5,565.0,Internet,Bengaluru,2400.0,116.0,57.0,37.0
Regalix,2.7,565.0,Marketing & Advertising,Hyderabad,2900.0,59.0,65.0,49.0
Sulzer,3.8,565.0,Industrial Machinery,Pune,2800.0,36.0,4.0,62.0
PC Solutions,4.4,564.0,IT Services & Consulting,New Delhi,1300.0,81.0,5.0,65.0
Unimoni,3.9,564.0,Travel & Tourism,Chennai,2000.0,19.0,0.0,26.0
Artemis Hospitals,4.1,566.0,Healthcare,Gurugram,1600.0,20.0,16.0,50.0
BLK Super Speciality Hospital,3.9,564.0,Healthcare,New Delhi,1500.0,37.0,0.0,38.0
Practo,2.9,563.0,Internet,Bengaluru,3100.0,83.0,16.0,58.0
Yokohama,3.5,563.0,Auto Components,Bahadurgarh,2100.0,28.0,4.0,60.0
Welspun Enterprises,4.1,562.0,Engineering & Construction,Mumbai,1900.0,54.0,14.0,41.0
Legrand,3.7,562.0,Electrical Equipment,Mumbai,2400.0,34.0,0.0,42.0
Offshore Infrastructures,4.1,561.0,Engineering & Construction,Mumbai,1700.0,28.0,0.0,62.0
DFM Foods,4.0,561.0,FMCG,New Delhi,1700.0,38.0,9.0,40.0
Fena,4.0,562.0,FMCG,New Delhi,1500.0,34.0,27.0,41.0
Courtyard by Marriott,4.3,561.0,Hospitality,Mumbai,1100.0,25.0,0.0,84.0
RuralShores,3.7,561.0,BPO,Bengaluru,1200.0,24.0,3.0,56.0
Indian Bank,3.4,560.0,Banking,Chennai,2000.0,28.0,0.0,35.0
Micron Electricals,4.1,560.0,Engineering & Construction,Bengaluru,2300.0,39.0,2.0,26.0
Ralson Tyres Limited,3.7,559.0,Auto Components,Ludhiana,2300.0,49.0,10.0,31.0
Vidal Health Insurance,3.5,560.0,Insurance,Bengaluru,2000.0,22.0,0.0,15.0
Kidzee,4.0,558.0,EdTech,Kolkata,1100.0,26.0,2.0,44.0
BOBCARD Ltd.,4.0,558.0,NBFC,Mumbai,1400.0,30.0,90.0,21.0
GUS Education India,3.1,558.0,Education & Training,Hyderabad,2200.0,53.0,28.0,20.0
Mobikwik,3.3,557.0,FinTech,Gurugram,2700.0,66.0,22.0,28.0
Hi Tech Gears,3.9,557.0,Auto Components,Bhiwadi,2100.0,34.0,11.0,63.0
Tuaman Engineering,4.3,557.0,Engineering & Construction,Kolkata,1600.0,79.0,0.0,42.0
Zolo,3.3,557.0,Internet,Bengaluru,2200.0,62.0,5.0,36.0
Sterling,4.0,556.0,Healthcare,Mumbai,1100.0,39.0,0.0,64.0
ThoughtSol Infotech Limited,4.6,559.0,IT Services & Consulting,New Delhi,641.0,109.0,8.0,23.0
Propertypistol Realty,3.8,557.0,Internet,Mumbai,2000.0,80.0,55.0,17.0
Voya India,3.7,557.0,Financial Services,Bengaluru,3300.0,31.0,33.0,10.0
Eicher Motors,4.0,557.0,Automobile,Indore,1600.0,45.0,0.0,47.0
NMDC Limited,4.1,555.0,Metals & Mining,Jagdalpur,2100.0,46.0,0.0,20.0
Dr. Agarwal's Eye Hospital,3.8,555.0,Healthcare,Chennai,1800.0,39.0,62.0,36.0
Insolutions Global,3.3,555.0,FinTech,Mumbai,2900.0,38.0,12.0,26.0
Inox Wind,3.8,555.0,Power,Noida,1700.0,50.0,4.0,71.0
Sanmina Sci,4.1,556.0,Electronics Manufacturing,Chennai,2800.0,35.0,30.0,48.0
Scaler Academy,3.5,555.0,EdTech,Bengaluru,2600.0,92.0,12.0,81.0
FMC Corporation,3.9,555.0,Agro Chemicals,Bharuch,1800.0,42.0,1.0,48.0
Capital Business Systems,3.5,554.0,IT Services & Consulting,New Delhi,1700.0,37.0,3.0,7.0
Dusters Total Solutions Services,3.9,554.0,Facility Management Services,Bengaluru,1600.0,21.0,3.0,38.0
General Motors,4.0,554.0,Automobile,Pune,2100.0,35.0,17.0,85.0
Adda 247,3.4,554.0,EdTech,Gurugram,2000.0,82.0,29.0,19.0
Aptus Value Housing Finance India,4.0,554.0,NBFC,Chennai,1400.0,23.0,3.0,33.0
Gayatri Projects,4.0,553.0,Engineering & Construction,Hyderabad,1800.0,40.0,11.0,73.0
Hafele,3.9,553.0,Furniture & Furnishing,Mumbai,2300.0,32.0,3.0,65.0
Pitti Engineering,3.7,553.0,Industrial Machinery,Hyderabad,2100.0,30.0,0.0,51.0
Pierian Services,3.2,554.0,Management Consulting,Bengaluru,3000.0,41.0,40.0,22.0
RadiSys,3.8,553.0,Telecom,Bengaluru,2500.0,52.0,0.0,55.0
Utility Powertech,3.9,553.0,Power,New Delhi,1800.0,30.0,0.0,34.0
Emaar India Limited,3.5,553.0,Real Estate,Gurugram,2500.0,30.0,0.0,42.0
Z X Learning,4.3,553.0,EdTech,Lucknow,364.0,44.0,0.0,177.0
Spectrum Talent Management,3.6,552.0,Recruitment,Noida,2100.0,39.0,36.0,30.0
Bharat Gears,4.0,551.0,Auto Components,Faridabad,2100.0,28.0,3.0,44.0
RSM India,3.3,550.0,Accounting & Auditing,Mumbai,2800.0,72.0,5.0,29.0
Maini Precision Products,3.4,550.0,Auto Components,Bengaluru,2800.0,40.0,3.0,39.0
OutworX,3.5,550.0,IT Services & Consulting,Pune,2400.0,35.0,4.0,14.0
Zycus Infotech,2.5,550.0,Software Product,Mumbai,3200.0,77.0,11.0,48.0
Reliance Life Sciences,3.7,550.0,Clinical Research,Mumbai,2800.0,33.0,10.0,57.0
ExxonMobil,3.7,549.0,Oil & Gas,Bengaluru,4200.0,86.0,240.0,57.0
RSB Transmissions,3.9,548.0,Auto Components,Pune,2100.0,41.0,0.0,42.0
Suprajit Engineering,3.8,548.0,Auto Components,Bengaluru,2500.0,43.0,5.0,57.0
Atomberg Technologies,3.8,548.0,Consumer Electronics & Appliances,Pune,2600.0,47.0,32.0,27.0
RMC Readymix,3.5,547.0,Building Material,Mumbai,1500.0,44.0,5.0,51.0
Canon,4.0,547.0,Consumer Electronics & Appliances,Gurugram,2000.0,23.0,1.0,60.0
Maxgen Technologies,4.5,547.0,IT Services & Consulting,Pune,1100.0,14.0,0.0,113.0
Metalman Auto,3.8,547.0,Auto Components,Chhatrapati Sambhajinagar,2000.0,27.0,28.0,34.0
Castrol,4.3,546.0,Petrochemicals,Mumbai,2000.0,27.0,68.0,51.0
Alight Solutions,3.1,546.0,IT Services & Consulting,Gurugram,3000.0,32.0,9.0,54.0
5paisa Capital Ltd.,4.1,546.0,Financial Services,Mumbai,1700.0,48.0,5.0,66.0
Vedanta Resources,3.6,545.0,Metals & Mining,Udaipur,3200.0,79.0,0.0,63.0
Hamdard,3.9,545.0,FMCG,New Delhi,1500.0,44.0,3.0,31.0
Chemplast Sanmar,3.4,544.0,Chemicals,Salem,2500.0,47.0,16.0,33.0
Stylebaazar,4.0,544.0,Retail,Kolkata,1200.0,38.0,15.0,7.0
WaniWani,3.9,543.0,,New Delhi,0.0,0.0,0.0,2.0
Uttar Pradesh Power Corporation,4.0,543.0,Power,Lucknow,1300.0,11.0,0.0,38.0
Cpf India,4.0,543.0,Food Processing,Bengaluru,1700.0,25.0,3.0,61.0
BharatPe,3.4,543.0,FinTech,Gurugram,2900.0,56.0,4.0,15.0
V.S.T Tillers Tractors,3.5,543.0,Industrial Machinery,Bengaluru,1900.0,43.0,5.0,38.0
Dhani Healthcare,3.4,542.0,FinTech,Gurugram,2200.0,59.0,0.0,51.0
Mecon,3.8,542.0,Metals & Mining,Ranchi,1700.0,46.0,0.0,35.0
Systra Consulting,4.0,542.0,Engineering & Construction,New Delhi,1600.0,38.0,135.0,57.0
N.C.L. Industries,3.7,541.0,Building Material,Hyderabad,1600.0,38.0,2.0,35.0
Consero Global Solutions,3.0,541.0,Financial Services,Bengaluru,2800.0,103.0,0.0,25.0
Insuremile,4.7,541.0,Internet,Bengaluru,88.0,83.0,1.0,1.0
S P Singla Constructions,3.4,540.0,Engineering & Construction,Patna,1600.0,38.0,0.0,40.0
Kokilaben Dhirubhai Ambani Hospital,3.8,540.0,Healthcare,Mumbai,1800.0,31.0,64.0,37.0
Sheela Foam,4.0,541.0,Furniture & Furnishing,Noida,1600.0,36.0,24.0,43.0
Infiniti Research,3.3,539.0,Analytics & KPO,Bengaluru,1600.0,39.0,7.0,67.0
SunTec Web Services,3.2,539.0,BPO,New Delhi,1900.0,53.0,6.0,32.0
CompuCom,3.8,539.0,IT Services & Consulting,Pune,3100.0,37.0,9.0,60.0
F1 Info Solutions and Services,3.6,539.0,IT Services & Consulting,Noida,1200.0,29.0,0.0,38.0
Satyam Auto Components,3.8,541.0,Auto Components,Gurugram,2300.0,41.0,3.0,39.0
African Industries,3.9,538.0,Iron & Steel,Lagos,1100.0,43.0,10.0,32.0
Metro Group of Hospitals,3.8,538.0,Healthcare,New Delhi,1400.0,16.0,49.0,3.0
Vestige,4.3,537.0,Fitness & Wellness,New Delhi,1400.0,40.0,0.0,70.0
Wellness Forever Medicare,3.8,538.0,Retail,Mumbai,1700.0,56.0,3.0,36.0
Addverb Technologies,3.4,537.0,Industrial Automation,Noida,2500.0,88.0,11.0,32.0
Dalmia Bharat Group,3.9,537.0,Building Material,New Delhi,2200.0,38.0,0.0,35.0
Macquarie Group,3.1,536.0,Financial Services,Gurugram,4800.0,55.0,69.0,53.0
Morepen Laboratories,3.8,537.0,Pharma,New Delhi,2000.0,25.0,25.0,39.0
Coats,3.6,536.0,Fashion & Textile,Bengaluru,1900.0,27.0,70.0,47.0
WAA SOLAR,5.0,2.0,Power,New Delhi,6.0,0.0,0.0,2.0
Bharti Infratel,4.7,535.0,Telecom,Gurugram,1100.0,6.0,0.0,67.0
Chaayos,3.3,535.0,Hospitality,New Delhi,1700.0,39.0,11.0,53.0
CDK Global,3.8,535.0,IT Services & Consulting,Hyderabad,3500.0,42.0,10.0,70.0
Amar Ujala,3.8,534.0,Printing & Publishing,Noida,1800.0,23.0,3.0,51.0
Hero Cycles,3.2,534.0,Automobile,Ludhiana,1900.0,60.0,6.0,38.0
Signature Global,3.8,534.0,Real Estate,Gurugram,2300.0,45.0,7.0,28.0
House Of Anita Dongre,3.9,534.0,Fashion & Textile,Mumbai,1400.0,19.0,0.0,56.0
HSBC Global Banking and Markets,3.9,534.0,Banking,Bengaluru,3700.0,29.0,0.0,28.0
TÜV Rheinland,4.2,534.0,"Testing, Inspection and Certification (TIC)",Bengaluru,1800.0,23.0,2.0,41.0
JK Tech,3.8,533.0,IT Services & Consulting,Bengaluru,3100.0,40.0,0.0,34.0
Williams Lea,3.6,533.0,BPO,Chennai,3200.0,53.0,17.0,41.0
EC-Council,3.9,533.0,EdTech,Hyderabad,2500.0,51.0,35.0,41.0
Wockhardt Hospital,3.8,533.0,Healthcare,Mumbai,1700.0,24.0,24.0,62.0
Kandhari Beverages,3.7,533.0,Beverage,Jammu,1700.0,36.0,13.0,21.0
Metriqe Solutions,3.9,533.0,BPO,Chennai,1400.0,28.0,3.0,24.0
FinThrive,3.3,532.0,Analytics & KPO,New Delhi,1500.0,22.0,14.0,2.0
Muthoot MCred,3.4,532.0,NBFC,Kochi,1500.0,29.0,11.0,14.0
Galaxy Surfactants,3.9,533.0,Chemicals,Mumbai,2100.0,28.0,47.0,57.0
Jindal Power Limited,4.2,532.0,Power,Raigarh,1800.0,59.0,34.0,34.0
Stock Holding Corporation of India,3.5,532.0,Financial Services,Mumbai,1800.0,35.0,0.0,43.0
Hitech Projects Limited,4.6,532.0,Engineering & Construction,Ahmedabad,710.0,59.0,1.0,17.0
Ramraj Cotton,4.0,532.0,Fashion & Textile,Tiruppur,1100.0,44.0,9.0,6.0
AT&T,3.7,531.0,Telecom,Bengaluru,4700.0,65.0,26.0,61.0
Walkaroo International,3.6,531.0,Fashion & Textile,Coimbatore,2500.0,50.0,85.0,23.0
DM Immigration Consultant,1.0,530.0,Other,Bengaluru,39.0,0.0,0.0,0.0
Safari Industries India,4.0,530.0,Retail,Mumbai,1800.0,37.0,5.0,31.0
Akal Information Systems,4.4,531.0,Software Product,New Delhi,1800.0,26.0,3.0,14.0
Lakme,4.2,530.0,Beauty & Personal Care,Mumbai,1700.0,27.0,11.0,58.0
India Private Driver,0.0,0.0,Travel & Tourism,Pune,2.0,0.0,0.0,0.0
LearningMate Solutions,2.9,529.0,EdTech,Mumbai,3700.0,50.0,31.0,46.0
MathCo,3.2,530.0,Analytics & KPO,Bengaluru,3200.0,135.0,30.0,23.0
Webskitters,3.5,529.0,IT Services & Consulting,Kolkata,933.0,27.0,2.0,105.0
Micron Technology,3.7,528.0,Semiconductors,Hyderabad,4700.0,83.0,1.0,31.0
Kalyani Technoforge,3.9,529.0,Auto Components,Pune,2000.0,26.0,6.0,42.0
Alchemy Techsol India,3.4,528.0,IT Services & Consulting,Bengaluru,2200.0,92.0,0.0,16.0
Foray Software,3.5,528.0,IT Services & Consulting,Hyderabad,3600.0,39.0,32.0,24.0
PEGATRON,3.9,528.0,Electronics Manufacturing,Chennai,2100.0,31.0,3.0,6.0
Ascent Business Solutions,3.4,527.0,Healthcare,Nagpur,3000.0,33.0,18.0,41.0
CMR Green Technologies,3.4,527.0,Metals & Mining,Faridabad,1800.0,60.0,70.0,53.0
Nivea,4.1,527.0,Beauty & Personal Care,Mumbai,1800.0,34.0,9.0,50.0
Bluestone.com,3.3,528.0,Jewellery,Bengaluru,2100.0,61.0,8.0,23.0
BKT Tyres,4.2,527.0,Auto Components,Bhuj,2000.0,79.0,29.0,35.0
Great Learning,3.3,527.0,EdTech,Bengaluru,3900.0,70.0,24.0,36.0
CTS Consulting & Technical Support,3.7,526.0,Engineering & Construction,Chennai,6500.0,176.0,0.0,69.0
Ziqitza Health Care,3.9,526.0,Healthcare,Mumbai,1200.0,25.0,0.0,68.0
Telenor,4.1,526.0,Telecom,Gurugram,580.0,9.0,0.0,101.0
Gyan Dairy,4.0,526.0,Food Processing,Lucknow,1400.0,50.0,2.0,40.0
Securitas,3.8,526.0,Law Enforcement & Security,Gurugram,2100.0,40.0,7.0,39.0
Ge India Industrial,4.1,525.0,Industrial Machinery,Pune,1900.0,19.0,0.0,61.0
MindGate Solutions,3.1,526.0,IT Services & Consulting,Mumbai,3300.0,79.0,13.0,19.0
Vivanta by Taj,4.2,525.0,Hospitality,New Delhi,1100.0,28.0,0.0,75.0
Hindusthan National Glass,3.8,525.0,Packaging,Bahadurgarh,2000.0,34.0,0.0,35.0
InCred Finance,3.8,524.0,NBFC,Mumbai,2700.0,34.0,46.0,21.0
BCG,3.6,524.0,Management Consulting,Gurugram,8300.0,225.0,3.0,42.0
Communications Test Design,3.7,524.0,IT Services & Consulting,Bengaluru,1800.0,32.0,33.0,18.0
Rusan Pharma,3.4,524.0,Pharma,Dehradun,1900.0,25.0,9.0,38.0
Cairn Vedanta Oil and Gas,3.8,524.0,Oil & Gas,Barmer,729.0,34.0,0.0,33.0
Axa XL,3.7,524.0,Insurance,Gurugram,3800.0,52.0,40.0,58.0
Tradeshala,4.5,522.0,Education & Training,Bengaluru,37.0,119.0,0.0,1.0
ACTE,4.6,522.0,Education & Training,Chennai,127.0,9.0,0.0,171.0
Protium Finance,3.7,522.0,NBFC,Mumbai,2300.0,38.0,5.0,6.0
Johnson Matthey,3.8,522.0,Metals & Mining,Gurugram,1900.0,42.0,18.0,59.0
Aparna Enterprises,4.0,522.0,Building Material,Hyderabad,1800.0,43.0,10.0,34.0
Yardi Systems,3.6,522.0,Software Product,Pune,2700.0,81.0,0.0,40.0
Orcapod Consulting Services,2.9,522.0,IT Services & Consulting,Hyderabad,1900.0,35.0,46.0,18.0
Karvy Data Management Services,4.0,521.0,Analytics & KPO,Hyderabad,2200.0,20.0,0.0,126.0
ATS Infrastructure,4.1,521.0,Real Estate,Noida,1800.0,35.0,0.0,60.0
ServiceNow,3.8,521.0,Software Product,Hyderabad,6300.0,141.0,0.0,18.0
ZEISS India,3.6,521.0,Industrial Machinery,Bengaluru,2900.0,40.0,16.0,34.0
Lotus Herbals Private Limited,4.1,522.0,Beauty & Personal Care,New Delhi,1500.0,50.0,2.0,26.0
Mobile Programming,2.8,520.0,IT Services & Consulting,Bengaluru,3700.0,81.0,363.0,14.0
LIC Housing Finance,3.9,519.0,NBFC,Mumbai,1500.0,22.0,13.0,30.0
Sarovar Hotels & Resorts,4.0,519.0,Hospitality,New Delhi,1400.0,23.0,0.0,64.0
Athenahealth Technology,3.9,519.0,Hospitality,Chennai,4200.0,92.0,5.0,45.0
RapiPay,3.6,519.0,FinTech,Noida,1700.0,40.0,0.0,21.0
Realty Assistant,3.7,519.0,Real Estate,Noida,716.0,53.0,22.0,79.0
Deloitte Digital,3.7,519.0,IT Services & Consulting,Bengaluru,3500.0,64.0,0.0,57.0
Mars International India,4.2,519.0,Food Processing,Hyderabad,1800.0,19.0,22.0,50.0
QUICK HEAL TECHNOLOGIES,3.5,518.0,Software Product,Pune,2700.0,32.0,4.0,49.0
QHTalbros,3.8,517.0,Auto Components,Gurugram,1400.0,19.0,1.0,48.0
OMICS International,2.5,517.0,Printing & Publishing,Hyderabad,1600.0,25.0,0.0,58.0
Epiroc,4.0,517.0,Industrial Machinery,Bengaluru,2500.0,45.0,46.0,45.0
TAO Digital,3.5,517.0,IT Services & Consulting,Hyderabad,1600.0,122.0,71.0,2.0
DiGibizz,0.0,0.0,,Mumbai,1.0,0.0,0.0,0.0
Quikr,3.6,516.0,Internet,Bengaluru,2000.0,33.0,9.0,53.0
TRINAMIX,4.4,516.0,IT Services & Consulting,Pune,1000.0,66.0,70.0,95.0
Poorvika Mobiles,3.9,516.0,Retail,Chennai,1700.0,34.0,5.0,33.0
Markets and Markets,2.7,515.0,Analytics & KPO,Pune,2700.0,64.0,22.0,33.0
Cuemath,3.4,515.0,EdTech,Bengaluru,1900.0,49.0,5.0,84.0
Tractebel,4.1,515.0,Power,Gurugram,1800.0,46.0,14.0,41.0
Ministry of Defence,4.4,515.0,Government,New Delhi,1900.0,19.0,0.0,58.0
ASM Technologies,3.4,515.0,Engineering & Construction,Bengaluru,3600.0,46.0,32.0,31.0
IDS Infotech,3.8,514.0,IT Services & Consulting,Sahibzada Ajit Singh Nagar,1400.0,88.0,7.0,56.0
Vishvaraj Environment,4.1,514.0,Waste Management,Nagpur,1900.0,35.0,8.0,32.0
Rakuten,3.5,514.0,Internet,Bengaluru,5600.0,98.0,6.0,49.0
Hinduja Tech,3.1,513.0,IT Services & Consulting,Chennai,3300.0,35.0,31.0,25.0
Pace Setters Business Solutions,3.4,512.0,BPO,Mumbai,1300.0,24.0,2.0,39.0
Centum Learning,3.8,512.0,Education & Training,New Delhi,1300.0,26.0,0.0,62.0
Nelito System,3.2,512.0,IT Services & Consulting,Mumbai,2400.0,32.0,42.0,39.0
Comcast,3.9,512.0,Telecom,Chennai,6200.0,100.0,0.0,16.0
Voltech,3.5,512.0,Electrical Equipment,Chennai,1600.0,35.0,0.0,58.0
Avalara Technologies,2.8,512.0,Software Product,Pune,3500.0,88.0,14.0,40.0
Par Health,4.1,512.0,Pharma,Indore,2100.0,30.0,0.0,9.0
Techwave Consulting,3.6,511.0,IT Services & Consulting,Hyderabad,3700.0,42.0,20.0,22.0
Gilbarco Veeder Root,3.7,511.0,Industrial Machinery,Mumbai,2200.0,31.0,29.0,37.0
LogixHealth,3.4,511.0,Analytics & KPO,Bengaluru,2300.0,23.0,7.0,33.0
EID Parry (India),3.9,510.0,Food Processing,Chennai,1600.0,28.0,11.0,52.0
Value Point Systems,3.5,510.0,IT Services & Consulting,Bengaluru,2200.0,29.0,131.0,28.0
Iol Chemicals & Pharmaceuticals,3.8,510.0,Pharma,Barnala,2000.0,33.0,4.0,21.0
QBurst Technologies,4.2,510.0,Software Product,Kochi,4100.0,88.0,0.0,43.0
Sri Krishna Pharmaceuticals,3.9,510.0,Pharma,Hyderabad,1900.0,18.0,1.0,36.0
Namaste India Foods,3.9,509.0,Food Processing,Kanpur,1300.0,30.0,0.0,41.0
2COMS,3.1,509.0,Recruitment,Kolkata,1500.0,62.0,348.0,26.0
Moon Beverages,3.8,509.0,Beverage,New Delhi,1700.0,27.0,6.0,23.0
N+A,3.8,509.0,Financial Services,Bengaluru,18800.0,177.0,1.0,16.0
Leighton Contractors,4.0,508.0,Engineering & Construction,Mumbai,1200.0,25.0,3.0,62.0
Pepperfry,3.0,508.0,Hospitality,Mumbai,2000.0,35.0,30.0,42.0
KRBL Limited,3.8,508.0,Food Processing,Noida,1700.0,38.0,4.0,30.0
Emerson Electric Co.,4.0,508.0,Software Product,Pune,3200.0,59.0,207.0,37.0
Infovision,3.6,507.0,IT Services & Consulting,Pune,4100.0,55.0,26.0,12.0
Saxo Bank,3.8,507.0,Banking,Gurugram,2500.0,78.0,20.0,35.0
Varuna Integrated Logistics,3.7,508.0,Logistics,Gurugram,1600.0,37.0,3.0,36.0
Titagarh Rail Systems,2.6,508.0,Railways,Kolkata,1900.0,38.0,2.0,15.0
CollegeDekho,2.7,507.0,EdTech,Gurugram,2600.0,69.0,15.0,14.0
Kirby Building Systems,3.9,507.0,Building Material,Hyderabad,2000.0,27.0,5.0,37.0
MediBuddy,3.3,508.0,Internet,Bengaluru,2600.0,43.0,23.0,17.0
Romsons Group Of Industries,3.7,508.0,Medical Equipment,Agra,1700.0,37.0,15.0,31.0
BharatMatrimony.com,3.8,507.0,Internet,Chennai,1300.0,25.0,0.0,28.0
India Post,3.7,506.0,Government,Bengaluru,1500.0,25.0,0.0,46.0
CARE,4.3,506.0,Non-Profit,Patna,1200.0,42.0,0.0,75.0
Global Autotech,3.9,506.0,Auto Components,Greater Noida,2100.0,55.0,3.0,42.0
Encube Ethicals,3.7,506.0,Pharma,Mumbai,2500.0,29.0,15.0,32.0
Mahanagar Gas,4.1,505.0,Oil & Gas,Mumbai,2200.0,32.0,3.0,46.0
Texmo Industries,3.7,505.0,Industrial Machinery,Coimbatore,1600.0,27.0,7.0,36.0
Allana Group of Companies,3.7,505.0,Food Processing,Mumbai,1600.0,43.0,0.0,14.0
Invesco,3.7,505.0,Financial Services,Hyderabad,3400.0,52.0,51.0,49.0
House of EdTech,4.2,504.0,EdTech,Kolkata,305.0,122.0,22.0,18.0
L. N. Malviya Infra Projects Group,3.1,504.0,Engineering & Construction,Bhopal,1200.0,28.0,0.0,19.0
AIG Hospital,4.2,504.0,Healthcare,Hyderabad,1700.0,33.0,0.0,28.0
Vakrangee,3.5,503.0,BPO,Mumbai,1100.0,10.0,5.0,60.0
Welspun Transformation Services Limited,4.1,503.0,IT Services & Consulting,Ahmedabad,907.0,50.0,3.0,11.0
India Glycols,4.0,503.0,Chemicals,Kashipur,2000.0,39.0,2.0,36.0
Jiva Ayurvedic Pharmacy,3.8,503.0,,Faridabad,1200.0,46.0,39.0,49.0
Symbiotec Pharmalab,3.9,503.0,Pharma,Indore,2000.0,32.0,5.0,36.0
NTPC GE Power Services,3.9,503.0,Power,Jharsuguda,1700.0,59.0,0.0,30.0
Knowledgeworks Global,2.9,504.0,Printing & Publishing,Mumbai,2300.0,35.0,21.0,9.0
Flowserve,3.7,502.0,Industrial Machinery,Bengaluru,3400.0,39.0,57.0,54.0
Siemens Healthineers,3.9,502.0,Healthcare,Bengaluru,4200.0,71.0,0.0,50.0
Kellton,2.9,503.0,IT Services & Consulting,Gurugram,3400.0,65.0,11.0,45.0
Cosmo Films,3.7,501.0,Packaging,Chhatrapati Sambhajinagar,2100.0,40.0,23.0,54.0
C-Edge Technologies,3.7,501.0,IT Services & Consulting,Mumbai,2800.0,28.0,12.0,37.0
Mediamint,2.8,501.0,Marketing & Advertising,Hyderabad,3100.0,45.0,13.0,32.0
Buzzworks Business Services,3.5,501.0,Recruitment,Chennai,2100.0,20.0,4.0,17.0
SUEZ Group,4.2,501.0,Waste Management,New Delhi,2000.0,22.0,5.0,39.0
Pawzz,4.6,509.0,,Gurugram,3.0,247.0,0.0,84.0
Everforth Quinnox,3.9,500.0,IT Services & Consulting,Bengaluru,3400.0,42.0,12.0,39.0
Paradeep Phosphates,3.8,500.0,Agro Chemicals,Paradip,1600.0,64.0,14.0,22.0
Maersk Line,4.0,500.0,Logistics,Pune,2400.0,34.0,0.0,66.0
Think Gas Ludhiana,3.6,500.0,Oil & Gas,Chennai,2400.0,51.0,1.0,30.0
WM Universal Solutions Private Limited,3.6,501.0,Waste Management,Indore,2400.0,49.0,160.0,43.0
Equiniti,3.6,500.0,Financial Services,Chennai,3400.0,52.0,9.0,29.0
Otsuka Pharmaceutical India Private Limited,4.0,501.0,Pharma,Ahmedabad,1600.0,30.0,33.0,72.0
Medikabazaar,4.2,500.0,Medical Equipment,Mumbai,1100.0,14.0,1.0,14.0
Samsung Display,3.7,500.0,Electronics Manufacturing,Noida,2300.0,53.0,1.0,47.0
Common Service Centres,4.4,499.0,Government,New Delhi,1200.0,19.0,0.0,12.0
Thales,3.5,499.0,Defence & Aerospace,Noida,3600.0,52.0,201.0,51.0
GD Goenka Public School,3.3,499.0,Education & Training,New Delhi,1300.0,48.0,18.0,48.0
Sterling Holiday Resort,3.8,499.0,Hospitality,Chennai,1600.0,23.0,3.0,59.0
Ppap Automotive,3.8,499.0,Auto Components,Noida,1800.0,44.0,0.0,44.0
Future Lifestyle Fashion,4.2,498.0,Retail,Bengaluru,1600.0,8.0,0.0,76.0
Aditya Birla Housing Finance,3.8,498.0,NBFC,Mumbai,1900.0,22.0,0.0,5.0
Lite Bite Foods,4.4,498.0,Hospitality,New Delhi,1300.0,23.0,8.0,54.0
HealthifyMe,2.7,498.0,Internet,Bengaluru,1600.0,53.0,4.0,26.0
Brainvire,2.8,497.0,IT Services & Consulting,Ahmedabad,1700.0,78.0,12.0,233.0
Technico Industries,3.6,497.0,Auto Components,Gurugram,2100.0,43.0,7.0,28.0
NJ India Invest,3.7,497.0,Financial Services,Surat,1100.0,59.0,24.0,65.0
SBI Mutual Fund,3.7,497.0,Financial Services,Mumbai,2000.0,31.0,6.0,38.0
Dow Chemical International Private Limited,3.5,496.0,Chemicals,Mumbai,2400.0,41.0,79.0,41.0
Aludecor Lamination,3.8,497.0,Building Material,Haridwar,1700.0,44.0,27.0,29.0
Giesecke & Devrient,3.4,495.0,IT Services & Consulting,Gurugram,2200.0,33.0,11.0,68.0
Matrix Business Services,3.5,495.0,Analytics & KPO,Chennai,2000.0,44.0,12.0,19.0
Fynd,2.9,495.0,Software Product,Mumbai,2400.0,77.0,18.0,27.0
Bira 91,3.3,495.0,Beverage,New Delhi,1500.0,30.0,0.0,10.0
Jumbotail Technologies,3.6,494.0,Retail,Bengaluru,1700.0,42.0,13.0,11.0
Juniper Networks,4.2,493.0,Hardware & Networking,Bengaluru,4500.0,76.0,0.0,48.0
Bridgestone India Automotive Products,4.1,493.0,Auto Components,Gurugram,2300.0,29.0,1.0,54.0
Mediterranean Shipping Company,4.0,493.0,Ports & Shipping,Chennai,2400.0,26.0,2.0,30.0
RND Softech,3.0,494.0,BPO,Coimbatore,2000.0,43.0,0.0,16.0
Alpla,3.9,493.0,Packaging,Hyderabad,1800.0,36.0,28.0,60.0
ESDS Software Solutions,3.2,493.0,IT Services & Consulting,Nashik,3100.0,39.0,67.0,43.0
Numeric UPS,4.0,492.0,Electrical Equipment,Chennai,1300.0,15.0,24.0,5.0
ZF Friedrichshafen,3.8,493.0,Auto Components,Chennai,2200.0,35.0,0.0,12.0
Clove Dental,4.0,492.0,Healthcare,New Delhi,1300.0,77.0,26.0,14.0
Xanadu,3.6,492.0,Real Estate,Mumbai,1900.0,63.0,3.0,29.0
TresVista,2.3,492.0,Analytics & KPO,Pune,3300.0,141.0,47.0,15.0
Clix Capital Services,4.0,492.0,NBFC,Gurugram,1600.0,31.0,219.0,19.0
Grindwell Norton,3.6,491.0,Industrial Machinery,Bengaluru,1800.0,28.0,28.0,62.0
Onshore Construction,3.7,491.0,Engineering & Construction,Mumbai,1600.0,31.0,9.0,49.0
Godrej Interio,3.9,491.0,Furniture & Furnishing,Mumbai,2100.0,33.0,0.0,43.0
Westin,4.1,491.0,Hospitality,Mumbai,1300.0,21.0,4.0,68.0
Plastic Omnium,3.8,491.0,Automobile,Pune,2000.0,32.0,20.0,23.0
Gopal Snacks Limited,4.2,491.0,FMCG,Rajkot,1200.0,41.0,2.0,33.0
Akamai Technologies,4.4,491.0,Software Product,Bengaluru,4500.0,81.0,76.0,65.0
Avery Dennison,3.6,490.0,Packaging,Bengaluru,2000.0,42.0,45.0,58.0
Kaynes Technology,3.1,490.0,Electronics Manufacturing,Mysuru,1800.0,53.0,14.0,37.0
Confidence Petroleum India,3.2,490.0,Oil & Gas,Nagpur,1800.0,36.0,10.0,21.0
Cadbury,4.3,489.0,Food Processing,Mumbai,1000.0,29.0,0.0,35.0
MKC Infrastructure Ltd.,3.4,489.0,Engineering & Construction,Gandhinagar,1500.0,40.0,14.0,31.0
Cera Sanitaryware,4.0,489.0,Building Material,Ahmedabad,1700.0,36.0,5.0,32.0
Sany Heavy Industry,3.6,488.0,Industrial Machinery,Pune,2000.0,41.0,1.0,52.0
Go First,3.9,488.0,Aviation,Mumbai,1900.0,51.0,0.0,37.0
Trimax IT Infrastructure Services,3.8,488.0,IT Services & Consulting,Mumbai,1100.0,13.0,0.0,33.0
National Commodities Management Services,4.0,488.0,Agriculture,Gurugram,1400.0,16.0,4.0,45.0
Ivrcl Infrastructures & Projects,4.3,488.0,Engineering & Construction,Hyderabad,847.0,10.0,3.0,81.0
Honda Logistics,3.5,487.0,Logistics,Bhiwadi,1500.0,32.0,7.0,42.0
Grant Thornton Bharat,3.3,488.0,Accounting & Auditing,Gurugram,2700.0,92.0,15.0,22.0
Tekion,3.7,488.0,Software Product,Bengaluru,5300.0,122.0,79.0,97.0
Nash Industries,3.3,487.0,Industrial Machinery,Bengaluru,2300.0,37.0,12.0,36.0
Shalimar Paints,3.5,487.0,Chemicals,Gurugram,1700.0,32.0,6.0,26.0
Atyati Technologies,3.9,486.0,IT Services & Consulting,Bengaluru,1500.0,35.0,2.0,34.0
Xerox,3.7,486.0,Printing & Publishing,Bengaluru,2100.0,25.0,23.0,1.0
Mikuni,4.1,486.0,Auto Components,Neemrana,1400.0,27.0,1.0,58.0
Aculife Healthcare,3.3,490.0,Pharma,Ahmedabad,1500.0,48.0,5.0,58.0
Greenpanel Industries,3.9,486.0,Furniture & Furnishing,Srikalahasti,1900.0,25.0,2.0,22.0
CS TECH Ai,3.9,486.0,IT Services & Consulting,Nagpur,1700.0,41.0,0.0,30.0
Tetra Pak,4.1,486.0,Packaging,Pune,2500.0,43.0,3.0,61.0
Purplle.com,3.6,486.0,Retail,Mumbai,2200.0,37.0,1.0,25.0
Sadbhav Engineering,4.2,485.0,Engineering & Construction,Ahmedabad,1300.0,10.0,0.0,66.0
Jindal Aluminium,3.9,486.0,Metals & Mining,Bengaluru,2000.0,49.0,19.0,54.0
Keysight Technologies,3.8,485.0,Electronics Manufacturing,Gurugram,2700.0,36.0,52.0,52.0
Star Bazaar,3.7,486.0,Retail,Mumbai,1500.0,22.0,1.0,28.0
Thought Focus,3.3,485.0,IT Services & Consulting,Bengaluru,3600.0,52.0,49.0,34.0
Landis+Gyr,2.9,484.0,Electrical Equipment,Noida,2800.0,34.0,58.0,41.0
Bhagwati Products,3.5,484.0,Consumer Electronics & Appliances,Noida,1300.0,24.0,12.0,41.0
Ramco Industries,4.1,484.0,Building Material,Chennai,1900.0,22.0,3.0,46.0
Suzlon Global Services,3.8,484.0,,Pune,1300.0,54.0,0.0,35.0
Saud Bahwan Group,3.7,483.0,Automobile,Muscat,989.0,14.0,0.0,70.0
Espire Infolabs,2.3,483.0,IT Services & Consulting,Gurugram,2600.0,27.0,23.0,25.0
Gulf Oil Lubricants,4.1,483.0,Oil & Gas,Mumbai,1700.0,30.0,3.0,42.0
Meghmani Organics,3.8,483.0,Chemicals,Bharuch,2300.0,46.0,1.0,31.0
Bhilosa Industries,3.6,486.0,Fashion & Textile,Dadra & Nagar Haveli,2300.0,39.0,4.0,25.0
Tata International,3.5,482.0,Import & Export,Mumbai,2200.0,25.0,20.0,60.0
Central Public Works Department,4.1,482.0,Government,New Delhi,1300.0,15.0,0.0,45.0
Yethi Consulting,3.4,482.0,IT Services & Consulting,Bengaluru,3400.0,66.0,7.0,17.0
Realme,3.6,482.0,Consumer Electronics & Appliances,Gurugram,1700.0,34.0,4.0,17.0
Qcon,4.3,482.0,Engineering & Construction,Mumbai,1100.0,44.0,0.0,61.0
Paharpur Cooling Towers,3.9,481.0,Industrial Machinery,Kolkata,2000.0,29.0,1.0,29.0
Teradata,3.5,481.0,Software Product,Hyderabad,3700.0,63.0,4.0,47.0
Liberty General Insurance,3.6,481.0,Insurance,Mumbai,1900.0,21.0,1.0,34.0
Speridian Technologies,3.5,481.0,IT Services & Consulting,Bengaluru,3400.0,58.0,5.0,22.0
Allied Blenders & Distillers,4.0,481.0,Beverage,Mumbai,1500.0,25.0,3.0,32.0
MagicPin,2.5,481.0,Internet,Gurugram,2000.0,62.0,6.0,25.0
Hyundai Glovis,3.6,481.0,Logistics,Anantapur,1900.0,26.0,4.0,49.0
Visaka Industries,3.8,480.0,Building Material,Hyderabad,1700.0,31.0,12.0,39.0
Henkel Adhesives Technologies,4.1,480.0,Chemicals,Pune,2100.0,26.0,2.0,49.0
Stovekraft,3.9,480.0,Consumer Electronics & Appliances,Bengaluru,1900.0,33.0,12.0,28.0
Bharat Seats,3.7,480.0,Auto Components,Gurugram,1700.0,34.0,7.0,38.0
Riya Travel,3.6,480.0,Travel & Tourism,Mumbai,1500.0,14.0,4.0,32.0
GM Modular,3.8,480.0,Electrical Equipment,Mumbai,1900.0,28.0,14.0,33.0
Jupiter Hospital,4.0,480.0,Healthcare,Pune,1700.0,24.0,6.0,25.0
LuLu Group International,3.4,480.0,Retail,Kochi,2400.0,34.0,0.0,31.0
NBTC GROUP,3.3,480.0,Oil & Gas,Chennai,1000.0,26.0,4.0,61.0
Sayaji Hotels,4.1,479.0,Hospitality,Indore,1000.0,14.0,0.0,70.0
SBI Capital Markets,3.7,479.0,Financial Services,Mumbai,2200.0,26.0,0.0,17.0
Prime Focus Technologies,3.1,479.0,Software Product,Bengaluru,2200.0,41.0,0.0,52.0
AIRBUS,3.6,480.0,Aviation,Bengaluru,5000.0,83.0,1.0,47.0
Stryker,3.9,479.0,Medical Equipment,Gurugram,3900.0,52.0,8.0,58.0
Anthem Biosciences,3.9,478.0,Pharma,Bengaluru,2600.0,38.0,1.0,33.0
Bajaj Auto Credit,3.9,478.0,NBFC,Pune,1100.0,19.0,2.0,11.0
GHCL Limited,3.9,478.0,Chemicals,Sutrapada,1700.0,38.0,6.0,58.0
Bahwan Engineering,4.0,478.0,Engineering & Construction,Muscat,1000.0,25.0,1.0,53.0
Kiswok Industries,3.3,479.0,Iron & Steel,Kolkata,1800.0,41.0,3.0,36.0
Dana India,4.1,480.0,Auto Components,Pune,1700.0,40.0,4.0,59.0
McNally Bharat Engineering,3.9,478.0,Engineering & Construction,Kolkata,1400.0,13.0,1.0,58.0
In Time Tec Visionsoft,3.2,477.0,IT Services & Consulting,Jaipur,2500.0,51.0,28.0,70.0
Zypp Electric,4.0,477.0,Internet,Gurugram,1000.0,41.0,9.0,17.0
Torrent Gas,3.1,478.0,Oil & Gas,Ahmedabad,2400.0,58.0,1.0,40.0
CommScope,3.8,477.0,Telecom,Bengaluru,3200.0,43.0,6.0,49.0
Revent Group,3.8,477.0,Auto Components,Gurugram,747.0,17.0,2.0,5.0
LT Foods,3.8,476.0,FMCG,Gurugram,1700.0,27.0,3.0,42.0
Anunta Technology Management Services,3.3,476.0,IT Services & Consulting,Mumbai,2300.0,42.0,3.0,31.0
Loadshare Networks,3.5,476.0,Logistics,Bengaluru,1700.0,45.0,27.0,21.0
Gaurs Group,4.2,476.0,Real Estate,Noida,1600.0,31.0,16.0,24.0
Seoyon E-hwa Automotive,3.5,476.0,Auto Components,Chennai,2300.0,27.0,2.0,26.0
Oriental Structural Engineers,4.3,475.0,Engineering & Construction,New Delhi,1200.0,10.0,2.0,57.0
Pocket FM,2.7,475.0,Media & Entertainment,Bengaluru,2100.0,72.0,11.0,7.0
Majesco,3.2,475.0,IT Services & Consulting,Mumbai,3000.0,45.0,36.0,55.0
Polestar Analytics,4.0,476.0,IT Services & Consulting,Noida,1200.0,24.0,1.0,56.0
Symphony,4.6,474.0,Consumer Electronics & Appliances,Ahmedabad,1100.0,63.0,1.0,21.0
Marble Box,3.8,474.0,BPO,Kolkata,846.0,29.0,0.0,30.0
Texmaco Rail and Engineering,3.8,473.0,Engineering & Construction,Kolkata,1800.0,26.0,14.0,44.0
NKG Infrastructure,3.2,473.0,Engineering & Construction,New Delhi,1400.0,27.0,9.0,25.0
British Council,3.5,473.0,Education & Training,New Delhi,2000.0,27.0,13.0,55.0
Aimil Pharmaceuticals,3.6,473.0,Pharma,New Delhi,1800.0,24.0,3.0,46.0
AQM Technologies,3.0,473.0,IT Services & Consulting,Mumbai,3700.0,57.0,35.0,23.0
SMEC,3.7,473.0,Real Estate,Bengaluru,1500.0,30.0,46.0,46.0
Dharampal Premchand,4.3,473.0,FMCG,Noida,1300.0,25.0,2.0,42.0
Mahle Anand Thermal Systems,4.0,473.0,Auto Components,Pune,1700.0,32.0,0.0,29.0
Bandhan Life,3.3,473.0,Insurance,Mumbai,1300.0,17.0,30.0,27.0
Puravankara,3.4,473.0,Real Estate,Bengaluru,2100.0,26.0,41.0,7.0
Orion Innovation,3.5,473.0,IT Services & Consulting,Chennai,3800.0,47.0,1.0,12.0
Gokaldas Exports,3.9,472.0,Fashion & Textile,Bengaluru,1800.0,39.0,13.0,22.0
Magneti Marelli Motherson Auto System,3.9,472.0,Auto Components,Pune,1300.0,24.0,0.0,58.0
Indofil Industries,4.1,473.0,Agro Chemicals,Mumbai,2000.0,19.0,0.0,51.0
Kyungshin Industrial Motherson,3.3,471.0,Electrical Equipment,Chennai,2100.0,25.0,0.0,36.0
iNurture Education Solutions,2.5,471.0,EdTech,Bengaluru,1400.0,45.0,3.0,35.0
Mymd Healthcare,4.2,470.0,Internet,Kolkata,430.0,28.0,0.0,2.0
Pratham Education Foundation,4.2,471.0,Education & Training,New Delhi,999.0,17.0,0.0,50.0
Birla White,4.0,471.0,Building Material,Jodhpur,1300.0,40.0,0.0,35.0
Yutika Natural,3.6,471.0,Beauty & Personal Care,Indore,1100.0,27.0,7.0,18.0
Iksula,3.2,470.0,IT Services & Consulting,Mumbai,1800.0,35.0,2.0,108.0
Sulekha.com,3.3,470.0,Internet,Chennai,1600.0,23.0,1.0,45.0
Kolte Patil Developers,4.1,471.0,Real Estate,Pune,2000.0,22.0,30.0,48.0
Aizant Drug Research Solutions,4.3,470.0,Clinical Research,Hyderabad,1300.0,35.0,8.0,56.0
Haleon,3.5,470.0,Healthcare,Bengaluru,1700.0,54.0,75.0,7.0
Venky's,3.7,470.0,Food Processing,Pune,1600.0,27.0,5.0,34.0
Balmer Lawrie,3.5,471.0,Packaging,Kolkata,1900.0,33.0,0.0,39.0
St. Xavier's High School,3.7,469.0,Pharma,Gurugram,1500.0,19.0,35.0,47.0
Novotel Hotels,3.9,469.0,Hospitality,Mumbai,1300.0,27.0,0.0,76.0
Red Hat,4.3,469.0,Software Product,Pune,3800.0,64.0,27.0,46.0
SISL Infotech,3.5,469.0,IT Services & Consulting,New Delhi,2500.0,24.0,276.0,19.0
Paper Boat(Hector Beverages Pvt. Ltd.),3.9,469.0,Beverage,Bengaluru,1400.0,25.0,3.0,33.0
Honour Lab,3.9,469.0,Pharma,Hyderabad,1800.0,26.0,3.0,25.0
Caresoft Global,3.3,469.0,Automobile,Coimbatore,3400.0,52.0,2.0,48.0
Synopsys,3.5,468.0,Semiconductors,Bengaluru,4200.0,106.0,49.0,44.0
Eurokids,4.0,468.0,Education & Training,Mumbai,1400.0,19.0,0.0,34.0
Yusen Logistics,3.9,468.0,Logistics,Mumbai,1900.0,20.0,6.0,36.0
Del Monte Foods,4.0,468.0,Food Processing,Gurugram,1600.0,19.0,13.0,50.0
RPG Life Sciences,3.6,467.0,Pharma,Ankleshwar,1600.0,15.0,20.0,53.0
Dun & Bradstreet,3.1,468.0,Analytics & KPO,Mumbai,3100.0,43.0,30.0,52.0
Allegis Group,3.4,466.0,Recruitment,Bengaluru,2800.0,24.0,0.0,43.0
Ergode,3.1,466.0,IT Services & Consulting,Mumbai,1500.0,31.0,35.0,53.0
Rapido,3.5,467.0,Internet,Bengaluru,2500.0,43.0,2.0,28.0
Freecharge,3.7,466.0,FinTech,Gurugram,3200.0,71.0,14.0,19.0
Sahyadri Hospital,4.2,466.0,Healthcare,Pune,1500.0,33.0,46.0,33.0
Vision India Services,4.0,466.0,Recruitment,Noida,1500.0,57.0,0.0,23.0
Bada Business,4.0,465.0,Internet,New Delhi,1600.0,61.0,636.0,37.0
Neilsoft,3.1,465.0,Engineering & Construction,Pune,3200.0,49.0,89.0,33.0
Flamingo Pharmaceuticals,3.1,466.0,Pharma,Mumbai,1900.0,36.0,26.0,35.0
CodeClouds,3.8,466.0,Software Product,Kolkata,1200.0,60.0,36.0,127.0
Prodair Air Products,3.7,465.0,Oil & Gas,Pune,2400.0,29.0,0.0,18.0
Midland Microfin Limited,3.6,465.0,NBFC,Jalandhar,960.0,35.0,4.0,16.0
Ozone Overseas,3.8,467.0,Building Material,New Delhi,1600.0,34.0,5.0,37.0
Emergys,3.4,465.0,IT Services & Consulting,Pune,3300.0,44.0,37.0,25.0
Ashapura Group Of Industries,4.1,467.0,Metals & Mining,Bhuj,1800.0,32.0,8.0,45.0
TruBridge Healthcare Private Limited,3.8,465.0,Analytics & KPO,Mumbai,763.0,147.0,1.0,3.0
Godrej Jersey,4.1,464.0,Food Processing,Hyderabad,1400.0,29.0,4.0,10.0
Essjay Ericsson,4.2,464.0,Analytics & KPO,New Delhi,873.0,11.0,0.0,57.0
Subex,3.4,464.0,Telecom,Bengaluru,3200.0,38.0,7.0,53.0
HealthKart,3.9,464.0,Internet,Gurugram,2100.0,37.0,26.0,54.0
Saudi Binladin Group,4.2,464.0,Engineering & Construction,Jeddah,743.0,34.0,0.0,68.0
Railtel Corporation Of India,3.6,464.0,Hardware & Networking,New Delhi,2000.0,29.0,0.0,21.0
Flatworld Solutions,3.3,464.0,IT Services & Consulting,Bengaluru,2800.0,34.0,30.0,42.0
Bharat Bijlee,4.2,463.0,Electrical Equipment,Mumbai,1600.0,28.0,11.0,48.0
Nuvama Wealth and Investment,3.3,463.0,Financial Services,Mumbai,2500.0,20.0,13.0,8.0
Kataria Automobiles,3.6,463.0,Automobile,Ahmedabad,1600.0,21.0,7.0,33.0
Tutopia,4.5,462.0,EdTech,Kolkata,420.0,272.0,0.0,3.0
Cipla Health,4.2,462.0,Pharma,Mumbai,1500.0,46.0,0.0,35.0
Echobooom Management & Entrepreneurial Solutions,3.9,464.0,Marketing & Advertising,Mumbai,507.0,122.0,34.0,198.0
ByteDance,4.1,462.0,Internet,Gurugram,2200.0,38.0,10.0,58.0
Miracle Software Systems,3.8,461.0,IT Services & Consulting,Visakhapatnam,2000.0,44.0,12.0,25.0
Brembo Brake India,4.0,461.0,Auto Components,Pune,1600.0,22.0,3.0,40.0
ELGI Equipments,4.0,461.0,Industrial Machinery,Coimbatore,2100.0,28.0,43.0,47.0
Zscaler Softech,3.2,461.0,Software Product,Bengaluru,3300.0,84.0,94.0,35.0
LKQ INDIA,3.3,461.0,IT Services & Consulting,Bengaluru,2700.0,39.0,18.0,31.0
JNS Instruments,3.9,461.0,Industrial Machinery,Gurugram,1900.0,35.0,12.0,36.0
NeoGrowth Credit,3.3,466.0,NBFC,Mumbai,1800.0,33.0,6.0,33.0
B. Braun Medical,4.1,460.0,Healthcare,Mumbai,1700.0,22.0,14.0,65.0
Go Colors,3.9,460.0,Fashion & Textile,Chennai,1100.0,13.0,1.0,7.0
Almarai,4.2,460.0,Food Processing,Riyadh,859.0,25.0,0.0,65.0
The Indian Hotels Company,4.0,461.0,Hospitality,Mumbai,1900.0,30.0,0.0,43.0
Rieter,3.3,460.0,Hospitality,Pune,2400.0,31.0,4.0,52.0
UNIVO Education,3.5,460.0,EdTech,Noida,1600.0,41.0,6.0,10.0
Falcon Autotech,3.9,460.0,Industrial Automation,Noida,2000.0,54.0,2.0,40.0
NetApp,3.6,459.0,IT Services & Consulting,Bengaluru,4300.0,77.0,70.0,37.0
Bengal Beverages,3.0,459.0,Beverage,Kolkata,1500.0,38.0,4.0,30.0
Khadims,3.6,460.0,Fashion & Textile,Kolkata,1300.0,17.0,0.0,48.0
SirionLabs,3.9,459.0,Software Product,Gurugram,2000.0,29.0,5.0,45.0
Prism Cement,4.0,459.0,Building Material,Satna,1200.0,38.0,1.0,55.0
Mjunction Services,3.7,459.0,IT Services & Consulting,Kolkata,1900.0,26.0,0.0,45.0
Konexions Back Office Services,2.6,460.0,BPO,New Delhi,1700.0,37.0,5.0,13.0
Ciena,3.9,458.0,Telecom,Gurugram,3300.0,48.0,0.0,53.0
Corona Remedies,4.2,458.0,Pharma,Ahmedabad,1500.0,15.0,0.0,28.0
BSCPL Infrastructure,3.9,458.0,Engineering & Construction,Hyderabad,1300.0,31.0,2.0,49.0
Alankit,3.2,458.0,Financial Services,New Delhi,1200.0,59.0,44.0,28.0
AVAYA,3.3,457.0,Software Product,Pune,2900.0,46.0,1.0,42.0
Fuji Electric,3.6,458.0,Electronics Manufacturing,Chennai,1900.0,21.0,4.0,15.0
Usha Martin,4.0,456.0,Iron & Steel,Ranchi,1400.0,24.0,1.0,51.0
ZUCOL Services,3.8,456.0,IT Services & Consulting,Jaipur,766.0,122.0,19.0,16.0
Indian Immunologicals,4.1,457.0,Biotechnology,Hyderabad,1800.0,24.0,2.0,50.0
SMFG India Home Finance Co,3.7,456.0,NBFC,Mumbai,1200.0,27.0,0.0,5.0
Reliance Infrastructure,4.1,457.0,Engineering & Construction,Mumbai,2000.0,30.0,0.0,63.0
Tata Steel Utilities and Infrastructure Services,3.6,456.0,Engineering & Construction,Jamshedpur,1200.0,41.0,0.0,42.0
Portea Medical,3.7,456.0,Healthcare,Bengaluru,1300.0,35.0,8.0,41.0
Clean Harbors,3.3,456.0,Waste Management,Hyderabad,3000.0,41.0,106.0,28.0
OLX Autos,3.9,455.0,Internet,Gurugram,1500.0,31.0,0.0,0.0
Toyota,4.2,455.0,Automobile,Bengaluru,1900.0,50.0,0.0,50.0
Group Bayport,4.2,455.0,Printing & Publishing,Gurugram,1100.0,36.0,62.0,17.0
NOON.COM,3.2,455.0,Internet,Gurugram,2800.0,64.0,3.0,31.0
InfoBeans,3.3,455.0,IT Services & Consulting,Indore,3700.0,51.0,47.0,42.0
Thrillophilia,3.7,455.0,Travel & Tourism,Jaipur,1000.0,41.0,18.0,36.0
Knack RCM,3.0,454.0,BPO,Jaipur,1800.0,56.0,19.0,18.0
Flipkart Health+,3.6,454.0,Internet,Kolkata,1700.0,35.0,0.0,29.0
Mashreq Global Services,3.1,454.0,Banking,Bengaluru,2500.0,29.0,49.0,31.0
TCL,4.1,454.0,Consumer Electronics & Appliances,Tirupati,2200.0,47.0,0.0,27.0
Regency Hospital Ltd,4.0,454.0,Healthcare,Kanpur,1400.0,24.0,14.0,21.0
Meyer Organics,3.6,454.0,Pharma,Mumbai,1600.0,30.0,18.0,36.0
Deluxe Entertainment,3.5,454.0,Media & Entertainment,Bengaluru,2500.0,38.0,6.0,40.0
Mungi Group,3.9,454.0,Auto Components,Pune,1900.0,24.0,20.0,36.0
Transasia Bio-Medicals,3.2,454.0,Medical Equipment,Mumbai,1800.0,23.0,10.0,32.0
NR Switch N Radio Services,3.8,453.0,Telecom,Kota,1200.0,22.0,21.0,27.0
Tata Steel Downstream Products,3.6,453.0,Iron & Steel,Jamshedpur,1600.0,48.0,2.0,28.0
Talbros,3.9,453.0,Auto Components,Faridabad,1800.0,34.0,7.0,34.0
Indian Political Action Committee,2.8,453.0,Other,Kolkata,1700.0,52.0,0.0,15.0
TriGeo Technologies,3.2,452.0,IT Services & Consulting,Hyderabad,1700.0,28.0,0.0,38.0
Tata Steel Colors,3.7,453.0,Iron & Steel,Pune,1700.0,34.0,16.0,34.0
Vijai Electricals,3.6,452.0,Power,Hyderabad,1300.0,18.0,0.0,48.0
Orient Craft,3.8,451.0,Fashion & Textile,Gurugram,1400.0,8.0,0.0,61.0
State Street Bank,3.4,451.0,Banking,Bengaluru,3400.0,18.0,0.0,14.0
Freyr Solutions,3.6,452.0,IT Services & Consulting,Hyderabad,2800.0,34.0,5.0,22.0
e2open,3.4,451.0,Hospitality,Bengaluru,3700.0,65.0,4.0,36.0
Tyger Capital,3.9,451.0,Financial Services,Mumbai,1500.0,30.0,5.0,28.0
Kaya Skin Clinic,3.4,451.0,Beauty & Personal Care,Mumbai,1200.0,25.0,19.0,41.0
Fossil Group,3.9,451.0,Fashion & Textile,Bengaluru,2200.0,36.0,22.0,34.0
Ingersoll Rand,3.8,450.0,Industrial Machinery,Bengaluru,2600.0,38.0,81.0,38.0
Cimpress,3.8,450.0,Printing & Publishing,Mumbai,3100.0,70.0,11.0,34.0
Chettinad Cements,3.8,449.0,Building Material,Chennai,2000.0,42.0,0.0,20.0
NIFTEL COMMUNICATIONS,3.6,449.0,BPO,Lucknow,870.0,95.0,11.0,7.0
CMA CGM Global Business Services,4.0,449.0,Ports & Shipping,Chennai,2400.0,33.0,0.0,5.0
FabHotels,3.1,449.0,Hospitality,Gurugram,2100.0,46.0,3.0,24.0
DB Power Limited,4.7,449.0,Power,Raigarh,740.0,66.0,0.0,24.0
Intercontinental Exchange,3.2,449.0,Financial Services,Hyderabad,3100.0,45.0,0.0,7.0
Adani Logistics,3.7,449.0,Logistics,Ahmedabad,1900.0,16.0,0.0,13.0
Webkul Software,3.9,449.0,Software Product,Noida,1400.0,91.0,16.0,42.0
OnePlus,3.8,450.0,Consumer Electronics & Appliances,Bengaluru,2000.0,41.0,0.0,47.0
Nexteer Automotive,3.8,448.0,Auto Components,Bengaluru,2700.0,29.0,0.0,31.0
Vcare Trichology,3.5,448.0,Healthcare,Chennai,1900.0,45.0,22.0,15.0
Dee Piping System,4.1,449.0,Engineering & Construction,Faridabad,1600.0,30.0,7.0,25.0
SPAR Hypermarkets,4.0,448.0,Retail,Bengaluru,1300.0,25.0,6.0,41.0
Sunwoda Electronic India Pvt Ltd,3.9,447.0,Electronics Manufacturing,Noida,1900.0,41.0,0.0,44.0
Karvy Data Management,3.1,447.0,,Hyderabad,784.0,3.0,0.0,0.0
SABIC,4.1,448.0,Chemicals,Bengaluru,1500.0,34.0,0.0,52.0
Montecarlo Construction,4.2,447.0,Engineering & Construction,Ahmedabad,1400.0,51.0,0.0,44.0
Axis Finance,3.8,447.0,NBFC,Mumbai,2200.0,26.0,223.0,18.0
Premium Transmission,3.3,446.0,Industrial Machinery,Pune,2000.0,55.0,12.0,38.0
DesignTech Systems,3.4,446.0,IT Services & Consulting,Pune,2000.0,47.0,25.0,29.0
Arvind Fashions,3.7,446.0,Fashion & Textile,Bengaluru,1900.0,28.0,0.0,24.0
Siyaram Silk Mills,3.9,446.0,Fashion & Textile,Mumbai,1500.0,24.0,11.0,43.0
Aptech,3.2,446.0,Education & Training,Mumbai,1800.0,29.0,0.0,44.0
GS Lab,3.6,445.0,IT Services & Consulting,Pune,3000.0,64.0,5.0,34.0
AppInventiv Technologies,3.9,445.0,IT Services & Consulting,Noida,2800.0,86.0,10.0,68.0
Indian Institute of Technology Gandhinagar,4.2,445.0,Education & Training,New Delhi,2600.0,27.0,1.0,31.0
Bonfiglioli Transmissions Limited,3.5,445.0,Industrial Machinery,Chennai,1800.0,39.0,7.0,35.0
Skillmine Technology Consulting,3.8,445.0,Software Product,Bengaluru,1700.0,51.0,7.0,15.0
Theobroma Foods,3.9,445.0,Hospitality,Mumbai,1400.0,25.0,17.0,22.0
Mahindra Lifespace Developers,4.2,444.0,Real Estate,Mumbai,1900.0,27.0,11.0,49.0
SoftwareOne,3.8,444.0,Software Product,Gurugram,3700.0,53.0,46.0,48.0
Citykart Retail,3.7,444.0,Retail,Gurugram,975.0,30.0,2.0,25.0
Shiprocket Private Limited,3.4,444.0,Internet,Gurugram,3000.0,62.0,22.0,20.0
FM LOGISTIC,4.0,444.0,Logistics,Pune,1400.0,31.0,14.0,10.0
Infosys Consulting,3.4,444.0,IT Services & Consulting,Bengaluru,4100.0,181.0,0.0,63.0
Marksans Pharma,3.4,444.0,Pharma,South Goa,1900.0,31.0,15.0,21.0
Mazagon Dock,4.2,443.0,Ports & Shipping,Mumbai,1200.0,23.0,0.0,37.0
Fitelo,3.1,443.0,Fitness & Wellness,Sahibzada Ajit Singh Nagar,791.0,49.0,0.0,71.0
H & R Johnson,3.5,443.0,Building Material,Mumbai,1200.0,10.0,0.0,43.0
Rakuten Symphony,3.6,443.0,Telecom,Indore,3600.0,43.0,12.0,13.0
Western Union,2.8,442.0,FinTech,Pune,2800.0,39.0,6.0,41.0
Nidec Corporation,3.6,442.0,Electronics Manufacturing,Neemrana,1800.0,29.0,6.0,40.0
T.v. Sundram Iyengar & Sons,3.9,442.0,Automobile,Chennai,1100.0,10.0,0.0,47.0
Ami Lifesciences,3.8,442.0,Pharma,Vadodara,1900.0,21.0,0.0,21.0
Kothari Agritech,4.2,441.0,Building Material,Solapur,738.0,48.0,6.0,6.0
Flipkart Wholesale,3.9,442.0,Internet,Bengaluru,1100.0,74.0,0.0,28.0
Calsoft,2.8,441.0,IT Services & Consulting,Pune,3800.0,57.0,34.0,28.0
Hero Housing Finance,3.7,441.0,NBFC,New Delhi,1600.0,23.0,2.0,10.0
International Automotive Components,3.9,441.0,Auto Components,Pune,2100.0,27.0,11.0,25.0
Lambda Therapeutic Research,3.8,441.0,Clinical Research,Ahmedabad,1500.0,22.0,20.0,25.0
A. O. Smith India Water Products Private Limited,3.5,441.0,Consumer Electronics & Appliances,Bengaluru,1500.0,22.0,1.0,46.0
K D Hospital,4.5,440.0,Healthcare,Ahmedabad,359.0,23.0,0.0,7.0
Mann And Hummel Filter,3.9,440.0,Industrial Machinery,Bengaluru,1800.0,23.0,23.0,38.0
Nous Infosystems,3.5,440.0,IT Services & Consulting,Bengaluru,3600.0,51.0,34.0,36.0
Aker Solutions,4.0,440.0,Engineering & Construction,Mumbai,2200.0,37.0,1.0,43.0
National Organic Chemical Industries,3.7,440.0,Chemicals,Bharuch,1900.0,37.0,4.0,47.0
Asian Granito India,3.6,440.0,Building Material,Ahmedabad,1600.0,18.0,1.0,20.0
Learning Routes,4.5,440.0,EdTech,Gurugram,453.0,124.0,6.0,39.0
Jyoti CNC Automation,3.9,440.0,Industrial Machinery,Rajkot,1500.0,28.0,10.0,32.0
KLAY Preschool and Daycare,3.5,439.0,Education & Training,Bengaluru,1500.0,46.0,62.0,44.0
ANR Software Private Limited,4.1,439.0,IT Services & Consulting,Noida,1100.0,48.0,19.0,39.0
TotalEnergies,3.7,439.0,Oil & Gas,Mumbai,1700.0,36.0,18.0,43.0
Imarticus Learning,3.9,439.0,EdTech,Mumbai,1300.0,34.0,5.0,33.0
IndusInd Capital,3.9,439.0,Financial Services,Mumbai,1900.0,20.0,6.0,72.0
GTL Infrastructure,4.2,439.0,Hardware & Networking,Mumbai,916.0,14.0,0.0,45.0
Powerweave,3.3,439.0,BPO,Mumbai,1700.0,28.0,0.0,33.0
Orient Bell,3.4,439.0,Building Material,New Delhi,1500.0,24.0,3.0,37.0
Intelizign Lifecycle Services,3.8,439.0,IT Services & Consulting,Pune,2700.0,61.0,30.0,24.0
ZTE Corporation,4.1,439.0,Telecom,Gurugram,1200.0,21.0,2.0,65.0
Honeywell International India,4.0,439.0,Defence & Aerospace,Pune,2600.0,39.0,0.0,50.0
Spice Money,4.2,442.0,FinTech,Noida,1500.0,41.0,6.0,29.0
Ind-Swift Laboratories,3.8,438.0,Pharma,Chandigarh,1600.0,22.0,12.0,58.0
Kutchina,3.4,438.0,Consumer Electronics & Appliances,Kolkata,1200.0,16.0,2.0,24.0
Paynearby Technologies,3.9,438.0,FinTech,Mumbai,1600.0,30.0,0.0,23.0
Ensono,4.1,438.0,IT Services & Consulting,Pune,2700.0,31.0,54.0,25.0
Mintifi,3.4,438.0,Financial Services,Mumbai,1300.0,23.0,0.0,6.0
Bmm Ispat,3.9,438.0,Iron & Steel,Hosapete,1600.0,35.0,4.0,37.0
Lotte India Corporation,4.0,439.0,FMCG,Chennai,1500.0,33.0,37.0,37.0
Carrier Midea,3.5,438.0,Consumer Electronics & Appliances,Pune,1900.0,19.0,6.0,22.0
PULSUS HealthTech Group,3.2,438.0,Printing & Publishing,Visakhapatnam,1300.0,36.0,15.0,34.0
Motilal Oswal Private Wealth Management,4.5,437.0,Financial Services,Mumbai,283.0,83.0,0.0,4.0
FCM Travel,3.4,437.0,Travel & Tourism,New Delhi,1500.0,16.0,1.0,29.0
Groupon,3.0,437.0,Internet,Chennai,2300.0,46.0,0.0,39.0
Tessolve,3.2,438.0,Semiconductors,Bengaluru,3100.0,65.0,49.0,15.0
CES,3.4,438.0,IT Services & Consulting,Hyderabad,2700.0,59.0,27.0,39.0
IL&FS Engineering and Construction,4.4,437.0,Engineering & Construction,Hyderabad,929.0,17.0,6.0,56.0
ARMSOFTECH.AIR,3.3,437.0,IT Services & Consulting,Chennai,1400.0,31.0,4.0,52.0
Impact Guru,3.5,437.0,Internet,Mumbai,1700.0,81.0,104.0,7.0
Baramati Agro,3.8,437.0,Food Processing,Pune,1600.0,29.0,4.0,27.0
NCSI Technologies Pvt Ltd,3.7,438.0,IT Services & Consulting,Pune,1900.0,70.0,1.0,21.0
360 Realtors,3.5,436.0,Real Estate,Pune,1500.0,36.0,2.0,45.0
Tally Solutions,4.0,436.0,Software Product,Bengaluru,2400.0,49.0,33.0,50.0
Haldia Petrochemicals,3.7,436.0,Petrochemicals,Haldia,2100.0,43.0,3.0,49.0
IIMI Image Management Private Limited,4.0,436.0,BPO,Kolkata,558.0,56.0,2.0,8.0
RSWM Limited,4.0,436.0,Fashion & Textile,Bhilwara,1300.0,20.0,18.0,44.0
India Nippon Electricals,3.6,436.0,Electrical Equipment,Hosur,1600.0,25.0,35.0,58.0
Desun Hospital & Heart Institute,3.8,436.0,Healthcare,Kolkata,1100.0,31.0,14.0,24.0
Nagarjuna Fertilizers and Chemicals,4.1,435.0,Agro Chemicals,Kakinada,1300.0,19.0,0.0,55.0
Entrata,3.8,435.0,Software Product,Pune,2400.0,44.0,1.0,51.0
IMS People,3.6,435.0,Recruitment,Ahmedabad,2200.0,46.0,0.0,37.0
Ramada,3.8,435.0,Hospitality,Mumbai,1100.0,22.0,1.0,70.0
Samsonite,4.1,435.0,Retail,Nashik,1400.0,17.0,22.0,30.0
Ashiana Housing,4.0,435.0,Real Estate,Jaipur,1600.0,37.0,19.0,52.0
Astra Microwave Products,4.0,435.0,Defence & Aerospace,Hyderabad,2100.0,32.0,1.0,25.0
Chambal Fertilisers And Chemicals,3.7,436.0,Agro Chemicals,Kota,1600.0,29.0,0.0,37.0
Nowfloats Technologies,3.8,435.0,Software Product,Hyderabad,1100.0,25.0,0.0,67.0
Eurofins It Solutions,2.8,435.0,IT Services & Consulting,Bengaluru,3500.0,71.0,0.0,60.0
Samsung C&T,4.2,435.0,Engineering & Construction,Mumbai,1400.0,15.0,11.0,45.0
Hike Education Private Limited,4.3,434.0,EdTech,Gurugram,725.0,147.0,3.0,12.0
Silver Touch Technologies,2.9,434.0,IT Services & Consulting,New Delhi,2600.0,35.0,7.0,7.0
Capital Foods,4.2,433.0,Food Processing,Mumbai,1300.0,32.0,6.0,55.0
Pon Pure Chemical,3.6,433.0,Chemicals,Chennai,1500.0,28.0,15.0,34.0
CWT,3.4,433.0,Travel & Tourism,New Delhi,1400.0,9.0,0.0,58.0
Europa Locks,3.8,433.0,Building Material,Pune,1800.0,31.0,21.0,40.0
Self Practice,4.4,433.0,Analytics & KPO,New Delhi,5900.0,69.0,0.0,20.0
YKK,3.7,433.0,Fashion & Textile,Rewari,1400.0,27.0,0.0,48.0
ABCI Infrastructures,3.3,433.0,Engineering & Construction,Bengaluru,8100.0,85.0,4.0,55.0
Samsung SDS,3.0,432.0,IT Services & Consulting,Gurugram,2800.0,34.0,0.0,20.0
Motherhood Hospital,3.6,432.0,Healthcare,Bengaluru,1800.0,23.0,82.0,18.0
Le Méridien,4.1,432.0,Hospitality,New Delhi,1200.0,23.0,0.0,63.0
Systems Plus,4.2,431.0,IT Services & Consulting,Pune,1600.0,32.0,37.0,16.0
Novartis Healthcare,4.0,431.0,Pharma,Hyderabad,3100.0,23.0,2.0,48.0
Reshamandi,3.5,430.0,Fashion & Textile,Bengaluru,604.0,17.0,0.0,125.0
NR Consulting,4.6,431.0,IT Services & Consulting,Noida,337.0,96.0,266.0,21.0
Uniparts Group,3.7,432.0,Industrial Machinery,Noida,1600.0,23.0,1.0,33.0
Shyam Sel & Power,3.7,430.0,Electronics Manufacturing,Kolkata,1500.0,57.0,0.0,20.0
AIMLAY,4.7,431.0,EdTech,New Delhi,450.0,17.0,11.0,32.0
Buhler,3.8,429.0,Industrial Machinery,Bengaluru,1900.0,33.0,0.0,39.0
Universal Corporation,3.6,429.0,Consumer Electronics & Appliances,Kolkata,1300.0,22.0,2.0,20.0
Mahindra Last Mile Mobility,3.7,429.0,Automobile,Bengaluru,1300.0,23.0,0.0,4.0
B.C. Jindal Group of Companies,3.9,429.0,Iron & Steel,New Delhi,1100.0,29.0,0.0,16.0
TTK Healthcare,4.1,429.0,Medical Equipment,Chennai,1400.0,18.0,11.0,54.0
Daimler Truck,3.6,428.0,Automobile,Bengaluru,3100.0,42.0,38.0,3.0
Nettur Technical Training Foundation,3.6,428.0,Education & Training,Bengaluru,1100.0,28.0,3.0,38.0
Dorset Industries,4.4,428.0,Building Material,Gurugram,961.0,92.0,6.0,36.0
Aka Logistics,3.2,429.0,Logistics,Kolkata,1400.0,39.0,7.0,28.0
Franchise India Brands,2.8,428.0,Marketing & Advertising,New Delhi,1400.0,42.0,7.0,8.0
Viva Composite Panel,4.5,427.0,Building Material,Mumbai,647.0,104.0,35.0,13.0
Prolifics Corporation,3.5,427.0,IT Services & Consulting,Hyderabad,2500.0,65.0,43.0,25.0
Indigo Paints,3.8,427.0,Chemicals,Pune,1400.0,33.0,0.0,16.0
Oberoi Realty,4.3,427.0,Real Estate,Mumbai,2000.0,21.0,8.0,38.0
Rama Medical College Hospital & Research Centre,3.7,427.0,Healthcare,Kanpur,1300.0,39.0,0.0,45.0
Sagar Cements,4.3,427.0,Building Material,Hyderabad,1400.0,42.0,2.0,30.0
Bangalore International Airport,4.3,426.0,Aviation,Bengaluru,1600.0,35.0,3.0,34.0
Zealous Services,2.6,426.0,Design,Chennai,1200.0,22.0,1.0,51.0
Starbucks,4.1,426.0,Hospitality,Mumbai,1200.0,38.0,1.0,42.0
Indiafilings,3.9,426.0,Internet,Chennai,1100.0,162.0,36.0,16.0
Saama Technologies,3.6,426.0,IT Services & Consulting,Pune,3700.0,60.0,21.0,45.0
Global Indian International School,4.2,426.0,Education & Training,Noida,1000.0,21.0,43.0,55.0
Secure Value,3.4,426.0,IT Services & Consulting,Mumbai,864.0,20.0,0.0,22.0
V-Xpress,3.9,425.0,Logistics,Mumbai,1100.0,22.0,0.0,31.0
Bonace Engineers,4.0,426.0,Recruitment,Mumbai,1200.0,36.0,0.0,26.0
DataMetica,3.0,425.0,IT Services & Consulting,Pune,3000.0,49.0,48.0,20.0
Medica Superspecialty Hospital,3.9,425.0,Healthcare,Kolkata,1500.0,20.0,180.0,46.0
MyMoneyMantra,3.2,425.0,Internet,New Delhi,1800.0,15.0,0.0,11.0
Owens Corning,3.6,425.0,Building Material,Mumbai,1800.0,21.0,5.0,41.0
Tagros Chemicals,3.6,425.0,Agro Chemicals,Cuddalore,1900.0,40.0,14.0,41.0
National Bulk Handling Corporation,4.1,424.0,Agriculture,Mumbai,1100.0,23.0,9.0,41.0
Havmor Ice Cream,4.1,424.0,Food Processing,Ahmedabad,1300.0,30.0,0.0,46.0
Indian Overseas Bank,3.5,424.0,Banking,Chennai,1000.0,18.0,0.0,26.0
Roca Bathroom Products,3.7,424.0,Building Material,Chennai,1400.0,23.0,7.0,45.0
Apex Laboratories,3.9,424.0,Pharma,Chennai,1900.0,27.0,4.0,34.0
Adani Infra,3.7,424.0,Engineering & Construction,Ahmedabad,1800.0,42.0,0.0,6.0
P.D. Hinduja National Hospital and Medical Research Centre,3.9,424.0,Healthcare,Mumbai,2400.0,30.0,29.0,44.0
Enphase Energy,2.6,424.0,Power,Bengaluru,3200.0,58.0,36.0,19.0
Capital Trust,3.4,423.0,NBFC,New Delhi,846.0,23.0,0.0,28.0
Educomp Solutions,3.4,423.0,EdTech,Gurugram,630.0,5.0,0.0,46.0
Gtpl Hathway,4.0,423.0,Broadcasting,Ahmedabad,1900.0,29.0,15.0,25.0
myGate,3.0,424.0,Law Enforcement & Security,Bengaluru,2100.0,33.0,7.0,23.0
CogentHubCX.AI,3.1,423.0,BPO,Kolkata,925.0,37.0,16.0,20.0
The Belgian Waffle co,4.4,423.0,Hospitality,Mumbai,762.0,58.0,2.0,5.0
SKH Y-TEC,3.9,423.0,Auto Components,Ahmedabad,1300.0,32.0,0.0,23.0
Metrochem Api,3.1,423.0,Pharma,Hyderabad,2000.0,36.0,5.0,36.0
Qwik Supply Chain,3.9,424.0,,Mumbai,1100.0,28.0,0.0,17.0
Balaji Wafers,4.3,423.0,FMCG,Indore,1200.0,32.0,6.0,23.0
ITC Limited - Paperboards Specialty Papers Division,3.9,423.0,Packaging,Bhadrachalam,1600.0,19.0,3.0,38.0
PowerSchool India,3.3,423.0,Software Product,Bengaluru,3000.0,48.0,12.0,29.0
HYT Engineering Company Pvt Ltd,3.2,423.0,Industrial Machinery,Pune,1500.0,38.0,20.0,33.0
CapeStart,4.6,424.0,IT Services & Consulting,Nagercoil,656.0,87.0,44.0,134.0
Virchow Biotech,3.3,423.0,Pharma,Hyderabad,1700.0,27.0,0.0,37.0
Aliens Group,3.8,422.0,Real Estate,Hyderabad,1300.0,46.0,9.0,58.0
Venus Remedies,4.2,422.0,Pharma,Baddi,1000.0,43.0,68.0,83.0
Accelya Solutions India Limited,3.4,422.0,IT Services & Consulting,Mumbai,2700.0,51.0,19.0,31.0
Jubilant Biosys,3.5,422.0,Biotechnology,Bengaluru,2000.0,44.0,50.0,33.0
Unilever Global,3.6,422.0,FMCG,Bengaluru,909.0,32.0,0.0,8.0
Himatsingka Seide,3.5,422.0,Fashion & Textile,Bengaluru,1500.0,30.0,4.0,35.0
Slice,3.2,423.0,Banking,Bengaluru,2400.0,58.0,12.0,9.0
Ipsos,3.1,421.0,Analytics & KPO,Mumbai,2600.0,43.0,11.0,25.0
Agro Tech Foods,4.0,421.0,FMCG,Hyderabad,1100.0,22.0,17.0,38.0
Essar Group,3.8,421.0,Engineering & Construction,Mumbai,1900.0,33.0,5.0,52.0
Workcell Solutions,3.5,421.0,Pharma,Mumbai,1300.0,28.0,1.0,1.0
ArisGlobal,2.8,421.0,IT Services & Consulting,Bengaluru,2800.0,43.0,1.0,12.0
Raptakos Brett and Company,3.4,421.0,Pharma,Mumbai,1500.0,23.0,7.0,26.0
Indus Net Technologies,3.0,420.0,IT Services & Consulting,Kolkata,2000.0,35.0,8.0,21.0
Pole To Win,3.2,420.0,Gaming,Bengaluru,2000.0,62.0,27.0,44.0
Aramex,3.3,420.0,Logistics,Mumbai,1300.0,27.0,0.0,46.0
Gujarat Ambuja Exports,3.3,421.0,Agro Chemicals,Ahmedabad,1500.0,23.0,3.0,25.0
Indian Space Research Organisation,4.6,420.0,Defence & Aerospace,Bengaluru,1300.0,24.0,0.0,40.0
Bharat Aluminium Company (BALCO),3.9,419.0,Metals & Mining,Korba,1700.0,37.0,0.0,41.0
Odessa,3.6,419.0,Software Product,Bengaluru,2400.0,46.0,1.0,52.0
Copeland,3.8,420.0,Electronics Manufacturing,Pune,2500.0,26.0,35.0,3.0
BPTP,4.1,419.0,Real Estate,New Delhi,1400.0,29.0,23.0,50.0
VRB Consumer Products Private Limited,4.1,419.0,FMCG,New Delhi,1400.0,23.0,22.0,37.0
CGI India,4.1,419.0,Marketing & Advertising,Bengaluru,2000.0,9.0,0.0,63.0
Fortis Escorts Hospital,4.2,418.0,Healthcare,New Delhi,954.0,21.0,0.0,37.0
Magus Customer Dialog,3.9,418.0,BPO,Hyderabad,765.0,12.0,3.0,42.0
GRT Jewellers,4.1,418.0,Jewellery,Chennai,1600.0,31.0,12.0,22.0
Merck,4.0,418.0,Pharma,Bengaluru,2800.0,21.0,21.0,40.0
Kanpur Fertilizers & Chemicals,3.7,419.0,Agro Chemicals,Kanpur,1200.0,39.0,0.0,19.0
SHARE Microfin,4.2,418.0,Financial Services,Hyderabad,537.0,24.0,0.0,41.0
PC Jewellers,3.8,418.0,Metals & Mining,New Delhi,930.0,26.0,5.0,32.0
Core Integra Consulting Services,3.4,417.0,Recruitment,Mumbai,1300.0,26.0,0.0,24.0
Bank of Maharashtra,3.3,417.0,Banking,Pune,1500.0,20.0,0.0,31.0
Euler Motors,3.6,417.0,Automobile,New Delhi,1700.0,43.0,25.0,10.0
Oda Class,2.9,416.0,EdTech,Bengaluru,675.0,30.0,0.0,10.0
Onsitego,3.6,416.0,Internet,Mumbai,1400.0,20.0,14.0,30.0
Manhattan Associates,3.3,416.0,IT Services & Consulting,Bengaluru,3500.0,43.0,3.0,42.0
Win Medicare,4.1,416.0,Pharma,New Delhi,1000.0,24.0,0.0,31.0
Kailash Hospital,3.9,416.0,Healthcare,Noida,1000.0,24.0,0.0,23.0
V-bazaar Retail,3.9,416.0,Retail,Gurugram,945.0,35.0,0.0,26.0
Air Liquide,3.4,415.0,Chemicals,New Delhi,1700.0,39.0,58.0,41.0
Zenex Animal Health,4.7,415.0,Pharma,Ahmedabad,255.0,92.0,3.0,33.0
RDC Concrete (India),4.0,416.0,Real Estate,Mumbai,1300.0,40.0,3.0,35.0
Greet Technologies,2.7,415.0,BPO,Bengaluru,1300.0,40.0,0.0,28.0
Dodsal Engineering & Construction,4.5,414.0,Engineering & Construction,Mumbai,691.0,16.0,0.0,71.0
Gold Plus Glass,3.4,416.0,Other,Roorkee,1500.0,21.0,5.0,54.0
Auro Realty Private Limited,4.3,414.0,Real Estate,Hyderabad,1600.0,27.0,16.0,11.0
Hindustan Foods,3.6,414.0,FMCG,Hyderabad,1900.0,35.0,8.0,25.0
Sarvodaya Hospital,3.8,414.0,Healthcare,Faridabad,1500.0,21.0,218.0,25.0
Invensis Technologies,3.4,414.0,BPO,Bengaluru,2000.0,33.0,18.0,17.0
Eversendai,3.5,414.0,Engineering & Construction,Chennai,1600.0,32.0,3.0,42.0
Dixit Infotech Services,3.5,414.0,IT Services & Consulting,Mumbai,1500.0,29.0,3.0,22.0
PGP Glass,4.0,414.0,Packaging,Vadodara,1400.0,37.0,27.0,18.0
SolarSquare Energy,3.0,414.0,Power,Pune,1500.0,40.0,166.0,16.0
Piramal Swasthya,4.1,413.0,,Hyderabad,987.0,21.0,0.0,38.0
Schoolnet India,3.8,413.0,EdTech,Mumbai,1100.0,24.0,21.0,54.0
M Baazar,3.8,413.0,Retail,Kolkata,905.0,33.0,15.0,6.0
SMS India Private Limited,4.0,414.0,Engineering & Construction,Gurugram,2100.0,33.0,0.0,23.0
Spoton Logistics,4.4,412.0,Logistics,Bengaluru,1100.0,18.0,0.0,54.0
STUDDS Accessories Limited,4.0,413.0,Auto Components,Faridabad,1300.0,58.0,2.0,29.0
UCAL Fuel Systems,3.8,412.0,Auto Components,Chennai,1400.0,14.0,2.0,28.0
SML Isuzu,4.1,412.0,Automobile,Chandigarh,1500.0,30.0,8.0,35.0
ICFAI University,3.6,411.0,Education & Training,Hyderabad,862.0,24.0,0.0,42.0
Recpdcl.ltd,4.1,411.0,Facility Management Services,New Delhi,814.0,17.0,0.0,35.0
TVS Mobility,4.0,411.0,Automobile,Chennai,1500.0,37.0,6.0,13.0
Bses Yamuna Power,3.7,412.0,Power,New Delhi,1400.0,25.0,0.0,29.0
Venkateshwara Hatcheries,3.8,411.0,Food Processing,Pune,1500.0,13.0,0.0,32.0
Munjal Showa,3.2,411.0,Auto Components,Gurugram,1200.0,19.0,7.0,36.0
MAYORA,3.9,410.0,FMCG,Hyderabad,964.0,25.0,4.0,46.0
The Phoenix Mills,3.9,410.0,Real Estate,Mumbai,1900.0,26.0,14.0,27.0
Stanley Black & Decker,3.7,410.0,Industrial Machinery,Pune,1900.0,30.0,23.0,30.0
Leixir Dental Group,4.6,413.0,Healthcare,Gurugram,675.0,140.0,1.0,61.0
Thyssenkrupp Industrial Solutions,4.1,410.0,Industrial Machinery,Mumbai,1500.0,24.0,0.0,29.0
Adroit Synergies,3.1,411.0,BPO,Noida,1300.0,47.0,28.0,17.0
LOGISTEED India Pvt. Ltd.,4.0,409.0,Logistics,Chennai,1400.0,9.0,0.0,16.0
Writer Corporation,3.3,409.0,Logistics,Mumbai,1500.0,24.0,32.0,29.0
eNoah iSolution,3.8,409.0,IT Services & Consulting,Chennai,2300.0,33.0,16.0,19.0
CEVA Logistics,3.8,409.0,Logistics,Mumbai,1500.0,14.0,0.0,29.0
Huron,3.7,409.0,Management Consulting,Bengaluru,3000.0,39.0,203.0,22.0
Black Knight,3.5,409.0,IT Services & Consulting,Hyderabad,2600.0,29.0,0.0,43.0
Etech Global Services,3.6,409.0,BPO,Gandhinagar,1800.0,45.0,4.0,43.0
CANTABIL RETAIL INDIA,3.9,409.0,Fashion & Textile,New Delhi,1100.0,29.0,4.0,13.0
Hexagon Nutrition,4.0,409.0,Food Processing,Mumbai,1000.0,20.0,21.0,132.0
Azentio,3.1,409.0,Software Product,Chennai,3700.0,48.0,4.0,11.0
L&T Heavy Engineering,3.7,409.0,,Surat,853.0,31.0,0.0,33.0
Cheil India,2.8,409.0,Marketing & Advertising,Gurugram,2100.0,19.0,4.0,49.0
Nyati Group,4.2,410.0,Real Estate,Pune,1500.0,37.0,1.0,25.0
Hanon Systems,4.0,408.0,Auto Components,Chennai,1600.0,16.0,3.0,52.0
Broadcom,3.2,408.0,Semiconductors,Bengaluru,3100.0,45.0,37.0,37.0
MRF Vapocure Paints,4.0,408.0,Chemicals,Chennai,1300.0,33.0,0.0,18.0
American Axle & Manufacturing,4.3,408.0,Auto Components,Pune,1500.0,27.0,0.0,38.0
Gravita,4.4,408.0,Metals & Mining,Jaipur,1200.0,63.0,29.0,30.0
Christian Medical College,4.1,408.0,Education & Training,Vellore,1300.0,14.0,2.0,29.0
The Hans Foundation,4.1,408.0,Non-Profit,New Delhi,809.0,41.0,132.0,4.0
Marelli Motherson Automotive Lighting,3.7,411.0,Auto Components,Pune,1500.0,28.0,0.0,15.0
Acadecraft,3.6,408.0,EdTech,Noida,890.0,62.0,2.0,48.0
Muthoot Housing Finance Company,4.1,408.0,NBFC,Mumbai,1200.0,32.0,16.0,10.0
Uplers,3.6,408.0,Internet,Ahmedabad,1700.0,47.0,9.0,108.0
Kuehne + Nagel,3.6,407.0,Logistics,Gurugram,1700.0,27.0,4.0,43.0
Al Turki Enterprises,3.5,407.0,Oil & Gas,Muscat,941.0,16.0,0.0,50.0
Roop Automotives,4.2,407.0,Auto Components,Gurugram,1300.0,31.0,0.0,40.0
ClearTax,3.0,407.0,IT Services & Consulting,Bengaluru,2400.0,50.0,37.0,18.0
Aeries Technology,3.1,408.0,IT Services & Consulting,Bengaluru,2600.0,34.0,149.0,34.0
Karamtara Engineering Limited,3.6,407.0,Engineering & Construction,Mumbai,1600.0,44.0,15.0,25.0
Gps Renewables,4.0,407.0,Oil & Gas,Bengaluru,966.0,90.0,4.0,6.0
Bosch Rexroth India,3.9,407.0,Industrial Machinery,Ahmedabad,1600.0,20.0,0.0,44.0
Tudip Technologies,3.9,406.0,IT Services & Consulting,Pune,1600.0,90.0,35.0,57.0
Connectwise India,3.3,406.0,IT Services & Consulting,Pune,2900.0,61.0,5.0,40.0
Wonderla Holidays,4.4,407.0,Events,Bengaluru,1100.0,40.0,37.0,48.0
Welspun Flooring,3.8,406.0,Building Material,Hyderabad,1200.0,22.0,0.0,25.0
Thermax Babcock Wilcox Energy Solutions,4.1,405.0,Industrial Machinery,Pune,1800.0,25.0,0.0,23.0
S. M. Auto Engineering,3.4,406.0,Auto Components,Pune,1500.0,27.0,2.0,14.0
Mettler-Toledo,3.5,405.0,Electrical Equipment,Mumbai,2100.0,27.0,1.0,43.0
ABC Consultants,3.9,405.0,Recruitment,Bengaluru,28000.0,244.0,0.0,21.0
Mantra Properties,4.2,405.0,Real Estate,Pune,954.0,40.0,15.0,20.0
National Fertilizers,4.3,404.0,Agro Chemicals,Bathinda,1100.0,30.0,0.0,41.0
Burns & McDonnell,4.1,404.0,Engineering & Construction,Mumbai,2400.0,54.0,13.0,35.0
Pearson Education India,3.8,404.0,Education & Training,Bengaluru,1700.0,9.0,57.0,50.0
GE Vernova T&D India,4.1,403.0,Power,Chennai,1600.0,11.0,0.0,44.0
GMR Hyderabad International Airport,4.0,404.0,Aviation,Hyderabad,1300.0,21.0,0.0,49.0
Call 2 Connect,2.5,404.0,BPO,Mumbai,1100.0,21.0,1.0,14.0
Icertis,3.3,403.0,Software Product,Pune,3300.0,59.0,19.0,50.0
Tirumala Milk Products,4.2,403.0,Food Processing,Chennai,1100.0,34.0,12.0,40.0
Shree Baidyanath Ayurved Bhawan,3.8,403.0,Pharma,Kolkata,1200.0,34.0,4.0,24.0
Sunstone,3.7,403.0,Education & Training,Gurugram,1700.0,26.0,53.0,24.0
Federal Mogul Goetze,3.9,403.0,Auto Components,Bengaluru,1400.0,17.0,0.0,50.0
Evoke Technologies,3.6,402.0,IT Services & Consulting,Hyderabad,3000.0,30.0,23.0,19.0
Mindlance,3.6,402.0,Recruitment,Noida,1600.0,30.0,0.0,30.0
Cooper Corporation,4.1,402.0,Auto Components,Satara,1500.0,55.0,23.0,35.0
Sedemac Mechatronics,4.0,402.0,Emerging Technologies,Pune,1600.0,37.0,1.0,33.0
Netlink Software,3.1,402.0,IT Services & Consulting,Bhopal,2200.0,23.0,13.0,41.0
Nuziveedu Seeds,3.8,402.0,Agriculture,Hyderabad,1200.0,33.0,3.0,31.0
VTP Realty,3.5,402.0,Real Estate,Pune,2000.0,43.0,21.0,9.0
Hajee A P Bava Construction,3.8,402.0,Engineering & Construction,Hyderabad,967.0,15.0,6.0,27.0
Konecranes,3.9,401.0,Industrial Machinery,Pune,1900.0,23.0,4.0,55.0
Parksons Packaging,4.1,401.0,Packaging,Mumbai,1500.0,17.0,8.0,30.0
Dorf Ketal Chemicals,4.0,401.0,Oil & Gas,Mumbai,1900.0,23.0,8.0,30.0
SPRINKLR,2.9,401.0,Software Product,Bengaluru,4100.0,115.0,55.0,29.0
BCH Electric,4.0,401.0,Electrical Equipment,Faridabad,1500.0,23.0,19.0,32.0
Repco Home Finance,3.5,400.0,NBFC,Chennai,1000.0,19.0,0.0,21.0
RSM US in India,3.4,400.0,Management Consulting,Bengaluru,3900.0,53.0,321.0,15.0
Epsilon Carbon,3.9,400.0,Chemicals,Ballari,1900.0,42.0,2.0,40.0
Hurix Digital,3.1,400.0,IT Services & Consulting,Chennai,1900.0,39.0,30.0,27.0
Nobel Hygiene,3.9,401.0,Healthcare,Mumbai,1300.0,24.0,30.0,34.0
Wellness Forever Lifestyle Chemist,3.9,400.0,Retail,Mumbai,1200.0,29.0,0.0,15.0
GE Aerospace,4.0,400.0,Defence & Aerospace,Pune,2000.0,24.0,0.0,2.0
Nissan,3.6,399.0,Automobile,Chennai,1800.0,29.0,0.0,30.0
Agilent Technologies,3.9,399.0,Pharma,Gurugram,2000.0,23.0,118.0,55.0
Indian Metals & Ferro Alloys,3.7,399.0,Iron & Steel,Bhubaneswar,1500.0,16.0,0.0,37.0
Triumphant Institute of Management Education,3.7,399.0,Education & Training,Hyderabad,1300.0,17.0,5.0,31.0
Publicis,3.5,399.0,Marketing & Advertising,Gurugram,4200.0,57.0,0.0,29.0
GSP Crop Science,4.0,399.0,Agro Chemicals,Vadodara,1500.0,32.0,13.0,27.0
D.p. Jain & Co. Infrastructure Pvt .,3.1,399.0,Engineering & Construction,Nagpur,1300.0,34.0,4.0,27.0
Smartworks,3.2,400.0,Real Estate,Bengaluru,2300.0,46.0,40.0,20.0
Shakti Pumps,3.7,399.0,Industrial Machinery,Indore,1500.0,41.0,113.0,29.0
Medline Industries India Private Limited,3.8,399.0,Medical Equipment,Pune,2700.0,49.0,5.0,25.0
Ambuja Neotia,3.8,399.0,Real Estate,Kolkata,1300.0,16.0,1.0,28.0
XL Health,4.2,398.0,Healthcare,Bengaluru,1500.0,24.0,0.0,55.0
Diverse Lynx,3.3,398.0,IT Services & Consulting,Noida,2000.0,23.0,4300.0,7.0
ABM Knowledgeware,3.7,398.0,IT Services & Consulting,Mumbai,1500.0,34.0,6.0,33.0
LeadSquared,2.7,398.0,Software Product,Bengaluru,3200.0,73.0,42.0,18.0
Merck Life Science,4.0,398.0,Pharma,Bengaluru,2900.0,22.0,0.0,28.0
Imarque Solutions,3.1,398.0,BPO,Chennai,1400.0,21.0,48.0,15.0
Karvy DigiKonnect,3.2,398.0,Financial Services,Hyderabad,1200.0,8.0,0.0,26.0
Kcc Buildcon,4.0,398.0,Engineering & Construction,Gurugram,1500.0,32.0,3.0,26.0
Examity,3.3,398.0,EdTech,Hyderabad,1800.0,38.0,5.0,31.0
Motherson Technology Services,3.3,398.0,IT Services & Consulting,Noida,2400.0,38.0,1.0,3.0
Alfa Laval,3.9,398.0,Industrial Machinery,Pune,1900.0,35.0,0.0,45.0
Jamna Auto Industries,3.9,397.0,Auto Components,Chennai,1700.0,20.0,2.0,37.0
Supertech,3.9,397.0,Real Estate,Noida,1600.0,19.0,0.0,33.0
Park Hospital,3.7,397.0,Healthcare,Gurugram,1300.0,28.0,19.0,14.0
Rosmerta Technologies,3.3,397.0,Auto Components,Gurugram,1700.0,33.0,3.0,14.0
Hexagon Capability Center,4.0,397.0,IT Services & Consulting,Hyderabad,2900.0,43.0,0.0,60.0
Kennametal,3.5,397.0,Industrial Machinery,Bengaluru,1900.0,31.0,28.0,37.0
Ess Kay Fincorp,4.2,396.0,NBFC,Jaipur,956.0,13.0,39.0,35.0
VIT University,4.0,396.0,Education & Training,Vellore,1500.0,36.0,70.0,27.0
Indifi Technologies,3.8,396.0,FinTech,Gurugram,1900.0,48.0,19.0,23.0
Scientific Publishing Services,3.8,396.0,Analytics & KPO,Chennai,1300.0,18.0,0.0,44.0
Everest Spices,3.8,396.0,FMCG,Mumbai,1200.0,17.0,2.0,18.0
Watertec India,3.7,396.0,Building Material,Coimbatore,1400.0,15.0,54.0,29.0
Accel Frontline,4.3,395.0,IT Services & Consulting,Chennai,755.0,7.0,0.0,42.0
HL Mando,4.0,395.0,Auto Components,Chennai,1500.0,25.0,0.0,8.0
Teamspace Financial Services,4.0,395.0,Recruitment,Mumbai,1100.0,23.0,4.0,11.0
Columbia Petro Chem,4.2,395.0,Oil & Gas,Mumbai,571.0,21.0,2.0,68.0
NTT Global Data Centers and Cloud Infrastructure,3.9,395.0,IT Services & Consulting,Mumbai,2200.0,28.0,0.0,10.0
Fosroc India,4.3,395.0,Chemicals,Bengaluru,1400.0,26.0,2.0,41.0
Omnicom Global Solutions,3.3,395.0,Marketing & Advertising,Bengaluru,2800.0,19.0,76.0,12.0
Grey Orange,3.1,395.0,Software Product,Gurugram,2300.0,47.0,12.0,49.0
Coronis Health,3.3,395.0,Analytics & KPO,Sahibzada Ajit Singh Nagar,1200.0,28.0,2.0,14.0
JBS Enterprises,3.2,394.0,Electronics Manufacturing,Mumbai,1000.0,27.0,5.0,39.0
Bharat Rasayan,3.9,394.0,Agro Chemicals,Bharuch,1600.0,37.0,2.0,41.0
Sumitomo Chemical,4.1,394.0,Chemicals,Bhavnagar,1600.0,21.0,46.0,24.0
People Prime Worldwide,4.1,394.0,Recruitment,Hyderabad,1500.0,64.0,1.0,18.0
Arjas Steel,3.8,395.0,Iron & Steel,Anantapur,1300.0,24.0,2.0,35.0
Elentec Power India (EPI) Pvt. Ltd.,3.9,394.0,IT Services & Consulting,Noida,1400.0,38.0,24.0,52.0
Amri Hospital,4.0,394.0,Healthcare,Kolkata,1200.0,27.0,0.0,32.0
Acme Generics LLP,3.3,394.0,Pharma,Baddi,1200.0,17.0,0.0,21.0
Phenom,3.3,395.0,Software Product,Hyderabad,2400.0,66.0,36.0,30.0
Sangeetha Mobile,3.6,394.0,Retail,Bengaluru,1500.0,20.0,5.0,25.0
SYSTRA,3.9,394.0,Engineering & Construction,New Delhi,1500.0,29.0,0.0,22.0
Vidal Health Tpa,3.3,393.0,Insurance,Bengaluru,1300.0,32.0,19.0,35.0
Siemens Healthcare,4.0,393.0,Healthcare,Bengaluru,2300.0,11.0,85.0,44.0
Servion Global Solutions,3.0,393.0,IT Services & Consulting,Chennai,2500.0,36.0,15.0,29.0
IPE Global,3.8,393.0,Management Consulting,New Delhi,1100.0,27.0,73.0,41.0
Elecon Engineering,4.2,393.0,Electrical Equipment,Anand,1500.0,24.0,6.0,33.0
Jeeves Consumer Services,3.5,393.0,Consumer Electronics & Appliances,Bengaluru,864.0,35.0,3.0,34.0
Healthcare At Home,3.8,393.0,Healthcare,Mumbai,1300.0,30.0,8.0,29.0
US Tech Solutions,3.6,393.0,Recruitment,Noida,2100.0,22.0,0.0,25.0
Sandvik Mining and Rock Technology,4.1,393.0,Industrial Machinery,Pune,1700.0,32.0,0.0,27.0
Helloverify,2.8,393.0,Law Enforcement & Security,Noida,1600.0,35.0,1.0,27.0
AgreeYa Solutions,3.1,392.0,IT Services & Consulting,Noida,2400.0,27.0,10.0,17.0
Capri Global Housing Finance,3.6,394.0,NBFC,Mumbai,1200.0,25.0,0.0,11.0
MSCI,3.6,392.0,Financial Services,Mumbai,3700.0,58.0,26.0,24.0
Arcesium,3.4,392.0,IT Services & Consulting,Hyderabad,3900.0,95.0,36.0,58.0
Dynacons Systems & Solutions,3.7,392.0,IT Services & Consulting,Mumbai,1400.0,28.0,37.0,18.0
Krishna Group,4.0,392.0,Auto Components,Gurugram,1600.0,33.0,6.0,4.0
S2 Infotech,3.5,391.0,Recruitment,Mumbai,1500.0,13.0,0.0,19.0
Ven Consulting,3.2,391.0,Recruitment,Bengaluru,966.0,46.0,0.0,7.0
Indraprastha Gas,3.9,391.0,Oil & Gas,New Delhi,1700.0,21.0,0.0,31.0
Jade Global,3.4,391.0,IT Services & Consulting,Pune,3100.0,47.0,300.0,25.0
Intelliswift - An LTTS Company,3.2,391.0,IT Services & Consulting,Bengaluru,2400.0,32.0,5.0,16.0
Ryan,4.0,391.0,Accounting & Auditing,Hyderabad,1900.0,32.0,2.0,137.0
Duroshox,4.1,391.0,Engineering & Construction,Pune,1100.0,21.0,3.0,24.0
Navi Limited,3.1,391.0,FinTech,Bengaluru,2400.0,69.0,49.0,18.0
TrueBlue,3.5,391.0,Recruitment,Gurugram,2400.0,29.0,1.0,24.0
Moolchand Hospital,4.1,391.0,Healthcare,New Delhi,758.0,22.0,12.0,12.0
OodlesTechnologies,3.2,390.0,IT Services & Consulting,Gurugram,1500.0,81.0,3.0,24.0
G. D. Foods MFG (TOPS),3.8,390.0,Food Processing,New Delhi,967.0,24.0,13.0,31.0
SRM University,3.6,390.0,Education & Training,Chennai,1500.0,31.0,8.0,33.0
Veeda Clinical Research,3.4,390.0,Clinical Research,Ahmedabad,1500.0,14.0,19.0,34.0
Técnicas Reunidas,3.9,390.0,Engineering & Construction,Bengaluru,1700.0,36.0,0.0,25.0
Sleek International,3.5,390.0,Furniture & Furnishing,Mumbai,1200.0,31.0,0.0,44.0
Intercontinental Consultants & Technocrats,4.1,390.0,Engineering & Construction,New Delhi,1100.0,32.0,6.0,26.0
Grand Hyatt,4.3,390.0,Hospitality,Mumbai,954.0,13.0,0.0,51.0
RNFI Services,3.2,389.0,FinTech,New Delhi,1100.0,21.0,0.0,7.0
Kaddacon Systems,4.6,389.0,IT Services & Consulting,Pune,0.0,18.0,0.0,0.0
Agarwal Packers and Movers Limited,3.3,389.0,Logistics,New Delhi,1600.0,18.0,18.0,16.0
Rubicon Research,3.3,389.0,Pharma,Mumbai,2000.0,28.0,21.0,25.0
Rail Vikas Nigam,3.5,389.0,FMCG,New Delhi,1100.0,15.0,0.0,30.0
World Vision,4.2,390.0,Non-Profit,Chennai,728.0,22.0,0.0,31.0
Kores,3.5,389.0,FMCG,Mumbai,1700.0,20.0,17.0,22.0
Synokem Pharmaceuticals,3.9,389.0,Pharma,Haridwar,1600.0,16.0,10.0,11.0
Polybond India,3.7,389.0,Auto Components,Pune,1500.0,19.0,20.0,26.0
Amartex Industries,4.5,393.0,Fashion & Textile,Panchkula,334.0,27.0,5.0,125.0
Paragon Footwear,4.0,389.0,Fashion & Textile,Bengaluru,1400.0,21.0,1.0,9.0
Transact Global,4.6,388.0,BPO,Bengaluru,410.0,95.0,40.0,11.0
ANTOLIN,3.7,388.0,Auto Components,Pune,1800.0,29.0,4.0,29.0
Eisai Pharmaceuticals,4.0,388.0,Healthcare,Visakhapatnam,1300.0,26.0,0.0,49.0
Centre For Sight,3.9,388.0,Healthcare,New Delhi,1300.0,21.0,30.0,33.0
Mobileum,3.2,388.0,Software Product,Bengaluru,2400.0,42.0,11.0,89.0
Bliss Gvs Pharma,4.1,388.0,Pharma,Mumbai,1700.0,30.0,4.0,17.0
Expedia Group,3.6,388.0,Travel & Tourism,Gurugram,3800.0,89.0,33.0,28.0
Alfanar,4.0,388.0,Electronics Manufacturing,Chennai,951.0,25.0,48.0,58.0
The Hershey Company,3.9,388.0,Food Processing,Mumbai,1200.0,22.0,25.0,26.0
Methodex,3.9,388.0,Law Enforcement & Security,New Delhi,1300.0,16.0,7.0,31.0
JUSTO Realfintech,4.4,388.0,Real Estate,Pune,711.0,124.0,45.0,6.0
Runwal Group,3.9,388.0,Real Estate,Mumbai,1800.0,26.0,0.0,38.0
Milkbasket,3.9,388.0,Internet,Gurugram,1700.0,30.0,0.0,19.0
Computacenter,3.9,388.0,IT Services & Consulting,Bengaluru,2800.0,45.0,39.0,28.0
Rainbow Hospital,3.7,387.0,Healthcare,Hyderabad,1700.0,21.0,0.0,13.0
Hathi Cement,4.1,387.0,Building Material,Porbandar,1200.0,25.0,15.0,26.0
Berkadia,3.8,388.0,Real Estate,Hyderabad,2400.0,32.0,2.0,37.0
Ultra Corpotech,4.0,388.0,Industrial Machinery,Pune,2000.0,25.0,13.0,8.0
Lauritz Knudsen Electrical & Automation,4.1,388.0,Electronics Manufacturing,Mumbai,1600.0,23.0,0.0,23.0
SATTVA,4.3,386.0,Real Estate,Bengaluru,1700.0,30.0,0.0,24.0
Hays Business Solutions,3.4,386.0,Recruitment,Noida,2000.0,23.0,4.0,41.0
Vectus Industries,4.1,386.0,Petrochemicals,Noida,1300.0,19.0,3.0,55.0
AQuity Solutions India,3.7,386.0,IT Services & Consulting,Hyderabad,2000.0,41.0,0.0,24.0
Brick&Bolt,3.3,385.0,Engineering & Construction,Bengaluru,1400.0,39.0,12.0,8.0
Xdbs,2.7,385.0,Marketing & Advertising,Pune,1600.0,39.0,0.0,41.0
Lloyds Metals And Energy,3.7,386.0,Metals & Mining,Chandrapur,1500.0,41.0,1.0,7.0
Yellow Diamond,4.0,385.0,FMCG,Indore,1100.0,24.0,6.0,16.0
Srei Equipment Finance,4.2,384.0,Financial Services,Kolkata,1000.0,11.0,0.0,47.0
Sharda University,3.7,384.0,Education & Training,Greater Noida,1700.0,27.0,6.0,35.0
Tega Industries,3.6,384.0,Industrial Machinery,Kolkata,1500.0,27.0,8.0,33.0
OneSource Specialty Pharma Limited,3.8,384.0,Pharma,Bengaluru,1800.0,44.0,0.0,40.0
Bss Microfinance,3.8,384.0,Financial Services,Bengaluru,871.0,18.0,0.0,12.0
Glaze Trading India,4.3,383.0,Retail,New Delhi,886.0,17.0,0.0,45.0
Lumino Industries,3.7,383.0,Electrical Equipment,Kolkata,1100.0,25.0,3.0,15.0
Bellsonica Auto Component,3.9,383.0,Auto Components,Gurugram,1300.0,24.0,5.0,28.0
SRMB SRIJAN,3.4,383.0,Iron & Steel,Kolkata,1200.0,37.0,50.0,24.0
MCM Telecom Equipment,3.9,382.0,Electronics Manufacturing,Noida,866.0,18.0,1.0,43.0
Rahee Group,3.9,382.0,Railways,Kolkata,1200.0,39.0,11.0,17.0
SiliconIndia,2.7,382.0,Printing & Publishing,Bengaluru,1800.0,30.0,2.0,8.0
Vaibhav Global,3.3,382.0,Jewellery,Jaipur,1600.0,29.0,36.0,38.0
Pharmarack Technologies,3.5,382.0,Pharma,Pune,1800.0,34.0,0.0,26.0
Kirloskar Toyota Textile Machinery,4.5,382.0,Industrial Machinery,Bengaluru,803.0,21.0,2.0,45.0
A-1 Fence Products,4.0,382.0,Building Material,Mumbai,1000.0,63.0,0.0,56.0
Andromeda Sales ans Distribution PVT LTD,3.2,381.0,Internet,Mumbai,1500.0,22.0,5.0,15.0
Endava,3.4,381.0,IT Services & Consulting,Bengaluru,2500.0,29.0,0.0,26.0
Capital Small Finance Bank,3.5,381.0,Banking,Jalandhar,1400.0,13.0,5.0,23.0
Foundit,3.2,381.0,,Hyderabad,2000.0,37.0,0.0,1.0
Heavy Engineering Industries & Shipbuilding,3.9,382.0,Engineering & Construction,Kuwait City,667.0,16.0,0.0,6.0
Berar Finance,3.6,381.0,NBFC,Nagpur,1000.0,22.0,0.0,6.0
K L University,3.9,381.0,Education & Training,Vijayawada,1200.0,50.0,3.0,31.0
Labournet Services,4.0,381.0,Non-Profit,Bengaluru,895.0,24.0,6.0,53.0
Dimension Data,4.5,380.0,IT Services & Consulting,Bengaluru,1200.0,8.0,0.0,38.0
Campus Activewear,4.1,381.0,Fashion & Textile,New Delhi,1600.0,23.0,6.0,10.0
Apmosys Technologies,3.1,380.0,IT Services & Consulting,Mumbai,2900.0,56.0,14.0,12.0
Apcer Life Sciences,3.5,380.0,Pharma,Ahmedabad,1300.0,23.0,1.0,24.0
Concord Biotech,3.8,380.0,Pharma,Ahmedabad,2000.0,23.0,15.0,23.0
Pranav Vikas India Private Limited,3.8,380.0,Automobile,Faridabad,1300.0,33.0,3.0,31.0
Data-Core Systems,2.9,379.0,IT Services & Consulting,Kolkata,1200.0,25.0,4.0,37.0
QUADRANT TECHNOLOGIES INDIA PRIVATE LIMITED,3.7,379.0,IT Services & Consulting,Hyderabad,2300.0,60.0,31.0,14.0
Awign Enterprises,3.7,380.0,Internet,Bengaluru,1200.0,47.0,40.0,13.0
Civica India,3.0,379.0,IT Services & Consulting,Vadodara,2100.0,38.0,3.0,18.0
SOTC Travel Limited,4.4,379.0,Travel & Tourism,Mumbai,1200.0,36.0,13.0,51.0
Jawahar Navodaya Vidyalaya,4.4,379.0,Education & Training,New Delhi,529.0,20.0,0.0,33.0
Captain Steel India Limited,3.7,379.0,Iron & Steel,Kolkata,921.0,25.0,28.0,11.0
Priya Cement,4.2,379.0,Building Material,Kurnool,1100.0,18.0,0.0,35.0
RWS Group,3.6,378.0,IT Services & Consulting,Indore,2300.0,33.0,16.0,16.0
PropTiger.com,3.8,378.0,Internet,Gurugram,1200.0,24.0,0.0,69.0
Wagh Bakri Tea Group,4.2,379.0,Beverage,Ahmedabad,1300.0,30.0,7.0,39.0
Rithwik Projects,3.9,378.0,Engineering & Construction,Hyderabad,1200.0,40.0,8.0,21.0
Cashpor Micro Credit,3.6,377.0,NBFC,Varanasi,862.0,28.0,0.0,24.0
Sunflag Iron and Steel,3.6,378.0,Iron & Steel,Bhandara,1200.0,32.0,4.0,28.0
KaaShiv InfoTech Company,4.8,377.0,EdTech,Chennai,227.0,37.0,0.0,2.0
Associated Road Carriers,4.1,377.0,Logistics,Hyderabad,1200.0,26.0,3.0,16.0
Utkarsh India,3.6,377.0,Iron & Steel,Kolkata,1300.0,52.0,1.0,18.0
Hilex,3.8,377.0,Automobile,Chennai,1200.0,18.0,9.0,35.0
Vedant Fashions,4.1,377.0,Fashion & Textile,Kolkata,1300.0,22.0,2.0,24.0
Gufic Biosciences,3.2,377.0,Pharma,Mumbai,1500.0,16.0,12.0,23.0
WPP,2.9,378.0,Marketing & Advertising,Mumbai,2700.0,22.0,107.0,16.0
Wildcraft,3.6,377.0,Fashion & Textile,Bengaluru,1500.0,14.0,0.0,38.0
Hitachi Vantara,3.5,376.0,IT Services & Consulting,Hyderabad,5300.0,7.0,29.0,37.0
Toshiba JSW Power Systems,4.3,376.0,Industrial Machinery,Chennai,1500.0,22.0,16.0,50.0
T&M Services consulting,3.6,376.0,Recruitment,Mumbai,1200.0,24.0,0.0,22.0
INOX Air Products,4.1,376.0,Oil & Gas,Pune,1800.0,25.0,0.0,28.0
Aquasub Engineering,3.8,376.0,Industrial Machinery,Coimbatore,1300.0,9.0,0.0,35.0
Sri Aurobindo Society,3.9,376.0,Non-Profit,New Delhi,761.0,53.0,0.0,37.0
Adani Electricity,3.5,376.0,Power,Mumbai,1800.0,26.0,0.0,15.0
Hyperpure,3.7,377.0,Internet,Gurugram,1600.0,34.0,0.0,7.0
TCG Lifesciences,4.1,375.0,Pharma,Kolkata,1200.0,14.0,0.0,38.0
Uneecops Technologies,3.7,375.0,IT Services & Consulting,Noida,2200.0,21.0,1.0,34.0
Evolent Health International,3.8,375.0,Software Product,Pune,1800.0,29.0,11.0,38.0
Mahendra’s Institute,3.1,375.0,Education & Training,Lucknow,687.0,11.0,1.0,37.0
Kokuyo Camlin,3.8,375.0,FMCG,Mumbai,1100.0,25.0,7.0,29.0
TRL Krosaki Refractories,3.9,375.0,Metals & Mining,Jharsuguda,1600.0,37.0,1.0,37.0
SBI Payment Services,3.9,376.0,Financial Services,Mumbai,1300.0,31.0,6.0,22.0
Choice Consultancy Services,3.6,375.0,Management Consulting,Mumbai,1200.0,17.0,0.0,7.0
Karvy Innotech,2.9,374.0,IT Services & Consulting,New Delhi,1800.0,31.0,13.0,16.0
doodleblue innovation,4.2,374.0,IT Services & Consulting,Chennai,1300.0,47.0,6.0,58.0
Royal Orchid Hotels,4.1,374.0,Hospitality,Bengaluru,959.0,15.0,71.0,44.0
Subway,4.2,374.0,Hospitality,New Delhi,893.0,29.0,1.0,34.0
Sj Contracts,4.2,374.0,Engineering & Construction,Pune,1200.0,25.0,29.0,25.0
Amoli Organics,3.7,374.0,Pharma,Vadodara,1900.0,17.0,0.0,30.0
Offshoot Agency,3.3,374.0,IT Services & Consulting,New Delhi,1200.0,27.0,0.0,22.0
Toshiba Transmission & Distribution Systems,3.8,374.0,Electrical Equipment,Hyderabad,1800.0,26.0,6.0,41.0
Mitra SK,3.8,374.0,Other,Kolkata,1000.0,16.0,3.0,29.0
Satyam Venture Engineering Services,3.3,374.0,Auto Components,Hyderabad,2300.0,25.0,104.0,19.0
Duroflex,3.9,374.0,Furniture & Furnishing,Bengaluru,1700.0,27.0,22.0,22.0
Maxxis Rubber,3.5,374.0,Auto Components,Ahmedabad,1800.0,33.0,4.0,44.0
Planetcast,3.6,374.0,Media & Entertainment,Noida,1600.0,32.0,0.0,24.0
SEIL Energy India,4.0,374.0,Power,Nellore,1500.0,19.0,0.0,37.0
Trident Hotels,4.1,373.0,Hospitality,Mumbai,993.0,18.0,0.0,64.0
Emami Paper Mills,4.2,373.0,Pulp & Paper,Balasore,824.0,57.0,3.0,24.0
Department of Agriculture,4.2,373.0,Agriculture,Bengaluru,1300.0,47.0,0.0,24.0
Light Microfinance,3.8,373.0,NBFC,Ahmedabad,940.0,19.0,4.0,20.0
Hollister Medical,4.1,373.0,Medical Equipment,Rewari,1200.0,27.0,19.0,42.0
Moser Baer,3.9,372.0,Consumer Electronics & Appliances,Noida,677.0,9.0,0.0,63.0
Actalent Services,3.6,372.0,Engineering & Construction,Bengaluru,1700.0,24.0,25.0,1.0
Zara,3.5,372.0,Fashion & Textile,New Delhi,835.0,42.0,0.0,41.0
Caparo Maruti,4.1,372.0,Auto Components,Gurugram,1200.0,14.0,0.0,30.0
Health India Tpa Services,3.2,372.0,Insurance,Mumbai,1400.0,26.0,6.0,28.0
Johnson Controls Hitachi Air Conditioning,3.7,372.0,Consumer Electronics & Appliances,Ahmedabad,1600.0,23.0,0.0,3.0
Tata Digital,2.3,371.0,IT Services & Consulting,Mumbai,2100.0,49.0,9.0,39.0
Mobiloitte Technologies,3.1,371.0,IT Services & Consulting,New Delhi,1000.0,36.0,13.0,31.0
RedBus,4.1,373.0,Internet,Bengaluru,2000.0,42.0,11.0,46.0
Gujarat Alkalies & Chemicals,4.6,371.0,Chemicals,Bharuch,1500.0,28.0,10.0,45.0
Birla Cement,4.1,372.0,Building Material,Satna,1100.0,30.0,0.0,30.0
Zebronics,4.0,372.0,Consumer Electronics & Appliances,Chennai,1300.0,39.0,15.0,33.0
Teachnook,2.8,370.0,EdTech,Bengaluru,416.0,91.0,0.0,2.0
Enterprise Growth Accelerator,3.5,370.0,Analytics & KPO,Faridabad,625.0,11.0,0.0,4.0
Descon Engineering,4.0,370.0,Engineering & Construction,Mumbai,678.0,22.0,0.0,57.0
Tribhovandas Bhimji Zaveri,3.9,370.0,Metals & Mining,Mumbai,1100.0,9.0,4.0,49.0
Time Technoplast,3.6,371.0,Petrochemicals,Mumbai,1800.0,16.0,6.0,39.0
Autocomp Corporation Panse,3.4,370.0,Auto Components,Pune,1500.0,25.0,9.0,13.0
Swiss Re,3.7,370.0,Insurance,Bengaluru,3000.0,52.0,330.0,30.0
N Ranga Rao And Sons,3.8,370.0,FMCG,Mysuru,1000.0,14.0,4.0,27.0
Hygienic Research Institute,3.8,370.0,Beauty & Personal Care,Mumbai,1200.0,19.0,18.0,42.0
Parul University,3.3,370.0,Education & Training,Vadodara,1300.0,27.0,13.0,32.0
ITSource Technologies,2.8,370.0,IT Services & Consulting,Mumbai,1800.0,32.0,0.0,20.0
New Opportunity Consultancy,4.1,371.0,Recruitment,Coimbatore,986.0,11.0,85.0,22.0
Seth M R Jaipuria School,3.5,370.0,Education & Training,Lucknow,928.0,30.0,2.0,35.0
Hyundai Engineering and Construction,4.3,369.0,Engineering & Construction,Chennai,534.0,25.0,0.0,41.0
Hitachi Hi-Rel Power Electronics,3.7,369.0,Electronics Manufacturing,Ahmedabad,1600.0,26.0,9.0,36.0
EXEDY,3.8,369.0,Auto Components,Bengaluru,1500.0,24.0,3.0,53.0
VST Industries,3.8,370.0,FMCG,Hyderabad,1100.0,18.0,0.0,34.0
Jaguar Security Services,4.5,369.0,Law Enforcement & Security,Bengaluru,971.0,32.0,12.0,31.0
Balrampur Chini Mills Limited,4.0,369.0,Food Processing,Lucknow,1000.0,40.0,1.0,33.0
GTPL-KCBPL,4.0,369.0,Telecom,Kolkata,493.0,45.0,0.0,7.0
R.K.M Powergen,3.9,368.0,Power,Raigarh,1200.0,24.0,0.0,31.0
Eaton India Innovation Center,3.7,368.0,Engineering & Construction,Pune,2500.0,42.0,0.0,41.0
Treebo Hotels,3.2,368.0,Hospitality,Bengaluru,1500.0,29.0,115.0,40.0
DCM Shriram Industries,4.1,369.0,Chemicals,Meerut,1600.0,20.0,0.0,1.0
Avineon India,4.0,367.0,IT Services & Consulting,Hyderabad,1400.0,31.0,3.0,30.0
Halonix Technologies,3.7,367.0,Consumer Electronics & Appliances,Noida,1400.0,21.0,11.0,28.0
Syncfusion,3.3,367.0,Software Product,Chennai,2100.0,59.0,0.0,36.0
NCCCL,3.4,367.0,Engineering & Construction,Bengaluru,1100.0,18.0,2.0,30.0
McNROE,4.0,367.0,FMCG,Kolkata,1100.0,24.0,21.0,25.0
GGS Information Services,3.9,367.0,IT Services & Consulting,Chennai,2000.0,30.0,3.0,31.0
MSM Unify,4.0,367.0,EdTech,Gurugram,502.0,87.0,0.0,38.0
TCI Supply Chain Solutions,3.9,367.0,Logistics,Gurugram,881.0,22.0,0.0,30.0
Borosil Glass Works,3.7,367.0,Packaging,Jaipur,1700.0,14.0,4.0,25.0
JSW One Platforms,2.9,367.0,Internet,Mumbai,1700.0,48.0,4.0,7.0
Lalitha Jewellery,4.0,366.0,Jewellery,Chennai,1100.0,22.0,4.0,26.0
Tata Toyo Radiator,0.0,0.0,Auto Components,Pune,0.0,0.0,0.0,0.0
Lam Research,3.7,366.0,Semiconductors,Bengaluru,2900.0,58.0,92.0,31.0
Watchyourhealth.com,4.5,366.0,Emerging Technologies,Thane,373.0,56.0,1.0,22.0
Compunnel,3.8,366.0,IT Services & Consulting,Noida,2000.0,31.0,56.0,23.0
Ample Technologies,3.7,368.0,IT Services & Consulting,Bengaluru,1600.0,25.0,73.0,31.0
Woodenstreet.com,3.4,366.0,Furniture & Furnishing,Udaipur,1500.0,28.0,11.0,16.0
Ryan International School,3.2,366.0,Education & Training,Mumbai,970.0,19.0,0.0,34.0
Pegasystems,3.4,366.0,Software Product,Hyderabad,3200.0,34.0,9.0,52.0
Ace Designers,4.0,366.0,Industrial Machinery,Bengaluru,1700.0,30.0,2.0,43.0
SMC Corporation,3.8,366.0,Medical Equipment,Noida,2100.0,34.0,26.0,17.0
Protiviti India Member,2.7,366.0,Management Consulting,Gurugram,1600.0,37.0,198.0,16.0
Universal Mep Projects & Engineering Services,3.8,366.0,Engineering & Construction,Mumbai,1000.0,22.0,0.0,5.0
Roquette Riddhi Siddhi,3.8,365.0,Pharma,Rudrapur,1300.0,14.0,31.0,37.0
Aarti Drugs,3.5,365.0,Pharma,Mumbai,1600.0,25.0,7.0,29.0
Harjai Computers,3.2,365.0,Recruitment,Mumbai,1800.0,36.0,11.0,68.0
Audi,3.7,365.0,Automobile,New Delhi,1200.0,17.0,0.0,52.0
Lobo Staffing Solutions,4.2,365.0,Recruitment,Mumbai,1300.0,19.0,0.0,18.0
Cedcoss Technologies,2.9,365.0,IT Services & Consulting,Lucknow,1900.0,52.0,8.0,26.0
Ben Franklin Opticians,3.9,365.0,Retail,Hyderabad,820.0,25.0,0.0,29.0
Carraro,4.0,365.0,Industrial Machinery,Pune,1400.0,15.0,1.0,28.0
Al Tasnim Enterprises,3.5,365.0,Engineering & Construction,Muscat,1300.0,18.0,0.0,29.0
Qentelli,3.6,365.0,IT Services & Consulting,Hyderabad,2000.0,29.0,72.0,76.0
HBL Global,4.2,364.0,NBFC,New Delhi,369.0,9.0,0.0,42.0
Suzuki,3.8,364.0,Automobile,Ahmedabad,1200.0,38.0,0.0,59.0
Ssipl Lifestyle,4.1,364.0,Retail,New Delhi,949.0,6.0,1.0,32.0
The Park Hotels,3.9,364.0,Hospitality,Kolkata,1200.0,10.0,0.0,49.0
Technocon Services,3.3,364.0,Engineering & Construction,Kolkata,900.0,50.0,2.0,16.0
6D Technologies,2.8,365.0,Telecom,Bengaluru,2700.0,48.0,0.0,13.0
People Group,3.4,364.0,Internet,Mumbai,1500.0,16.0,24.0,31.0
B S R & Co Llp,3.1,364.0,Accounting & Auditing,Mumbai,3900.0,25.0,0.0,16.0
Yamaha Motor India Sales,4.1,364.0,Automobile,Chennai,978.0,17.0,0.0,19.0
Vini Cosmetics,4.0,364.0,Beauty & Personal Care,Mumbai,855.0,17.0,0.0,19.0
RV Solutions,3.8,364.0,IT Services & Consulting,Noida,1300.0,16.0,1.0,29.0
Coditas Technologies,3.8,364.0,Emerging Technologies,Pune,2200.0,96.0,11.0,11.0
Kalkine Solutions,4.3,364.0,Financial Services,Noida,903.0,24.0,2.0,50.0
Worldline,3.6,363.0,FinTech,Mumbai,2500.0,43.0,102.0,3.0
Oil India,4.2,363.0,Oil & Gas,Duliajan,916.0,22.0,0.0,31.0
Windlas Biotech,4.0,363.0,Pharma,Dehradun,1400.0,27.0,11.0,27.0
VGM Consultants,3.3,363.0,BPO,Kolkata,1100.0,19.0,0.0,8.0
Deenanath Mangeshkar Hospital,3.7,363.0,Healthcare,Pune,1000.0,17.0,0.0,29.0
Wipro GE Health Care,4.0,363.0,IT Services & Consulting,Bengaluru,1600.0,17.0,0.0,51.0
Sequel Logistics,3.9,363.0,Logistics,Bengaluru,1200.0,19.0,3.0,21.0
Advanced Micro Devices,3.8,363.0,Semiconductors,Hyderabad,3500.0,54.0,204.0,19.0
Transguard Group,3.7,362.0,Law Enforcement & Security,Dubai,496.0,20.0,0.0,47.0
DotPe,3.1,362.0,IT Services & Consulting,Gurugram,1600.0,43.0,4.0,11.0
Mitsubishi Electric Automotive India,4.5,363.0,Automobile,Gurugram,957.0,30.0,0.0,51.0
Godrej Infotech,3.7,363.0,IT Services & Consulting,Mumbai,2100.0,33.0,10.0,22.0
CityMall,3.2,362.0,Internet,Gurugram,1500.0,36.0,2.0,13.0
Prem Motors,3.7,362.0,Automobile,Gwalior,1100.0,16.0,11.0,25.0
Zoomcar,3.6,362.0,Internet,Bengaluru,1700.0,24.0,0.0,41.0
Trane Technologies,3.8,363.0,Industrial Machinery,Bengaluru,2300.0,29.0,0.0,17.0
MSP Steel & Power,3.7,362.0,Iron & Steel,Raigarh,1100.0,36.0,7.0,22.0
Council of Scientific and Industrial Research,4.2,362.0,Government,New Delhi,1200.0,26.0,0.0,9.0
GIVA Jewellery,3.0,362.0,Jewellery,Bengaluru,1300.0,29.0,3.0,3.0
Hindustan Syringes & Medical Devices,4.0,361.0,Medical Equipment,Faridabad,1100.0,27.0,13.0,30.0
Rio Tinto,3.5,361.0,Metals & Mining,Gurugram,1800.0,51.0,0.0,32.0
Yalamanchili Software Exports,2.9,361.0,Software Product,Chennai,1400.0,18.0,2.0,26.0
Toyota Financial Services,3.6,362.0,Financial Services,Bengaluru,1200.0,14.0,3.0,23.0
Yara Fertilisers,3.8,361.0,Agro Chemicals,Gurugram,1100.0,27.0,0.0,34.0
Asti Electronics India,4.1,361.0,Auto Components,Gurugram,1300.0,27.0,0.0,49.0
Red Tape,3.2,361.0,Fashion & Textile,New Delhi,1300.0,27.0,2.0,6.0
Groww,3.7,361.0,FinTech,Bengaluru,2600.0,89.0,13.0,15.0
Lido Learning,2.1,360.0,EdTech,Mumbai,1500.0,55.0,0.0,38.0
Padmini VNA Mechatronics,4.0,361.0,Auto Components,Gurugram,1500.0,29.0,2.0,50.0
Xpheno,3.5,360.0,Recruitment,Bengaluru,1600.0,28.0,4.0,22.0
Shaadi.com,3.4,360.0,Internet,Mumbai,1400.0,35.0,25.0,13.0
Udaan India - The Original Visa Company,4.3,360.0,,Bengaluru,1400.0,23.0,0.0,1.0
ACB (India),3.8,360.0,Oil & Gas,Korba,1500.0,20.0,1.0,37.0
Adarsh Credit Co-Operative Society,4.3,360.0,Investment Banking / Venture Capital / Private Equity,Ahmedabad,509.0,5.0,0.0,49.0
Netcore Pvt. Ltd.,4.1,360.0,Marketing & Advertising,Mumbai,1700.0,32.0,35.0,16.0
Yubi,4.2,359.0,FinTech,Chennai,2000.0,45.0,0.0,9.0
Rashtriya Chemicals and Fertilizers,4.4,359.0,Agro Chemicals,Mumbai,865.0,19.0,0.0,19.0
AVL,3.5,359.0,Automobile,Gurugram,1700.0,30.0,0.0,35.0
Medall Healthcare,3.6,359.0,Healthcare,Chennai,1100.0,6.0,0.0,32.0
Adient,4.0,359.0,Auto Components,Pune,1900.0,21.0,5.0,62.0
Muthoot Capital Services,3.6,359.0,Financial Services,Kochi,1000.0,14.0,3.0,14.0
Akumentis Healthcare,3.5,359.0,Healthcare,Mumbai,840.0,19.0,0.0,30.0
Vatika Group,4.2,360.0,Hospitality,Gurugram,1400.0,17.0,0.0,30.0
Cotmac Electronics,3.7,359.0,Industrial Automation,Pune,1600.0,25.0,21.0,13.0
Zydex Industries,3.7,359.0,Chemicals,Vadodara,1100.0,22.0,22.0,34.0
Jumio,3.9,359.0,Emerging Technologies,Jaipur,1000.0,18.0,13.0,42.0
Ventura Securities,4.1,358.0,Financial Services,Mumbai,1300.0,33.0,5.0,30.0
Vijay Nirman Company,3.7,358.0,Engineering & Construction,Hyderabad,867.0,8.0,0.0,57.0
Kraft Heinz,3.0,358.0,FMCG,Ahmedabad,1500.0,29.0,55.0,30.0
Jay Chemical Industries,4.0,359.0,Chemicals,Ahmedabad,1500.0,26.0,4.0,32.0
Holcim,3.5,358.0,Building Material,Mumbai,2000.0,24.0,35.0,39.0
Nabard Financial Services,4.0,358.0,NBFC,Bengaluru,873.0,21.0,3.0,19.0
Kpmg Resource Centre,3.5,358.0,Accounting & Auditing,Gurugram,2400.0,27.0,0.0,12.0
Stellar Innovations,3.3,358.0,IT Services & Consulting,Bengaluru,2100.0,29.0,13.0,16.0
Multiplier Brand Solutions,3.7,357.0,Marketing & Advertising,New Delhi,955.0,11.0,3.0,23.0
Orchid Pharma,3.7,357.0,Pharma,Chennai,1200.0,46.0,0.0,17.0
Vascon Engineers,3.7,357.0,Real Estate,Pune,1200.0,28.0,9.0,14.0
MUFG Bank,3.5,357.0,Banking,Bengaluru,2600.0,19.0,145.0,10.0
Bal Pharma,3.2,357.0,Pharma,Bengaluru,1300.0,25.0,3.0,23.0
Paperchase Accountancy,2.9,357.0,Accounting & Auditing,Ahmedabad,1800.0,36.0,7.0,17.0
UNext,3.0,357.0,EdTech,Bengaluru,1800.0,44.0,28.0,8.0
MapmyIndia,3.5,358.0,Software Product,New Delhi,1900.0,30.0,3.0,26.0
Control Print,4.1,357.0,Industrial Machinery,Mumbai,1200.0,85.0,20.0,33.0
Hindustan Latex Family Planning Promotion Trust,4.2,356.0,Healthcare,Noida,641.0,32.0,26.0,39.0
DEN Networks,3.9,356.0,Broadcasting,New Delhi,1500.0,14.0,1.0,27.0
e-Zest,3.9,356.0,IT Services & Consulting,Pune,3400.0,30.0,22.0,24.0
Fidelis Technology Services,3.5,357.0,IT Services & Consulting,Bengaluru,1800.0,31.0,0.0,23.0
TestingXperts,3.6,357.0,IT Services & Consulting,Chandigarh,2300.0,60.0,1.0,28.0
Motilal Oswal Asset Management Company,4.3,356.0,Financial Services,Mumbai,505.0,79.0,0.0,6.0
Ceat Specialty Tyres,3.8,356.0,Auto Components,Mumbai,1300.0,22.0,0.0,22.0
EPIQ Systems,3.5,356.0,Legal,Hyderabad,2000.0,18.0,14.0,33.0
Allegis Global Solutions,3.3,356.0,Recruitment,Bengaluru,1800.0,17.0,4.0,21.0
Sekisui Dljm Molding,3.9,356.0,Auto Components,Chennai,1400.0,23.0,9.0,27.0
Adglobal360,3.3,356.0,,Gurugram,2200.0,32.0,0.0,14.0
Oceaneering International,4.0,356.0,Engineering & Construction,Chandigarh,2000.0,44.0,7.0,40.0
Aegis Logistics,3.7,356.0,Oil & Gas,Mumbai,1400.0,38.0,1.0,30.0
Zee Laboratories,3.7,356.0,Pharma,Karnal,899.0,42.0,16.0,17.0
SOPAN,4.0,356.0,Industrial Machinery,Pune,1200.0,23.0,1.0,23.0
Schaeffer & Sam,3.3,355.0,Accounting & Auditing,Mumbai,763.0,13.0,0.0,7.0
L&T Defence,3.8,355.0,Defence & Aerospace,Pune,2000.0,31.0,0.0,42.0
Aditya Birla Memorial Hospital,4.5,355.0,Healthcare,Pune,840.0,38.0,25.0,25.0
Cygnet Infotech,3.4,355.0,IT Services & Consulting,Ahmedabad,2200.0,19.0,1.0,35.0
Escon Elevators,3.5,356.0,Industrial Machinery,Mumbai,963.0,29.0,13.0,44.0
Debtcare Enterprises,4.3,355.0,Investment Banking / Venture Capital / Private Equity,Hyderabad,317.0,13.0,1.0,67.0
Kushal's Fashion Jewellery,4.3,355.0,Jewellery,Bengaluru,722.0,37.0,32.0,8.0
Stefanini,2.7,355.0,IT Services & Consulting,Noida,2100.0,38.0,10.0,18.0
NXP Semiconductors,3.6,355.0,Semiconductors,Bengaluru,2700.0,49.0,1.0,24.0
Network 18,3.4,355.0,Media & Entertainment,Mumbai,2600.0,34.0,2.0,27.0
MYCPE ONE,3.8,355.0,,Ahmedabad,1200.0,26.0,8.0,33.0
MAHLE Behr India,3.6,354.0,Auto Components,Pune,841.0,13.0,22.0,62.0
Infocepts Technologies,3.6,355.0,IT Services & Consulting,Nagpur,3100.0,42.0,37.0,21.0
Versuni India Home Solutions,3.2,354.0,Consumer Electronics & Appliances,Chennai,1300.0,23.0,1.0,6.0
Kimberly-Clark,3.9,354.0,Beauty & Personal Care,Bengaluru,1700.0,18.0,17.0,27.0
Savista Global Solutions,4.1,354.0,Analytics & KPO,Chennai,1500.0,33.0,40.0,9.0
Zf Wind Power,4.0,354.0,,Coimbatore,1500.0,18.0,0.0,43.0
BLS International Services,3.4,354.0,Travel & Tourism,New Delhi,1200.0,24.0,13.0,11.0
Adama,4.1,354.0,Agro Chemicals,Hyderabad,1100.0,19.0,2.0,29.0
Shah Technical Consultants,3.6,354.0,Telecom,Mumbai,950.0,24.0,3.0,23.0
Gupta Power Infrastructure,3.0,353.0,Power,Bhubaneswar,1300.0,14.0,0.0,34.0
Accel IT Services,3.5,354.0,IT Services & Consulting,Chennai,1500.0,24.0,7.0,7.0
Bain & Company,3.7,353.0,Management Consulting,Gurugram,6000.0,121.0,10.0,30.0
TMEIC,3.8,353.0,,Bengaluru,1600.0,20.0,5.0,39.0
Hical Technologies,3.5,353.0,Auto Components,Bengaluru,1600.0,24.0,9.0,24.0
National Highways Authority of India,3.9,353.0,Engineering & Construction,New Delhi,1300.0,25.0,0.0,11.0
Dentsu Aegis Network,3.1,353.0,Marketing & Advertising,Bengaluru,3200.0,36.0,3.0,12.0
Festo,3.6,353.0,Industrial Automation,Bengaluru,1800.0,27.0,12.0,36.0
Pharmed,4.7,353.0,Pharma,Bengaluru,330.0,40.0,2.0,21.0
VIKRAN Engineering & Exim,4.1,353.0,Engineering & Construction,Mumbai,1100.0,42.0,0.0,15.0
Mahindra Insurance Brokers,3.4,353.0,Insurance,Mumbai,1100.0,12.0,7.0,41.0
Avantor,3.6,353.0,Pharma,Coimbatore,2500.0,35.0,46.0,24.0
Sarvagram Fincare,3.9,353.0,NBFC,Pune,1100.0,19.0,10.0,9.0
Shiash Info Solutions,3.0,353.0,IT Services & Consulting,Chennai,262.0,31.0,0.0,19.0
Ircon International,3.9,352.0,Engineering & Construction,New Delhi,984.0,29.0,0.0,34.0
Clarus Rcm Infotech,2.7,352.0,BPO,Hyderabad,1300.0,44.0,2.0,10.0
Mars,3.7,352.0,Food Processing,Gurugram,1100.0,20.0,9.0,15.0
Telstra,3.9,353.0,Telecom,Bengaluru,3000.0,61.0,3.0,25.0
M K Agrotech Private Limited,4.5,352.0,Food Processing,Mysuru,502.0,58.0,14.0,25.0
NU Vista,4.2,352.0,Building Material,Kolkata,1200.0,12.0,0.0,39.0
Synergies Castings,3.8,352.0,Auto Components,Visakhapatnam,749.0,13.0,1.0,10.0
Coding Ninjas,3.8,352.0,EdTech,Gurugram,1500.0,60.0,6.0,5.0
MJ Biopharm,3.4,352.0,Pharma,Pune,1500.0,22.0,10.0,28.0
Moder Solutions,3.3,352.0,IT Services & Consulting,Bengaluru,2200.0,29.0,41.0,6.0
Red Health,3.5,351.0,Healthcare,Hyderabad,861.0,34.0,0.0,12.0
International Game Technology,3.3,351.0,Gaming,Gurugram,1300.0,28.0,0.0,29.0
Valvoline Cummins,3.9,352.0,Auto Components,Gurugram,1400.0,16.0,7.0,28.0
Globtier Infotech Limited,3.3,351.0,IT Services & Consulting,Noida,1900.0,20.0,8.0,18.0
Clariant Chemicals,4.1,351.0,Chemicals,Mumbai,1600.0,17.0,7.0,47.0
Hindustan Urvarak & Rasayan,3.3,351.0,Agro Chemicals,Gorakhpur,1500.0,43.0,0.0,16.0
Theme Engineering Services,3.7,350.0,Engineering & Construction,Jaipur,982.0,17.0,3.0,23.0
Satin Finserv,3.9,350.0,NBFC,Gurugram,724.0,16.0,29.0,5.0
Park Plus,2.7,350.0,Internet,Gurugram,1900.0,54.0,4.0,10.0
Volvo Trucks,4.0,350.0,Automobile,Bengaluru,1700.0,33.0,0.0,28.0
Fluper,4.0,350.0,IT Services & Consulting,Noida,531.0,25.0,7.0,43.0
Sata Vikas India,3.6,350.0,Auto Components,Palwal,937.0,35.0,0.0,39.0
Zuari Cement,4.3,351.0,Building Material,Hyderabad,1200.0,25.0,2.0,31.0
eMudhra,3.5,350.0,Software Product,Bengaluru,1700.0,20.0,0.0,19.0
Gyproc,3.9,351.0,,Mumbai,1100.0,16.0,0.0,49.0
DSV - Global Transport and Logistics,3.6,350.0,Logistics,Mumbai,1600.0,14.0,11.0,31.0
Polyhose,3.8,349.0,Industrial Machinery,Chennai,1800.0,17.0,9.0,24.0
Can Fin Homes,2.7,350.0,NBFC,Bengaluru,1200.0,21.0,7.0,19.0
Bluechip Corporate Investment Centre,3.7,349.0,Accounting & Auditing,Mumbai,1100.0,12.0,15.0,21.0
Taco Bell,4.1,349.0,Hospitality,New Delhi,1100.0,20.0,0.0,14.0
Inventys Research,4.3,349.0,Chemicals,Nagpur,823.0,11.0,3.0,13.0
Vee Healthtek,3.8,350.0,BPO,Chennai,1800.0,11.0,150.0,7.0
Sri Sri Tattva,3.5,349.0,FMCG,Bengaluru,1200.0,17.0,0.0,20.0
Sakthi Auto Components,3.2,349.0,Auto Components,Erode,1000.0,12.0,10.0,24.0
Urban Ladder,3.7,348.0,Furniture & Furnishing,Bengaluru,1500.0,46.0,0.0,29.0
CESC,3.8,348.0,Power,Kolkata,1600.0,40.0,0.0,37.0
Halliburton,3.6,348.0,Engineering & Construction,Bengaluru,1400.0,36.0,41.0,31.0
Khimji Ramdas,3.8,348.0,Retail,Ahmedabad,894.0,21.0,4.0,29.0
Anaptyss,4.0,349.0,IT Services & Consulting,Noida,920.0,18.0,1.0,6.0
Lion Engineering Consultants,3.3,349.0,Engineering & Construction,Bhopal,896.0,14.0,30.0,16.0
Aptean,3.0,348.0,Software Product,Bengaluru,2500.0,53.0,18.0,38.0
Techno Electric & Engineering Company,4.0,348.0,Engineering & Construction,Kolkata,1300.0,27.0,4.0,32.0
L&T Valves,3.7,348.0,Industrial Machinery,Coimbatore,1800.0,15.0,1.0,27.0
63 Moons Technologies,3.7,348.0,IT Services & Consulting,Mumbai,1900.0,29.0,11.0,33.0
Modern V.R. Security Force,4.0,348.0,Law Enforcement & Security,Mumbai,796.0,13.0,3.0,10.0
Zet Town,3.4,347.0,Electronics Manufacturing,Noida,1000.0,37.0,2.0,1.0
Unique Identification Authority of India,3.6,348.0,IT Services & Consulting,New Delhi,1100.0,14.0,0.0,14.0
AceMicromatic Group,4.2,347.0,Industrial Machinery,Bengaluru,1200.0,19.0,15.0,39.0
KLJ GROUP,3.3,347.0,Petrochemicals,Bharuch,1500.0,18.0,4.0,12.0
Merit Data and Technology,3.8,347.0,Analytics & KPO,Chennai,1700.0,21.0,24.0,7.0
ICRA Analytics,3.0,347.0,Analytics & KPO,Kolkata,1600.0,48.0,11.0,32.0
Satguru Travels and Tour Services,2.8,348.0,Travel & Tourism,Pune,1400.0,33.0,4.0,29.0
Cognizant Solutions Corp,3.7,347.0,IT Services & Consulting,Hyderabad,2800.0,63.0,0.0,8.0
CKA Birla Group,4.0,347.0,Building Material,Hyderabad,1400.0,21.0,0.0,28.0
Aloha Technology,2.6,347.0,IT Services & Consulting,Pune,1900.0,39.0,0.0,39.0
Gtpl Broadband,3.9,347.0,Telecom,Ahmedabad,1300.0,20.0,0.0,38.0
Somic ZF Components,4.2,347.0,Auto Components,Gurugram,1200.0,18.0,2.0,26.0
Indchemie Health Specialities,3.8,347.0,Pharma,Mumbai,964.0,25.0,4.0,25.0
Vem Technologies,3.6,347.0,Defence & Aerospace,Hyderabad,1400.0,33.0,10.0,25.0
Teleysia Networks,3.4,346.0,Telecom,Ahmedabad,692.0,14.0,4.0,29.0
ADNOC,4.3,346.0,Oil & Gas,Abu Dhabi,860.0,35.0,0.0,31.0
Praxis Services,3.3,346.0,Management Consulting,Gurugram,1100.0,31.0,6.0,29.0
Mahindra Teqo,4.0,347.0,Software Product,Mumbai,1200.0,27.0,1.0,24.0
Darwinbox,3.3,346.0,Software Product,Hyderabad,2500.0,56.0,18.0,21.0
Pitaara,4.1,346.0,Food Processing,Pune,504.0,16.0,0.0,1.0
Rushil Decor,4.1,346.0,Building Material,Ahmedabad,1000.0,18.0,5.0,16.0
Recipharm Pharmaservices,3.8,346.0,Pharma,Bengaluru,1600.0,9.0,0.0,30.0
Irclass Systems And Solutions,4.2,346.0,Ports & Shipping,Mumbai,998.0,36.0,15.0,20.0
ShopKirana,3.9,346.0,Software Product,Indore,1200.0,18.0,0.0,28.0
Jaypee Cement,4.0,346.0,Building Material,Rewa,888.0,19.0,0.0,43.0
Listenlights,3.8,346.0,Engineering & Construction,Mumbai,1400.0,35.0,8.0,17.0
NIKE,4.0,345.0,Retail,Bengaluru,2600.0,52.0,0.0,26.0
Essilor,4.0,345.0,Medical Equipment,Bengaluru,1400.0,16.0,15.0,20.0
Kalyani Motors,3.3,345.0,Automobile,Bengaluru,1300.0,20.0,11.0,16.0
DISYS,3.1,345.0,IT Services & Consulting,Chennai,2100.0,29.0,0.0,20.0
ESAF CO-OPERATIVE,3.5,345.0,Financial Services,Thrissur,888.0,23.0,0.0,21.0
Senvion,4.0,345.0,Power,Bengaluru,1600.0,27.0,1.0,16.0
InfodriveIndia,4.0,345.0,Other,New Delhi,545.0,26.0,0.0,114.0
Walplast Products Pvt Ltd,4.0,345.0,Building Material,Mumbai,1200.0,35.0,91.0,32.0
Arabian Industries,3.8,345.0,Oil & Gas,Chennai,915.0,17.0,1.0,31.0
Zopper,3.0,344.0,FinTech,Noida,1500.0,30.0,5.0,12.0
Springer Nature in India,4.0,344.0,Printing & Publishing,Pune,2500.0,41.0,8.0,25.0
ESAB,4.0,344.0,Industrial Machinery,Chennai,1500.0,26.0,6.0,37.0
AVASOFT,2.6,345.0,Software Product,Chennai,1600.0,202.0,0.0,23.0
Plasser India,4.0,344.0,Industrial Machinery,Vadodara,1700.0,25.0,1.0,42.0
Aarti Steels,3.7,345.0,Iron & Steel,Cuttack,1400.0,38.0,2.0,28.0
Newt Global,4.3,344.0,IT Services & Consulting,Chennai,885.0,71.0,15.0,28.0
Country Holidays Inn & Suites,4.2,343.0,Travel & Tourism,Noida,149.0,113.0,0.0,167.0
Global Aluminium,3.8,343.0,Metals & Mining,Hyderabad,930.0,19.0,8.0,18.0
Aeronautical Development Agency,4.2,343.0,Defence & Aerospace,Bengaluru,1900.0,20.0,0.0,20.0
SNVA Group,3.4,343.0,IT Services & Consulting,Noida,987.0,28.0,73.0,29.0
Lloyd Insulations,3.4,343.0,Industrial Machinery,New Delhi,1300.0,23.0,1.0,24.0
Furukawa Minda Electric,4.0,343.0,Auto Components,Bawal,981.0,8.0,0.0,31.0
Signode,3.7,343.0,Industrial Machinery,Hyderabad,1500.0,23.0,10.0,34.0
Kerala State Electricity Board,4.2,343.0,Power,Palakkad,1300.0,18.0,1.0,29.0
EXO Edge,3.6,343.0,BPO,Sahibzada Ajit Singh Nagar,1300.0,41.0,3.0,9.0
Technicolor,3.5,342.0,Animation & VFX,Bengaluru,1900.0,26.0,0.0,45.0
Silverlink Technologies,3.9,342.0,IT Services & Consulting,Mumbai,408.0,17.0,6.0,27.0
Hyundai Construction Equipment,4.2,342.0,Industrial Machinery,Pune,1500.0,21.0,2.0,39.0
Evelyn Learning Systems,3.9,342.0,EdTech,New Delhi,848.0,38.0,0.0,86.0
Pps Motors,3.9,342.0,Automobile,Hyderabad,1100.0,16.0,0.0,8.0
"Ministry Of Health, New Delhi",3.9,342.0,Healthcare,New Delhi,904.0,18.0,0.0,30.0
o9 Solutions,3.4,341.0,Software Product,Bengaluru,3700.0,51.0,27.0,25.0
Aurigene Pharmaceutical Services,4.0,343.0,Pharma,Hyderabad,1200.0,28.0,2.0,23.0
ATLBattery Technology (India) Private Limited,3.7,343.0,Electrical Equipment,Bawal,1100.0,63.0,6.0,9.0
Abbott Nutrition International,4.0,341.0,Pharma,Mumbai,948.0,14.0,0.0,31.0
IIT Bombay,4.4,342.0,Education & Training,Mumbai,1800.0,30.0,3.0,28.0
Entab Infotech,3.1,341.0,EdTech,New Delhi,1100.0,35.0,3.0,30.0
Gi Group,3.7,341.0,Recruitment,New Delhi,1300.0,20.0,2.0,28.0
Integrated Wireless Solutions,3.9,341.0,Telecom,Bengaluru,1000.0,18.0,1.0,20.0
Patil Group,3.5,342.0,Railways,Hyderabad,1400.0,34.0,3.0,34.0
Futurense Technologies,4.0,341.0,EdTech,Bengaluru,807.0,48.0,6.0,28.0
Banco Products,3.4,341.0,Auto Components,Vadodara,1700.0,20.0,1.0,23.0
Labcorp,4.0,341.0,Clinical Research,Bengaluru,2300.0,46.0,10.0,41.0
Jms Mining Services,3.9,341.0,Metals & Mining,Kolkata,1100.0,43.0,3.0,29.0
Brawn Group,3.6,341.0,Pharma,Faridabad,1200.0,22.0,20.0,17.0
Path Infotech,3.4,340.0,IT Services & Consulting,Noida,1700.0,23.0,22.0,28.0
Cadence Design Systems,3.8,340.0,Semiconductors,Noida,3100.0,69.0,188.0,38.0
Pricol Precision Products,3.9,340.0,Auto Components,Hosur,1200.0,18.0,0.0,31.0
Lucas Indian Service,4.1,340.0,Auto Components,Chennai,1100.0,25.0,0.0,24.0
Delhi Metro Rail Corporation,4.1,340.0,Logistics,New Delhi,1100.0,17.0,0.0,32.0
Mahindra Truck and Bus,3.6,340.0,Automobile,Pune,1100.0,13.0,0.0,4.0
RHI Magnesita,3.8,340.0,Building Material,Gurugram,1300.0,22.0,1.0,14.0
Polyplastics Industries (I),3.8,340.0,Auto Components,Pune,1300.0,20.0,8.0,26.0
JUNIPER GREEN ENERGY,4.5,339.0,Power,Gurugram,863.0,36.0,0.0,15.0
IIC Technologies,3.5,339.0,IT Services & Consulting,Hyderabad,998.0,15.0,4.0,32.0
Himadri Speciality Chemical Limited,3.5,340.0,Chemicals,Kolkata,1700.0,31.0,0.0,35.0
Minda Kosei Aluminum Wheel,4.1,339.0,Auto Components,Ahmedabad,1000.0,25.0,0.0,25.0
Awfis,4.3,339.0,Real Estate,New Delhi,1200.0,32.0,13.0,8.0
L&T–MHI Power Boilers,4.1,339.0,Industrial Machinery,Surat,1500.0,12.0,0.0,39.0
E-Solutions,3.4,339.0,Recruitment,Noida,1600.0,16.0,0.0,9.0
EqualizeRCM Services,3.7,339.0,Analytics & KPO,Mysuru,1200.0,102.0,10.0,18.0
Nava Limited,3.9,339.0,Metals & Mining,Hyderabad,1200.0,24.0,12.0,29.0
Han Digital,2.7,339.0,Recruitment,Bengaluru,746.0,36.0,3.0,2.0
CR3 Group,3.8,339.0,Facility Management Services,Jamnagar,1100.0,25.0,12.0,3.0
Sub-K IMPACT Solutions,4.1,338.0,Financial Services,Hyderabad,838.0,29.0,0.0,28.0
Selec Controls,3.5,338.0,Electronics Manufacturing,Mumbai,2000.0,32.0,26.0,22.0
Corizo,3.6,338.0,Education & Training,Bengaluru,429.0,80.0,0.0,1.0
Himedia Laboratories,4.1,338.0,Biotechnology,Mumbai,1200.0,83.0,1.0,16.0
Dinshaws,3.9,338.0,Food Processing,Nagpur,1000.0,10.0,4.0,19.0
Technosoft Engineering Projects Limited,3.7,338.0,Industrial Automation,Mumbai,1500.0,35.0,42.0,16.0
Jtekt Sona Automotive India,4.3,339.0,Auto Components,Gurugram,816.0,17.0,0.0,64.0
Shree Renuka Sugars,4.1,338.0,Food Processing,Belagavi,1200.0,20.0,1.0,24.0
Maharashtra Hybrid Seed Company,4.1,338.0,Agriculture,Chhatrapati Sambhajinagar,906.0,10.0,0.0,34.0
Rainbow Childrens Hospital,3.7,338.0,Healthcare,Hyderabad,1000.0,26.0,13.0,34.0
Tamilnad Mercantile Bank,2.4,337.0,Banking,Chennai,1100.0,19.0,0.0,14.0
Cardinal Health,4.3,337.0,Pharma,Bengaluru,1300.0,53.0,22.0,39.0
Decimal Point Analytics,2.7,337.0,Analytics & KPO,Nashik,2100.0,48.0,18.0,13.0
Tumbledry Solutions,4.4,337.0,Other,Noida,409.0,52.0,5.0,81.0
Aabasoft,4.0,338.0,IT Services & Consulting,Kochi,813.0,50.0,52.0,104.0
Vasan Eye Care Hospitals,3.8,337.0,Healthcare,Bengaluru,748.0,5.0,0.0,25.0
Scaleneworks,3.5,337.0,Recruitment,Bengaluru,1400.0,13.0,2.0,3.0
Nutricia,3.5,337.0,Fitness & Wellness,Mumbai,628.0,23.0,0.0,9.0
Pfizer Products India,3.9,337.0,Pharma,Visakhapatnam,1400.0,11.0,0.0,31.0
Hindustan Wellness,3.2,337.0,Healthcare,Gurugram,920.0,38.0,13.0,11.0
TP Central Odisha Distribution,3.7,336.0,Power,Bhubaneswar,976.0,41.0,2.0,18.0
IndusInd Securities,3.7,336.0,Financial Services,Mumbai,1000.0,23.0,0.0,2.0
Global Calcium,3.4,336.0,Pharma,Hosur,1800.0,27.0,24.0,15.0
MNC Group,4.2,336.0,Investment Banking / Venture Capital / Private Equity,Bengaluru,1800.0,141.0,2.0,54.0
UCO Bank,3.6,336.0,Banking,Kolkata,941.0,20.0,0.0,36.0
Vashi Integrated Solutions Limited,3.9,336.0,Industrial Machinery,Mumbai,1600.0,24.0,129.0,27.0
AAJ Supply Chain Management,4.0,336.0,Logistics,Sonipat,797.0,49.0,1.0,23.0
Harsha Engineers,3.9,336.0,Auto Components,Ahmedabad,1600.0,34.0,4.0,41.0
Groz Engineering Tools,4.1,337.0,Industrial Machinery,Gurugram,1400.0,22.0,18.0,30.0
Biz 2 Credit Info Services,3.4,336.0,Financial Services,Noida,1300.0,30.0,7.0,53.0
Jasper Colin,3.5,337.0,Analytics & KPO,Noida,817.0,45.0,3.0,34.0
Machino Plastics,3.5,336.0,Auto Components,Gurugram,1500.0,29.0,5.0,13.0
Dvara KGFS,3.8,336.0,NBFC,Chennai,1000.0,20.0,1.0,27.0
Nitco,3.9,335.0,Building Material,Mumbai,1200.0,12.0,42.0,29.0
Veolia Water Technologies,4.2,335.0,Waste Management,Bengaluru,1300.0,25.0,24.0,22.0
Rajsriya Automotive Industries,3.2,335.0,Auto Components,Hosur,1200.0,18.0,11.0,22.0
Bristol-Myers Squibb,3.4,336.0,Pharma,Hyderabad,2100.0,37.0,76.0,9.0
Cohizon Life Sciences Limited,3.5,335.0,Chemicals,Ankleshwar,1700.0,25.0,4.0,16.0
Olectra Greentech,3.5,335.0,Automobile,Hyderabad,1400.0,31.0,23.0,23.0
MobileComm Technologies India,3.8,335.0,Telecom,Gurugram,1000.0,17.0,0.0,28.0
Agility,4.0,334.0,Logistics,Chennai,1200.0,12.0,2.0,51.0
Holisol Logistics,3.8,334.0,Logistics,New Delhi,1200.0,15.0,0.0,30.0
DCDC Kidney Care,4.0,334.0,Healthcare,New Delhi,568.0,21.0,6.0,8.0
CareEdge Ratings,3.0,334.0,Financial Services,Mumbai,1800.0,21.0,2.0,20.0
Oriental Aromatics,3.9,334.0,Chemicals,Vadodara,1500.0,41.0,25.0,51.0
GITAM University,3.6,334.0,Education & Training,Visakhapatnam,1300.0,20.0,14.0,20.0
Centre for Good Governance,4.1,334.0,Government,Hyderabad,671.0,119.0,0.0,125.0
Fluentgrid,3.5,334.0,IT Services & Consulting,Visakhapatnam,1700.0,27.0,3.0,30.0
Avanse Financial Services,3.7,334.0,Financial Services,Mumbai,1600.0,29.0,23.0,16.0
KJS Cement,3.6,334.0,Building Material,Maihar,1200.0,27.0,0.0,23.0
Luxor Writing Instruments,3.5,334.0,Other,Noida,1100.0,13.0,4.0,25.0
Louis Philippe,4.4,334.0,Fashion & Textile,Bengaluru,745.0,13.0,0.0,27.0
Greentech Industries,3.7,334.0,Industrial Machinery,Nellore,1200.0,17.0,0.0,37.0
Rao IIT Academy,3.5,333.0,Education & Training,Mumbai,495.0,9.0,0.0,75.0
Hitech Digital Solutions,3.7,333.0,IT Services & Consulting,Ahmedabad,1600.0,30.0,40.0,30.0
OneBanc Technologies,4.9,333.0,FinTech,Gurugram,220.0,42.0,6.0,78.0
Lincoln Pharmaceuticals,3.4,333.0,Pharma,Ahmedabad,1400.0,21.0,26.0,26.0
Softcell Technologies,3.7,333.0,IT Services & Consulting,Mumbai,2000.0,25.0,4.0,21.0
Indus Valley Partners,2.8,333.0,IT Services & Consulting,Noida,2800.0,60.0,12.0,47.0
Sundaram Motors,4.0,333.0,Automobile,Chennai,1100.0,8.0,1.0,18.0
IQ BackOffice,3.5,333.0,Financial Services,Chennai,1600.0,17.0,0.0,25.0
Sureti Insurance Marketing,3.2,333.0,Insurance,Coimbatore,166.0,64.0,0.0,12.0
Tata Play Fiber,3.9,333.0,Telecom,Mumbai,1300.0,18.0,8.0,19.0
Cox & Kings,3.4,332.0,Travel & Tourism,Mumbai,966.0,7.0,0.0,44.0
Tenon Facility Management,3.6,332.0,Facility Management Services,Gurugram,1100.0,23.0,0.0,19.0
Boehringer-Ingelheim,4.0,332.0,Pharma,Mumbai,1100.0,15.0,27.0,29.0
MTR Foods,3.9,332.0,Hospitality,Bengaluru,1100.0,26.0,0.0,23.0
BIC Cello,4.0,332.0,Other,Mumbai,1000.0,11.0,7.0,22.0
Jaiprakash Power Ventures,4.0,332.0,Power,Singrauli,1200.0,32.0,0.0,15.0
Girmiti Software,4.1,333.0,IT Services & Consulting,Bengaluru,1500.0,18.0,21.0,10.0
Genisys Group,3.5,332.0,IT Services & Consulting,Bengaluru,1400.0,21.0,13.0,3.0
Kent plc,4.0,332.0,Oil & Gas,Mumbai,786.0,25.0,28.0,6.0
Ratnamani Metals and Tubes,4.2,331.0,Iron & Steel,Ahmedabad,1300.0,15.0,11.0,33.0
Sahayog Multistate Credit Co-operative Society,3.5,331.0,Banking,Nagpur,937.0,16.0,0.0,8.0
Kusum Healthcare,4.0,331.0,Pharma,Bhiwadi,1300.0,16.0,3.0,33.0
Chubb,3.3,332.0,Insurance,Hyderabad,3500.0,67.0,1.0,21.0
Myk Schomburg,3.8,331.0,Chemicals,Hyderabad,986.0,21.0,0.0,20.0
Renewsys India,3.9,333.0,Power,Hyderabad,1500.0,30.0,0.0,26.0
Outpace Consulting Services,4.5,331.0,,Lucknow,148.0,100.0,0.0,20.0
Kubota Agricultural Machinery India,4.2,330.0,Agriculture,Chennai,1300.0,20.0,7.0,30.0
Victora Tool Engineers,3.8,330.0,Auto Components,Faridabad,1200.0,11.0,0.0,34.0
Swastika Investmart,3.6,330.0,Investment Banking / Venture Capital / Private Equity,Indore,1100.0,15.0,12.0,12.0
Aristocrat,3.6,330.0,Gaming,Noida,2500.0,69.0,57.0,32.0
Peregrine Guarding,3.9,330.0,Law Enforcement & Security,Gurugram,881.0,15.0,0.0,21.0
Honda India Power Products,4.2,330.0,Industrial Machinery,Greater Noida,1100.0,28.0,1.0,29.0
You Broadband,3.7,330.0,Telecom,Pune,1000.0,17.0,0.0,25.0
Ubisoft Entertainment,3.6,331.0,Gaming,Pune,1900.0,40.0,4.0,51.0
Adani Gas,3.0,330.0,Oil & Gas,Ahmedabad,1400.0,37.0,0.0,34.0
MIOT INTERNATIONAL,3.4,330.0,Healthcare,Chennai,1300.0,18.0,26.0,17.0
ILJIN ELECTRONICS,3.8,331.0,Semiconductors,Noida,993.0,25.0,0.0,13.0
"Nitor Infotech, an Ascendion company",3.9,330.0,Software Product,Pune,2100.0,53.0,6.0,15.0
VSoft Technologies,3.1,329.0,FinTech,Hyderabad,1500.0,14.0,4.0,11.0
Robosoft Technologies,3.4,329.0,IT Services & Consulting,Bengaluru,2300.0,45.0,14.0,15.0
Ck Birla Hospitals,4.0,329.0,Healthcare,Kolkata,1200.0,15.0,0.0,23.0
Hartek Group,4.1,329.0,Engineering & Construction,Sahibzada Ajit Singh Nagar,819.0,66.0,35.0,49.0
Mit World Peace University,3.8,329.0,Education & Training,Pune,1100.0,20.0,7.0,14.0
Telecom Network Solutions,4.1,329.0,Telecom,Noida,1100.0,14.0,0.0,24.0
Ms Agarwal Foundries,4.1,329.0,Iron & Steel,Hyderabad,937.0,34.0,5.0,10.0
Sheraton Hotels and Resorts,3.9,329.0,Hospitality,Bengaluru,657.0,10.0,0.0,31.0
ESIC HOSPITAL,4.0,329.0,Healthcare,New Delhi,957.0,14.0,0.0,19.0
Arzooo.com,2.7,328.0,Travel & Tourism,Bengaluru,1200.0,25.0,0.0,11.0
Infiniti Software Solutions,4.4,328.0,Software Product,Chennai,595.0,111.0,3.0,12.0
TIBCO Software,3.7,328.0,Software Product,Pune,3300.0,48.0,1.0,52.0
Turing,3.0,328.0,Analytics & KPO,Bengaluru,1800.0,119.0,22.0,8.0
Glorious Insight,3.4,328.0,IT Services & Consulting,Noida,271.0,4.0,1.0,5.0
Arya Omnitalk,3.5,328.0,Electronics Manufacturing,Pune,1000.0,20.0,5.0,8.0
Cactus Communications,3.4,328.0,Software Product,Mumbai,1800.0,56.0,24.0,36.0
Radiant Cash Management Services,3.3,328.0,Financial Services,Chennai,1000.0,11.0,0.0,9.0
VKC Group,3.7,327.0,Fashion & Textile,Kozhikode,1200.0,21.0,0.0,23.0
Zydus Hospital,4.2,327.0,Healthcare,Ahmedabad,1100.0,15.0,128.0,35.0
Opkey,4.6,328.0,Software Product,Noida,607.0,26.0,24.0,216.0
Kuwait National Petroleum Company,4.2,327.0,Oil & Gas,Kuwait City,1000.0,22.0,0.0,39.0
Aksentt Tech Services,4.4,327.0,IT Services & Consulting,Mumbai,429.0,155.0,1.0,12.0
MARK EXHAUST SYSTEMS,4.2,327.0,Auto Components,Gurugram,1100.0,21.0,0.0,25.0
Mirza International,3.4,326.0,Fashion & Textile,New Delhi,1100.0,9.0,4.0,27.0
Laser Power & Infra,3.5,326.0,Electrical Equipment,Kolkata,1100.0,20.0,1.0,20.0
Siti Networks,3.9,326.0,Media & Entertainment,Noida,1000.0,11.0,0.0,24.0
VML,3.5,326.0,Marketing & Advertising,Noida,2100.0,22.0,67.0,32.0
SAR Group,3.8,326.0,Consumer Electronics & Appliances,Gurugram,1400.0,13.0,0.0,29.0
Renom Energy Services,4.2,326.0,Engineering & Construction,Pune,1000.0,22.0,2.0,16.0
Narula Infrastructure,3.6,326.0,Engineering & Construction,Kolkata,697.0,20.0,2.0,14.0
Techolution,3.7,326.0,IT Services & Consulting,Hyderabad,1100.0,74.0,1.0,35.0
Easy Home Finance,4.5,326.0,FinTech,Mumbai,539.0,57.0,8.0,37.0
SVC Co-Operative Bank,3.8,326.0,Banking,Mumbai,1400.0,18.0,12.0,27.0
Bombay Intelligence Security,4.2,327.0,Law Enforcement & Security,Mumbai,711.0,24.0,16.0,43.0
Highway Industries,4.0,326.0,Engineering & Construction,Ludhiana,1300.0,22.0,3.0,27.0
Silverskills,3.4,326.0,BPO,Gurugram,1100.0,31.0,5.0,24.0
Ozone Pharmaceuticals,3.7,326.0,Pharma,New Delhi,996.0,16.0,4.0,19.0
Sigmoid,3.7,326.0,Analytics & KPO,Bengaluru,2700.0,91.0,46.0,17.0
East African (I) Overseas Dehradun,4.1,326.0,Pharma,Dehradun,782.0,120.0,3.0,52.0
Alkyl Amines,4.0,326.0,Chemicals,Pune,1400.0,15.0,5.0,36.0
ITM Group of Institutions,3.2,326.0,Education & Training,Mumbai,1200.0,21.0,6.0,21.0
Navneet Education,4.0,325.0,Printing & Publishing,Mumbai,1400.0,16.0,0.0,22.0
BOLD Technology Systems,3.0,325.0,Software Product,Noida,1800.0,49.0,9.0,30.0
The Sleep Company,4.2,325.0,Furniture & Furnishing,Mumbai,1100.0,29.0,51.0,1.0
Manba Finance Limited,4.0,325.0,NBFC,Mumbai,942.0,15.0,2.0,5.0
SPML Infra,4.0,325.0,Engineering & Construction,Kolkata,861.0,24.0,90.0,25.0
ProConnect Integrated Logistics,3.6,325.0,Logistics,Chennai,1400.0,12.0,3.0,22.0
Sakon,2.8,325.0,Software Product,Pune,1900.0,38.0,5.0,20.0
ClaySys,3.7,325.0,IT Services & Consulting,Kochi,1000.0,77.0,19.0,3.0
Sphinx Worldbiz,3.4,325.0,Engineering & Construction,Pune,1400.0,37.0,0.0,10.0
Laxmi Civil Engineering Services,4.1,324.0,Engineering & Construction,Kolhapur,870.0,17.0,0.0,24.0
AXIS MY INDIA,3.5,326.0,Analytics & KPO,Mumbai,501.0,20.0,0.0,12.0
AI Variant,4.2,324.0,IT Services & Consulting,Bengaluru,1500.0,39.0,0.0,10.0
Adani Energy Solutions,3.6,325.0,Power,Ahmedabad,1300.0,25.0,559.0,16.0
Frigorifico Allana,4.0,324.0,Food Processing,Chhatrapati Sambhajinagar,1100.0,14.0,0.0,37.0
Alicon Castalloy,3.4,324.0,Auto Components,Pune,1200.0,12.0,5.0,28.0
DEC Infra,3.8,325.0,Real Estate,Hyderabad,1300.0,31.0,0.0,21.0
Piramal Foundation,4.1,324.0,Non-Profit,New Delhi,843.0,18.0,0.0,20.0
Taal Tech India,3.9,324.0,IT Services & Consulting,Bengaluru,1500.0,24.0,25.0,18.0
Aujas Cybersecurity-NuSummit company,3.7,324.0,IT Services & Consulting,Bengaluru,2200.0,29.0,22.0,9.0
ZIM Laboratories,2.9,324.0,Pharma,Nagpur,1400.0,14.0,3.0,33.0
Stellantis Avtec Powertrain,3.6,324.0,,Hosur,1500.0,15.0,0.0,21.0
Elico Healthcare Services,3.2,323.0,Analytics & KPO,Hyderabad,922.0,22.0,7.0,24.0
TAJSATS AIR CATERING,4.1,323.0,Hospitality,Mumbai,1000.0,18.0,8.0,40.0
Moody's Analytics,4.0,323.0,Analytics & KPO,Bengaluru,2400.0,24.0,9.0,22.0
SGT University,3.5,323.0,Education & Training,Gurugram,1100.0,23.0,10.0,18.0
ARDEM Incorporated,3.9,323.0,BPO,Lucknow,612.0,37.0,15.0,4.0
CG Foods,3.5,323.0,Food Processing,Guwahati,2100.0,13.0,10.0,20.0
Stellar Value Chain Solutions,3.7,323.0,Logistics,Mumbai,1400.0,37.0,0.0,23.0
Annexmed,3.2,323.0,,Chennai,1400.0,16.0,22.0,17.0
Deepak Phenolics,4.4,324.0,Chemicals,Bharuch,1700.0,27.0,0.0,32.0
Peel-works,3.5,322.0,Software Product,Bengaluru,680.0,10.0,0.0,21.0
Iconic,4.0,322.0,Retail,Gurugram,934.0,35.0,7.0,19.0
ETA Engineering,3.3,322.0,Engineering & Construction,New Delhi,823.0,10.0,0.0,33.0
Jorie Healthcare,3.9,322.0,Healthcare,Sahibzada Ajit Singh Nagar,477.0,10.0,0.0,4.0
Walsons Facility Solutions,3.9,322.0,Recruitment,Gurugram,1200.0,13.0,0.0,29.0
Internshala,3.6,322.0,EdTech,Gurugram,997.0,64.0,1.0,18.0
Gleneagles Hospital,3.7,322.0,,Chennai,1000.0,14.0,0.0,24.0
Bnp Paribas Securities,3.8,322.0,Financial Services,Chennai,1800.0,13.0,0.0,34.0
IFFCO Kisan Sanchar,3.7,321.0,Agro Chemicals,New Delhi,736.0,26.0,0.0,45.0
JSW Steel Coated Products,3.9,323.0,,Mumbai,1200.0,29.0,0.0,14.0
Military Engineer Services,4.6,321.0,Engineering & Construction,New Delhi,671.0,13.0,0.0,32.0
Jodas Expoim,3.2,321.0,Pharma,Hyderabad,1300.0,26.0,10.0,17.0
Resurgent India,3.9,321.0,Investment Banking / Venture Capital / Private Equity,Gurugram,574.0,5.0,22.0,74.0
Jaguar Land Rover,3.9,321.0,Automobile,Pune,1800.0,32.0,12.0,25.0
TCPL Packaging,4.0,321.0,Packaging,Dadra & Nagar Haveli,1500.0,22.0,4.0,28.0
Molecular Connections,3.0,321.0,IT Services & Consulting,Bengaluru,1400.0,22.0,1.0,22.0
Vilas Javdekar Developers,3.8,321.0,Real Estate,Pune,1300.0,36.0,14.0,13.0
ITC ABD,3.7,321.0,Agriculture,Guntur,1200.0,17.0,0.0,23.0
Creamy foods,4.1,322.0,Food Processing,Bulandshahr,924.0,34.0,8.0,25.0
Zeta,3.2,322.0,Emerging Technologies,Bengaluru,3300.0,81.0,37.0,22.0
convergys india services,3.5,320.0,,Gurugram,1000.0,29.0,0.0,12.0
Omax Autos,3.8,320.0,Auto Components,Gurugram,960.0,13.0,0.0,38.0
Apisero,4.3,320.0,IT Services & Consulting,Bengaluru,2400.0,67.0,0.0,34.0
ArcGate,2.7,320.0,IT Services & Consulting,Udaipur,1200.0,25.0,33.0,22.0
Hindustan Times,3.1,321.0,Media & Entertainment,New Delhi,2100.0,17.0,2.0,33.0
NatWest Markets,3.8,320.0,Banking,Gurugram,2800.0,18.0,0.0,49.0
Cliantha Research,3.9,320.0,Clinical Research,Ahmedabad,1300.0,19.0,11.0,28.0
LANXESS India Private Limited,4.2,320.0,Chemicals,Mumbai,1200.0,23.0,2.0,44.0
Pulse Pharmaceuticals,3.4,320.0,Pharma,Hyderabad,941.0,16.0,4.0,28.0
Dyninno India,4.0,320.0,IT Services & Consulting,Gurugram,682.0,41.0,6.0,4.0
UNITILE,4.5,320.0,Building Material,Mumbai,390.0,43.0,11.0,93.0
CQRA,4.3,319.0,Engineering & Construction,Hyderabad,916.0,22.0,1.0,19.0
MDC Group of Companies,4.8,319.0,Pharma,Mumbai,90.0,3.0,1.0,66.0
NACL Industries,4.0,319.0,Agro Chemicals,Hyderabad,1100.0,29.0,4.0,22.0
MSD Pharmaceuticals,3.7,319.0,Pharma,Hyderabad,1800.0,32.0,82.0,34.0
LatentView Analytics,3.4,319.0,IT Services & Consulting,Chennai,3300.0,75.0,54.0,22.0
Ninestars Information Technologies Pvt. Ltd,3.3,320.0,Software Product,Bengaluru,1600.0,25.0,1.0,14.0
DRA Homes,4.5,319.0,Real Estate,Chennai,373.0,55.0,14.0,17.0
Creative Hands HR Consultancy,4.2,319.0,Recruitment,Chennai,220.0,48.0,0.0,46.0
DynPro,3.7,320.0,IT Services & Consulting,Bengaluru,1500.0,36.0,3.0,8.0
Danone Foods Beverages,3.5,319.0,Food Processing,Mumbai,1200.0,14.0,1.0,19.0
Kshema General Insurance,4.2,319.0,Insurance,Hyderabad,687.0,17.0,10.0,0.0
ATMECS Global,3.2,319.0,IT Services & Consulting,Hyderabad,2400.0,37.0,0.0,24.0
Embee Software,3.7,318.0,Software Product,Kolkata,1300.0,9.0,1.0,14.0
Bharat IT Services,3.3,319.0,IT Services & Consulting,New Delhi,1100.0,17.0,0.0,7.0
K R Mangalam University,4.5,319.0,Education & Training,Gurugram,470.0,71.0,0.0,26.0
Elevanceskills,4.4,323.0,Education & Training,Bengaluru,0.0,148.0,0.0,67.0
Lernx,3.8,318.0,,Jaipur,68.0,56.0,0.0,1.0
Cameo Corporate Services,3.3,318.0,BPO,Chennai,1300.0,18.0,13.0,14.0
TIDC India,3.7,318.0,Industrial Machinery,Chennai,1300.0,13.0,0.0,31.0
Transworld Systems,3.0,318.0,Financial Services,Bengaluru,1500.0,6.0,2.0,11.0
ZF India Technology Center,3.6,318.0,Auto Components,Hyderabad,2100.0,42.0,100.0,64.0
Altera Digital Health,2.9,318.0,Software Product,Pune,1900.0,35.0,124.0,7.0
Telesonic Networks,3.9,317.0,Telecom,Chennai,793.0,8.0,0.0,47.0
H&R Block,4.2,317.0,Accounting & Auditing,Thiruvananthapuram,1900.0,26.0,5.0,24.0
Danske IT,3.6,317.0,IT Services & Consulting,Bengaluru,1700.0,19.0,0.0,43.0
Equinox Labs,3.9,317.0,Clinical Research,Mumbai,958.0,45.0,17.0,23.0
Guiltfree Industries,3.5,317.0,FMCG,Kolkata,1000.0,34.0,0.0,13.0
SquadStack,3.3,317.0,IT Services & Consulting,Noida,913.0,36.0,16.0,21.0
GMR Energy,3.8,318.0,Power,New Delhi,1000.0,20.0,0.0,40.0
Manipal Technologies,4.0,317.0,Printing & Publishing,Bengaluru,1900.0,13.0,10.0,35.0
Amrutanjan Health Care,3.9,317.0,Pharma,Chennai,708.0,25.0,1.0,21.0
ABI Showatech,3.5,317.0,Auto Components,Chennai,1100.0,10.0,3.0,31.0
Mindteck,3.0,318.0,IT Services & Consulting,Bengaluru,2300.0,26.0,38.0,21.0
Ruby Hall Clinic,4.0,317.0,Healthcare,Pune,998.0,16.0,0.0,27.0
Indo Farm Equipment,3.1,317.0,Industrial Machinery,Baddi,948.0,15.0,5.0,24.0
The Indian Hume Pipe Co.,3.8,317.0,Building Material,Mumbai,1000.0,22.0,3.0,25.0
Bharat Wire Ropes,3.6,317.0,Iron & Steel,Mumbai,1400.0,44.0,16.0,12.0
Rooman Technologies,3.7,316.0,Education & Training,Bengaluru,797.0,14.0,0.0,18.0
Competent Software,3.2,316.0,IT Services & Consulting,New Delhi,522.0,7.0,5.0,33.0
Prepca Eduserv,4.0,316.0,EdTech,Pune,188.0,96.0,0.0,16.0
Massmutual Global Business Services,3.9,316.0,IT Services & Consulting,Hyderabad,1900.0,10.0,12.0,4.0
Dainik Jagran,3.3,316.0,Printing & Publishing,New Delhi,1200.0,14.0,0.0,25.0
SEABIRD LOGISOLUTIONS,3.9,316.0,Logistics,Pune,1200.0,21.0,6.0,27.0
Van Heusen,4.0,316.0,Fashion & Textile,New Delhi,696.0,18.0,0.0,27.0
V2Solutions,3.2,316.0,IT Services & Consulting,Mumbai,1300.0,35.0,7.0,31.0
LCC Projects,4.3,316.0,Engineering & Construction,Ahmedabad,859.0,32.0,2.0,13.0
Electrical Research & Development Association,3.7,316.0,Electrical Equipment,Vadodara,957.0,19.0,4.0,30.0
Mirafra Technologies,3.6,317.0,Semiconductors,Bengaluru,3200.0,61.0,67.0,15.0
Nimbus Harbor Facilities Management,4.1,316.0,Facility Management Services,Gurugram,940.0,16.0,0.0,17.0
Western Digital,3.4,316.0,Consumer Electronics & Appliances,Bengaluru,3000.0,55.0,0.0,27.0
Angelique International,4.6,316.0,Engineering & Construction,Noida,1000.0,14.0,6.0,37.0
Netsmartz Infotech,3.6,316.0,IT Services & Consulting,Chandigarh,1400.0,27.0,6.0,14.0
Dosti Realty,4.2,318.0,Real Estate,Mumbai,1200.0,20.0,1.0,24.0
Princess Cruises,3.9,316.0,Travel & Tourism,Mumbai,361.0,13.0,0.0,34.0
InsanelyGood,4.0,315.0,Internet,Bengaluru,1300.0,20.0,0.0,35.0
Paragon Digital Services,3.2,315.0,Marketing & Advertising,Chennai,2000.0,22.0,0.0,28.0
Hinduja Finance,3.9,315.0,NBFC,Chennai,957.0,13.0,0.0,16.0
Miles Education,3.2,315.0,Education & Training,Bengaluru,776.0,40.0,29.0,164.0
Vinati Organics,3.9,315.0,Chemicals,Chiplun,1600.0,17.0,6.0,21.0
Azure Power,4.0,315.0,Power,New Delhi,1200.0,24.0,11.0,36.0
Essar Projects India,3.8,315.0,Engineering & Construction,Surat,757.0,10.0,0.0,51.0
Koenig Solutions,3.3,316.0,Education & Training,New Delhi,1100.0,39.0,42.0,16.0
Ahresty India,3.8,315.0,Auto Components,Rewari,1100.0,25.0,0.0,16.0
Micro Plastics Private Limited,3.7,315.0,,Bengaluru,1300.0,33.0,4.0,28.0
Gaja Engineering,4.2,315.0,Engineering & Construction,Hyderabad,1200.0,28.0,2.0,40.0
AGI Glaspac,3.7,315.0,Packaging,Hyderabad,985.0,24.0,0.0,20.0
Alf Engineering,3.9,315.0,Auto Components,Nashik,1400.0,32.0,17.0,19.0
Nuclear Power Corporation of India,4.2,315.0,Power,Mumbai,996.0,33.0,0.0,34.0
KEPCO Plant Service & Engineering,3.7,315.0,Engineering & Construction,Bhavnagar,1000.0,17.0,0.0,27.0
Innover Digital,4.3,315.0,IT Services & Consulting,Kolkata,819.0,23.0,8.0,10.0
SSF PLASTICS,3.5,315.0,Petrochemicals,Hosur,1200.0,21.0,4.0,19.0
HungerBox,3.6,315.0,Internet,Bengaluru,996.0,20.0,8.0,30.0
Segula Technologies,3.4,315.0,Engineering & Construction,Chennai,2000.0,30.0,60.0,8.0
Aspiro Pharma,3.7,315.0,Pharma,Hyderabad,1100.0,16.0,5.0,21.0
Signutra (Health & Nutrition Division of Win - Medicare Pvt Ltd),4.3,315.0,Pharma,New Delhi,436.0,17.0,0.0,11.0
Airtel DTH Services,4.0,314.0,Telecom,Gurugram,867.0,28.0,0.0,42.0
SBS,2.5,314.0,IT Services & Consulting,Noida,2300.0,31.0,0.0,36.0
Smaaash Entertainment,4.1,314.0,Events,Mumbai,758.0,33.0,0.0,30.0
Edureka,3.7,314.0,EdTech,Bengaluru,1400.0,40.0,6.0,21.0
Sabre,3.9,314.0,Software Product,Bengaluru,2300.0,39.0,58.0,37.0
Gawar Construction,4.1,314.0,Engineering & Construction,New Delhi,889.0,17.0,1.0,21.0
Rucha Engineers,3.8,314.0,Industrial Machinery,Chhatrapati Sambhajinagar,1400.0,20.0,0.0,16.0
360 Degree Cloud Technologies,4.0,314.0,IT Services & Consulting,Noida,1600.0,87.0,29.0,18.0
Amcor Flexibles India,3.7,314.0,Packaging,Bharuch,1400.0,14.0,2.0,34.0
FCI CCM,4.5,314.0,Software Product,Noida,579.0,44.0,17.0,30.0
AltezzaSys,3.9,314.0,IT Services & Consulting,Noida,830.0,71.0,5.0,11.0
Money View,4.2,314.0,FinTech,Bengaluru,1700.0,37.0,22.0,8.0
Markelytics Solutions,4.5,313.0,Analytics & KPO,Bengaluru,352.0,2.0,5.0,60.0
Fino Paytech,3.2,313.0,FinTech,Mumbai,557.0,7.0,0.0,34.0
Futwork,3.7,313.0,Internet,Mumbai,310.0,31.0,1.0,5.0
Brinton Pharmaceuticals,4.5,313.0,Pharma,Pune,600.0,39.0,0.0,72.0
Meitra Hospital,4.5,313.0,Healthcare,Kozhikode,371.0,15.0,3.0,8.0
Checkmate Services,4.0,313.0,Facility Management Services,Vadodara,883.0,19.0,1.0,16.0
Doha Petroleum Construction Company,3.9,313.0,Oil & Gas,Doha,682.0,26.0,0.0,13.0
Automotive Robotics (India),3.4,313.0,Industrial Automation,Chennai,2400.0,38.0,3.0,14.0
Tata Marcopolo Motors,3.8,313.0,Auto Components,Dharwad,1000.0,19.0,0.0,36.0
Cyber Infrastructure,3.5,313.0,IT Services & Consulting,Indore,1400.0,41.0,4.0,57.0
Publicis Resources,3.4,312.0,Marketing & Advertising,Gurugram,1900.0,22.0,14.0,3.0
Arabian Construction Company,3.1,312.0,Engineering & Construction,Kolkata,824.0,28.0,0.0,29.0
Ordnance Factory,4.2,313.0,Government,Hyderabad,622.0,12.0,0.0,24.0
VVF,3.8,312.0,Chemicals,Mumbai,1400.0,14.0,13.0,25.0
Orix Auto Infrastructure Services,4.0,312.0,Travel & Tourism,Mumbai,921.0,16.0,0.0,27.0
Domino Printech India LLP,4.3,312.0,Industrial Automation,Gurugram,849.0,70.0,2.0,22.0
Gammon Engineers And Contractors,4.0,312.0,Engineering & Construction,Mumbai,1100.0,22.0,1.0,26.0
Themis Medicare,3.8,312.0,Pharma,Mumbai,1100.0,14.0,5.0,14.0
ANZ Operations & Technology,3.7,312.0,Financial Services,Bengaluru,2600.0,31.0,0.0,39.0
T R Chadha & Co Llp,3.3,312.0,Accounting & Auditing,Mumbai,1300.0,22.0,20.0,18.0
Unibic Foods,3.6,312.0,Food Processing,Bengaluru,1000.0,15.0,1.0,22.0
EnFuse Solutions,4.0,311.0,IT Services & Consulting,Mumbai,700.0,42.0,51.0,10.0
LetsTransport,3.7,311.0,Logistics,Bengaluru,1200.0,25.0,0.0,24.0
Pitney Bowes,3.8,311.0,IT Services & Consulting,Pune,2000.0,23.0,13.0,33.0
Namdev Finvest,3.7,311.0,Financial Services,Jaipur,623.0,13.0,19.0,5.0
Emmvee Photovoltaic Power,3.5,311.0,Power,Bengaluru,1200.0,21.0,6.0,13.0
TATWA Technologies,3.3,311.0,IT Services & Consulting,Bhubaneswar,888.0,17.0,43.0,16.0
Xylem Water Solutions,3.7,312.0,Waste Management,Vadodara,2100.0,30.0,76.0,27.0
Ratnadeep Retail,4.1,311.0,Retail,Hyderabad,1000.0,22.0,5.0,22.0
Madina Group,4.5,311.0,Oil & Gas,Doha,532.0,25.0,0.0,45.0
Titan Laboratories,3.4,311.0,Pharma,Mumbai,1100.0,8.0,5.0,50.0
Goldmedal Electricals,3.7,310.0,Electrical Equipment,Mumbai,1300.0,17.0,7.0,7.0
Fleetx.io,3.2,310.0,Logistics,Gurugram,1400.0,37.0,9.0,12.0
Karvy Financial Services,3.9,310.0,Financial Services,Hyderabad,1300.0,12.0,0.0,29.0
Inlead Electronics,3.9,310.0,Consumer Electronics & Appliances,Mumbai,955.0,11.0,0.0,39.0
Spm Autocomp,3.6,310.0,Auto Components,Pune,1200.0,24.0,0.0,20.0
Airbnb,3.6,310.0,Travel & Tourism,Gurugram,1700.0,29.0,7.0,31.0
Thirumalai Chemicals,3.8,310.0,Chemicals,Ranipet,1400.0,23.0,14.0,18.0
RNF Technologies,2.9,310.0,IT Services & Consulting,Noida,1300.0,39.0,2.0,60.0
Innoviti Technologies Private Limited,2.9,310.0,FinTech,Bengaluru,1600.0,23.0,1.0,17.0
Cure foods,3.4,310.0,Fitness & Wellness,Bengaluru,899.0,20.0,0.0,33.0
GSH Group,4.1,310.0,Facility Management Services,Chennai,991.0,11.0,0.0,35.0
SS Supply Chain Solutions,3.5,310.0,IT Services & Consulting,Gurugram,1100.0,15.0,6.0,58.0
THE GUARDIANS Real Estate Advisory,3.6,310.0,Real Estate,Mumbai,1300.0,27.0,18.0,12.0
Rheinmetall Automotive,3.8,309.0,Auto Components,Pune,1200.0,25.0,14.0,36.0
Yum!,4.0,309.0,Hospitality,Gurugram,1400.0,19.0,20.0,39.0
Quintessence Business Solutions & Services,3.8,309.0,Analytics & KPO,Coimbatore,993.0,9.0,0.0,110.0
Gemini Solutions,3.4,309.0,IT Services & Consulting,Gurugram,2700.0,38.0,1.0,22.0
Lee Pharma,3.3,309.0,Pharma,Hyderabad,1400.0,19.0,2.0,20.0
ecare India,3.8,309.0,Analytics & KPO,Chennai,1200.0,18.0,22.0,25.0
KnowledgeHut,4.4,308.0,EdTech,Bengaluru,793.0,12.0,0.0,4.0
BYJU'S Exam Prep,3.7,308.0,EdTech,Noida,1100.0,25.0,0.0,29.0
Munjal Kiriu Industries,3.8,308.0,Auto Components,Gurugram,883.0,15.0,1.0,21.0
ISMT,3.8,308.0,Iron & Steel,Pune,1100.0,19.0,0.0,14.0
NVH India Auto Parts,3.2,308.0,Auto Components,Chennai,1200.0,15.0,6.0,48.0
Bhandari Automobiles,3.7,308.0,Automobile,Kolkata,865.0,16.0,0.0,18.0
Wirtgen India,4.1,308.0,Industrial Machinery,Pune,1200.0,19.0,6.0,29.0
Garware Technical Fibres,3.6,309.0,Fashion & Textile,Pune,1400.0,17.0,9.0,32.0
IndianOil Adani Ventures,3.9,308.0,Oil & Gas,Paradip,995.0,21.0,0.0,5.0
Cavisson Systems,2.3,308.0,IT Services & Consulting,Noida,1700.0,23.0,5.0,31.0
HyFun Foods,4.2,308.0,Food Processing,Ahmedabad,1300.0,24.0,12.0,16.0
Business Integrity Services,4.2,308.0,BPO,Chennai,578.0,58.0,5.0,7.0
Roki Minda Co,4.5,308.0,Auto Components,Chennai,858.0,10.0,0.0,30.0
MN Dastur & Company,3.8,308.0,Metals & Mining,Kolkata,755.0,12.0,1.0,44.0
FUJIFILM,4.0,309.0,Animation & VFX,Gurugram,1200.0,16.0,0.0,29.0
Stelmec,3.2,308.0,Power,Mumbai,1400.0,35.0,1.0,18.0
Junglee Games,4.1,308.0,Gaming,Gurugram,1800.0,51.0,0.0,20.0
Nippon Audiotronix,3.4,308.0,Automobile,Gurugram,1200.0,16.0,0.0,27.0
ICRA,3.2,307.0,Financial Services,Mumbai,1700.0,31.0,2.0,34.0
IT By Design,3.0,307.0,IT Services & Consulting,Chandigarh,1600.0,43.0,9.0,9.0
Tata ClassEdge,3.5,308.0,EdTech,Mumbai,937.0,16.0,12.0,33.0
Smart Value Products And Services,4.1,307.0,FMCG,Gurugram,628.0,17.0,0.0,38.0
Asort Company,4.0,307.0,Internet,Gurugram,417.0,23.0,1.0,8.0
Merino Laminates,3.9,307.0,Consumer Electronics & Appliances,New Delhi,1000.0,15.0,10.0,15.0
BMW,4.1,307.0,Automobile,Chennai,1800.0,23.0,1.0,23.0
QDegrees,3.3,307.0,Management Consulting,Jaipur,1100.0,19.0,14.0,19.0
Iscon Balaji Foods,3.9,307.0,Food Processing,Ahmedabad,1100.0,22.0,11.0,7.0
Arena Animation,3.5,307.0,Education & Training,New Delhi,995.0,22.0,6.0,22.0
Diya Systems,3.2,306.0,BPO,Mangaluru,1200.0,23.0,0.0,48.0
Murugappa Group,3.9,306.0,Agro Chemicals,Chennai,1400.0,21.0,0.0,35.0
GlobalStep,2.2,306.0,IT Services & Consulting,Pune,1800.0,33.0,14.0,22.0
Thomson Digital,4.0,306.0,Printing & Publishing,Noida,758.0,35.0,0.0,15.0
Tata Memorial Centre,4.1,306.0,Healthcare,Mumbai,1100.0,9.0,0.0,12.0
TJSB Sahakari Bank,3.7,306.0,Banking,Mumbai,1300.0,23.0,0.0,23.0
KHY ELECTRONIC,3.9,306.0,,Noida,983.0,31.0,0.0,21.0
SHV Energy,3.9,306.0,Power,Hyderabad,1200.0,18.0,8.0,29.0
Katerra,3.5,306.0,Engineering & Construction,Bengaluru,1800.0,22.0,0.0,43.0
R L Fine Chem,3.7,305.0,Pharma,Bengaluru,1600.0,22.0,4.0,29.0
POSCO MAHARASHTRA STEEL,4.3,305.0,Iron & Steel,Pune,1400.0,17.0,0.0,37.0
Soma Enterprises,4.6,305.0,Engineering & Construction,Hyderabad,752.0,7.0,0.0,49.0
Woodland,3.2,306.0,Fashion & Textile,New Delhi,919.0,14.0,0.0,18.0
Integra Global Solutions,3.5,306.0,Financial Services,Coimbatore,1500.0,33.0,23.0,3.0
Efftronics Systems,3.0,305.0,Electronics Manufacturing,Vijayawada,924.0,58.0,17.0,30.0
Mukand Limited,3.7,305.0,Iron & Steel,Mumbai,1200.0,15.0,12.0,34.0
ARCADIS,4.2,305.0,IT Services & Consulting,Bengaluru,1900.0,37.0,105.0,41.0
ANI INTEGRATED SERVICES,3.4,305.0,Engineering & Construction,Mumbai,1100.0,21.0,0.0,12.0
Incture Technologies,2.7,305.0,IT Services & Consulting,Bengaluru,2700.0,58.0,16.0,17.0
Peter England,4.1,305.0,Fashion & Textile,Bengaluru,755.0,10.0,0.0,24.0
Ang India,3.5,305.0,Consumer Electronics & Appliances,Noida,973.0,32.0,1.0,18.0
Nissin Brake,4.3,306.0,Auto Components,Neemrana,753.0,12.0,0.0,53.0
Hudson's Bay Company,3.9,305.0,Retail,Bengaluru,1900.0,26.0,0.0,26.0
British Biologicals,3.0,304.0,Fitness & Wellness,Bengaluru,756.0,21.0,5.0,18.0
State Bank Operations Support Services,3.4,304.0,IT Services & Consulting,New Delhi,448.0,24.0,0.0,1.0
Siegwerk,3.9,304.0,Chemicals,Bhiwadi,1100.0,22.0,5.0,30.0
Shreya Life Sciences,3.9,304.0,Pharma,Chhatrapati Sambhajinagar,645.0,13.0,1.0,21.0
HostBooks,3.0,304.0,Software Product,Gurugram,682.0,20.0,1.0,13.0
Suburban Diagnostics,3.9,304.0,Healthcare,Mumbai,1000.0,11.0,0.0,27.0
Hardcastle Restaurants,3.7,304.0,Hospitality,Mumbai,839.0,18.0,4.0,30.0
Slr Metaliks,4.0,304.0,Iron & Steel,Hosapete,1100.0,24.0,2.0,30.0
BCT Consulting Private Limited,3.8,304.0,IT Services & Consulting,Chennai,1300.0,43.0,0.0,3.0
Global Opportunities,4.1,304.0,EdTech,New Delhi,538.0,40.0,0.0,11.0
Chakr Innovation,3.6,304.0,Industrial Machinery,Gurugram,974.0,45.0,12.0,4.0
Virtusa Software Services,3.6,304.0,IT Services & Consulting,Hyderabad,2800.0,49.0,0.0,16.0
Propel Industries,3.6,304.0,Industrial Machinery,Coimbatore,1600.0,37.0,20.0,19.0
Meinhardt Group,3.4,304.0,Engineering & Construction,Bengaluru,1200.0,14.0,2.0,20.0
ScoreMe Solutions,3.3,303.0,Software Product,Gurugram,494.0,9.0,0.0,105.0
Automotive Axles,3.8,303.0,Auto Components,Mysuru,1000.0,6.0,0.0,19.0
Allanasons,3.9,303.0,Food Processing,Mumbai,1100.0,22.0,13.0,37.0
Online Legal India,4.4,303.0,Other,Kolkata,58.0,25.0,0.0,25.0
Gracure Pharmaceuticals,3.3,303.0,Pharma,Bhiwadi,1200.0,26.0,7.0,20.0
Aurigene Oncology Limited,4.2,303.0,Biotechnology,Bengaluru,1100.0,16.0,3.0,27.0
Toyota Tsusho,3.8,303.0,Metals & Mining,Bengaluru,1600.0,16.0,7.0,28.0
Tradebulls,2.9,305.0,Financial Services,Ahmedabad,1300.0,23.0,26.0,13.0
MSPL,4.1,303.0,Metals & Mining,Hosapete,1300.0,31.0,10.0,23.0
IM Gears,3.5,304.0,Auto Components,Chennai,1100.0,16.0,2.0,34.0
Sakata Inx,3.9,303.0,Chemicals,Bhiwadi,1200.0,16.0,1.0,23.0
DigiTech Call System,2.7,302.0,BPO,Noida,840.0,31.0,0.0,5.0
Trackon Courier,3.6,302.0,Logistics,New Delhi,1100.0,14.0,0.0,14.0
InnovationM,3.8,302.0,IT Services & Consulting,Noida,797.0,35.0,5.0,49.0
Onida,3.5,302.0,Consumer Electronics & Appliances,Mumbai,883.0,10.0,0.0,23.0
Wika Instruments India,4.0,302.0,Industrial Machinery,Pune,1300.0,23.0,19.0,12.0
Della Adventure Resort,4.3,303.0,Hospitality,Pune,794.0,21.0,35.0,25.0
Trigyn Technologies,3.7,302.0,IT Services & Consulting,Mumbai,1800.0,29.0,46.0,16.0
McAfee,3.6,303.0,Software Product,Bengaluru,2900.0,35.0,3.0,48.0
Ciron Drugs & Pharmaceuticals,3.2,302.0,Healthcare,Mumbai,1400.0,26.0,4.0,43.0
Urbanrise,3.8,303.0,Real Estate,Hyderabad,922.0,96.0,4.0,6.0
The Fern Residency,3.9,302.0,Hospitality,Mumbai,1000.0,9.0,2.0,16.0
Hamleys,3.8,302.0,Retail,Mumbai,665.0,21.0,0.0,36.0
Emerald Jewel Industry India,3.6,302.0,Jewellery,Coimbatore,1600.0,20.0,0.0,21.0
Citrix,3.2,302.0,Software Product,Bengaluru,2500.0,54.0,0.0,34.0
Impelsys,3.0,302.0,IT Services & Consulting,Bengaluru,2400.0,33.0,31.0,25.0
Balajee Group,3.6,302.0,Engineering & Construction,Mumbai,927.0,14.0,1.0,18.0
Lanco Infratech,4.2,301.0,Engineering & Construction,Gurugram,652.0,3.0,0.0,46.0
ABP Group,3.4,301.0,Printing & Publishing,Kolkata,1300.0,8.0,0.0,42.0
Softtek,3.9,301.0,IT Services & Consulting,Bengaluru,2000.0,24.0,28.0,29.0
Total Environment Building Systems,4.0,301.0,Real Estate,Bengaluru,1600.0,19.0,14.0,10.0
Autodesk,3.9,301.0,Software Product,Bengaluru,3200.0,49.0,4.0,25.0
Lapiz Digital Services,4.0,302.0,BPO,Chennai,1100.0,54.0,14.0,52.0
Eye-Q Super Speciality Eye Hospitals,3.4,301.0,Healthcare,Gurugram,666.0,14.0,6.0,15.0
Rochem Separation Systems,3.6,301.0,Industrial Machinery,Mumbai,1300.0,20.0,10.0,24.0
Presto Infosolutions,2.7,301.0,Hardware & Networking,New Delhi,1100.0,18.0,0.0,12.0
1K Networks,3.2,301.0,Retail,Gurugram,1200.0,25.0,0.0,17.0
Saregama India,4.0,301.0,Media & Entertainment,Mumbai,926.0,9.0,0.0,22.0
Interface Microsystems,3.8,301.0,Auto Components,Gurugram,1500.0,37.0,6.0,19.0
Bajaj Energy,4.3,301.0,Power,Lalitpur,940.0,12.0,11.0,30.0
Highbar Technocrat,3.9,302.0,IT Services & Consulting,Mumbai,1300.0,33.0,7.0,16.0
Sam India Built Well,3.4,301.0,Engineering & Construction,New Delhi,1000.0,18.0,0.0,10.0
Dee Vee Projects,3.7,301.0,Engineering & Construction,Raipur,958.0,14.0,0.0,33.0
Trelleborg,3.7,301.0,Industrial Machinery,Bengaluru,1700.0,22.0,7.0,38.0
Solartis Technology Services,3.6,301.0,IT Services & Consulting,Madurai,1900.0,33.0,0.0,20.0
Crescent Foundry,3.8,301.0,Industrial Machinery,Kolkata,1100.0,35.0,12.0,17.0
OneAssist Consumer Solutions,3.9,301.0,Financial Services,Mumbai,1200.0,25.0,3.0,21.0
Munjal Auto Industries,3.6,301.0,Auto Components,Vadodara,1100.0,16.0,0.0,23.0
Metric Stream Infotech,3.2,302.0,Internet,Bengaluru,2100.0,19.0,0.0,39.0
Karuna Management Services,3.5,301.0,Retail,Kolkata,452.0,24.0,18.0,7.0
FOX Solutions,3.7,300.0,Industrial Machinery,Nashik,1200.0,36.0,8.0,17.0
AIS Glass Solutions,3.6,300.0,Building Material,Chennai,1300.0,28.0,0.0,42.0
Tata Green Batteries,0.0,0.0,Auto Components,Pune,0.0,0.0,0.0,0.0
Bharat Dynamics,4.5,300.0,Defence & Aerospace,Hyderabad,699.0,12.0,0.0,44.0
Blenheim Chalcot,2.7,300.0,IT Services & Consulting,Mumbai,1600.0,53.0,7.0,6.0
Danfoss Power Solutions,3.9,300.0,Power,Pune,1200.0,13.0,0.0,22.0
National Institute for Smart Government,3.6,300.0,Management Consulting,New Delhi,1700.0,30.0,111.0,14.0
Home Centre,3.9,300.0,Furniture & Furnishing,Bengaluru,1200.0,19.0,0.0,24.0
Amnex Infotechnologies,3.8,300.0,IT Services & Consulting,Ahmedabad,1200.0,42.0,11.0,21.0
Bony Polymers,3.4,300.0,Auto Components,Faridabad,1200.0,15.0,1.0,22.0
Wallace Pharmaceuticals,3.7,300.0,Pharma,Mumbai,823.0,18.0,2.0,35.0
CPM India Sales & Marketing,4.1,300.0,Marketing & Advertising,New Delhi,988.0,13.0,5.0,29.0
Bandhan KOnnagar,3.3,300.0,Non-Profit,Kolkata,672.0,24.0,1.0,24.0
HyScaler,4.3,299.0,IT Services & Consulting,Bhubaneswar,265.0,104.0,31.0,84.0
Indira Gandhi International Airport,3.9,299.0,Urban Transport,New Delhi,826.0,15.0,0.0,13.0
Pepe Jeans,3.9,299.0,Fashion & Textile,Mumbai,908.0,12.0,1.0,37.0
Indo Amines,3.3,299.0,Chemicals,Mumbai,1400.0,24.0,9.0,31.0
Black Box Limited,2.8,299.0,IT Services & Consulting,Bengaluru,1800.0,24.0,99.0,12.0
Manappuram Home Finance,4.0,300.0,Financial Services,Mumbai,938.0,12.0,0.0,12.0
Atul Auto,3.7,299.0,Automobile,Ahmedabad,1200.0,28.0,5.0,24.0
Perkins,4.3,300.0,Engineering & Construction,Chhatrapati Sambhajinagar,1100.0,13.0,4.0,23.0
Spectranet,3.6,299.0,Telecom,Gurugram,1300.0,22.0,5.0,21.0
Wartsila,4.0,298.0,Ports & Shipping,Mumbai,838.0,10.0,164.0,45.0
Ketto,4.3,298.0,Internet,Mumbai,778.0,21.0,7.0,20.0
Apollo Diagnostics,4.0,298.0,Healthcare,Kolkata,857.0,18.0,0.0,15.0
Nilons Enterprises,3.8,299.0,Food Processing,Jalgaon,962.0,19.0,1.0,38.0
Advance India Projects,4.2,299.0,Real Estate,Gurugram,1000.0,55.0,4.0,15.0
STYLAM Industries,3.5,298.0,Engineering & Construction,Chandigarh,1200.0,16.0,8.0,12.0
MTAR Technologies,3.9,298.0,Industrial Machinery,Hyderabad,1300.0,23.0,3.0,8.0
Banswara Syntex,3.8,298.0,Fashion & Textile,Banswara,1000.0,9.0,10.0,18.0
Verse Innovation,3.4,298.0,Internet,Bengaluru,1600.0,32.0,3.0,22.0
First Flight Couriers,4.6,298.0,Logistics,Mumbai,497.0,8.0,32.0,25.0
Orient Paper Mill,4.5,298.0,Pulp & Paper,Shahdol,672.0,19.0,0.0,13.0
Fexprime Finance,4.5,298.0,Financial Services,New Delhi,697.0,7.0,0.0,25.0
Rupa,3.7,298.0,Fashion & Textile,Kolkata,936.0,20.0,1.0,19.0
Hughes Systique Corporation,3.7,298.0,Emerging Technologies,Gurugram,2300.0,42.0,8.0,32.0
JMR Infotech,4.1,297.0,IT Services & Consulting,Bengaluru,1100.0,35.0,3.0,25.0
Sv Creditline,3.7,298.0,NBFC,Gurugram,603.0,8.0,2.0,16.0
Msi Services,3.9,297.0,IT Services & Consulting,Bengaluru,1000.0,55.0,29.0,8.0
Busibud,3.6,297.0,Emerging Technologies,Chandigarh,127.0,43.0,0.0,7.0
Shyam Indus Power Solutions,3.8,297.0,Power,New Delhi,960.0,25.0,0.0,30.0
Gap,3.6,297.0,Retail,Hyderabad,2100.0,36.0,7.0,26.0
Delhi Duty Free Services,3.6,297.0,Retail,New Delhi,1100.0,15.0,1.0,31.0
Embitel Technologies,3.9,297.0,IT Services & Consulting,Bengaluru,2500.0,39.0,221.0,12.0
Suntory Global Spirits India,4.0,297.0,Beverage,Gurugram,1000.0,18.0,7.0,18.0
Ador Welding,3.9,298.0,Industrial Machinery,Pune,1100.0,13.0,6.0,32.0
Nature's Basket,3.8,297.0,Internet,Mumbai,964.0,16.0,0.0,28.0
Joyson Safety Systems,4.0,297.0,Auto Components,Chennai,1200.0,20.0,1.0,24.0
INDIABULLS PHARMACEUTICALS,2.8,296.0,Pharma,Mumbai,558.0,13.0,0.0,23.0
SAVIC Technologies,2.7,297.0,IT Services & Consulting,Mumbai,1100.0,22.0,2.0,20.0
Ocrolus East,3.3,297.0,FinTech,Gurugram,959.0,26.0,6.0,13.0
Nexval Infotech,2.8,297.0,IT Services & Consulting,Kolkata,949.0,12.0,0.0,32.0
HM Group,4.6,296.0,Real Estate,Bengaluru,421.0,37.0,0.0,7.0
Kelly Services,4.0,296.0,Recruitment,Bengaluru,1200.0,18.0,0.0,38.0
Anand Rathi Share and Stock Brokers Ltd,3.5,296.0,Financial Services,Mumbai,2100.0,27.0,175.0,29.0
Utthunga Technologies,2.7,296.0,Industrial Automation,Bengaluru,2200.0,41.0,98.0,19.0
Varmora Granito,4.0,296.0,Building Material,Ahmedabad,865.0,14.0,4.0,22.0
Tablets (India),3.8,296.0,Pharma,Chennai,871.0,23.0,53.0,22.0
Tommy Hilfiger,3.9,296.0,Fashion & Textile,Bengaluru,825.0,19.0,0.0,25.0
J.M Baxi & Co,3.8,296.0,Ports & Shipping,Mumbai,1200.0,18.0,14.0,26.0
Vserv Infosystems,3.4,299.0,IT Services & Consulting,New Delhi,1200.0,17.0,1.0,4.0
Avanze Technologies,3.5,296.0,IT Services & Consulting,Bengaluru,1300.0,35.0,0.0,11.0
Mas Callnet,2.7,296.0,BPO,Noida,879.0,21.0,35.0,11.0
Servotech Renewable Power System Ltd.,3.6,297.0,Power,New Delhi,739.0,29.0,15.0,14.0
Shriram Chits,3.7,298.0,Financial Services,Chennai,687.0,12.0,0.0,13.0
Fujitec,3.8,296.0,Industrial Machinery,Chennai,1300.0,12.0,2.0,15.0
Doubtnut,3.4,296.0,EdTech,Gurugram,1100.0,39.0,0.0,27.0
ERA Group,3.8,295.0,Power,New Delhi,553.0,6.0,9.0,25.0
Popular Vehicles and Services,3.9,295.0,Automobile,Chennai,1300.0,9.0,6.0,23.0
Diamondpick,3.9,295.0,Recruitment,Chennai,1500.0,14.0,3.0,13.0
Dotsquares,2.6,295.0,IT Services & Consulting,Jaipur,2200.0,33.0,11.0,10.0
Amrita Institute of Medical Sciences and Research,3.9,295.0,Healthcare,Kochi,1100.0,10.0,0.0,20.0
Annora Pharma,3.8,296.0,Pharma,Hyderabad,1100.0,38.0,0.0,16.0
Dover India,3.9,295.0,Industrial Machinery,Bengaluru,2300.0,37.0,30.0,21.0
ICICI Direct,3.9,295.0,Financial Services,Mumbai,1300.0,28.0,0.0,24.0
Veer-O-- Metals,4.2,295.0,Industrial Machinery,Bengaluru,1300.0,17.0,0.0,24.0
Levelshift,3.3,295.0,IT Services & Consulting,Chennai,1500.0,33.0,19.0,29.0
Bhash Software Labs,4.5,295.0,Software Product,Bengaluru,158.0,43.0,4.0,25.0
Eastern Software Solutions Pvt. Ltd,4.0,295.0,IT Services & Consulting,Noida,1100.0,20.0,0.0,23.0
Property Solutions,3.8,295.0,Real Estate,Mumbai,1400.0,7.0,20.0,10.0
Ummeed Housing Finance,4.0,297.0,Financial Services,Gurugram,1200.0,12.0,0.0,12.0
TourTravelWorld.Com,4.9,294.0,Internet,New Delhi,2.0,106.0,0.0,6.0
Keihin Fie,4.4,294.0,Auto Components,Bengaluru,2500.0,6.0,0.0,45.0
Aurangabad Electricals,3.8,294.0,Auto Components,Chhatrapati Sambhajinagar,1000.0,13.0,0.0,37.0
Hema Engineering Industries,4.0,294.0,Auto Components,Gurugram,1100.0,14.0,0.0,31.0
Nippon Express,3.8,294.0,Logistics,Bengaluru,1200.0,12.0,2.0,22.0
Samarth LifeSciences,3.6,294.0,Pharma,Mumbai,920.0,21.0,3.0,18.0
kipi.ai,3.6,294.0,IT Services & Consulting,Bengaluru,1400.0,61.0,0.0,5.0
Velnik India,3.2,294.0,Beauty & Personal Care,Indore,1100.0,26.0,0.0,21.0
Vision Rx Lab,3.9,294.0,Medical Equipment,Gurugram,1000.0,15.0,0.0,19.0
Kd Logistics,3.7,294.0,Logistics,Mumbai,981.0,22.0,0.0,25.0
Worldline Global Services,3.8,295.0,IT Services & Consulting,Pune,1900.0,26.0,4.0,45.0
SMR Automotive Systems India,3.7,294.0,Auto Components,Chennai,1300.0,9.0,1.0,24.0
Star Wire India,4.0,294.0,Industrial Machinery,Faridabad,1200.0,21.0,2.0,15.0
Meghalaya Cements,4.1,293.0,Building Material,Guwahati,1000.0,28.0,0.0,31.0
Infineon Technologies,3.6,293.0,Electronics Manufacturing,Bengaluru,2800.0,49.0,125.0,22.0
Essae Teraoka,3.6,293.0,Electronics Manufacturing,Bengaluru,877.0,10.0,31.0,39.0
DataTrained,3.4,293.0,EdTech,Noida,493.0,20.0,0.0,38.0
Southern Petrochemical Industries Corporation,3.6,293.0,Agro Chemicals,Thoothukudi,1500.0,25.0,0.0,30.0
Yatharth Hospital,3.8,294.0,Healthcare,Noida,1100.0,17.0,9.0,7.0
Calsonic Kansei Motherson Auto Products,3.9,293.0,Auto Components,Bawal,1100.0,16.0,0.0,32.0
Liugong India,3.4,293.0,Engineering & Construction,Indore,1300.0,23.0,0.0,32.0
Calpion Software Technologies,3.4,293.0,IT Services & Consulting,Bengaluru,1800.0,25.0,68.0,16.0
Milky Mist Dairy Food,3.9,293.0,Food Processing,Erode,1300.0,26.0,0.0,10.0
Kalinga Commercial Corporation,3.7,293.0,Metals & Mining,Bhubaneswar,886.0,28.0,0.0,6.0
Gautam Solar,3.9,293.0,Power,New Delhi,789.0,29.0,2.0,11.0
Jbm Auto Components,3.8,292.0,Auto Components,Chennai,1200.0,31.0,98.0,24.0
Lumax Auto Technologies Ltd,4.3,292.0,Auto Components,Pune,1300.0,15.0,0.0,8.0
Consolidated Construction Consortium,4.2,292.0,Engineering & Construction,Chennai,766.0,14.0,0.0,37.0
OSB India,3.5,293.0,Financial Services,Bengaluru,1200.0,34.0,8.0,16.0
Arrow Electronics,4.2,292.0,Electronics Manufacturing,Bengaluru,1600.0,82.0,4.0,5.0
Vanderlande Industries,3.9,292.0,Industrial Automation,Pune,1800.0,26.0,6.0,29.0
Infrastructure Leasing & Financial Services,4.0,292.0,Engineering & Construction,Mumbai,976.0,5.0,0.0,35.0
Bonn Group,3.9,292.0,Food Processing,Ludhiana,1100.0,17.0,0.0,23.0
NOVO Medisciences,4.1,292.0,Pharma,Mumbai,497.0,47.0,6.0,53.0
American Express Global Business Travel,4.0,292.0,Travel & Tourism,Gurugram,1900.0,19.0,106.0,27.0
Cholamandalam MS Risk Services,3.6,292.0,Management Consulting,Chennai,855.0,26.0,13.0,21.0
SasMos HET Technologies,3.6,292.0,Electrical Equipment,Bengaluru,1500.0,19.0,12.0,15.0
Personiv,3.8,292.0,BPO,Coimbatore,1700.0,22.0,1.0,23.0
Freelancer.com,4.1,292.0,,Bengaluru,42900.0,83.0,33.0,12.0
Jayashree Polymers,3.7,292.0,Auto Components,Pune,1300.0,24.0,0.0,20.0
Locuz Enterprise Solutions,3.6,292.0,IT Services & Consulting,Hyderabad,1500.0,23.0,65.0,20.0
Kaleesuwari Refinery,3.8,292.0,Food Processing,Chennai,1000.0,14.0,7.0,11.0
Healthium Medtech,3.4,293.0,Medical Equipment,Bengaluru,1300.0,23.0,82.0,17.0
NTF Group,4.0,292.0,Auto Components,Gurugram,1200.0,25.0,2.0,2.0
Imperative Business Ventures,3.8,292.0,IT Services & Consulting,Pune,707.0,13.0,27.0,54.0
Baoiam Innovations,4.6,291.0,EdTech,New Delhi,44.0,18.0,0.0,10.0
Kangaro Industries,3.6,291.0,Retail,Ludhiana,993.0,16.0,4.0,17.0
Unicorn Infosolutions,3.2,291.0,Retail,Mumbai,1100.0,13.0,9.0,11.0
Clifford Chance,3.6,291.0,Legal,Gurugram,2000.0,20.0,4.0,31.0
INDIAN PUBLIC SCHOOL,3.9,291.0,Education & Training,Chennai,1100.0,21.0,10.0,32.0
Think Future Technologies,4.4,291.0,IT Services & Consulting,Gurugram,1100.0,55.0,8.0,10.0
AirAsia,3.4,291.0,Aviation,Bengaluru,1400.0,30.0,8.0,46.0
Ambey Mining,3.4,291.0,Metals & Mining,Durgapur,970.0,40.0,7.0,11.0
Microsense,3.5,291.0,IT Services & Consulting,Chennai,1100.0,24.0,0.0,29.0
Shaily Engineering Plastics Ltd,4.0,291.0,Industrial Machinery,Vadodara,1200.0,18.0,10.0,43.0
Borgwarner Emission System,3.7,291.0,Auto Components,Bengaluru,1600.0,14.0,0.0,22.0
Sonata Finance,4.0,291.0,Financial Services,Lucknow,733.0,17.0,0.0,23.0
TowerVision India,4.3,290.0,Telecom,Gurugram,997.0,17.0,0.0,33.0
Rimjhim Ispat,3.3,290.0,Iron & Steel,Angul,755.0,12.0,5.0,7.0
OnProcess Technology,3.8,290.0,Software Product,Kolkata,866.0,12.0,0.0,50.0
Pfizer Healthcare india pvt lit,3.9,290.0,Pharma,Visakhapatnam,1200.0,25.0,0.0,39.0
IDP IELTS,3.3,290.0,Education & Training,Chennai,1700.0,16.0,0.0,7.0
Petrocon Engineers & Consultants,3.6,291.0,Engineering & Construction,Hyderabad,1100.0,28.0,10.0,8.0
Adani Realty,3.7,290.0,Real Estate,Mumbai,1700.0,28.0,0.0,13.0
Fourrts,4.2,290.0,Pharma,Chennai,795.0,15.0,1.0,24.0
Bihar Rural Livelihoods Promotion Society,3.8,290.0,Non-Profit,Patna,671.0,16.0,0.0,34.0
Gupshup,2.8,290.0,IT Services & Consulting,Mumbai,2100.0,35.0,0.0,8.0
MosChip Technologies,3.8,290.0,Semiconductors,Hyderabad,1300.0,37.0,16.0,30.0
Eastman Chemical Company,3.9,289.0,Chemicals,Hyderabad,894.0,17.0,1.0,120.0
Sanghvi Movers,4.4,290.0,Industrial Machinery,Pune,716.0,46.0,3.0,16.0
Mindfire Solutions,3.9,289.0,IT Services & Consulting,Bhubaneswar,1600.0,48.0,8.0,37.0
ICFAI Business School,3.4,289.0,Education & Training,Hyderabad,1000.0,30.0,3.0,19.0
Confederation of Indian Industry,3.3,289.0,Non-Profit,New Delhi,1500.0,22.0,10.0,12.0
Superhouse,3.2,289.0,Leather,Kanpur,1200.0,22.0,0.0,25.0
Ribbon Communication,3.8,289.0,Hardware & Networking,Bengaluru,1700.0,32.0,4.0,32.0
Boston Scientific,4.0,289.0,Healthcare,Gurugram,1900.0,25.0,12.0,22.0
LM Wind Power,4.0,289.0,Power,Bengaluru,1300.0,18.0,0.0,28.0
Weblink In,4.1,288.0,IT Services & Consulting,New Delhi,1000.0,25.0,0.0,37.0
Gionee,4.4,288.0,Consumer Electronics & Appliances,New Delhi,297.0,1.0,0.0,53.0
HYUNDAI TRANSYS INDIA,3.8,288.0,Auto Components,Anantapur,1400.0,20.0,2.0,21.0
Vcs Quality Services,3.9,288.0,Oil & Gas,Noida,973.0,19.0,0.0,32.0
ARCIS e Services,3.6,288.0,BPO,Gurugram,691.0,7.0,14.0,15.0
Cremica Food Industries,3.8,288.0,Food Processing,New Delhi,1000.0,15.0,0.0,21.0
Origo Commodities,3.5,288.0,Agriculture,Gurugram,833.0,16.0,2.0,22.0
AvenData GmbH,3.8,288.0,IT Services & Consulting,Mumbai,626.0,56.0,0.0,5.0
Chain-Sys,3.0,288.0,IT Services & Consulting,Chennai,2400.0,23.0,0.0,19.0
Cholamandalam Securities,3.5,287.0,Financial Services,Chennai,799.0,12.0,17.0,12.0
Nestaway,3.2,288.0,Internet,Bengaluru,1400.0,24.0,3.0,33.0
Polyplex,4.0,287.0,Packaging,Noida,1000.0,10.0,17.0,34.0
MetroTelworks,3.6,288.0,Telecom,Ahmedabad,774.0,16.0,0.0,35.0
Elcamino Software,3.2,287.0,BPO,Bengaluru,905.0,24.0,3.0,16.0
Drydocks World Dubai,3.9,290.0,Ports & Shipping,Dubai,594.0,22.0,0.0,23.0
PurpleTalk,3.6,287.0,IT Services & Consulting,Hyderabad,1600.0,30.0,5.0,25.0
Indian Institute of Science,4.1,287.0,Education & Training,Bengaluru,1400.0,23.0,2.0,16.0
Apparel Group India Private Limited,3.6,287.0,Retail,Bengaluru,1700.0,26.0,6.0,31.0
Government of Maharashtra,4.1,287.0,Government,Mumbai,1700.0,21.0,0.0,23.0
International Flavors & Fragrances,3.7,288.0,Chemicals,Hyderabad,1800.0,23.0,41.0,22.0
Qualys,3.5,287.0,IT Services & Consulting,Pune,2700.0,50.0,1.0,9.0
EGIS,4.0,287.0,Power,Bengaluru,1100.0,14.0,0.0,22.0
Indian Molasses Company,3.8,287.0,Ports & Shipping,Chennai,1400.0,28.0,21.0,28.0
Malladi Drugs & Pharmaceuticals,3.6,287.0,Pharma,Chennai,1300.0,26.0,2.0,23.0
Toyota Material Handling,3.7,287.0,Industrial Machinery,Gurugram,1100.0,15.0,1.0,29.0
Sanmarg Projects,3.8,289.0,Oil & Gas,Noida,955.0,21.0,7.0,21.0
Ahana Systems & Solutions,3.8,287.0,IT Services & Consulting,Bengaluru,1500.0,25.0,7.0,21.0
Amber,4.1,287.0,Internet,Pune,726.0,45.0,6.0,11.0
ONPASSIVE,2.5,287.0,IT Services & Consulting,Hyderabad,1400.0,25.0,0.0,32.0
NEC Software Solutions,3.9,286.0,IT Services & Consulting,Mumbai,2000.0,24.0,52.0,13.0
Four Points By Sheraton,4.1,286.0,Hospitality,Pune,710.0,10.0,0.0,38.0
RACL Geartech,4.2,286.0,Auto Components,Noida,886.0,22.0,7.0,9.0
FICO,3.3,286.0,Software Product,Bengaluru,2300.0,48.0,2.0,42.0
Sun TV Network,3.7,286.0,Media & Entertainment,Chennai,1500.0,17.0,0.0,23.0
SHL,3.3,286.0,Software Product,Gurugram,2100.0,19.0,4.0,32.0
Madhu Jayanti International,3.6,286.0,FMCG,Kolkata,752.0,26.0,23.0,30.0
Walchandnagar Industries,3.3,286.0,Industrial Machinery,Pune,1100.0,11.0,7.0,28.0
SKETS Studio,4.0,286.0,Architecture & Interior Design,New Delhi,859.0,32.0,6.0,25.0
Naandi Foundation,3.7,286.0,Non-Profit,Hyderabad,617.0,19.0,0.0,28.0
HDFC Credila Financial Services,3.7,286.0,Financial Services,Mumbai,1500.0,18.0,32.0,16.0
Kirloskar Electric Company,3.7,286.0,Electrical Equipment,Bengaluru,1100.0,22.0,8.0,29.0
Asia-Pacific Institute of Management,3.6,286.0,Education & Training,New Delhi,389.0,19.0,3.0,54.0
Powerica,3.7,286.0,Industrial Machinery,Mumbai,1100.0,14.0,5.0,30.0
Cogito Tech,2.6,287.0,IT Services & Consulting,Noida,800.0,36.0,0.0,13.0
Anupam Rasayan India,3.6,286.0,Chemicals,Surat,1400.0,21.0,13.0,16.0
Quantzig,4.5,286.0,Analytics & KPO,Bengaluru,405.0,6.0,1.0,59.0
Olyv,4.2,286.0,FinTech,Bengaluru,700.0,160.0,38.0,2.0
Muthoot Pappachan Group,4.1,287.0,Financial Services,Thiruvananthapuram,932.0,14.0,1.0,15.0
Keka Technologies,3.1,287.0,Software Product,Hyderabad,2000.0,53.0,59.0,13.0
Omkar Realtors & Developers,3.7,285.0,Real Estate,Mumbai,913.0,8.0,2.0,32.0
Roche Diagnostics,3.8,285.0,Pharma,Mumbai,1500.0,33.0,0.0,25.0
Isc Projects,3.8,286.0,Engineering & Construction,Pune,862.0,18.0,7.0,22.0
Smart Chip,4.0,285.0,Electronics Manufacturing,Noida,752.0,14.0,22.0,17.0
RM Education Solutions,3.2,285.0,IT Services & Consulting,Thiruvananthapuram,1800.0,29.0,7.0,26.0
Century Pulp & Paper,3.7,285.0,Pulp & Paper,Lalkuan,1200.0,27.0,1.0,16.0
Radium Creation,3.8,285.0,Jewellery,Mumbai,680.0,9.0,2.0,46.0
Centific,3.5,285.0,IT Services & Consulting,Hyderabad,1800.0,25.0,47.0,1.0
Classplus,3.7,285.0,Software Product,Noida,1700.0,33.0,7.0,22.0
National Institute of Technology,4.2,285.0,Education & Training,Mangaluru,1300.0,16.0,0.0,14.0
Meenakshi Polymers,3.6,286.0,Auto Components,Gurugram,1000.0,17.0,2.0,20.0
PaySquare Consultancy,3.7,285.0,Recruitment,Pune,1800.0,14.0,8.0,16.0
Adani Solar,3.6,285.0,Power,Mundra,1000.0,36.0,0.0,113.0
MMC Infotech Services,3.5,285.0,IT Services & Consulting,Chennai,998.0,27.0,4.0,11.0
Zee Media Corporation,3.4,285.0,Broadcasting,Noida,1400.0,16.0,0.0,17.0
Uniqlo,2.7,287.0,Fashion & Textile,New Delhi,773.0,34.0,5.0,20.0
Indo Count Industries,3.6,285.0,Fashion & Textile,Mumbai,1300.0,12.0,34.0,16.0
Lloyds Technology Centre,3.5,285.0,IT Services & Consulting,Hyderabad,3700.0,56.0,108.0,8.0
Protean eGov Technologies,3.4,285.0,IT Services & Consulting,Mumbai,1800.0,17.0,24.0,4.0
Kosamattam Finance,3.8,284.0,NBFC,Kottayam,840.0,13.0,2.0,14.0
Shriram Properties,4.1,284.0,Real Estate,Bengaluru,1300.0,32.0,4.0,26.0
Bajaj Finserv Health,3.5,284.0,Internet,Pune,1700.0,23.0,5.0,9.0
Vitesco Technologies,4.4,284.0,Auto Components,Bengaluru,1800.0,27.0,1.0,33.0
Rays Power Infra,4.1,284.0,Power,Jaipur,741.0,28.0,16.0,21.0
Bajaj Hindusthan,4.2,284.0,Food Processing,Lucknow,873.0,14.0,0.0,25.0
MM Forgings,3.3,284.0,Iron & Steel,Chennai,1500.0,18.0,1.0,23.0
Hetero Biopharma,3.8,285.0,Pharma,Hyderabad,1100.0,17.0,0.0,7.0
ISS SDB Security Services,4.1,284.0,Facility Management Services,Chennai,611.0,5.0,4.0,19.0
Shivalaya Construction,4.2,284.0,Engineering & Construction,New Delhi,965.0,13.0,2.0,17.0
Spectraforce Technologies,2.9,284.0,Recruitment,Hyderabad,1400.0,28.0,45.0,20.0
RentoMojo,3.9,284.0,Internet,Bengaluru,1100.0,13.0,63.0,20.0
Mantra Technologies,3.6,284.0,IT Services & Consulting,Hyderabad,801.0,34.0,0.0,17.0
CloudFoundation,4.8,283.0,,Hyderabad,176.0,2.0,5.0,8.0
Enzene Biosciences,3.9,283.0,Biotechnology,Pune,1500.0,23.0,3.0,17.0
SMS Limited,4.2,283.0,Engineering & Construction,Nagpur,2500.0,14.0,4.0,32.0
Nalco water,3.7,283.0,Waste Management,Pune,1100.0,16.0,14.0,30.0
Tatva Chintan Pharma Chem,3.5,283.0,Pharma,Bharuch,1200.0,20.0,10.0,18.0
Everest Fleet,3.0,284.0,Urban Transport,Mumbai,1100.0,17.0,11.0,2.0
Hitachi Astemo Rajasthan Brake Systems,4.3,283.0,Auto Components,Neemrana,867.0,27.0,0.0,16.0
MindCraft Software,3.5,283.0,IT Services & Consulting,Mumbai,1900.0,31.0,1.0,18.0
Immacule Life Sciences,3.2,283.0,Pharma,Nalagarh,1100.0,26.0,0.0,18.0
Venkateshwar Hospital,3.5,283.0,Healthcare,New Delhi,1100.0,18.0,19.0,12.0
Faber India,4.3,283.0,Consumer Electronics & Appliances,Pune,1000.0,16.0,0.0,25.0
Ajio Business,3.7,283.0,Fashion & Textile,Bengaluru,550.0,16.0,0.0,8.0
Grauer & Weil (i),3.2,282.0,Chemicals,Mumbai,1200.0,18.0,5.0,27.0
Manipal University,4.0,282.0,Education & Training,Jaipur,1300.0,34.0,10.0,22.0
Augmont Goldtech,4.7,282.0,Financial Services,Mumbai,330.0,99.0,11.0,12.0
Trivium Education Services,3.6,282.0,EdTech,New Delhi,903.0,31.0,2.0,24.0
Credit Saison India,3.6,283.0,NBFC,Bengaluru,1600.0,15.0,21.0,2.0
Sigachi Industries,3.8,282.0,Pharma,Bharuch,1300.0,29.0,11.0,21.0
Tata nexarc,3.0,282.0,Software Product,Mumbai,1000.0,31.0,2.0,3.0
Sir Ganga Ram Hospital,4.1,281.0,Healthcare,New Delhi,863.0,11.0,4.0,28.0
Befree Business Resourceing,3.1,281.0,Accounting & Auditing,Bengaluru,1500.0,57.0,15.0,27.0
Technique Control Facility Management,3.7,281.0,Facility Management Services,Bengaluru,1000.0,17.0,2.0,14.0
Terex,3.9,281.0,Industrial Machinery,Bengaluru,1600.0,12.0,2.0,30.0
STT Global Data Centres India,4.0,282.0,IT Services & Consulting,Mumbai,1200.0,17.0,1.0,18.0
SUN Mobility,3.8,281.0,Automobile,Bengaluru,1500.0,34.0,0.0,21.0
Aqualite India,3.7,281.0,Fashion & Textile,New Delhi,946.0,20.0,0.0,12.0
Alchem International,3.7,281.0,Pharma,Faridabad,977.0,18.0,3.0,18.0
Butterfly Gandhimathi Appliances,3.9,283.0,Consumer Electronics & Appliances,Chennai,1100.0,10.0,4.0,18.0
Centillion Networks,3.6,281.0,Telecom,Hyderabad,1800.0,35.0,3.0,5.0
The Louis Berger Group,4.4,281.0,Engineering & Construction,Mumbai,701.0,18.0,0.0,35.0
Schneider Electric Infrastructure,4.2,280.0,Electrical Equipment,Vadodara,1300.0,7.0,0.0,28.0
Asian Heart Institute,4.1,280.0,Healthcare,Mumbai,454.0,36.0,37.0,14.0
TimesPro,3.3,280.0,Education & Training,Mumbai,1500.0,22.0,2.0,6.0
Olam Group,3.7,280.0,FMCG,Chennai,2900.0,42.0,6.0,2.0
InKnowTech,3.1,280.0,IT Services & Consulting,Bengaluru,1400.0,25.0,2.0,16.0
Naaptol Online Shopping,3.1,280.0,Internet,Mumbai,943.0,28.0,4.0,35.0
MAN Truck & Bus,2.6,280.0,Automobile,Pune,1000.0,17.0,0.0,23.0
IPROCESS BUSINESS SOLUTIONS,3.8,280.0,EdTech,Hyderabad,671.0,14.0,0.0,5.0
Shakambhari Ispat & Power,3.6,280.0,Power,Kolkata,1100.0,24.0,2.0,8.0
Apna,3.2,280.0,Recruitment,Bengaluru,1300.0,42.0,0.0,9.0
UBI Services,3.7,280.0,Banking,Hyderabad,764.0,13.0,8.0,3.0
Siddha Group,3.9,280.0,Real Estate,Kolkata,928.0,25.0,20.0,14.0
Reliance resQ,3.9,280.0,Other,Mumbai,616.0,14.0,0.0,17.0
Escalon Business Services,3.8,280.0,Accounting & Auditing,Sahibzada Ajit Singh Nagar,1100.0,30.0,6.0,38.0
Operational Energy Group India,3.9,280.0,Power,Chennai,934.0,17.0,16.0,25.0
Goldstone Cements,3.3,280.0,Building Material,Guwahati,1200.0,23.0,3.0,17.0
Suresh Surana & Associates,3.2,280.0,Accounting & Auditing,Mumbai,989.0,17.0,12.0,22.0
SR Fast Connect Staffing,4.5,283.0,,Noida,22.0,89.0,0.0,68.0
Star Hospitals,4.0,280.0,Healthcare,Hyderabad,916.0,10.0,0.0,20.0
Himalaya Opticals,4.4,280.0,Retail,Kolkata,574.0,39.0,3.0,19.0
Girlscript Foundation,4.9,280.0,,Bengaluru,14.0,73.0,0.0,2.0
Reliable Autotech,4.2,280.0,Auto Components,Pune,1200.0,10.0,13.0,31.0
Policyboss.com,3.1,280.0,Insurance,Mumbai,1000.0,12.0,6.0,17.0
EVRY India,4.4,279.0,IT Services & Consulting,Bengaluru,1300.0,19.0,3.0,23.0
Terralogic Software Solutions,2.8,279.0,IT Services & Consulting,Bengaluru,2000.0,34.0,81.0,10.0
Bacardi,3.8,279.0,Beverage,Gurugram,1000.0,21.0,0.0,26.0
Teachmint,3.9,279.0,EdTech,Bengaluru,1300.0,52.0,45.0,26.0
BARC,4.4,279.0,Defence & Aerospace,Mumbai,1000.0,33.0,0.0,23.0
Wishfin,3.3,279.0,Financial Services,Noida,1100.0,11.0,7.0,17.0
Brink's,4.0,279.0,Logistics,Mumbai,699.0,10.0,0.0,28.0
99acres,3.5,279.0,Internet,Noida,1300.0,39.0,0.0,25.0
Intech Organics,3.0,279.0,Agro Chemicals,Gurugram,1100.0,31.0,3.0,10.0
Essel Mining & Industries,4.1,279.0,Metals & Mining,Kolkata,727.0,22.0,0.0,16.0
Royal Research,2.0,279.0,Analytics & KPO,Kolkata,482.0,28.0,0.0,26.0
Enpro Industries,4.3,279.0,Industrial Machinery,Pune,1100.0,26.0,9.0,12.0
Noida Power Company,4.3,279.0,Power,Greater Noida,1200.0,27.0,0.0,24.0
Decorpot,2.9,279.0,Architecture & Interior Design,Bengaluru,1200.0,27.0,82.0,24.0
JM Financial Home Loans,4.0,279.0,NBFC,Mumbai,729.0,9.0,1.0,3.0
Ginesys,3.7,279.0,Software Product,Kolkata,739.0,71.0,9.0,9.0
MITA,3.9,280.0,Industrial Machinery,Ghaziabad,916.0,24.0,0.0,17.0
GyanSys Inc,3.2,279.0,IT Services & Consulting,Bengaluru,2400.0,27.0,23.0,11.0
Puzzolana Machinery Fabricators,4.1,278.0,Industrial Machinery,Hyderabad,886.0,25.0,0.0,22.0
Century Enka,4.1,278.0,Fashion & Textile,Pune,927.0,16.0,31.0,22.0
Lipi Data Systems,3.7,278.0,Printing & Publishing,Udaipur,899.0,9.0,0.0,20.0
Electronic Arts,3.9,278.0,Gaming,Hyderabad,2500.0,30.0,11.0,10.0
Forbes & Company,3.7,278.0,Engineering & Construction,Chhatrapati Sambhajinagar,1200.0,20.0,0.0,25.0
Apex CoVantage,3.1,278.0,IT Services & Consulting,Hyderabad,1300.0,12.0,14.0,16.0
Profectus Capital,4.2,278.0,NBFC,Mumbai,1000.0,18.0,0.0,8.0
Sentiss Pharma,3.6,278.0,Pharma,Gurugram,1100.0,8.0,14.0,37.0
Hero Vired,4.5,279.0,Education & Training,New Delhi,574.0,15.0,10.0,2.0
Videocon Industries Ltd.,3.9,278.0,Consumer Electronics & Appliances,Chhatrapati Sambhajinagar,860.0,11.0,0.0,15.0
Seven Hills Hospital,3.8,278.0,Healthcare,Mumbai,830.0,13.0,5.0,26.0
Synergy Maritime,4.0,278.0,Ports & Shipping,Chennai,1400.0,24.0,13.0,12.0
Yakult Danone India,3.8,278.0,Food Processing,New Delhi,779.0,13.0,16.0,27.0
StudyIn,3.9,278.0,EdTech,New Delhi,736.0,41.0,39.0,4.0
Indovance Inc,4.1,278.0,Design,Pune,653.0,49.0,41.0,46.0
Al-Yamama Group,3.6,278.0,Engineering & Construction,Dammam,474.0,16.0,0.0,30.0
Sunteck Realty,3.3,278.0,Real Estate,Mumbai,1600.0,24.0,12.0,7.0
Sumadhura Infracon,4.1,279.0,Real Estate,Bengaluru,1300.0,22.0,4.0,14.0
Concentrix Catalyst,3.1,278.0,IT Services & Consulting,Hyderabad,2800.0,41.0,0.0,5.0
Sgs Tekniks Manufacturing,4.0,277.0,Electronics Manufacturing,Gurugram,1000.0,19.0,6.0,28.0
indiagold,4.5,278.0,FinTech,Gurugram,573.0,46.0,16.0,11.0
Accurex Biomedical,4.4,277.0,Medical Equipment,Mumbai,275.0,79.0,0.0,18.0
Adonmo,4.4,277.0,Marketing & Advertising,Hyderabad,594.0,29.0,0.0,4.0
Alivira Animal Health,4.0,278.0,Pharma,Visakhapatnam,1000.0,20.0,4.0,24.0
Any Brand,4.2,277.0,Fashion & Textile,New Delhi,2200.0,125.0,0.0,30.0
Jspiders,3.6,277.0,Education & Training,Bengaluru,648.0,22.0,0.0,4.0
Azad Engineering,3.7,277.0,Engineering & Construction,Hyderabad,1300.0,19.0,0.0,15.0
Normet,3.8,277.0,Industrial Machinery,Jaipur,1100.0,18.0,6.0,32.0
Mouser Electronics,3.5,277.0,Semiconductors,Bengaluru,2000.0,39.0,48.0,26.0
Kanwar Enterprises,3.4,277.0,Engineering & Construction,Noida,1000.0,19.0,6.0,25.0
HiyaMee Private Limited,2.9,276.0,Recruitment,Bengaluru,1900.0,16.0,0.0,11.0
Cargo Service Center India,3.7,276.0,Logistics,New Delhi,827.0,14.0,2.0,27.0
Netafim Irrigation India,4.0,276.0,Industrial Machinery,Vadodara,911.0,14.0,0.0,41.0
Flipspaces,3.9,276.0,Architecture & Interior Design,Mumbai,956.0,18.0,26.0,14.0
Walking Tree,3.2,276.0,IT Services & Consulting,Hyderabad,1400.0,30.0,30.0,17.0
ACN Health care,3.2,276.0,BPO,Bengaluru,1100.0,16.0,13.0,13.0
Niine,3.7,276.0,Beauty & Personal Care,Gorakhpur,749.0,16.0,2.0,16.0
Big C,3.7,276.0,Retail,Hyderabad,679.0,19.0,9.0,22.0
Jeena Sikho Lifecare,3.8,276.0,Healthcare,Chandigarh,732.0,33.0,14.0,12.0
Don Bosco School,3.4,275.0,Education & Training,Mumbai,583.0,18.0,0.0,14.0
Maruti Ispat And Pipes,3.8,276.0,Iron & Steel,Hyderabad,541.0,45.0,7.0,29.0
Mitsuba Sical,4.0,275.0,Auto Components,Gurugram,891.0,20.0,2.0,32.0
Vantive,4.5,275.0,Healthcare,Bengaluru,365.0,94.0,9.0,13.0
British Airways,2.9,275.0,Aviation,New Delhi,1300.0,33.0,0.0,27.0
Kunal Structure,3.8,275.0,Real Estate,Ahmedabad,816.0,15.0,0.0,52.0
Kisna Diamonds - HK Jewels,3.4,275.0,Jewellery,Mumbai,655.0,25.0,39.0,7.0
greytHR,3.6,275.0,Software Product,Bengaluru,1300.0,38.0,4.0,15.0
Stellar Information Technology,3.5,275.0,Software Product,Gurugram,1200.0,27.0,26.0,21.0
ICICI Foundation for Inclusive Growth,3.6,275.0,Non-Profit,Mumbai,697.0,18.0,0.0,25.0
Nandan Petrochem,3.7,275.0,Petrochemicals,Mumbai,1100.0,25.0,11.0,13.0
East India Udyog,3.9,275.0,Electrical Equipment,Noida,867.0,18.0,3.0,22.0
Ambica Steels,3.4,275.0,Metals & Mining,New Delhi,918.0,29.0,4.0,22.0
BuildAHome,4.5,275.0,Engineering & Construction,Bengaluru,358.0,85.0,2.0,48.0
Armstrong Robotics & Technologies Private Limited,4.0,275.0,Industrial Automation,Nashik,1100.0,34.0,3.0,15.0
Arrow,4.5,274.0,Fashion & Textile,Bengaluru,212.0,15.0,0.0,6.0
Latinem,3.6,274.0,Real Estate,Hyderabad,720.0,55.0,31.0,5.0
Birla Open Minds Education Private Limited,3.1,274.0,Education & Training,Hyderabad,791.0,20.0,0.0,17.0
Strada,3.6,274.0,Financial Services,Hyderabad,3300.0,25.0,34.0,25.0
Hidden Brains InfoTech,3.6,274.0,IT Services & Consulting,Ahmedabad,862.0,27.0,21.0,44.0
Applus IDIADA,4.0,274.0,Auto Components,Pune,688.0,44.0,10.0,19.0
Tata Strive Skill Development Centre,3.8,274.0,Education & Training,Mumbai,640.0,32.0,2.0,25.0
Numerator,3.9,274.0,Marketing & Advertising,Vadodara,1500.0,47.0,205.0,16.0
Insecticides India,4.0,274.0,Agro Chemicals,Bharuch,1200.0,18.0,2.0,23.0
Vesuvius,3.7,274.0,Industrial Machinery,Visakhapatnam,1200.0,15.0,3.0,28.0
CGM ARIA Health Services,3.6,274.0,Software Product,Noida,580.0,27.0,0.0,8.0
Medgenome Labs,3.8,274.0,Biotechnology,Bengaluru,1100.0,26.0,0.0,20.0
Battery Smart,3.4,274.0,Auto Components,Gurugram,951.0,19.0,15.0,3.0
Vayam Info Solutions,4.0,274.0,Recruitment,New Delhi,829.0,17.0,0.0,19.0
Riddhi Corporate Services,3.9,274.0,IT Services & Consulting,Ahmedabad,845.0,15.0,1.0,16.0
Perfios Software Solutions,3.4,274.0,FinTech,Bengaluru,2700.0,27.0,8.0,13.0
Piramal Realty,4.2,273.0,Real Estate,Mumbai,1300.0,14.0,0.0,12.0
Hero Electric,4.1,273.0,Automobile,Ludhiana,1100.0,19.0,0.0,19.0
S G Encon,3.5,273.0,Engineering & Construction,New Delhi,650.0,19.0,0.0,22.0
Gallantt Ispat,3.8,273.0,Iron & Steel,Gorakhpur,783.0,18.0,4.0,8.0
Shriram Group,4.0,273.0,Financial Services,Chennai,1400.0,11.0,0.0,18.0
Oriflame India,4.1,273.0,Beauty & Personal Care,New Delhi,832.0,18.0,0.0,41.0
Sundaram Business Services,3.7,273.0,BPO,Chennai,1100.0,14.0,1.0,26.0
Utkarsh Classes,4.0,273.0,EdTech,Jodhpur,449.0,13.0,10.0,7.0
Rakon,3.7,273.0,Electronics Manufacturing,Bengaluru,1100.0,14.0,4.0,14.0
P&O Cruises,3.5,273.0,Travel & Tourism,Mumbai,349.0,11.0,0.0,37.0
Niit Foundation,4.0,273.0,Education & Training,New Delhi,692.0,19.0,23.0,26.0
Pinkerton,3.6,273.0,Law Enforcement & Security,Gurugram,961.0,13.0,52.0,15.0
Caplin Point Laboratories,3.2,273.0,Pharma,Chennai,1300.0,22.0,16.0,14.0
Vistra Corporate Services,3.5,273.0,Power,Mumbai,1400.0,23.0,23.0,18.0
Sparsh Hospital,3.7,273.0,Healthcare,Bengaluru,1200.0,5.0,63.0,16.0
Riviera Infraprojects,4.2,273.0,Engineering & Construction,Ahmedabad,830.0,11.0,3.0,8.0
Shyam Steel Manufacturing,3.5,273.0,,Kolkata,938.0,32.0,0.0,6.0
Eastern Condiments,3.8,272.0,FMCG,Kochi,770.0,16.0,0.0,20.0
Anthology,3.4,272.0,EdTech,Bengaluru,2400.0,26.0,0.0,13.0
Winjit Technologies,3.5,272.0,IT Services & Consulting,Nashik,2100.0,45.0,17.0,16.0
Sonalika Group of Companies,3.8,272.0,Automobile,Hoshiarpur,1300.0,23.0,39.0,30.0
Toshiba Software India,3.4,272.0,IT Services & Consulting,Bengaluru,1700.0,24.0,8.0,24.0
Vacmet India,4.1,272.0,Packaging,Indore,1200.0,18.0,2.0,29.0
iServeU,4.1,272.0,FinTech,Bhubaneswar,1200.0,26.0,10.0,4.0
WeRize,3.4,272.0,Financial Services,Bengaluru,1200.0,44.0,7.0,21.0
L&T Realty,3.7,272.0,Real Estate,Mumbai,1100.0,14.0,0.0,15.0
Sahajanand Medical Technologies,3.4,272.0,Medical Equipment,Surat,1300.0,13.0,20.0,21.0
Valmet,4.0,272.0,Oil & Gas,Pune,1400.0,16.0,43.0,23.0
GGS Engineering Services,3.2,272.0,Engineering & Construction,Chennai,1600.0,19.0,5.0,14.0
Sakra World Hospital,4.0,272.0,Healthcare,Bengaluru,924.0,12.0,33.0,34.0
Amantya Technologies,3.9,271.0,IT Services & Consulting,Gurugram,1600.0,52.0,114.0,12.0
Dnata,3.2,271.0,Aviation,Bengaluru,933.0,21.0,2.0,29.0
Bhilai Engineering Corporation,3.7,271.0,Industrial Machinery,Bhilai Nagar,1100.0,13.0,0.0,27.0
Fresenius Medical Care,3.8,271.0,Healthcare,Gurugram,922.0,17.0,1.0,29.0
Nalco,4.1,271.0,Metals & Mining,Bhubaneswar,813.0,27.0,9.0,17.0
Shivani Locks,3.7,271.0,Industrial Machinery,Faridabad,1100.0,13.0,0.0,15.0
Dynamatic Technologies,3.7,271.0,Auto Components,Bengaluru,1400.0,15.0,0.0,21.0
Amity Software Limited,3.9,271.0,Software Product,Noida,794.0,22.0,9.0,35.0
Durian Industries,3.7,271.0,Retail,Mumbai,1100.0,23.0,9.0,11.0
Mitsubishi Elevators,4.0,271.0,Industrial Machinery,Bengaluru,985.0,8.0,6.0,27.0
Snowman Logistics,4.1,271.0,Logistics,Bengaluru,990.0,13.0,2.0,15.0
JP Infra,3.7,271.0,Real Estate,Mumbai,1400.0,26.0,32.0,26.0
JRG Automotive india,3.2,271.0,Auto Components,Bawal,1000.0,15.0,0.0,4.0
Dyson,3.7,270.0,Consumer Electronics & Appliances,Gurugram,1200.0,22.0,1.0,16.0
Central Institute of Mining and Fuel Research,3.9,271.0,Education & Training,Dhanbad,637.0,6.0,0.0,23.0
Gujarat State Fertilizers & Chemicals,4.2,270.0,Agro Chemicals,Vadodara,1000.0,13.0,0.0,20.0
Gujarat Gas,3.8,270.0,Oil & Gas,Ahmedabad,901.0,17.0,3.0,28.0
PG Electroplast,4.0,270.0,Consumer Electronics & Appliances,Noida,1200.0,23.0,1.0,11.0
AISECT,3.7,270.0,Education & Training,Bhopal,849.0,10.0,5.0,20.0
Nilkamal Homes,3.8,270.0,,Mumbai,729.0,20.0,0.0,19.0
O P Jindal Global University,3.6,270.0,Education & Training,Sonipat,931.0,21.0,2.0,22.0
Kutch Chemical Industries,3.9,270.0,Chemicals,Gandhidham,1200.0,21.0,1.0,19.0
Expertise Contracting Company,3.5,270.0,Industrial Machinery,Al Jubail,918.0,24.0,0.0,15.0
Zota Health Care,3.6,271.0,Pharma,Surat,971.0,27.0,8.0,12.0
Pahal Financial Services,4.0,270.0,NBFC,Ahmedabad,795.0,11.0,2.0,16.0
Kovai Medical Center and Hospital,4.2,270.0,Healthcare,Coimbatore,993.0,4.0,8.0,13.0
Belstar Investment and Finance,4.1,270.0,Investment Banking / Venture Capital / Private Equity,Chennai,744.0,9.0,1.0,18.0
AAFT,4.1,269.0,EdTech,Noida,504.0,26.0,3.0,17.0
Fashion TV,3.0,269.0,Retail,Mumbai,465.0,28.0,20.0,6.0
Liberty Shoes,3.9,269.0,Fashion & Textile,Karnal,976.0,21.0,1.0,18.0
Cochin Shipyard,4.2,269.0,Ports & Shipping,Kochi,1100.0,13.0,0.0,26.0
CohnReznick,3.8,270.0,Accounting & Auditing,Chennai,1800.0,37.0,2.0,13.0
Danieli,3.5,269.0,Industrial Machinery,Chennai,1300.0,15.0,0.0,27.0
Appasamy Associates,3.5,269.0,Medical Equipment,Chennai,1200.0,13.0,2.0,14.0
Allengers Medical Systems,3.7,270.0,Medical Equipment,Chandigarh,1200.0,19.0,50.0,23.0
Agappe Diagnostics,4.1,269.0,Medical Equipment,Kochi,757.0,30.0,17.0,27.0
Sony India Software Centre,3.7,269.0,Consumer Electronics & Appliances,Bengaluru,2200.0,37.0,25.0,24.0
Wilo Mather and Platt Pumps,3.9,269.0,Industrial Machinery,Pune,1200.0,17.0,5.0,23.0
Corsearch,3.9,269.0,IT Services & Consulting,Mumbai,449.0,12.0,2.0,2.0
Data Marshall,3.2,270.0,Analytics & KPO,Hyderabad,1400.0,13.0,10.0,8.0
Rostfrei Steels,3.8,269.0,Industrial Machinery,New Delhi,848.0,36.0,10.0,10.0
Tata Autocomp Gotion Green Energy Solutions,0.0,0.0,Auto Components,Pune,0.0,0.0,0.0,0.0
Etisalat,3.3,268.0,Telecom,Dubai,1200.0,17.0,0.0,31.0
UNICEF,3.9,268.0,Non-Profit,New Delhi,743.0,31.0,3.0,26.0
Epigral,4.1,268.0,Chemicals,Bharuch,1400.0,23.0,5.0,3.0
Rossell Techsys,4.1,269.0,Defence & Aerospace,Bengaluru,1400.0,7.0,1.0,16.0
Unison Pharmaceuticals,3.9,268.0,Pharma,Ahmedabad,1400.0,23.0,3.0,12.0
Evonith Value Steels,4.3,268.0,Iron & Steel,Wardha,662.0,18.0,0.0,21.0
Trimble,3.8,268.0,IT Services & Consulting,Chennai,2300.0,34.0,61.0,28.0
OmniActive Health Technologies,3.4,268.0,Fitness & Wellness,Pune,1200.0,18.0,5.0,24.0
Credgenics,4.0,268.0,FinTech,Noida,1500.0,45.0,4.0,13.0
Sundaram Home Finance,4.2,269.0,NBFC,Chennai,784.0,12.0,1.0,12.0
Shriram Value Services,3.9,267.0,IT Services & Consulting,Chennai,539.0,3.0,0.0,29.0
Leap Finance,3.1,267.0,FinTech,Bengaluru,1100.0,77.0,7.0,5.0
Modi Mundi Pharma,3.9,267.0,Pharma,New Delhi,543.0,19.0,3.0,32.0
Diffusion Engineers,4.0,268.0,Industrial Machinery,Nagpur,669.0,16.0,1.0,106.0
Unitech,3.7,267.0,Real Estate,Gurugram,1100.0,9.0,17.0,27.0
LIXIL,3.9,267.0,Building Material,Gurugram,1100.0,16.0,445.0,20.0
Roha Dyechem,3.5,267.0,Food Processing,Mumbai,1200.0,24.0,0.0,12.0
Amazon Distributors,3.8,267.0,,New Delhi,540.0,10.0,0.0,12.0
Calderys India Refractories,4.1,269.0,Metals & Mining,Nagpur,1100.0,31.0,105.0,14.0
ZIGRAM,3.3,267.0,Software Product,Gurugram,1200.0,65.0,10.0,9.0
Bombardier Transportation,4.4,266.0,Urban Transport,Vadodara,1000.0,12.0,0.0,43.0
Reliance Cement Company,4.1,266.0,Building Material,Maihar,752.0,13.0,1.0,20.0
Vamani Overseas Pvt Ltd,3.4,266.0,Fashion & Textile,Faridabad,1300.0,15.0,1.0,12.0
The KCP,4.1,266.0,Building Material,Chennai,988.0,19.0,9.0,28.0
Globus Infocom,4.2,266.0,EdTech,Noida,610.0,38.0,4.0,32.0
SCM Garments,3.5,266.0,Fashion & Textile,Tiruppur,1100.0,17.0,1.0,26.0
i-exceed technology solutions,3.4,266.0,FinTech,Bengaluru,1500.0,58.0,29.0,22.0
Fingent,3.8,266.0,Software Product,Kochi,990.0,28.0,8.0,102.0
Kinetic Engineering,3.4,266.0,Auto Components,Ahilyanagar,975.0,15.0,12.0,16.0
British Paints,3.7,266.0,Chemicals,New Delhi,672.0,24.0,0.0,12.0
The Professional Couriers,3.4,266.0,Logistics,New Delhi,1100.0,8.0,16.0,14.0
Teleindia Networks,3.7,266.0,Telecom,Bengaluru,1200.0,12.0,0.0,28.0
Zeetech Management And Marketing,3.8,266.0,,Ranchi,48.0,9.0,0.0,17.0
JGC Corporation,4.4,266.0,Engineering & Construction,Chennai,612.0,38.0,6.0,16.0
Indian Railway Catering and Tourism,3.7,266.0,Travel & Tourism,New Delhi,959.0,12.0,0.0,23.0
Forvia,3.5,266.0,Auto Components,Pune,1500.0,27.0,0.0,5.0
Vinove Software & Services,3.5,265.0,IT Services & Consulting,Noida,770.0,63.0,44.0,15.0
Meghmani Industries,3.5,265.0,Agro Chemicals,Bharuch,1300.0,15.0,0.0,8.0
Health Total,3.7,265.0,Fitness & Wellness,Mumbai,552.0,17.0,15.0,25.0
General Energy Management Systems,3.7,265.0,Industrial Machinery,Noida,1000.0,20.0,20.0,24.0
Emversity,4.1,265.0,Education & Training,Bengaluru,280.0,74.0,0.0,4.0
Eaton Power Quality,4.0,265.0,Electronics Manufacturing,Puducherry,1300.0,12.0,0.0,24.0
Honasa Consumer,3.6,265.0,Beauty & Personal Care,Gurugram,1000.0,22.0,4.0,9.0
Super Auto Forge,4.0,265.0,Industrial Machinery,Chennai,1300.0,8.0,1.0,26.0
Hawkins Cookers,3.7,265.0,Consumer Electronics & Appliances,Mumbai,890.0,24.0,5.0,14.0
IndustryBuying.com,3.4,265.0,Internet,New Delhi,1200.0,27.0,6.0,32.0
Mogli labs,3.5,265.0,Internet,Noida,1400.0,10.0,0.0,19.0
Saurav Chemicals,3.6,265.0,Agro Chemicals,Chandigarh,1000.0,21.0,9.0,19.0
PMT Machines,3.2,265.0,Industrial Machinery,Pune,1000.0,26.0,13.0,18.0
Rajiv Gandhi Cancer Institute & Research Centre,3.8,265.0,Healthcare,New Delhi,955.0,16.0,26.0,18.0
Hindware Home Innovation,3.6,265.0,Consumer Electronics & Appliances,Gurugram,733.0,14.0,0.0,1.0
Madhucon Projects,3.6,264.0,Engineering & Construction,Hyderabad,825.0,16.0,4.0,24.0
Reliance Fresh,4.3,264.0,Retail,New Delhi,525.0,20.0,0.0,30.0
Rosenberger Electronic,3.9,264.0,Electronics Manufacturing,Gurugram,1200.0,13.0,2.0,32.0
Interocean Group,4.3,264.0,Ports & Shipping,New Delhi,278.0,9.0,6.0,6.0
Government of Andhra Pradesh,3.7,264.0,Government,Hyderabad,1100.0,10.0,0.0,13.0
Integra Micro Systems,3.9,264.0,Software Product,Bengaluru,1300.0,18.0,0.0,9.0
Birla Tyres,3.6,264.0,Auto Components,Balasore,660.0,8.0,5.0,28.0
Apollo 247,3.3,264.0,Healthcare,Hyderabad,1800.0,25.0,10.0,10.0
GfK MODE,3.3,264.0,Analytics & KPO,Gurugram,1700.0,25.0,0.0,29.0
Tractor Junction,4.1,264.0,Internet,Alwar,498.0,21.0,25.0,3.0
Catch Foods,4.1,264.0,Food Processing,Noida,408.0,17.0,0.0,2.0
Rehau Polymers,3.3,264.0,Engineering & Construction,Vadodara,1100.0,14.0,1.0,27.0
Metacube Software,3.9,264.0,IT Services & Consulting,Jaipur,2000.0,27.0,7.0,27.0
Ujala Cygnus,3.6,264.0,Healthcare,New Delhi,598.0,19.0,0.0,8.0
Mamaearth,3.8,264.0,Beauty & Personal Care,Gurugram,1400.0,30.0,34.0,13.0
Objectways Technologies,3.1,264.0,IT Services & Consulting,Karur,1600.0,17.0,0.0,4.0
Dataflow Group,2.9,264.0,Law Enforcement & Security,Noida,1200.0,21.0,13.0,33.0
Searce Cosourcing Services,3.0,264.0,IT Services & Consulting,Pune,2200.0,37.0,4.0,19.0
MEDOPHARM,3.8,264.0,Pharma,Chennai,1100.0,17.0,13.0,25.0
Galgotias University,3.6,264.0,Education & Training,Greater Noida,937.0,20.0,2.0,13.0
Lafarge,4.6,263.0,Building Material,Mumbai,523.0,10.0,0.0,49.0
Binary Semantics,3.3,263.0,IT Services & Consulting,Gurugram,1500.0,22.0,2.0,23.0
Apothecon Pharmaceuticals,4.4,263.0,Pharma,Vadodara,1000.0,21.0,2.0,30.0
MRO,2.9,263.0,Clinical Research,Pune,1500.0,7.0,5.0,22.0
Foundation To Educate Girls Globally,4.0,263.0,Education & Training,Mumbai,567.0,19.0,30.0,22.0
Leeford Healthcare,4.1,263.0,Pharma,Ludhiana,657.0,15.0,17.0,16.0
Agilysys Technologies India,3.3,263.0,Software Product,Chennai,2700.0,61.0,19.0,19.0
Supermax Personal Care,3.5,263.0,Beauty & Personal Care,Mumbai,932.0,17.0,1.0,17.0
Cargo Motors,4.0,263.0,Automobile,New Delhi,884.0,13.0,6.0,22.0
Nesma & Partners,4.2,263.0,Engineering & Construction,Mumbai,515.0,10.0,0.0,30.0
Venus Industrial Corporation,4.0,264.0,Industrial Machinery,Faridabad,1000.0,18.0,12.0,19.0
Burckhardt Compression,3.9,263.0,Industrial Machinery,Pune,1200.0,11.0,8.0,27.0
ION Group,2.2,263.0,Software Product,Noida,1800.0,113.0,4.0,7.0
Hill International,4.3,263.0,Engineering & Construction,Mumbai,800.0,11.0,7.0,26.0
SRM Institute of Science and Technology,3.7,264.0,Education & Training,Chennai,1500.0,19.0,21.0,10.0
J. C. Penney,3.9,262.0,Retail,Bengaluru,1600.0,21.0,31.0,26.0
KGK Group,3.2,262.0,Jewellery,Mumbai,1200.0,13.0,18.0,14.0
Singareni Collieries Company,4.5,263.0,Metals & Mining,Hyderabad,592.0,12.0,0.0,24.0
Wheels Emi,3.8,262.0,Auto Components,Pune,860.0,17.0,0.0,13.0
Maharishi Vidya Mandir,4.0,263.0,Education & Training,Chennai,701.0,20.0,0.0,22.0
Business for Social Responsibility,3.2,262.0,Accounting & Auditing,Mumbai,514.0,20.0,0.0,3.0
MBD GROUP,3.2,262.0,Printing & Publishing,New Delhi,972.0,13.0,0.0,18.0
JWIL,4.1,262.0,Waste Management,New Delhi,997.0,10.0,0.0,21.0
Mahindra Susten,4.5,262.0,Engineering & Construction,Mumbai,991.0,13.0,9.0,32.0
Mahagun India,3.0,264.0,Real Estate,Noida,1000.0,16.0,10.0,22.0
Mangalam Cement,3.9,262.0,Building Material,Kota,957.0,19.0,16.0,20.0
Indian Oil- Adani Gas,3.8,262.0,Oil & Gas,Noida,1300.0,22.0,11.0,1.0
JSG Group,3.6,262.0,Auto Components,New Delhi,1100.0,15.0,10.0,12.0
Gatewaypark Business,4.6,261.0,Software Product,Bengaluru,8.0,19.0,0.0,0.0
Ruloans,3.5,261.0,Financial Services,Mumbai,1200.0,19.0,0.0,9.0
Bright Life Care,4.0,261.0,Fitness & Wellness,Gurugram,840.0,15.0,2.0,15.0
Omega Healthcare Solutions,3.6,261.0,Healthcare,Chennai,1800.0,39.0,0.0,21.0
Niwas Housing Finance,4.1,262.0,Financial Services,Mumbai,718.0,11.0,4.0,4.0
Rishabh Software,3.6,261.0,IT Services & Consulting,Vadodara,1800.0,16.0,34.0,28.0
Zee Learn,3.5,261.0,Education & Training,Mumbai,997.0,15.0,1.0,30.0
Motorola,4.2,261.0,Consumer Electronics & Appliances,Bengaluru,1200.0,19.0,0.0,12.0
OneCard,3.3,261.0,FinTech,Pune,1400.0,27.0,2.0,6.0
Sophos Technologies,3.7,261.0,Software Product,Bengaluru,1900.0,30.0,45.0,26.0
Toyotetsu India Auto Parts,3.8,261.0,Auto Components,Bengaluru,891.0,12.0,11.0,24.0
Adani Airport Holdings,3.0,261.0,Aviation,Ahmedabad,1200.0,17.0,0.0,3.0
CLR Facility Services,3.7,262.0,Facility Management Services,Pune,864.0,11.0,0.0,7.0
Wavin,4.1,261.0,,Noida,756.0,18.0,0.0,5.0
PhyCARE Solutions,3.6,261.0,Healthcare,Hyderabad,952.0,19.0,0.0,21.0
RG Stone Urology & Laparoscopy Hospital,3.8,261.0,Healthcare,New Delhi,753.0,7.0,73.0,18.0
L. V. Prasad Eye Institute,4.1,261.0,Healthcare,Hyderabad,638.0,13.0,6.0,21.0
ITCONS e-Solutions,3.5,261.0,IT Services & Consulting,Noida,639.0,19.0,2.0,15.0
Weddingz.in,2.8,260.0,Internet,Mumbai,829.0,17.0,0.0,25.0
Mobius Knowledge Services,3.4,260.0,Printing & Publishing,Chennai,1600.0,9.0,7.0,17.0
Varite,3.4,260.0,IT Services & Consulting,Bengaluru,1200.0,20.0,39.0,20.0
Rittal,3.8,260.0,Industrial Machinery,Bengaluru,1100.0,15.0,2.0,20.0
KTL Automobile,3.9,260.0,Automobile,Lucknow,1100.0,24.0,0.0,15.0
L&T Heavy Civil Infrastructure,4.2,260.0,Engineering & Construction,Chennai,994.0,25.0,0.0,97.0
Oriental Carbon & Chemicals,4.3,260.0,Chemicals,Mundra,1000.0,25.0,0.0,35.0
Bajaj Healthcare,3.3,260.0,Pharma,Vadodara,1400.0,13.0,8.0,17.0
KPC Projects,4.0,260.0,Engineering & Construction,Hyderabad,907.0,22.0,3.0,18.0
AceCloud by RTDS,4.1,260.0,IT Services & Consulting,Gurugram,1300.0,33.0,12.0,17.0
Malabar Group Of Companies,3.7,261.0,Jewellery,Kozhikode,1300.0,10.0,9.0,19.0
Aditya Infotech,4.3,260.0,IT Services & Consulting,Noida,1100.0,15.0,6.0,23.0
Shivaami Cloud Services,4.1,260.0,IT Services & Consulting,Mumbai,548.0,77.0,4.0,5.0
Aarti Pharmalabs,3.7,260.0,Pharma,Mumbai,1300.0,22.0,3.0,4.0
ReachLocal Services,3.6,260.0,Marketing & Advertising,Mumbai,1100.0,23.0,0.0,21.0
Saint Gobain Sekurit India,3.7,260.0,Auto Components,Chennai,927.0,16.0,0.0,36.0
GrapplTech,4.8,259.0,IT Services & Consulting,Bengaluru,15.0,16.0,0.0,12.0
Smith+Nephew,4.1,259.0,Medical Equipment,Pune,1500.0,15.0,8.0,27.0
New Allenberry Works,3.4,259.0,Power,Faridabad,946.0,18.0,0.0,16.0
Costa Cruise Lines,4.2,259.0,Travel & Tourism,Mumbai,363.0,16.0,0.0,35.0
Quality Council of India,3.3,259.0,,New Delhi,1600.0,26.0,1.0,22.0
InvestoXpert,4.3,259.0,Internet,Noida,448.0,136.0,6.0,13.0
Arrise Bpo Solutions,3.5,259.0,BPO,Mumbai,774.0,8.0,7.0,3.0
Algonomy,3.7,259.0,Software Product,Bengaluru,1300.0,11.0,1.0,54.0
TP Western Odisha Distribution,3.4,259.0,Power,Sambalpur,880.0,36.0,0.0,11.0
Shalina Healthcare,3.4,259.0,Pharma,Pune,774.0,14.0,16.0,6.0
Oswaal Books and Learning Private Limited,4.0,259.0,Printing & Publishing,Agra,392.0,35.0,12.0,21.0
Mercurius Advisory Services,4.4,259.0,Accounting & Auditing,New Delhi,567.0,36.0,25.0,52.0
Media.net Software Services (India),3.1,259.0,Marketing & Advertising,Mumbai,2200.0,78.0,0.0,24.0
Dhruv Research,3.0,258.0,Management Consulting,Gurugram,288.0,17.0,0.0,1.0
Oncquest Laboratories,3.3,258.0,Healthcare,New Delhi,900.0,15.0,0.0,17.0
Mayfair Hotels & Resorts,4.3,259.0,Hospitality,Bhubaneswar,866.0,17.0,24.0,29.0
MARG ERP,3.5,258.0,Accounting & Auditing,New Delhi,1300.0,24.0,0.0,23.0
KANINI Software Solutions,3.9,258.0,IT Services & Consulting,Chennai,1400.0,50.0,8.0,5.0
Virgo Laminates,4.0,258.0,Building Material,New Delhi,761.0,9.0,3.0,28.0
LOTS Wholesale Solutions,4.0,258.0,Food Processing,New Delhi,993.0,20.0,7.0,11.0
Avance Consulting Services,3.7,258.0,Recruitment,Hyderabad,1300.0,11.0,1.0,8.0
Grassroots BPO,3.3,258.0,BPO,Bengaluru,801.0,11.0,23.0,46.0
Sila Solutions,3.8,258.0,Facility Management Services,Mumbai,783.0,20.0,12.0,12.0
Millennium Engineers & Contractors,4.1,257.0,Engineering & Construction,Pune,1100.0,14.0,0.0,30.0
Paul Merchants,3.8,257.0,NBFC,Chandigarh,581.0,7.0,10.0,9.0
Leayan Global,3.9,257.0,Fashion & Textile,Kanpur,665.0,10.0,0.0,18.0
Canam Consultants,3.3,257.0,Education & Training,Chandigarh,827.0,12.0,19.0,9.0
Madras Radiators and Pressings Limited,3.5,257.0,Auto Components,Chennai,396.0,5.0,1.0,5.0
Newgen Knowledge Works,3.4,257.0,Printing & Publishing,Chennai,1200.0,14.0,6.0,29.0
Health Insurance TPA of India,3.8,257.0,Insurance,Noida,916.0,20.0,5.0,13.0
Triveni Turbines,3.7,257.0,Electrical Equipment,Bengaluru,1400.0,39.0,4.0,27.0
Tangoe,3.7,257.0,IT Services & Consulting,Bengaluru,1300.0,26.0,0.0,26.0
Shri Bajrang Power & Ispat,3.9,257.0,Power,Raipur,1100.0,23.0,15.0,19.0
Sudhir Power,3.6,257.0,Power,Gurugram,1100.0,20.0,17.0,24.0
Royal Infraconstru,3.4,257.0,Engineering & Construction,Kolkata,781.0,20.0,3.0,16.0
PERSOLKELLY,3.4,257.0,Recruitment,Bengaluru,1100.0,19.0,0.0,12.0
Simpolo Vitrified,4.0,257.0,Building Material,Ahmedabad,909.0,19.0,25.0,12.0
Captain Fresh,3.9,256.0,Food Processing,Bengaluru,1200.0,13.0,0.0,17.0
ProcMart,3.7,256.0,IT Services & Consulting,Pune,706.0,41.0,7.0,5.0
Matter Motor Works,2.9,256.0,Automobile,Ahmedabad,1100.0,30.0,12.0,5.0
Cordova Publication,3.4,256.0,Printing & Publishing,Noida,509.0,5.0,0.0,31.0
Turner Construction,4.0,256.0,Engineering & Construction,Mumbai,874.0,13.0,3.0,35.0
Bombay Stock Exchange,3.4,256.0,Financial Services,Mumbai,1700.0,9.0,0.0,18.0
Health Prime Services (India),3.4,256.0,Medical Equipment,Mumbai,941.0,17.0,12.0,44.0
Lucy Electric,3.9,256.0,Electrical Equipment,Nashik,1200.0,18.0,17.0,19.0
Crest Data Systems,4.0,256.0,IT Services & Consulting,Ahmedabad,1800.0,32.0,10.0,12.0
Vserve Ebusiness Solutions,4.3,256.0,IT Services & Consulting,Coimbatore,733.0,4.0,20.0,5.0
Stashfin,4.3,256.0,FinTech,New Delhi,808.0,16.0,6.0,50.0
Goodluck,3.8,256.0,Iron & Steel,Ghaziabad,931.0,24.0,0.0,16.0
Ivy Mobility Solutions,2.7,256.0,Software Product,Chennai,1900.0,22.0,22.0,23.0
Jakson Green,4.3,256.0,,Noida,618.0,20.0,0.0,2.0
Betsol,3.5,255.0,IT Services & Consulting,Bengaluru,1400.0,44.0,11.0,21.0
Meneta Automotive Components,3.8,255.0,Auto Components,Sonipat,945.0,20.0,0.0,16.0
Hewlett Packard Globalsoft,3.5,255.0,,Bengaluru,950.0,5.0,0.0,46.0
ATC Telecom Infrastructure,4.3,255.0,Telecom,Gurugram,765.0,14.0,0.0,25.0
Moveinsync Technology Solutions,3.1,255.0,Software Product,Bengaluru,1600.0,36.0,12.0,15.0
AGIO Pharmaceuticals,3.6,255.0,Pharma,Pune,862.0,50.0,4.0,12.0
Laborate Pharmaceuticals,3.7,255.0,Pharma,Panipat,947.0,21.0,3.0,13.0
Richfeel Health & Beauty,3.3,255.0,Beauty & Personal Care,Mumbai,591.0,5.0,0.0,27.0
Welspun Global Brands,3.8,255.0,Fashion & Textile,Mumbai,839.0,11.0,0.0,19.0
Plada Infotech Services,3.6,255.0,IT Services & Consulting,Mumbai,753.0,11.0,3.0,13.0
Enviri,3.9,255.0,Waste Management,Hyderabad,1300.0,18.0,71.0,23.0
PEARCE SERVICES,3.2,256.0,Telecom,Sahibzada Ajit Singh Nagar,1300.0,23.0,4.0,8.0
Codeyoung,4.0,256.0,,Bengaluru,750.0,60.0,0.0,2.0
PMEA Solar Tech Solutions,4.0,255.0,Automobile,Nashik,1100.0,15.0,0.0,0.0
GS Engineering & Construction,3.8,255.0,Engineering & Construction,Mumbai,696.0,10.0,1.0,51.0
El Seif Engineering Contracting,4.3,256.0,Engineering & Construction,Riyadh,324.0,10.0,0.0,34.0
Yodlee,3.9,255.0,Software Product,Bengaluru,1500.0,18.0,0.0,68.0
Antara Senior Care,3.0,256.0,,Gurugram,967.0,29.0,8.0,16.0
Jain University,3.4,255.0,Education & Training,Bengaluru,947.0,28.0,1.0,21.0
Godawari Power & Ispat,4.3,255.0,Iron & Steel,Raipur,848.0,15.0,1.0,17.0
Zamil Steel Buildings India,4.0,255.0,Engineering & Construction,Pune,1200.0,10.0,7.0,25.0
Simpson,3.5,255.0,Auto Components,Chennai,1200.0,12.0,1.0,19.0
GeeksForGeeks,2.8,255.0,Education & Training,Noida,1100.0,47.0,12.0,10.0
Kotak Mahindra General Insurance,3.7,254.0,Insurance,Mumbai,1400.0,14.0,0.0,9.0
House of Hiranandani,4.6,254.0,Real Estate,Mumbai,589.0,40.0,0.0,13.0
Sequential Technology International,4.1,254.0,BPO,Gurugram,889.0,11.0,0.0,40.0
Exusia,3.2,254.0,IT Services & Consulting,Pune,755.0,30.0,2.0,8.0
Zyoin,3.5,254.0,Recruitment,Bengaluru,772.0,22.0,2.0,40.0
Archirodon,4.2,254.0,Engineering & Construction,Mumbai,399.0,19.0,0.0,28.0
Net Solutions,3.9,254.0,IT Services & Consulting,Chandigarh,818.0,14.0,4.0,115.0
Lenexis Foodworks,3.6,254.0,Hospitality,Mumbai,941.0,23.0,18.0,9.0
Electropneumatics & Hydraulics (I),4.0,254.0,Industrial Machinery,Pune,1100.0,23.0,16.0,30.0
ASUS,4.3,254.0,Consumer Electronics & Appliances,Mumbai,974.0,22.0,4.0,28.0
ITW India,3.8,254.0,Automobile,Pune,1200.0,17.0,3.0,24.0
Muthoot Money,3.9,254.0,NBFC,Hyderabad,715.0,22.0,0.0,5.0
Sona Koyo Steering Systems,4.2,254.0,Auto Components,Gurugram,363.0,7.0,4.0,43.0
Inland World Logistics,3.5,254.0,Logistics,Mumbai,863.0,12.0,1.0,16.0
Virohan,3.9,254.0,Education & Training,Gurugram,676.0,43.0,3.0,5.0
WorkIndia,3.1,254.0,IT Services & Consulting,Bengaluru,1400.0,35.0,5.0,14.0
Chandigarh Group of Colleges,3.7,255.0,Education & Training,Chandigarh,844.0,21.0,1.0,10.0
Mahindra Defence Systems,3.9,254.0,Defence & Aerospace,Pune,1300.0,20.0,0.0,13.0
Turtle,3.2,254.0,Fashion & Textile,Kolkata,723.0,14.0,0.0,12.0
GE Aviation,4.0,253.0,Aviation,Pune,1300.0,23.0,7.0,39.0
SpanIdea,3.5,253.0,IT Services & Consulting,Bengaluru,1700.0,36.0,19.0,23.0
Sterling and Wilson Renewable Energy,4.2,253.0,Power,New Delhi,1000.0,13.0,7.0,8.0
RineX,4.0,254.0,,Bengaluru,180.0,218.0,0.0,1.0
Credera,3.0,253.0,IT Services & Consulting,Hyderabad,1900.0,42.0,42.0,18.0
Bizcrum Infotech,3.5,253.0,Internet,New Delhi,834.0,14.0,2.0,10.0
Sangam India,3.7,253.0,Fashion & Textile,Bhilwara,969.0,19.0,6.0,16.0
Navata Road Transport,3.6,253.0,Logistics,Vijayawada,763.0,16.0,54.0,26.0
Ventra Health,3.2,253.0,Analytics & KPO,Chennai,1200.0,17.0,52.0,1.0
Apollo Pipes,3.9,254.0,Building Material,Noida,916.0,20.0,8.0,10.0
GTL Limited,4.3,252.0,Hardware & Networking,Pune,592.0,10.0,3.0,39.0
HyperCITY,4.7,252.0,Retail,Mumbai,389.0,4.0,0.0,38.0
Trantor,3.7,253.0,IT Services & Consulting,Chandigarh,1800.0,29.0,41.0,34.0
Starmark Software,3.4,252.0,IT Services & Consulting,Bengaluru,1600.0,20.0,2.0,9.0
WizKlub,2.9,252.0,EdTech,Bengaluru,834.0,34.0,0.0,7.0
SA Infrastructure Consultants,3.6,252.0,Engineering & Construction,Noida,814.0,11.0,6.0,21.0
Gen,3.6,252.0,Software Product,Pune,1700.0,23.0,5.0,41.0
GMM Pfaudler,3.8,252.0,Industrial Machinery,Anand,1400.0,13.0,0.0,17.0
Godrej Capital,3.5,253.0,Financial Services,Mumbai,1600.0,14.0,0.0,1.0
UPS Supply Chain Solutions,3.8,252.0,Logistics,Pune,1400.0,16.0,0.0,14.0
Botree Software International,3.4,252.0,Software Product,Chennai,1700.0,21.0,3.0,13.0
Innova Captab,4.1,252.0,Pharma,Baddi,838.0,9.0,6.0,12.0
Som Autotech,3.9,252.0,Auto Components,Chhatrapati Sambhajinagar,968.0,18.0,7.0,18.0
NextGen Healthcare,3.7,252.0,Software Product,Bengaluru,1500.0,18.0,0.0,36.0
Diamond Beverages,3.0,252.0,Beverage,Kolkata,810.0,28.0,2.0,21.0
Raj Petro Specialities,3.8,252.0,Oil & Gas,Chennai,1000.0,7.0,0.0,15.0
Pinnacle Industries,3.4,252.0,Auto Components,Indore,1100.0,16.0,4.0,12.0
Metro Brands,3.8,252.0,Fashion & Textile,Mumbai,1000.0,15.0,17.0,11.0
DAZN,2.7,252.0,Media & Entertainment,Hyderabad,1800.0,40.0,67.0,3.0
Everllence,3.6,252.0,Industrial Machinery,Chhatrapati Sambhajinagar,1300.0,16.0,6.0,31.0
Edward Food Research and Analysis Centre,3.7,251.0,Analytics & KPO,Kolkata,646.0,35.0,2.0,11.0
IIT Madras,3.9,251.0,Education & Training,Chennai,1100.0,29.0,17.0,29.0
Skylark Infra Engineering Private Limited,3.8,251.0,Engineering & Construction,Gurugram,647.0,25.0,0.0,11.0
Madras Engineering Industries,3.7,251.0,Auto Components,Chennai,1200.0,11.0,7.0,15.0
Kroll,3.5,252.0,Financial Services,Mumbai,1900.0,26.0,2.0,7.0
Invertis University,4.7,251.0,Education & Training,Bareilly,239.0,72.0,3.0,10.0
Barista Coffee Company,4.3,251.0,Hospitality,New Delhi,676.0,10.0,7.0,33.0
Ecolab,3.4,252.0,Waste Management,Pune,1700.0,26.0,152.0,6.0
Futurz Staffing Solutions,3.8,251.0,Recruitment,Mumbai,853.0,21.0,7.0,13.0
The Institute Of Chartered Accountants,3.3,252.0,Education & Training,New Delhi,1400.0,23.0,5.0,19.0
Sraco,3.7,251.0,Engineering & Construction,Dammam,575.0,32.0,0.0,22.0
Interarch Building Product,3.9,251.0,Engineering & Construction,Noida,1100.0,15.0,10.0,22.0
Promea Therapeutics,4.1,252.0,Medical Equipment,Hyderabad,543.0,30.0,28.0,19.0
HAL Offshore,4.2,251.0,Oil & Gas,Mumbai,974.0,12.0,0.0,12.0
Xtancia Technosoft,4.0,250.0,Software Product,Chennai,50.0,40.0,0.0,1.0
Zeelab Pharmacy,3.4,250.0,Pharma,New Delhi,695.0,54.0,12.0,6.0
Tatvasoft,3.3,250.0,IT Services & Consulting,Ahmedabad,1700.0,66.0,2.0,17.0
Adfactors PR,3.3,250.0,Marketing & Advertising,Mumbai,1900.0,17.0,23.0,17.0
Suminter India Organics,3.8,250.0,FMCG,Mumbai,847.0,20.0,5.0,12.0
KhataBook,3.5,250.0,FinTech,Bengaluru,1300.0,18.0,9.0,17.0
Clearpack,4.0,250.0,Industrial Machinery,Greater Noida,1100.0,26.0,1.0,12.0
Stanley Lifestyles,3.9,250.0,Furniture & Furnishing,Bengaluru,900.0,23.0,15.0,9.0
Star Engineers India,3.5,250.0,Auto Components,Pune,1300.0,10.0,13.0,23.0
Terrier Security Services,4.2,250.0,Law Enforcement & Security,Bengaluru,661.0,15.0,1.0,15.0
Net Access India,3.8,250.0,IT Services & Consulting,Chennai,1200.0,41.0,8.0,24.0
RGBSI,3.3,250.0,Software Product,Bengaluru,1600.0,30.0,3.0,18.0
Easyday Club,4.6,250.0,Retail,New Delhi,433.0,11.0,0.0,37.0
Intersoft Data Labs,3.6,250.0,IT Services & Consulting,Gurugram,1400.0,22.0,4.0,11.0
Sami-Sabinsa Group,3.5,250.0,Pharma,Bengaluru,1200.0,25.0,5.0,26.0
Jindal India Thermal Power,3.8,250.0,Power,Angul,1000.0,23.0,0.0,18.0
Hindustan Pencils,4.1,250.0,FMCG,Mumbai,698.0,6.0,5.0,26.0
Organic India,4.2,250.0,FMCG,Lucknow,953.0,17.0,0.0,20.0
CP Plus,3.9,250.0,Law Enforcement & Security,Y.S.R. Kadapa,694.0,20.0,0.0,11.0
Essar Power,4.0,250.0,Power,Jamnagar,1000.0,8.0,0.0,31.0
Keller Ground Engineering,4.1,251.0,Engineering & Construction,Chennai,782.0,22.0,0.0,28.0
Sai Service,3.8,250.0,Automobile,Mumbai,1100.0,14.0,0.0,20.0
Vision Express,4.0,250.0,Retail,Bengaluru,574.0,2.0,0.0,22.0
Huntsman International,4.1,250.0,Chemicals,Mumbai,1100.0,12.0,6.0,40.0
VSynergize Outsourcing,3.0,249.0,Marketing & Advertising,Pune,904.0,8.0,1.0,11.0
Anand Rathi Global Finance,3.3,249.0,NBFC,Mumbai,1000.0,22.0,3.0,16.0
Reliance Smart Bazaar,4.0,250.0,Retail,New Delhi,609.0,13.0,0.0,4.0
C. L. GUPTA EXPORTS,4.2,249.0,Import & Export,Moradabad,823.0,8.0,0.0,19.0
The Smart Cube,3.5,249.0,Management Consulting,Noida,1900.0,30.0,0.0,29.0
Acorn Universal Consultancy LLP,4.2,249.0,BPO,Anand,151.0,108.0,0.0,55.0
Capillary Technologies,3.3,249.0,Software Product,Bengaluru,2100.0,20.0,0.0,27.0
Kapture CX,3.2,249.0,Software Product,Bengaluru,931.0,23.0,46.0,5.0
Zifo RnD Solutions,3.7,249.0,IT Services & Consulting,Chennai,1400.0,69.0,2.0,14.0
Dev Information Technology,3.4,249.0,IT Services & Consulting,Ahmedabad,1200.0,8.0,15.0,15.0
Cross Country Infotech,4.0,249.0,IT Services & Consulting,Pune,826.0,57.0,28.0,14.0
Puranik Builders,4.1,249.0,Real Estate,Mumbai,1100.0,8.0,8.0,28.0
Entero Healthcare Solutions,4.1,249.0,Pharma,Mumbai,1000.0,11.0,10.0,25.0
Little Nap Recliners,4.7,249.0,Furniture & Furnishing,New Delhi,89.0,38.0,7.0,51.0
L&T Water & Effluent Treatment,4.0,248.0,Engineering & Construction,Chennai,322.0,10.0,0.0,135.0
IIFL Securities,3.9,248.0,Financial Services,Mumbai,1500.0,22.0,0.0,19.0
National Securities Depository,3.5,248.0,Financial Services,Mumbai,1900.0,15.0,17.0,20.0
Experion Developers,4.7,249.0,Real Estate,Gurugram,683.0,6.0,0.0,10.0
Kaveri Seed Company,4.0,248.0,Agriculture,Hyderabad,755.0,23.0,0.0,10.0
Finnable Technologies,4.1,248.0,FinTech,Bengaluru,737.0,20.0,1.0,9.0
Xylem Learning,4.2,248.0,EdTech,Kozhikode,445.0,41.0,18.0,45.0
Boston Institute of Analytics,4.3,251.0,Education & Training,Mumbai,248.0,85.0,1.0,1.0
Securens System,3.9,248.0,Law Enforcement & Security,Mumbai,753.0,9.0,197.0,27.0
Akkodis,3.2,249.0,IT Services & Consulting,Bengaluru,1400.0,27.0,4.0,3.0
DM Consultants,1.4,247.0,,Abu Dhabi,62.0,3.0,0.0,3.0
Identifyplus Delivery Services,3.2,247.0,Logistics,Gurugram,428.0,11.0,0.0,10.0
Mfar Constructions,3.8,247.0,Engineering & Construction,Bengaluru,776.0,13.0,6.0,30.0
Tirupati Group,4.1,247.0,Pharma,Paonta Sahib,1100.0,11.0,0.0,12.0
Onkar Infotech,4.0,247.0,BPO,Gurugram,675.0,10.0,3.0,58.0
Lentra AI,2.6,247.0,Financial Services,Pune,2000.0,24.0,2.0,8.0
e-Procurement Technologies,3.3,247.0,IT Services & Consulting,Ahmedabad,881.0,17.0,0.0,15.0
Bread Financial,3.8,247.0,FinTech,Bengaluru,1800.0,28.0,18.0,3.0
FoodPanda,3.9,247.0,Internet,Gurugram,812.0,7.0,0.0,28.0
Sedin Technologies,4.5,247.0,IT Services & Consulting,Chennai,1100.0,85.0,29.0,14.0
Upwork,4.3,247.0,Internet,Bengaluru,1600.0,23.0,3.0,13.0
Microchip Technology,3.7,247.0,Semiconductors,Bengaluru,2000.0,46.0,100.0,18.0
Safran Engineering Services India,3.2,247.0,Aviation,Bengaluru,1700.0,33.0,16.0,16.0
VERITY GLOBAL SOLUTIONS,3.5,247.0,Investment Banking / Venture Capital / Private Equity,Bengaluru,1300.0,14.0,0.0,22.0
Q Way Technologies,2.9,247.0,Healthcare,Chennai,1100.0,15.0,8.0,18.0
Formidium Corp,2.8,247.0,Financial Services,Jaipur,1300.0,12.0,0.0,11.0
CTM India Limited,3.5,249.0,Industrial Machinery,Chennai,841.0,8.0,0.0,9.0
National Contracting Company,3.9,247.0,Engineering & Construction,Chennai,666.0,4.0,0.0,33.0
Coolberg Beverages,3.2,247.0,Hospitality,Mumbai,499.0,25.0,0.0,29.0
Netenrich Technologies,3.2,247.0,Software Product,Hyderabad,1900.0,33.0,13.0,30.0
Dalmia Bharat Sugar & Industries,4.1,247.0,Food Processing,Kolhapur,838.0,20.0,1.0,22.0
BoAt,4.3,247.0,Consumer Electronics & Appliances,Mumbai,1400.0,12.0,1.0,7.0
Webtel Electrosoft,3.6,246.0,IT Services & Consulting,New Delhi,1000.0,13.0,8.0,14.0
Klaus IT Solutions,3.4,246.0,IT Services & Consulting,Bengaluru,1300.0,16.0,0.0,13.0
VISA Steel,3.1,246.0,Iron & Steel,Jajpur,836.0,23.0,0.0,24.0
Alp Consulting,3.8,246.0,Recruitment,Bengaluru,1200.0,33.0,1.0,29.0
Bhavani Industries,3.6,246.0,,Rajkot,1300.0,10.0,10.0,28.0
Grazitti Interactive,3.0,246.0,IT Services & Consulting,Chandigarh,2000.0,21.0,54.0,21.0
Cryoviva Biotech,3.3,246.0,Biotechnology,Gurugram,632.0,14.0,1.0,18.0
Ajay Industrial Corporation,3.3,246.0,Industrial Machinery,New Delhi,807.0,13.0,7.0,12.0
ITI Finance,4.1,246.0,Financial Services,Mumbai,507.0,16.0,0.0,4.0
Annova Solutions,3.6,246.0,Pharma,Indore,853.0,19.0,9.0,7.0
Billabong High International School,3.7,247.0,Education & Training,Mumbai,758.0,12.0,0.0,33.0
Tokai Rubber Auto Parts India,3.4,246.0,Industrial Machinery,Neemrana,923.0,17.0,0.0,30.0
La Renon Healthcare,4.2,246.0,Pharma,Ahmedabad,729.0,16.0,5.0,18.0
NKC Projects,4.0,246.0,Engineering & Construction,Gurugram,1000.0,13.0,0.0,10.0
Health & Glow,3.7,247.0,Beauty & Personal Care,Bengaluru,1300.0,16.0,1.0,19.0
Genzeon (India) Private Limited,3.9,246.0,IT Services & Consulting,Hyderabad,924.0,56.0,39.0,5.0
Nineleaps Technology Solutions,4.3,247.0,IT Services & Consulting,Bengaluru,1300.0,43.0,13.0,15.0
SevenMentor,4.3,245.0,Education & Training,Pune,473.0,63.0,107.0,33.0
Weikfield Foods,3.4,246.0,Food Processing,Pune,821.0,13.0,6.0,28.0
Narmada Bio Chem,4.8,245.0,Agro Chemicals,Ahmedabad,302.0,7.0,1.0,58.0
Vasta Global,3.8,245.0,Clinical Research,Mumbai,1100.0,43.0,0.0,7.0
Chennai Petroleum Corporation,4.6,245.0,Oil & Gas,Chennai,1000.0,20.0,0.0,19.0
Corecard Software,3.8,245.0,FinTech,Bhopal,1500.0,18.0,0.0,22.0
Allianz,4.4,245.0,Insurance,Thiruvananthapuram,1700.0,20.0,19.0,39.0
Indutch Composites Technology,3.7,245.0,Industrial Machinery,Chennai,1200.0,8.0,10.0,15.0
Programmers.io,3.9,245.0,IT Services & Consulting,Jaipur,1000.0,33.0,52.0,37.0
Envestnet Asset Management,3.9,245.0,Financial Services,Thiruvananthapuram,1800.0,20.0,18.0,26.0
Kuwait Oil Company,4.3,246.0,Oil & Gas,Chennai,747.0,17.0,0.0,27.0
Pittie Group,3.0,245.0,Real Estate,Mumbai,1100.0,23.0,3.0,14.0
Dish Infra Services,3.1,245.0,Telecom,New Delhi,655.0,7.0,0.0,8.0
AONE OUTSOURCING SOLUTIONS,4.6,246.0,Financial Services,Ghaziabad,344.0,21.0,0.0,31.0
iVenus,4.1,245.0,Retail,Surat,390.0,42.0,10.0,4.0
Bekaert Industries,3.9,245.0,Electrical Equipment,Pune,1000.0,12.0,12.0,22.0
SRM Technologies Pvt.Ltd,3.3,245.0,IT Services & Consulting,Chennai,2100.0,33.0,44.0,25.0
Radnik Exports,4.1,245.0,Fashion & Textile,Noida,802.0,7.0,0.0,16.0
EVIO,3.8,245.0,Power,Mumbai,759.0,12.0,11.0,15.0
Galpha Laboratories,3.7,245.0,Pharma,Baddi,767.0,11.0,0.0,23.0
Arkade Group,3.9,244.0,Real Estate,Mumbai,325.0,38.0,0.0,6.0
Global Edge Software,3.4,244.0,Software Product,Bengaluru,1500.0,25.0,0.0,33.0
Miraj Cinemas,3.7,244.0,Media & Entertainment,Mumbai,585.0,5.0,0.0,4.0
Bravura Solutions,3.8,244.0,Software Product,Gurugram,1200.0,17.0,5.0,106.0
Learning Links Foundation,4.1,244.0,Non-Profit,New Delhi,875.0,15.0,10.0,20.0
Q3 Technologies,3.4,244.0,IT Services & Consulting,Gurugram,1700.0,32.0,24.0,12.0
Toshiba,4.1,244.0,Industrial Machinery,Bengaluru,1200.0,33.0,0.0,24.0
Bull Machines,3.7,244.0,Engineering & Construction,Coimbatore,1200.0,25.0,14.0,14.0
Ratna Sagar,3.6,244.0,Printing & Publishing,New Delhi,744.0,34.0,2.0,23.0
Sales India,4.1,244.0,Retail,Ahmedabad,1600.0,32.0,0.0,21.0
Kamineni Hospitals,4.1,244.0,Healthcare,Hyderabad,789.0,12.0,9.0,17.0
Covalent Laboratories,3.4,244.0,Pharma,Hyderabad,1000.0,10.0,4.0,16.0
Collman Services,3.7,245.0,BPO,Chennai,760.0,12.0,0.0,6.0
Galva Decoparts,3.4,243.0,Chemicals,Vapi,1100.0,19.0,0.0,11.0
Deen Dayal Upadhyaya Grameen Kaushalya Yojana,3.8,243.0,Government,Hyderabad,485.0,10.0,0.0,19.0
Smc Insurance Brokers,3.4,243.0,Insurance,New Delhi,842.0,10.0,9.0,15.0
Valueonshore Advisors,3.9,244.0,Management Consulting,Gurugram,658.0,23.0,17.0,21.0
Optiemus Electronics,3.6,243.0,Electronics Manufacturing,Noida,876.0,11.0,4.0,14.0
Spectrum Consultants,2.4,243.0,Recruitment,Pune,1000.0,30.0,90.0,15.0
PIX Transmissions,3.7,243.0,Petrochemicals,Nagpur,913.0,17.0,11.0,21.0
Neon Laboratories,4.0,243.0,Pharma,Mumbai,1100.0,9.0,0.0,15.0
Agrim,3.4,243.0,Agriculture,Gurugram,930.0,26.0,30.0,8.0
ICICI Merchant Service,3.5,243.0,Banking,Mumbai,648.0,14.0,0.0,27.0
Chai Point,3.8,243.0,Hospitality,Bengaluru,1200.0,16.0,15.0,18.0
Eversana,3.2,243.0,Software Product,Pune,1800.0,30.0,14.0,14.0
Nova IVI Fertility,3.9,243.0,Healthcare,Bengaluru,694.0,17.0,0.0,15.0
CyberSWIFT Infotech,3.6,244.0,IT Services & Consulting,Kolkata,485.0,18.0,2.0,32.0
Sterling Hospitals,4.0,243.0,Healthcare,Ahmedabad,812.0,11.0,0.0,22.0
The BIM Engineers,4.2,243.0,Engineering & Construction,Gurugram,1100.0,39.0,27.0,13.0
Regalo Kitchens,3.5,243.0,Architecture & Interior Design,New Delhi,542.0,39.0,8.0,29.0
Casio India Company,3.2,243.0,Consumer Electronics & Appliances,New Delhi,880.0,24.0,0.0,22.0
Jitm Skills,3.1,242.0,Education & Training,New Delhi,657.0,18.0,1.0,14.0
Housejoy,4.2,242.0,Facility Management Services,Bengaluru,506.0,2.0,0.0,23.0
Barmalt Malting,3.9,242.0,Food Processing,Gurugram,958.0,15.0,4.0,21.0
NIELIT,4.1,242.0,Education & Training,New Delhi,687.0,20.0,0.0,18.0
Sanjeev Auto Parts Manufacturers,4.0,242.0,Auto Components,Chhatrapati Sambhajinagar,753.0,17.0,6.0,26.0
Live Connections,3.8,242.0,Recruitment,Chennai,889.0,22.0,11.0,11.0
BillDesk,3.1,242.0,FinTech,Mumbai,1500.0,17.0,9.0,16.0
University of Petroleum & Energy Studies,3.7,242.0,Education & Training,Dehradun,890.0,18.0,11.0,31.0
SK E&C,4.4,242.0,Engineering & Construction,Mumbai,482.0,11.0,0.0,46.0
Epicor Software Corporation,2.9,242.0,IT Services & Consulting,Bengaluru,1900.0,27.0,64.0,26.0
Greenway Health,2.9,243.0,IT Services & Consulting,Bengaluru,1300.0,29.0,6.0,9.0
Vaidik Eduservices,3.3,242.0,EdTech,Noida,480.0,77.0,1.0,8.0
Placementindia.com,4.9,242.0,Recruitment,New Delhi,5.0,15.0,0.0,8.0
FEV,3.5,242.0,Auto Components,Pune,1600.0,11.0,1.0,17.0
Allen Solly,3.9,242.0,Fashion & Textile,Bengaluru,547.0,16.0,0.0,23.0
Oasis Partners Asia,3.9,242.0,Recruitment,Mumbai,840.0,12.0,0.0,8.0
Texas Review,3.9,242.0,Education & Training,Hyderabad,587.0,71.0,1.0,8.0
Renata Precision Components,3.4,241.0,Industrial Machinery,Pune,1200.0,16.0,18.0,14.0
11:11 Systems,3.3,241.0,IT Services & Consulting,Pune,1400.0,17.0,1.0,44.0
Bajel Projects,4.2,243.0,Engineering & Construction,Mumbai,749.0,22.0,14.0,6.0
American Oncology Institute,4.2,241.0,Healthcare,Hyderabad,940.0,11.0,67.0,17.0
HMSHost,3.8,241.0,FMCG,Bengaluru,621.0,14.0,0.0,21.0
VGN Projects Estates,3.8,241.0,Real Estate,Chennai,705.0,15.0,5.0,79.0
Bonito Designs,3.5,241.0,Architecture & Interior Design,Bengaluru,1200.0,39.0,23.0,13.0
GlobusSoft,3.5,241.0,IT Services & Consulting,Bengaluru,806.0,36.0,5.0,42.0
NBCC,3.8,242.0,Real Estate,New Delhi,799.0,19.0,0.0,21.0
Income Tax Department India,4.3,241.0,Government,New Delhi,996.0,10.0,0.0,17.0
United Alliance Technology,4.9,241.0,IT Services & Consulting,Pune,27.0,5.0,0.0,86.0
Sewa Grih Rin,3.4,241.0,NBFC,New Delhi,881.0,10.0,0.0,9.0
SEO Discovery,4.8,241.0,Financial Services,Sahibzada Ajit Singh Nagar,214.0,73.0,3.0,14.0
Pearl Global Industries,3.8,242.0,Fashion & Textile,Gurugram,1000.0,12.0,7.0,33.0
Arun Excello,3.9,243.0,Engineering & Construction,Chennai,964.0,16.0,7.0,17.0
Nordex India,3.8,242.0,Internet,Chennai,1200.0,19.0,0.0,11.0
Caliber Technologies,3.1,242.0,IT Services & Consulting,Hyderabad,1600.0,16.0,0.0,13.0
Filatex India,3.6,241.0,Fashion & Textile,Bharuch,1100.0,18.0,5.0,19.0
Prabhat Dairy,3.7,241.0,FMCG,Mumbai,860.0,7.0,0.0,25.0
Vakilsearch,3.1,241.0,Legal,Chennai,1100.0,15.0,17.0,6.0
Montra Electric,3.7,241.0,Automobile,Chennai,930.0,18.0,3.0,2.0
WPIL,3.4,241.0,Building Material,Kolkata,883.0,20.0,0.0,13.0
Avontix,3.4,241.0,IT Services & Consulting,Hyderabad,803.0,21.0,18.0,6.0
Kanpur Plastipack,3.6,241.0,Packaging,Kanpur,791.0,21.0,9.0,23.0
Grb Dairy Foods,3.5,241.0,Food Processing,Hosur,1000.0,14.0,0.0,12.0
Radius Global Solutions,2.8,241.0,BPO,Mumbai,1000.0,14.0,0.0,14.0
QualiZeal,4.0,241.0,IT Services & Consulting,Hyderabad,717.0,63.0,15.0,1.0
OASYS Cybernetics,3.0,242.0,IT Services & Consulting,Chennai,1400.0,13.0,14.0,10.0
Pharmaceutical job,4.1,241.0,Pharma,Mumbai,2200.0,25.0,0.0,12.0
Ileads Auxiliary Services,3.0,241.0,BPO,Dehradun,776.0,18.0,7.0,3.0
Rustomjee Group,4.0,240.0,Real Estate,Mumbai,1200.0,23.0,0.0,14.0
EY-Parthenon,3.0,240.0,,Bengaluru,3000.0,35.0,0.0,8.0
Nagata India,3.8,240.0,Metals & Mining,Gurugram,945.0,12.0,1.0,18.0
NMDC Steels,3.8,241.0,Iron & Steel,Jagdalpur,749.0,11.0,0.0,1.0
Kwality Pharmaceuticals,3.9,240.0,Pharma,Amritsar,926.0,25.0,3.0,12.0
Shalimar Corp,4.3,240.0,Real Estate,Lucknow,871.0,18.0,1.0,10.0
Sarda Energy & Minerals,4.0,240.0,Iron & Steel,Raipur,869.0,11.0,1.0,12.0
Crown Solutions,3.7,240.0,IT Services & Consulting,Chennai,1700.0,20.0,0.0,5.0
ILS Hospitals,3.6,240.0,Healthcare,Kolkata,663.0,12.0,14.0,14.0
Ammann Apollo,4.1,240.0,Industrial Machinery,Ahmedabad,1100.0,14.0,8.0,17.0
Kapston Services,4.0,241.0,Recruitment,Hyderabad,925.0,15.0,13.0,8.0
Dhandhania Infotech,3.3,240.0,IT Services & Consulting,Nagpur,1100.0,18.0,6.0,17.0
Amara Raja Power Systems,4.3,240.0,Auto Components,Tirupati,910.0,20.0,62.0,37.0
Innoval Digital Solutions,4.7,240.0,Software Product,Thiruvananthapuram,376.0,9.0,1.0,54.0
Tide - Business Management Platform,3.7,240.0,FinTech,Hyderabad,1600.0,44.0,45.0,5.0
Kharafi National,4.3,239.0,Engineering & Construction,Chennai,321.0,3.0,0.0,31.0
The New India Assurance Co.,4.4,239.0,Insurance,Mumbai,671.0,9.0,0.0,24.0
Hofincons Infotech & Industrial Services,4.0,239.0,Industrial Machinery,Chennai,623.0,9.0,0.0,29.0
Javi Systems,3.6,239.0,IT Services & Consulting,Gurugram,712.0,15.0,0.0,15.0
Linfox Logistics,4.1,240.0,Urban Transport,Chennai,677.0,5.0,0.0,21.0
Chandan Steel,3.4,239.0,Metals & Mining,Umbergaon,1000.0,17.0,7.0,10.0
Manubhai Jewellers,4.7,239.0,Jewellery,Mumbai,194.0,62.0,2.0,3.0
Government of West Bengal,3.6,240.0,Government,Kolkata,880.0,10.0,0.0,14.0
MQSYS Technologies,3.6,239.0,IT Services & Consulting,Chennai,2300.0,15.0,2.0,9.0
Airblack,4.0,239.0,EdTech,Gurugram,274.0,26.0,4.0,17.0
JAY JAY MILLS,4.0,239.0,Fashion & Textile,Erode,770.0,17.0,106.0,19.0
Selectsys,3.5,241.0,Software Product,Hyderabad,1300.0,25.0,4.0,13.0
Airtel Africa,3.0,239.0,Telecom,Gurugram,1100.0,44.0,10.0,7.0
Azim Premji Foundation,3.8,239.0,Non-Profit,Bengaluru,770.0,34.0,58.0,19.0
Six Phrase,3.7,239.0,,Coimbatore,120.0,55.0,1.0,5.0
Med Manor Organics,3.7,239.0,Pharma,Hyderabad,675.0,17.0,1.0,21.0
Geetanjali Medical College and Hospital,4.0,239.0,Healthcare,Udaipur,743.0,9.0,1.0,18.0
Rajan Technocast,4.7,239.0,Industrial Machinery,Rajkot,176.0,10.0,0.0,6.0
Indo German Tool Room,4.0,239.0,Government,Chhatrapati Sambhajinagar,513.0,10.0,1.0,17.0
VRC Constructions India,3.8,239.0,Engineering & Construction,New Delhi,735.0,11.0,0.0,22.0
S Chand Group,3.5,240.0,Printing & Publishing,New Delhi,838.0,5.0,5.0,22.0
NCL BUILDTEK,3.5,239.0,Building Material,Hyderabad,952.0,18.0,61.0,14.0
Aziro,3.5,240.0,IT Services & Consulting,Chennai,1400.0,56.0,152.0,10.0
Naprod Life Sciences,3.4,239.0,Pharma,Mumbai,1100.0,17.0,1.0,16.0
Linc,3.5,238.0,FMCG,Kolkata,931.0,16.0,1.0,9.0
Bihar Foundry and Castings Limited,4.4,238.0,Industrial Machinery,Ramngarh,358.0,13.0,0.0,4.0
CPM International,3.9,238.0,Recruitment,New Delhi,473.0,20.0,0.0,22.0
Sanoh,4.1,238.0,Auto Components,Gurugram,903.0,15.0,2.0,28.0
Karanwal Capital,4.6,238.0,Investment Banking / Venture Capital / Private Equity,Mumbai,211.0,102.0,2.0,63.0
The Sparks Foundation,4.3,238.0,Education & Training,Mumbai,322.0,23.0,0.0,10.0
Carnival Cinemas,3.7,238.0,Media & Entertainment,Mumbai,757.0,8.0,0.0,21.0
Ajmera Realty & Infra India,4.6,238.0,Real Estate,Mumbai,613.0,4.0,39.0,9.0
Expertrons,3.6,238.0,Education & Training,Mumbai,614.0,39.0,8.0,21.0
Victora Industries,3.7,239.0,Auto Components,Faridabad,860.0,15.0,12.0,1.0
Freedom Employability Academy,4.1,238.0,Education & Training,New Delhi,578.0,28.0,0.0,7.0
Model N,4.5,238.0,Software Product,Hyderabad,972.0,31.0,19.0,13.0
National Insurance Company,4.6,238.0,Insurance,Kolkata,587.0,8.0,0.0,24.0
Alembic,3.9,239.0,Pharma,Vadodara,861.0,20.0,156.0,30.0
MASAI School,4.1,238.0,EdTech,Bengaluru,771.0,26.0,33.0,7.0
inMorphis Services,3.9,238.0,IT Services & Consulting,Noida,949.0,12.0,29.0,11.0
SMS Pharmaceuticals,3.1,240.0,Pharma,Hyderabad,803.0,16.0,0.0,12.0
Arkray Healthcare,3.4,238.0,Healthcare,Surat,868.0,8.0,9.0,23.0
SkillRecruit,4.4,238.0,Recruitment,Hyderabad,343.0,9.0,0.0,98.0
SLAP,3.9,238.0,Management Consulting,Anantapur,844.0,17.0,2.0,11.0
AT&S,3.6,238.0,Semiconductors,Mysuru,1200.0,14.0,11.0,12.0
Zones Corporate Solutions,3.3,238.0,IT Services & Consulting,Bengaluru,1200.0,29.0,24.0,17.0
Tesseract Imaging,4.0,237.0,,Navi Mumbai,621.0,14.0,1.0,20.0
Shorthills AI,3.6,237.0,Emerging Technologies,Gurugram,566.0,17.0,11.0,60.0
Vara United,3.7,237.0,IT Services & Consulting,Hyderabad,685.0,9.0,4.0,19.0
Marathon Realty,3.9,237.0,Real Estate,Mumbai,805.0,10.0,2.0,22.0
Omprime Technology Private Limited,4.0,237.0,IT Services & Consulting,Gurugram,300.0,22.0,7.0,43.0
Agiliad,3.3,237.0,Engineering & Construction,Pune,1700.0,37.0,56.0,13.0
Sugam Parivahan,4.2,237.0,Logistics,Noida,737.0,23.0,9.0,12.0
Lubi Industries Llp,4.1,237.0,Industrial Machinery,Ahmedabad,1000.0,11.0,6.0,11.0
bebo Technologies,3.4,237.0,IT Services & Consulting,Chandigarh,1400.0,30.0,1.0,18.0
Box8,3.5,237.0,Hospitality,Bengaluru,821.0,14.0,3.0,30.0
National Small Industries Corporation,4.0,237.0,Government,New Delhi,585.0,15.0,0.0,12.0
Excellon Software,4.4,237.0,Software Product,Pune,1100.0,15.0,9.0,9.0
Skechers,4.1,237.0,Retail,Mumbai,800.0,14.0,1.0,19.0
Premier Indoplast,4.1,237.0,,Faridabad,746.0,7.0,0.0,4.0
Magnasoft Consulting India,3.2,237.0,IT Services & Consulting,Bengaluru,994.0,19.0,3.0,12.0
Scc Infrastructure,3.9,237.0,Engineering & Construction,Ahmedabad,744.0,23.0,11.0,11.0
Kobelco Construction Equipment India,4.3,238.0,Industrial Machinery,Chennai,1000.0,25.0,0.0,22.0
20Cube Logistics,3.7,237.0,Logistics,Chennai,1100.0,20.0,2.0,16.0
St. John's Medical College Hospital,4.1,237.0,Healthcare,Bengaluru,692.0,6.0,0.0,18.0
Atibir Industries,3.1,237.0,Iron & Steel,Giridih,590.0,6.0,3.0,28.0
RSH Global,4.1,237.0,FMCG,Kolkata,754.0,10.0,0.0,19.0
Garware Hi-Tech Films,3.9,237.0,Packaging,Chhatrapati Sambhajinagar,1100.0,9.0,13.0,19.0
Cube Highways,4.3,237.0,Engineering & Construction,Noida,716.0,18.0,0.0,2.0
Neudesic Technologies,4.1,237.0,IT Services & Consulting,Bengaluru,2200.0,40.0,5.0,8.0
Indiabulls Real Estate,4.4,236.0,Real Estate,Mumbai,933.0,9.0,0.0,25.0
ABEC,4.2,236.0,Events,Mumbai,434.0,30.0,4.0,1.0
Franco-Indian Pharmaceuticals,3.3,236.0,Pharma,Mumbai,714.0,10.0,1.0,18.0
American Tower Corporation,4.0,236.0,Telecom,Gurugram,1100.0,6.0,0.0,28.0
Kumaran Systems,3.5,236.0,IT Services & Consulting,Chennai,1800.0,38.0,30.0,16.0
Shiva Pharmachem,3.8,236.0,Pharma,Vadodara,1200.0,5.0,2.0,20.0
JPM Group,3.8,236.0,Industrial Machinery,Gurugram,1100.0,12.0,0.0,13.0
Harita Techserv,3.3,237.0,Recruitment,Bengaluru,1200.0,22.0,1.0,18.0
Intuit,3.3,236.0,IT Services & Consulting,Bengaluru,3000.0,86.0,2.0,14.0
Rajasthan Patrika,3.2,236.0,Broadcasting,Jaipur,949.0,10.0,4.0,17.0
Aditya Birla Money,3.9,236.0,,Chennai,750.0,23.0,0.0,14.0
AABSyS IT,3.2,236.0,IT Services & Consulting,Bhubaneswar,1000.0,10.0,6.0,24.0
Unthinkable Solutions,3.1,237.0,IT Services & Consulting,Gurugram,1700.0,68.0,1.0,17.0
iD Fresh Food,4.0,236.0,FMCG,Bengaluru,721.0,24.0,2.0,11.0
Copart,3.1,236.0,Automobile,Hyderabad,1700.0,31.0,6.0,16.0
Autometers Alliance,4.3,236.0,Electronics Manufacturing,Noida,941.0,16.0,0.0,25.0
Veltris,3.6,236.0,IT Services & Consulting,Hyderabad,1200.0,23.0,6.0,12.0
Linux Laboratories,4.0,236.0,Pharma,Chennai,525.0,24.0,8.0,16.0
Reliance Consumer Products,3.7,236.0,,Bengaluru,915.0,15.0,0.0,14.0
S&IB Services,3.9,236.0,Facility Management Services,Kolkata,816.0,7.0,0.0,11.0
Groupe SEB,3.5,237.0,Consumer Electronics & Appliances,New Delhi,857.0,14.0,1.0,18.0
Cyrix Health Care,4.3,236.0,Medical Equipment,Lucknow,486.0,43.0,17.0,8.0
Balasore Alloys,3.0,236.0,Metals & Mining,Balasore,736.0,17.0,5.0,23.0
Dr B Lal Clinical Laboratory,4.4,236.0,Healthcare,Jaipur,422.0,25.0,7.0,36.0
Koyo Bearings India,3.9,235.0,Auto Components,Rewari,761.0,8.0,0.0,33.0
Sears Holdings,3.0,235.0,Retail,Pune,1400.0,13.0,0.0,20.0
Impressico Business Solutions,4.4,235.0,IT Services & Consulting,Noida,1100.0,18.0,30.0,42.0
Albert David,3.5,235.0,Pharma,Kolkata,610.0,18.0,4.0,6.0
Arvato,3.7,235.0,IT Services & Consulting,Gurugram,469.0,2.0,0.0,40.0
Jaipur National University,3.0,235.0,Education & Training,Jaipur,622.0,11.0,0.0,5.0
Parle Elizabeth Tools,3.9,236.0,Industrial Machinery,Ahmedabad,1100.0,20.0,0.0,18.0
Student Life,4.0,235.0,Non-Profit,Kolkata,599.0,57.0,0.0,10.0
Tecnotree Convergence,3.1,235.0,IT Services & Consulting,Bengaluru,1700.0,16.0,1.0,17.0
Svatantra Micro Housing Finance Corporation Limited,3.9,237.0,Financial Services,Mumbai,777.0,19.0,27.0,6.0
The Indian Express,3.9,235.0,Printing & Publishing,Noida,1300.0,8.0,0.0,19.0
Parason Machinery,3.3,235.0,Industrial Machinery,Chhatrapati Sambhajinagar,1200.0,30.0,6.0,18.0
Radio Mirchi,3.3,235.0,Broadcasting,Mumbai,1000.0,19.0,0.0,11.0
Pearl Precision Products,3.8,235.0,Building Material,Noida,676.0,8.0,2.0,8.0
Pontika Aerotech,3.6,235.0,Pharma,Paonta Sahib,788.0,19.0,1.0,16.0
Impact Analytics,3.9,235.0,IT Services & Consulting,Bengaluru,1600.0,85.0,44.0,12.0
Sears IT & Management Services India,3.1,235.0,IT Services & Consulting,Pune,1300.0,15.0,0.0,32.0
APM Terminals,4.4,236.0,Ports & Shipping,Mumbai,820.0,10.0,242.0,24.0
"Sanjay Ghodawat International School, Kolhapur",3.5,235.0,Education & Training,Kolhapur,456.0,123.0,22.0,42.0
Infoesearch Ites,3.2,235.0,Media & Entertainment,Hyderabad,675.0,31.0,6.0,6.0
Raheja Developers,3.2,235.0,Real Estate,Gurugram,820.0,7.0,5.0,16.0
Ginger Hotels,3.9,235.0,Hospitality,Mumbai,732.0,9.0,0.0,20.0
Prompt Personnel,3.8,235.0,Recruitment,Mumbai,797.0,11.0,0.0,13.0
WEG,4.2,235.0,Electronics Manufacturing,Hosur,1200.0,18.0,0.0,28.0
Sneha Farms,4.0,235.0,Agriculture,Hyderabad,878.0,14.0,7.0,10.0
AGILE AIRPORT SERVICES,3.9,236.0,Aviation,New Delhi,449.0,17.0,0.0,12.0
Essae Digitronics,4.1,234.0,Electronics Manufacturing,Bengaluru,815.0,13.0,2.0,18.0
ADARSH DEVELOPERS,4.3,234.0,Real Estate,Bengaluru,717.0,14.0,4.0,21.0
LUX Industries,3.3,234.0,Fashion & Textile,Kolkata,1000.0,10.0,3.0,13.0
BPL Medical Technologies,3.4,235.0,Medical Equipment,Bengaluru,992.0,15.0,0.0,18.0
Finorchem Limited,3.7,234.0,Petrochemicals,Ankleshwar,859.0,29.0,2.0,7.0
Advantum Health,2.9,234.0,Healthcare,Hyderabad,885.0,13.0,41.0,23.0
Paradise Food Court,3.7,234.0,Hospitality,Hyderabad,920.0,23.0,58.0,31.0
Precision Group,3.5,234.0,Industrial Machinery,Chennai,1700.0,11.0,0.0,4.0
Bondada Engineering,3.5,234.0,Engineering & Construction,Hyderabad,701.0,33.0,65.0,8.0
Bsr Infratech India,3.8,234.0,Engineering & Construction,Bengaluru,941.0,19.0,0.0,17.0
Ganit Inc,4.0,234.0,IT Services & Consulting,Chennai,809.0,31.0,30.0,2.0
Rasna,3.3,234.0,Food Processing,Ahmedabad,609.0,18.0,0.0,12.0
M.J Global,3.8,234.0,Packaging,Noida,302.0,11.0,4.0,190.0
Sand Martin Consultants,2.9,234.0,BPO,New Delhi,905.0,30.0,0.0,18.0
Mvs Acmei Technologies,3.9,234.0,Industrial Machinery,Hyderabad,741.0,16.0,0.0,21.0
CoLive,4.0,237.0,Real Estate,Bengaluru,669.0,49.0,0.0,9.0
Fusion,3.1,234.0,IT Services & Consulting,Kolkata,889.0,19.0,1.0,9.0
Verzeo,2.7,233.0,EdTech,Bengaluru,399.0,33.0,0.0,13.0
RASI SEEDS,4.1,233.0,Agriculture,Hyderabad,746.0,8.0,1.0,24.0
Itvedant Education,3.7,234.0,Education & Training,Mumbai,491.0,38.0,59.0,8.0
Advids,4.4,233.0,Marketing & Advertising,Pune,314.0,16.0,0.0,12.0
IMSI,3.1,233.0,Recruitment,Mumbai,789.0,10.0,14.0,16.0
Focus Energy,3.5,233.0,Oil & Gas,Jaisalmer,756.0,20.0,5.0,45.0
Pure & Cure Healthcare,4.1,233.0,Pharma,Haridwar,668.0,9.0,0.0,13.0
Maral Overseas,3.7,234.0,Fashion & Textile,Noida,843.0,8.0,0.0,15.0
Uniinfo Telecom Services,3.4,233.0,Telecom,Indore,500.0,13.0,2.0,19.0
Red Bull,4.1,233.0,Beverage,Mumbai,823.0,16.0,5.0,20.0
Kalyani Maxion Wheels,4.1,233.0,Auto Components,Pune,1000.0,6.0,0.0,22.0
Asian Institute of Medical Sciences,3.9,233.0,,Faridabad,1100.0,5.0,0.0,20.0
Umedica Laboratories,3.6,233.0,Pharma,Vapi,1200.0,15.0,20.0,13.0
Brij Gopal Construction Company,3.9,233.0,Engineering & Construction,New Delhi,790.0,19.0,1.0,10.0
Qi Spine Clinic,3.7,233.0,Healthcare,Mumbai,532.0,42.0,12.0,18.0
Sun Vacuum Formers,3.8,233.0,Auto Components,Gurugram,773.0,18.0,0.0,27.0
Echs Polyclinic,4.1,233.0,Healthcare,New Delhi,428.0,14.0,0.0,10.0
Balaji Enterprises,4.4,233.0,Real Estate,New Delhi,1400.0,11.0,6.0,15.0
Chaitanya Projects Consultancy,4.0,233.0,Financial Services,Noida,652.0,19.0,0.0,11.0
GLA University,3.6,233.0,Education & Training,Mathura,871.0,19.0,10.0,17.0
Little Millennium,3.8,233.0,EdTech,Pune,681.0,21.0,5.0,21.0
Paychex IT Solutions India,3.3,233.0,Software Product,Bengaluru,1200.0,30.0,31.0,10.0
PIT Solutions,3.7,232.0,IT Services & Consulting,Thiruvananthapuram,1100.0,19.0,27.0,70.0
LawSikho,3.8,232.0,,New Delhi,502.0,34.0,3.0,6.0
Zinnov Management Consulting,3.2,232.0,Management Consulting,Bengaluru,1600.0,28.0,100.0,15.0
Veolia,4.0,232.0,Waste Management,Bengaluru,961.0,14.0,0.0,9.0
United India Insurance Company,4.5,233.0,Insurance,Chennai,614.0,10.0,0.0,25.0
Orange Mantra,3.8,240.0,IT Services & Consulting,Gurugram,1200.0,35.0,28.0,24.0
Aachi Foods,4.1,232.0,FMCG,Chennai,895.0,27.0,5.0,24.0
SUGAR Cosmetics,3.8,232.0,Internet,Mumbai,998.0,23.0,0.0,11.0
Ami Polymer,3.7,232.0,Medical Equipment,Dadra & Nagar Haveli,748.0,19.0,26.0,17.0
TravelTriangle,3.6,232.0,Travel & Tourism,Gurugram,921.0,15.0,8.0,44.0
HEG,3.8,232.0,Semiconductors,Bhopal,963.0,18.0,3.0,24.0
Scyo Decision Services,4.5,232.0,Analytics & KPO,Chennai,391.0,24.0,1.0,2.0
Flex Technologies,3.9,233.0,,Chennai,1700.0,13.0,0.0,9.0
Bombay Rayon Fashions,3.2,232.0,Fashion & Textile,Mumbai,846.0,6.0,0.0,21.0
John Crane Sealing Systems India,3.4,232.0,Industrial Machinery,Bengaluru,1300.0,22.0,66.0,22.0
MUNDRA SOLAR TECHNOPARK,3.7,232.0,Industrial Machinery,Mundra,723.0,13.0,0.0,25.0
Excelra Knowledge Solutions,3.4,232.0,Analytics & KPO,Hyderabad,995.0,22.0,19.0,21.0
Andhra Paper,3.5,232.0,Pulp & Paper,Rajamahendravaram,1100.0,22.0,12.0,9.0
SunMax Auto Engineering,3.6,232.0,Auto Components,Gurugram,662.0,12.0,6.0,20.0
Arihant Publications,3.7,231.0,Printing & Publishing,New Delhi,551.0,28.0,2.0,11.0
Fresher Than Fresh,4.0,231.0,Retail,Hyderabad,388.0,61.0,0.0,15.0
Matrix ComSec,3.5,231.0,Law Enforcement & Security,Vadodara,1400.0,21.0,24.0,25.0
Consilio,3.6,231.0,Legal,Bengaluru,1500.0,27.0,23.0,13.0
Changepond Technologies,3.0,232.0,IT Services & Consulting,Chennai,2000.0,31.0,3.0,14.0
LinkedIn,4.0,231.0,Internet,Bengaluru,2400.0,74.0,0.0,17.0
IVTL Infoview Technologies,3.6,231.0,IT Services & Consulting,Chennai,1300.0,11.0,0.0,21.0
Army Ordnance Corps,4.8,231.0,Defence & Aerospace,New Delhi,505.0,7.0,0.0,14.0
Jaypee Hotels,3.8,231.0,Hospitality,New Delhi,685.0,12.0,0.0,32.0
SIAC SKH India Cabs Manufacturing,3.8,232.0,Industrial Machinery,Faridabad,807.0,23.0,0.0,19.0
Flash Viven Machining Technologies,3.6,231.0,Auto Components,Pune,1100.0,15.0,0.0,19.0
Neolite Zkw Lightings,3.9,231.0,Auto Components,Bahadurgarh,917.0,21.0,6.0,17.0
Coffee Day,3.0,231.0,Hospitality,Bengaluru,999.0,22.0,0.0,27.0
Marine Electricals,3.5,231.0,Industrial Automation,Mumbai,1300.0,26.0,8.0,14.0
MaRS Planning & Engineering Services,3.7,232.0,Engineering & Construction,Ahmedabad,871.0,9.0,0.0,6.0
Verifone,3.1,231.0,FinTech,Bengaluru,1600.0,28.0,0.0,20.0
Centillion Solutions and Services,3.9,231.0,IT Services & Consulting,Bengaluru,581.0,10.0,10.0,5.0
Touchstone Educationals,3.2,231.0,Education & Training,Chandigarh,500.0,17.0,40.0,17.0
Patton International,3.6,231.0,Iron & Steel,Kolkata,950.0,14.0,0.0,22.0
KNR Constructions,4.0,231.0,Engineering & Construction,Hyderabad,766.0,9.0,4.0,22.0
Taggd,3.4,234.0,Recruitment,Gurugram,785.0,14.0,11.0,5.0
Sankey Solutions,3.8,230.0,IT Services & Consulting,Mumbai,651.0,37.0,1.0,1.0
Lifelong India,3.9,230.0,Petrochemicals,Gurugram,966.0,20.0,11.0,22.0
Link Group,3.7,231.0,Financial Services,Mumbai,1400.0,34.0,0.0,28.0
Trivitron Healthcare,3.3,230.0,Medical Equipment,Chennai,1100.0,25.0,4.0,28.0
Reecomps Teleservices,3.7,230.0,Telecom,Mumbai,627.0,13.0,2.0,10.0
Augtech Nextwealth,3.7,230.0,IT Services & Consulting,Bhilai Nagar,437.0,39.0,8.0,5.0
VHS Consulting,3.8,230.0,IT Services & Consulting,Bengaluru,1500.0,15.0,0.0,7.0
Games24x7,3.9,230.0,Gaming,Bengaluru,1800.0,25.0,1.0,12.0
Sonovision-Aetos,3.5,230.0,IT Services & Consulting,Bengaluru,1000.0,19.0,0.0,10.0
Government Medical College,4.1,230.0,Education & Training,Srinagar,868.0,6.0,0.0,12.0
Zydus Hospira Oncology,4.2,230.0,Pharma,Ahmedabad,717.0,8.0,0.0,13.0
Z1 Tech,4.1,230.0,Internet,Gurugram,421.0,22.0,20.0,1.0
Integrated Personnel Services Limited,4.0,230.0,Recruitment,Mumbai,904.0,21.0,15.0,13.0
Scania,3.6,230.0,Auto Components,Bengaluru,603.0,17.0,0.0,40.0
Mining Engineering Services,3.7,230.0,Metals & Mining,Vadodara,652.0,35.0,0.0,5.0
Marquardt,3.7,230.0,Auto Components,Pune,1600.0,15.0,11.0,25.0
ContinuServe Softech India,3.2,230.0,BPO,Bengaluru,1300.0,19.0,5.0,7.0
Vensa Infrastructure,4.1,230.0,Real Estate,Hyderabad,734.0,18.0,0.0,14.0
Neogen Chemicals,4.0,230.0,Chemicals,Bharuch,1300.0,18.0,7.0,12.0
Nyx-medical Solutions,3.6,230.0,Analytics & KPO,Bengaluru,774.0,20.0,4.0,8.0
Stratosphere IT Services,3.0,230.0,Recruitment,Hyderabad,1400.0,12.0,0.0,14.0
FarEye,3.3,230.0,IT Services & Consulting,Noida,1700.0,31.0,1.0,20.0
Ncc Urban Infrastructure,4.1,230.0,Engineering & Construction,Hyderabad,910.0,20.0,1.0,19.0
Teachers Insurance and Annuity Association of America,3.9,230.0,Financial Services,Pune,2200.0,8.0,0.0,9.0
Oxyzo Financial Services,3.3,230.0,Financial Services,Gurugram,1200.0,13.0,1.0,7.0
Teerthanker Mahaveer University,3.4,230.0,Education & Training,Moradabad,707.0,11.0,37.0,9.0
Reliance Home Finance,4.0,229.0,NBFC,Mumbai,474.0,2.0,0.0,24.0
DelaPlex Software,4.2,229.0,IT Services & Consulting,Nagpur,945.0,38.0,14.0,8.0
Valenta AI Private Limited,4.3,229.0,Emerging Technologies,Bengaluru,645.0,33.0,10.0,18.0
BluSmart,3.8,229.0,Urban Transport,Gurugram,937.0,21.0,0.0,1.0
Keertana Finserv,3.3,229.0,NBFC,Hyderabad,534.0,26.0,16.0,3.0
Broker Network,2.4,229.0,Internet,Mumbai,985.0,12.0,0.0,4.0
AbbVie Inc.,3.6,229.0,Pharma,Bengaluru,982.0,13.0,0.0,4.0
RegisterKaro,3.4,229.0,Internet,Gurugram,469.0,77.0,2.0,1.0
Helmerich & Payne,3.7,229.0,Oil & Gas,Bengaluru,1800.0,9.0,7.0,19.0
MKCL,3.7,229.0,Education & Training,Pune,1100.0,16.0,3.0,21.0
Travelex,3.3,229.0,Financial Services,Mumbai,1400.0,20.0,0.0,34.0
Mantri Developers,3.4,229.0,Real Estate,Bengaluru,963.0,10.0,13.0,38.0
Matix Fertilisers & Chemicals,3.7,229.0,Agro Chemicals,Durgapur,1000.0,24.0,0.0,19.0
ICPA Health Products,3.2,229.0,Healthcare,Mumbai,633.0,16.0,40.0,20.0
Savita Oil Technologies,4.1,229.0,Oil & Gas,Mumbai,1000.0,12.0,3.0,12.0
Google Pay,3.7,229.0,FinTech,Bengaluru,1300.0,42.0,0.0,21.0
Centaur Billing,3.8,229.0,Analytics & KPO,Chennai,352.0,64.0,2.0,1.0
Man Industries,3.4,229.0,Iron & Steel,Mumbai,1100.0,15.0,2.0,17.0
Shri Mahavir Ferro Alloys,3.4,229.0,Iron & Steel,Rourkela,811.0,16.0,0.0,5.0
Busy Infotech,4.1,229.0,Software Product,New Delhi,860.0,15.0,15.0,17.0
Elevate Services,3.2,229.0,Software Product,Gurugram,1100.0,21.0,0.0,12.0
Colourtex,3.8,229.0,Chemicals,Surat,986.0,11.0,13.0,16.0
Kinetic Green Energy And Power Solutions,3.0,228.0,Power,Pune,980.0,23.0,21.0,4.0
Wave Infratech,4.0,229.0,Real Estate,Noida,1100.0,27.0,2.0,14.0
Tricon Infra Buildtech pvt.Ltd,3.7,244.0,Engineering & Construction,Pune,775.0,26.0,9.0,28.0
Knest Manufacturers,3.5,229.0,Metals & Mining,Pune,1200.0,15.0,0.0,6.0
Gem Engserv,4.0,229.0,Engineering & Construction,Mumbai,917.0,31.0,0.0,19.0
SRR Projects,4.0,229.0,Engineering & Construction,Hyderabad,744.0,18.0,0.0,19.0
The Mission Hospital,3.8,229.0,Healthcare,Durgapur,801.0,9.0,15.0,20.0
TRF,3.5,228.0,Auto Components,Jamshedpur,889.0,11.0,0.0,25.0
MT Educare,2.4,228.0,EdTech,Mumbai,725.0,6.0,0.0,22.0
Verifacts Services,3.2,228.0,Recruitment,Bengaluru,749.0,17.0,2.0,38.0
Aia Engineering,4.1,228.0,Industrial Machinery,Ahmedabad,1100.0,21.0,2.0,23.0
First Citizens India,4.0,229.0,Financial Services,Bengaluru,1800.0,24.0,34.0,22.0
ExpertCallers,3.4,228.0,BPO,Bengaluru,843.0,15.0,7.0,10.0
B4S Solutions,3.9,228.0,Law Enforcement & Security,Pune,685.0,11.0,12.0,23.0
Meditab Software,3.2,228.0,Software Product,Ahmedabad,1400.0,30.0,14.0,22.0
HTL,3.6,228.0,Telecom,Chennai,1300.0,10.0,3.0,15.0
Ishan Technologies,3.7,228.0,Internet,Ahmedabad,897.0,16.0,3.0,11.0
Olympus,3.8,228.0,Medical Equipment,Gurugram,1000.0,9.0,0.0,23.0
Optimus Drugs,4.0,228.0,Pharma,Hyderabad,1100.0,12.0,0.0,19.0
Steelman Telecom,3.8,228.0,Telecom,Kolkata,687.0,9.0,0.0,10.0
ASSA ABLOY,3.6,228.0,Real Estate,Chennai,1100.0,23.0,3.0,18.0
Om Innovation Call Services,3.6,228.0,BPO,New Delhi,719.0,6.0,0.0,9.0
Algoworks,3.0,229.0,IT Services & Consulting,Noida,1700.0,34.0,30.0,20.0
Bo International,4.1,228.0,Beauty & Personal Care,New Delhi,466.0,37.0,18.0,12.0
Jagsonpal Pharmaceuticals,3.5,228.0,Pharma,New Delhi,656.0,15.0,9.0,15.0
EFKON INDIA,3.7,228.0,IT Services & Consulting,Gurugram,885.0,15.0,0.0,15.0
Forest Essentials,4.1,228.0,Retail,New Delhi,848.0,19.0,17.0,12.0
Ankura Hospital,3.7,228.0,Healthcare,Hyderabad,1000.0,17.0,16.0,4.0
Kserve Bpo,4.4,228.0,BPO,Mumbai,473.0,9.0,3.0,4.0
Ritu Kumar,3.9,228.0,Fashion & Textile,Gurugram,809.0,14.0,0.0,11.0
SAVA Healthcare,3.7,228.0,Pharma,Pune,851.0,14.0,29.0,22.0
Charak Pharma,3.5,228.0,Pharma,Mumbai,776.0,12.0,1.0,21.0
Rossari Biotech,3.7,228.0,Chemicals,Mumbai,1200.0,13.0,9.0,19.0
ZeMoSo Technologies,3.0,228.0,IT Services & Consulting,Hyderabad,1100.0,165.0,28.0,4.0
PrepLadder,2.6,228.0,EdTech,Chandigarh,1100.0,31.0,5.0,21.0
Pattern Technologies,4.3,228.0,Software Product,Pune,576.0,73.0,25.0,1.0
Reliance Money,4.3,227.0,Financial Services,Mumbai,797.0,4.0,0.0,17.0
Cotecna Inspection India,3.6,227.0,Analytics & KPO,Mumbai,862.0,10.0,6.0,13.0
ATS Homekraft,4.1,227.0,Real Estate,Noida,771.0,25.0,4.0,12.0
Blue Cross Laboratories,3.7,227.0,Pharma,Mumbai,676.0,15.0,2.0,20.0
La-Gajjar Machineries,4.1,227.0,Electronics Manufacturing,Ahmedabad,686.0,8.0,0.0,26.0
Chiripal Poly Films,4.0,227.0,Packaging,Ahmedabad,1200.0,19.0,6.0,13.0
Lizmontagens India,4.1,227.0,Engineering & Construction,Mumbai,778.0,7.0,0.0,8.0
Vcare Call Center,3.3,227.0,BPO,Noida,559.0,20.0,2.0,21.0
BeatO,3.3,227.0,Fitness & Wellness,New Delhi,614.0,20.0,0.0,29.0
VisionTek,3.6,227.0,Telecom,Hyderabad,848.0,15.0,7.0,18.0
Biotique,3.1,227.0,Beauty & Personal Care,Noida,726.0,17.0,0.0,14.0
Affluent Global Services,2.9,227.0,IT Services & Consulting,Hyderabad,1200.0,16.0,0.0,16.0
Drools,3.5,227.0,FMCG,Bengaluru,738.0,9.0,3.0,5.0
Fortis Memorial Research Institute,4.1,227.0,Travel & Tourism,Gurugram,855.0,5.0,0.0,11.0
ARB Bearings,3.5,228.0,Auto Components,New Delhi,857.0,13.0,1.0,7.0
Successive Technologies,3.8,227.0,IT Services & Consulting,Noida,2100.0,27.0,11.0,12.0
Reserve Bank Information Technology,3.2,227.0,IT Services & Consulting,Mumbai,2100.0,50.0,6.0,18.0
Nielsen Sports,3.8,227.0,Sports & Recreation,Bengaluru,962.0,9.0,79.0,18.0
Techahead Software,3.7,226.0,IT Services & Consulting,Noida,845.0,38.0,6.0,9.0
Texas Instruments,3.7,226.0,Semiconductors,Bengaluru,2400.0,137.0,215.0,13.0
TLC DigiTech Private Limited,3.3,226.0,Hospitality,New Delhi,793.0,18.0,7.0,22.0
TP Southern Odisha Distribution,3.5,226.0,,Berhampur,757.0,21.0,0.0,6.0
Ceragon Networks,3.8,226.0,Telecom,New Delhi,852.0,15.0,1.0,21.0
Nahars Engineering India,3.2,226.0,Auto Components,Bengaluru,1100.0,15.0,0.0,6.0
Beumer Group,3.9,226.0,Industrial Machinery,Gurugram,989.0,19.0,5.0,12.0
Steril Gene Life Sciences,3.8,226.0,Pharma,Puducherry,1100.0,16.0,5.0,11.0
Ivy Hospital,3.6,226.0,Healthcare,Chandigarh,759.0,10.0,21.0,11.0
RAXA,4.2,226.0,Law Enforcement & Security,New Delhi,467.0,6.0,1.0,24.0
Atidiv,2.6,226.0,IT Services & Consulting,Pune,1200.0,22.0,10.0,21.0
IPCS GLOBAL SOLUTIONS PVT LTD,4.3,226.0,Education & Training,Kochi,327.0,63.0,8.0,4.0
Amrita Vishwa Vidyapeetham,3.6,226.0,Education & Training,Coimbatore,1200.0,19.0,211.0,16.0
Northern Arc Capital,3.7,226.0,NBFC,Chennai,1100.0,17.0,6.0,4.0
Hyva,3.9,226.0,Urban Transport,Pune,1000.0,20.0,6.0,24.0
MINISO,3.8,226.0,Retail,New Delhi,795.0,20.0,4.0,13.0
AEREN IT Solutions,4.1,226.0,Analytics & KPO,Chandigarh,569.0,47.0,0.0,37.0
SGB By BrandSafway,3.9,226.0,Engineering & Construction,Hyderabad,662.0,22.0,1.0,25.0
Mayur Uniquoters,3.9,226.0,Leather,Jaipur,1000.0,13.0,11.0,32.0
Navitas Life Sciences,3.6,226.0,Clinical Research,Chennai,1400.0,17.0,13.0,15.0
Anand CY Myutec Automotive,3.7,227.0,Auto Components,Gurugram,726.0,12.0,0.0,29.0
Flexituff Ventures International,3.4,226.0,Packaging,Indore,813.0,7.0,0.0,29.0
Connectwell Industries,3.6,226.0,Electronics Manufacturing,Mumbai,1100.0,19.0,29.0,15.0
Ritz-Carlton,4.0,226.0,Hospitality,Bengaluru,573.0,10.0,0.0,26.0
Bikaji Foods,4.0,226.0,Hospitality,Bikaner,668.0,16.0,16.0,7.0
Relevantz Technology Services,3.6,226.0,IT Services & Consulting,Chennai,1700.0,33.0,27.0,2.0
King George's Medical University,4.2,225.0,Education & Training,Lucknow,608.0,9.0,2.0,16.0
Moople Academy,4.2,225.0,Education & Training,Kolkata,140.0,41.0,0.0,3.0
Abante Integrated Management Services,4.2,225.0,Management Consulting,Gurugram,731.0,19.0,12.0,5.0
Essel Group,3.7,225.0,Media & Entertainment,Mumbai,1000.0,7.0,0.0,28.0
WovVTech,4.2,225.0,Software Product,Vadodara,430.0,26.0,0.0,6.0
Analytix Business Solutions,3.1,225.0,Analytics & KPO,Ahmedabad,1200.0,29.0,6.0,12.0
Gold's Gym,4.0,225.0,Fitness & Wellness,Mumbai,647.0,15.0,0.0,21.0
ONLEI Technologies,4.8,225.0,,Bengaluru,20.0,25.0,3.0,6.0
Maxinfra,4.0,225.0,Real Estate,Hyderabad,760.0,16.0,0.0,12.0
Dunnhumby,3.7,225.0,Analytics & KPO,Gurugram,1800.0,32.0,0.0,26.0
Archwell Operations,3.4,225.0,IT Services & Consulting,Bengaluru,1400.0,10.0,0.0,8.0
SrinSoft Technologies,3.8,225.0,IT Services & Consulting,Chennai,1200.0,24.0,14.0,18.0
INFOSEC VENTURES,3.2,225.0,IT Services & Consulting,Gurugram,416.0,24.0,3.0,11.0
BHIVE Workspace,4.5,226.0,Real Estate,Bengaluru,429.0,75.0,10.0,34.0
VISTRA INTERNATIONAL EXPANSION,3.4,225.0,Other,Mumbai,1100.0,24.0,0.0,22.0
Kanoria Chemicals & Industries,3.8,225.0,Chemicals,Ankleshwar,892.0,16.0,0.0,31.0
Mordor Intelligence,2.7,226.0,Analytics & KPO,Hyderabad,963.0,21.0,2.0,14.0
Vishnu Chemicals,3.8,225.0,Chemicals,Visakhapatnam,910.0,21.0,1.0,16.0
NuSummit,3.3,225.0,IT Services & Consulting,Mumbai,1700.0,31.0,23.0,7.0
Moreish Food,3.4,225.0,Food Processing,Kolkata,545.0,25.0,2.0,7.0
Bosch Power Tools,4.3,225.0,Industrial Machinery,Chennai,905.0,18.0,0.0,22.0
Ts Tech Sun India,4.0,225.0,Automobile,Neemrana,769.0,18.0,3.0,21.0
MyCaptain by Imarticus Learning,3.7,225.0,EdTech,Bengaluru,552.0,55.0,0.0,10.0
Nuance Communications,4.1,224.0,Software Product,Pune,1400.0,26.0,0.0,28.0
Coastal Marine Construction & Engineering,4.2,224.0,Engineering & Construction,Mumbai,823.0,23.0,13.0,14.0
Informatica Business Solutions,3.9,224.0,Software Product,Bengaluru,2000.0,41.0,0.0,20.0
ZingHR,3.0,224.0,IT Services & Consulting,Mumbai,1200.0,23.0,0.0,8.0
Ramky Group,4.3,224.0,Engineering & Construction,Hyderabad,783.0,14.0,0.0,13.0
Religare Finvest,4.3,224.0,Financial Services,New Delhi,529.0,3.0,0.0,29.0
Merkle,3.4,224.0,,Mumbai,2100.0,29.0,0.0,1.0
Chrysalis High,3.9,224.0,,Bengaluru,693.0,17.0,0.0,19.0
Oasis Fertility,3.9,224.0,Healthcare,Hyderabad,658.0,17.0,6.0,6.0
AYM Syntex,3.3,224.0,Fashion & Textile,Mumbai,902.0,21.0,0.0,21.0
SkilloVilla,4.1,224.0,Education & Training,Bengaluru,268.0,18.0,1.0,6.0
STMicroelectronics,4.0,224.0,Semiconductors,Noida,1200.0,24.0,5.0,27.0
RAKS Pharma,3.9,224.0,Pharma,Visakhapatnam,771.0,11.0,5.0,31.0
LNV Technology,3.8,225.0,Industrial Machinery,Chennai,659.0,14.0,0.0,11.0
Pran Beverages India,3.8,224.0,Beverage,Kolkata,758.0,16.0,3.0,12.0
ExcelSoft Technologies,3.4,224.0,IT Services & Consulting,Mysuru,1700.0,21.0,13.0,11.0
Petrofac Engineering India,4.6,224.0,Petrochemicals,Mumbai,977.0,12.0,3.0,20.0
Information Services Group,3.6,224.0,IT Services & Consulting,Bengaluru,1500.0,23.0,0.0,17.0
Garden Silk Mills,3.7,224.0,Fashion & Textile,Surat,970.0,6.0,9.0,30.0
State Street Global Advisors,3.6,224.0,,Bengaluru,2100.0,8.0,0.0,34.0
Graviti Pharmaceuticals,3.0,224.0,Pharma,Hyderabad,941.0,7.0,8.0,12.0
Bank Muscat,4.1,225.0,Banking,Mumbai,1900.0,26.0,0.0,17.0
Prozo,3.4,224.0,Internet,Gurugram,980.0,12.0,8.0,6.0
Qdigi Services,3.4,224.0,Recruitment,Noida,597.0,12.0,2.0,15.0
Hippo Homes,3.4,223.0,Retail,New Delhi,710.0,14.0,0.0,6.0
South Eastern Coalfields,4.3,223.0,Metals & Mining,Bilaspur,300.0,9.0,0.0,21.0
Jindal (India) Limited,4.0,223.0,Iron & Steel,Kolkata,419.0,14.0,0.0,3.0
Marsh,4.0,223.0,Insurance,Mumbai,628.0,20.0,0.0,27.0
Jyoti Structures,3.9,223.0,Power,Mumbai,570.0,18.0,4.0,32.0
Furlenco,3.3,223.0,Internet,Bengaluru,1200.0,24.0,0.0,20.0
BMW Industries,3.4,223.0,Iron & Steel,Kolkata,801.0,10.0,0.0,23.0
Walter Bushnell,3.0,223.0,Pharma,Gurugram,590.0,19.0,0.0,6.0
CompuGroup Medical,3.3,223.0,Software Product,Noida,858.0,17.0,0.0,21.0
Mark's,4.0,223.0,Telecom,Gurugram,30.0,9.0,0.0,15.0
Rubamin,4.0,223.0,Pharma,Vadodara,1100.0,20.0,4.0,22.0
Sutlej Textiles and Industries,3.8,223.0,Fashion & Textile,Mumbai,891.0,8.0,1.0,14.0
Verticurl,3.0,223.0,,Coimbatore,2000.0,13.0,0.0,14.0
Deutsche Telekom Digital Labs,3.4,223.0,Software Product,Gurugram,2000.0,37.0,7.0,15.0
Prakash Industries,3.8,223.0,Metals & Mining,Champa,964.0,5.0,4.0,12.0
Enser Communications,2.6,223.0,IT Services & Consulting,Gurugram,795.0,15.0,5.0,15.0
Futurism Technologies,3.8,223.0,IT Services & Consulting,Pune,1200.0,41.0,0.0,9.0
Microlink Solutions,3.6,223.0,IT Services & Consulting,Ahmedabad,742.0,14.0,2.0,20.0
KPR Mill,3.8,223.0,Fashion & Textile,Coimbatore,920.0,11.0,0.0,16.0
Pha India,4.0,223.0,Auto Components,Chennai,775.0,6.0,1.0,25.0
Eazy ERP Technologies,3.7,223.0,IT Services & Consulting,Gurugram,694.0,27.0,36.0,15.0
Zinnia,3.1,223.0,,New Delhi,1400.0,17.0,1.0,1.0
Ibis,4.4,222.0,Hospitality,Mumbai,651.0,8.0,0.0,32.0
Commerce Pundit,4.4,222.0,IT Services & Consulting,Ahmedabad,614.0,43.0,0.0,22.0
TEOCO Software,3.9,222.0,IT Services & Consulting,Kolkata,926.0,18.0,14.0,23.0
ABCD,4.1,222.0,Education & Training,Bengaluru,6200.0,110.0,0.0,12.0
Hindustan PowerProjects,3.6,223.0,Power,New Delhi,928.0,12.0,0.0,11.0
Droom,3.2,222.0,Internet,Gurugram,1100.0,21.0,16.0,34.0
Rolta India,3.6,222.0,IT Services & Consulting,Mumbai,871.0,2.0,0.0,15.0
Hicare Services,3.9,222.0,Facility Management Services,Mumbai,846.0,13.0,0.0,19.0
Yaantra,3.6,222.0,Internet,New Delhi,553.0,13.0,0.0,7.0
Nuberg Engineering,3.7,222.0,Industrial Machinery,Noida,1000.0,15.0,14.0,20.0
Decimal Technologies,2.7,222.0,Software Product,Gurugram,1700.0,34.0,0.0,15.0
All India Radio,4.3,222.0,Government,New Delhi,616.0,12.0,0.0,21.0
Mitsui O.S.K. Lines,4.0,222.0,Ports & Shipping,Mumbai,771.0,5.0,0.0,16.0
OSI Digital,3.5,222.0,IT Services & Consulting,Hyderabad,2200.0,19.0,42.0,10.0
InMobi,3.0,222.0,Marketing & Advertising,Bengaluru,2000.0,43.0,53.0,16.0
MEDICO Healthcare Services & Technologies,3.1,222.0,Healthcare,Hyderabad,960.0,26.0,0.0,12.0
Eternis Fine Chemicals,3.3,222.0,Chemicals,Pune,1100.0,19.0,1.0,16.0
Blazeclan Technologies,3.7,222.0,IT Services & Consulting,Pune,1700.0,21.0,0.0,17.0
SPRAY ENGINEERING DEVICES,4.2,223.0,Industrial Machinery,Sahibzada Ajit Singh Nagar,818.0,15.0,4.0,26.0
American InfoSource,3.7,222.0,IT Services & Consulting,Vadodara,857.0,25.0,20.0,35.0
Absolute Barbecues,4.0,222.0,Hospitality,Hyderabad,872.0,10.0,9.0,20.0
Spacewood,3.4,222.0,Furniture & Furnishing,Nagpur,1200.0,11.0,18.0,20.0
Toshiba Water Solutions,3.8,222.0,Waste Management,Gurugram,941.0,21.0,0.0,14.0
Purnartha Investment Advisors,4.1,222.0,Financial Services,Pune,774.0,20.0,8.0,9.0
Travel Boutique Online,3.3,222.0,Travel & Tourism,Gurugram,1300.0,28.0,10.0,13.0
Mehin,4.0,221.0,Software Product,Mumbai,585.0,9.0,0.0,10.0
Preethi Kitchen Appliances,3.9,221.0,Electronics Manufacturing,Chennai,669.0,8.0,1.0,19.0
Kalyani Forge,3.6,221.0,Iron & Steel,Pune,783.0,14.0,9.0,28.0
Milan Laboratories India Private Limited,3.7,221.0,Pharma,Mumbai,1000.0,10.0,6.0,16.0
XenonStack,3.2,221.0,Emerging Technologies,Sahibzada Ajit Singh Nagar,502.0,33.0,3.0,42.0
Uni Cards,3.8,221.0,FinTech,Bengaluru,826.0,27.0,1.0,2.0
Hinduja Group,3.8,221.0,Automobile,Chennai,1600.0,25.0,0.0,30.0
Vivifi India Finance,3.4,221.0,NBFC,Hyderabad,877.0,29.0,0.0,3.0
Galaxy Weblinks,3.9,221.0,IT Services & Consulting,Indore,944.0,19.0,0.0,76.0
SITA,3.7,221.0,IT Services & Consulting,Gurugram,1100.0,30.0,7.0,23.0
Indo Nissin Foods,3.9,221.0,Food Processing,Bengaluru,739.0,9.0,4.0,17.0
Flair Writing Instruments,3.5,221.0,Other,Mumbai,893.0,14.0,2.0,21.0
Laxmi-Agni Components and Forging,4.1,221.0,Industrial Machinery,Chhatrapati Sambhajinagar,614.0,15.0,2.0,9.0
Providence Global Center,3.7,221.0,IT Services & Consulting,Hyderabad,1900.0,20.0,16.0,10.0
Soothe Healthcare,3.1,221.0,Healthcare,Noida,857.0,17.0,0.0,15.0
Laxmi India Finleasecap,3.9,221.0,Financial Services,Jaipur,539.0,10.0,10.0,10.0
Artech,3.1,221.0,Architecture & Interior Design,Bengaluru,1600.0,14.0,0.0,10.0
Emami Frank Ross,3.8,222.0,Retail,Kolkata,769.0,9.0,0.0,11.0
UL Solutions,3.9,221.0,"Testing, Inspection and Certification (TIC)",Bengaluru,809.0,14.0,33.0,2.0
ORISSA METALIKS,3.9,221.0,Industrial Machinery,Kharagpur,888.0,10.0,0.0,2.0
Resonance Eduventures,3.7,220.0,EdTech,Kota,705.0,7.0,0.0,12.0
Bazar India,3.7,220.0,Retail,Gurugram,428.0,15.0,0.0,3.0
Globus Stores,3.6,220.0,Retail,Mumbai,640.0,9.0,0.0,25.0
Pathfinder Business Analysis,3.5,220.0,Management Consulting,Coimbatore,1300.0,14.0,1.0,16.0
Ubique Systems,4.1,220.0,Recruitment,Kolkata,736.0,30.0,0.0,28.0
Synthite Industries,4.0,221.0,Food Processing,Kochi,816.0,11.0,18.0,15.0
Indo Rama Synthetics (i),3.7,220.0,Fashion & Textile,Nagpur,882.0,13.0,2.0,14.0
Satyesh Brinechem,3.1,220.0,Chemicals,Bhuj,863.0,29.0,1.0,15.0
TPI Composites,4.3,220.0,Industrial Machinery,Chennai,969.0,24.0,4.0,18.0
Tata CLiQ,3.0,220.0,Internet,Mumbai,1400.0,15.0,3.0,27.0
Rapid Care Transcription,4.4,220.0,Analytics & KPO,Chennai,426.0,58.0,12.0,3.0
UGC Supply Chain Solutions,3.1,220.0,Logistics,Pune,939.0,7.0,0.0,19.0
Magicrete Building Solutions,3.9,220.0,Building Material,Surat,884.0,23.0,14.0,14.0
Texspin Bearings,4.0,220.0,Auto Components,Ahmedabad,1100.0,17.0,30.0,18.0
TATA MEDICAL CENTER,3.8,220.0,Healthcare,Kolkata,605.0,17.0,1.0,23.0
Orchid Chemicals & Pharmaceuticals,4.1,219.0,Pharma,Chennai,506.0,11.0,7.0,23.0
Bharathi Cement,3.8,219.0,Building Material,Y.S.R. Kadapa,752.0,5.0,0.0,13.0
Rotostat Services,3.9,219.0,Industrial Machinery,Mumbai,824.0,18.0,0.0,17.0
Inchcape Shipping Services,3.3,219.0,Ports & Shipping,Chennai,1300.0,25.0,9.0,13.0
Ajax Engineering,3.9,219.0,Engineering & Construction,Bengaluru,1200.0,9.0,7.0,10.0
Tps Infrastructure,4.0,219.0,Industrial Machinery,Bhiwadi,744.0,16.0,6.0,15.0
RateGain,3.7,219.0,IT Services & Consulting,Noida,1500.0,23.0,33.0,19.0
Cleartrip,3.2,220.0,Travel & Tourism,Bengaluru,1300.0,27.0,30.0,20.0
Fibe,3.7,219.0,FinTech,Pune,1500.0,17.0,15.0,14.0
Jindal Worldwide,3.5,219.0,Fashion & Textile,Ahmedabad,1000.0,10.0,11.0,10.0
Dr Mohan's Diabetes Specialities Centre,3.6,219.0,Healthcare,Chennai,679.0,19.0,7.0,14.0
Modern Automotives,4.2,219.0,Auto Components,Gurugram,736.0,29.0,8.0,36.0
Root Industries,4.0,220.0,Auto Components,Coimbatore,1200.0,9.0,28.0,19.0
Torque Pharmaceuticals,3.9,219.0,Pharma,Chandigarh,767.0,11.0,4.0,7.0
Vidya Mandir Classes,3.3,219.0,EdTech,New Delhi,859.0,9.0,0.0,12.0
Roulunds Braking,3.5,219.0,Auto Components,Sonipat,815.0,21.0,2.0,21.0
SAMCO Securities,3.9,219.0,Financial Services,Mumbai,933.0,96.0,2.0,4.0
Cloud Analogy,3.9,219.0,IT Services & Consulting,Noida,1500.0,67.0,0.0,5.0
Counsel India,4.3,218.0,EdTech,Noida,302.0,15.0,9.0,2.0
U R Rao Satellite Centre,4.4,218.0,,Bengaluru,245.0,11.0,0.0,2.0
Innovapptive,4.3,218.0,Software Product,Hyderabad,701.0,24.0,17.0,18.0
GENWORKS Health,3.1,218.0,Healthcare,Bengaluru,743.0,19.0,0.0,21.0
Kerakoll,4.2,217.0,Building Material,Vadodara,770.0,17.0,0.0,21.0
Anlage Infotech,3.3,218.0,IT Services & Consulting,Bengaluru,798.0,20.0,10.0,43.0
Ananth Technologies,3.8,218.0,Electronics Manufacturing,Hyderabad,1200.0,16.0,0.0,22.0
Pothys,4.1,218.0,Fashion & Textile,Chennai,376.0,11.0,9.0,14.0
Chitkara University,4.2,218.0,Education & Training,Chandigarh,722.0,18.0,9.0,32.0
Upstox,3.4,218.0,FinTech,Mumbai,1600.0,47.0,15.0,13.0
Mold-Tek Technologies,3.2,218.0,IT Services & Consulting,Hyderabad,951.0,12.0,2.0,17.0
Tata Housing Development Company,4.3,218.0,Real Estate,Mumbai,936.0,11.0,0.0,29.0
Antino,2.8,218.0,Emerging Technologies,Gurugram,930.0,44.0,55.0,29.0
Groupe Lactalis,3.5,218.0,FMCG,Chennai,873.0,11.0,124.0,8.0
ARKA Fincap,4.2,218.0,NBFC,Mumbai,675.0,23.0,8.0,5.0
FedServ,3.6,218.0,Banking,Visakhapatnam,1200.0,21.0,3.0,6.0
Jm Frictech,3.3,218.0,Industrial Machinery,Chennai,1100.0,14.0,1.0,15.0
Cogent,3.2,218.0,IT Services & Consulting,Bengaluru,851.0,24.0,0.0,6.0
City Montessori School,3.5,218.0,Education & Training,Lucknow,751.0,8.0,3.0,20.0
MMTC-PAMP,3.8,218.0,Metals & Mining,Gurugram,838.0,16.0,8.0,24.0
KC Overseas Education,3.6,218.0,EdTech,Nagpur,1000.0,18.0,2.0,5.0
Third wave Coffee Roasters,3.5,218.0,Hospitality,Bengaluru,896.0,19.0,0.0,7.0
Putzmeister Concrete Machines,3.5,218.0,Industrial Machinery,New Delhi,1000.0,18.0,51.0,14.0
Milk Mantra Dairy,3.7,218.0,Food Processing,Bhubaneswar,798.0,19.0,0.0,19.0
Tata Lockheed Martin Aerostructures,4.0,218.0,Defence & Aerospace,Hyderabad,1000.0,17.0,0.0,18.0
Akbar Travels,3.4,218.0,Travel & Tourism,Mumbai,992.0,13.0,0.0,15.0
LoansJagat.com,3.9,217.0,Financial Services,Noida,60.0,5.0,0.0,3.0
TP Northern Odisha Distribution,3.6,217.0,Power,Balasore,771.0,24.0,0.0,8.0
Bharat Institutions,3.4,217.0,Education & Training,Hyderabad,177.0,14.0,0.0,98.0
Born Group,3.6,217.0,Marketing & Advertising,Chennai,1600.0,19.0,0.0,19.0
Quest Global Technologies,3.6,217.0,IT Services & Consulting,Bengaluru,1700.0,27.0,9.0,27.0
Bilt Graphic Paper Products,3.8,217.0,Pulp & Paper,Pune,786.0,13.0,6.0,15.0
Toppan Merrill,3.8,217.0,Financial Services,Chennai,1500.0,24.0,31.0,11.0
Programming.Com,3.4,217.0,IT Services & Consulting,Gurugram,856.0,25.0,147.0,5.0
NMIMS,3.7,217.0,Education & Training,Mumbai,1200.0,24.0,0.0,12.0
The Co-operative Bank,3.8,217.0,Banking,Bengaluru,783.0,6.0,0.0,24.0
BridgeLabz Solutions,3.2,217.0,EdTech,Mumbai,571.0,22.0,0.0,75.0
Shree Vasu Logistics Limited,3.3,217.0,Logistics,Raipur,529.0,31.0,16.0,18.0
Faiveley Transport,4.0,217.0,Railways,Hosur,812.0,14.0,110.0,32.0
MidasCare Pharmaceuticals,3.4,218.0,Pharma,Mumbai,643.0,13.0,0.0,11.0
Aneja Associates,3.3,217.0,Accounting & Auditing,Mumbai,827.0,17.0,1.0,8.0
Special Technical Services,4.0,217.0,Oil & Gas,Muscat,605.0,13.0,0.0,22.0
PES Engineers,4.2,217.0,Engineering & Construction,Hyderabad,754.0,12.0,0.0,15.0
Indo National Limited (Nippo),4.2,217.0,FMCG,Chennai,709.0,11.0,14.0,14.0
Elin Electronics,3.8,217.0,,Ghaziabad,748.0,2.0,0.0,1.0
EagleBurgmann,4.2,217.0,Industrial Machinery,Pune,1100.0,16.0,1.0,19.0
SmartWorld Developers,3.9,217.0,Real Estate,Gurugram,950.0,19.0,2.0,7.0
Shangri-la Hotels & Resorts,4.2,217.0,Hospitality,New Delhi,527.0,6.0,0.0,38.0
Turito,3.2,217.0,EdTech,Hyderabad,882.0,25.0,0.0,13.0
Exponentia.ai,3.9,217.0,Emerging Technologies,Mumbai,843.0,24.0,73.0,21.0
Motion Education,3.4,217.0,Education & Training,Kota,958.0,17.0,66.0,2.0
Biryani By Kilo,4.3,217.0,Hospitality,Gurugram,727.0,6.0,0.0,7.0
Keolis Hyderabad Metro,3.9,217.0,Urban Transport,Hyderabad,875.0,13.0,0.0,17.0
Bodal Chemicals,3.5,217.0,Chemicals,Vadodara,1200.0,19.0,7.0,8.0
Beri Udyog,3.8,217.0,Industrial Machinery,Karnal,833.0,17.0,12.0,16.0
FAIRWAY ENTERPRISES,3.9,217.0,Leather,Krishnagiri,910.0,16.0,0.0,16.0
Chhatrapati Shivaji International Airport,3.5,217.0,Real Estate,Mumbai,1100.0,12.0,0.0,24.0
REI Systems,3.9,216.0,IT Services & Consulting,Pune,480.0,38.0,8.0,44.0
Shivam Infocom,4.4,216.0,Telecom,New Delhi,581.0,3.0,0.0,12.0
Infiiloom,3.1,216.0,Fashion & Textile,Pune,853.0,16.0,0.0,12.0
KFA Consultant,1.3,216.0,,Dubai,6.0,3.0,0.0,0.0
Prithvi Innerwears Private Limited,4.8,217.0,Fashion & Textile,Tiruppur,65.0,47.0,0.0,1.0
Software AG,4.3,216.0,Software Product,Bengaluru,1500.0,25.0,0.0,20.0
Paramatrix Technologies,3.8,216.0,Software Product,Mumbai,560.0,13.0,31.0,13.0
Weatherford,3.5,216.0,Oil & Gas,Mumbai,919.0,16.0,0.0,24.0
Tci Freight,4.2,216.0,Logistics,Gurugram,787.0,15.0,3.0,7.0
Data Patterns,3.3,217.0,Defence & Aerospace,Chennai,1300.0,56.0,18.0,12.0
Brnd.Me,3.8,216.0,Internet,Bengaluru,918.0,20.0,4.0,6.0
HEPL - A Cavinkare Group Company,3.4,216.0,Recruitment,Cuddalore,1100.0,31.0,4.0,2.0
IntelliSmart Infrastructure,3.7,216.0,Power,Gurugram,866.0,21.0,6.0,3.0
Deep Industries,3.5,216.0,Oil & Gas,Ahmedabad,1000.0,21.0,2.0,8.0
Destek Infosolutions,4.2,216.0,IT Services & Consulting,Pune,225.0,12.0,0.0,47.0
Red FM 93.5,3.7,217.0,Broadcasting,New Delhi,805.0,8.0,0.0,17.0
REPUBLIC MEDIA NETWORK,3.5,216.0,Media & Entertainment,Noida,818.0,24.0,27.0,10.0
Biostadt,4.2,216.0,,Mumbai,605.0,13.0,2.0,18.0
Navigators Software,4.2,216.0,IT Services & Consulting,Kolkata,626.0,19.0,22.0,4.0
NGK Spark Plugs,4.2,216.0,Auto Components,Bawal,754.0,25.0,0.0,38.0
Network Intelligence India,3.1,216.0,Emerging Technologies,Mumbai,1300.0,20.0,5.0,13.0
John Deere Financial,4.3,216.0,NBFC,Pune,593.0,15.0,0.0,13.0
C DOT,3.8,217.0,Telecom,New Delhi,1300.0,34.0,0.0,19.0
Bioseed,4.1,216.0,Agriculture,Hyderabad,430.0,15.0,0.0,2.0
Croma Campus,3.2,216.0,Education & Training,Noida,457.0,18.0,7.0,7.0
Smart Energy Water,2.7,216.0,IT Services & Consulting,Noida,1600.0,25.0,8.0,8.0
Zamil Air Conditioners,4.1,215.0,Consumer Electronics & Appliances,New Delhi,515.0,12.0,0.0,34.0
Tbea Energy,3.8,215.0,Electrical Equipment,Vadodara,896.0,15.0,8.0,28.0
Girnar Care,3.4,215.0,BPO,Jaipur,765.0,19.0,0.0,16.0
CodSoft,3.8,215.0,,New Delhi,145.0,24.0,0.0,0.0
Netaxis IT Solutions,3.9,215.0,IT Services & Consulting,Chennai,309.0,20.0,1.0,106.0
Pradan,3.7,215.0,Non-Profit,Ranchi,490.0,19.0,1.0,17.0
AGROCEL INDUSTRIES,4.3,216.0,Chemicals,Bhuj,700.0,18.0,1.0,11.0
Simform,3.6,215.0,IT Services & Consulting,Ahmedabad,1600.0,50.0,12.0,11.0
Fulcrum Digital,3.5,215.0,IT Services & Consulting,Pune,1500.0,37.0,5.0,6.0
TransPerfect,3.0,215.0,Hardware & Networking,Pune,1200.0,32.0,11.0,10.0
ICA Pidilite,4.1,215.0,Furniture & Furnishing,Mumbai,769.0,8.0,0.0,9.0
NATIONAL SKILL DEVELOPMENT CORPORATION,3.4,215.0,Non-Profit,New Delhi,1000.0,25.0,3.0,12.0
Tata Power Renewable Energy,4.0,214.0,Power,Bengaluru,583.0,11.0,0.0,8.0
Emirates Airlines,3.9,215.0,Aviation,Mumbai,846.0,26.0,11.0,30.0
Hyundai Motor India Engineering,3.9,215.0,IT Services & Consulting,Hyderabad,1200.0,12.0,0.0,28.0
iLink Digital,3.0,216.0,IT Services & Consulting,Chennai,1900.0,26.0,16.0,1.0
Elofic Industries,4.0,215.0,Auto Components,Faridabad,826.0,11.0,0.0,10.0
Mitsubishi Heavy Industries,4.2,216.0,Industrial Machinery,Mysuru,849.0,4.0,0.0,17.0
Videojet Technologies,3.8,215.0,Consumer Electronics & Appliances,Mumbai,837.0,9.0,13.0,25.0
Kopran,3.7,215.0,Pharma,Mumbai,1200.0,14.0,7.0,15.0
N.K. Realtors,4.2,216.0,Real Estate,Kolkata,495.0,31.0,5.0,17.0
SAS,4.3,215.0,IT Services & Consulting,Pune,1800.0,23.0,36.0,18.0
SBL,3.6,215.0,IT Services & Consulting,New Delhi,858.0,8.0,2.0,14.0
Jesons Industries,3.4,215.0,Chemicals,Mumbai,1200.0,18.0,4.0,5.0
Square Bpo Services,3.2,215.0,BPO,Hyderabad,780.0,13.0,9.0,4.0
Truemeds,3.4,216.0,Pharma,Mumbai,1000.0,23.0,12.0,4.0
Elsamex Maintenance Services,4.1,215.0,Facility Management Services,Ahmedabad,591.0,11.0,0.0,22.0
Venus Home Appliances,4.2,215.0,Consumer Electronics & Appliances,Chennai,666.0,18.0,17.0,16.0
Flyhomes,4.3,214.0,Internet,Noida,357.0,2.0,0.0,96.0
Utkal Alumina International,4.3,214.0,Chemicals,Rayagada,696.0,17.0,0.0,15.0
Career Launcher,3.8,214.0,Education & Training,New Delhi,1000.0,8.0,9.0,18.0
Ashok Iron Works,3.3,214.0,Industrial Machinery,Belagavi,816.0,13.0,5.0,18.0
Fernandez Hospital,4.4,214.0,Healthcare,Hyderabad,564.0,6.0,0.0,18.0
Cordlife Sciences India,3.4,214.0,Pharma,Kolkata,572.0,13.0,18.0,27.0
Embassy Services,3.9,214.0,Facility Management Services,Bengaluru,1000.0,12.0,4.0,11.0
Cummins Generator Technologies,4.1,214.0,Industrial Machinery,Pune,730.0,14.0,0.0,22.0
Futaba Industrial Gujarat,4.4,214.0,Auto Components,Ahmedabad,801.0,12.0,1.0,9.0
Besant Technologies,3.7,214.0,Education & Training,Chennai,1200.0,18.0,0.0,8.0
Mol Information Processing Services India,3.3,214.0,IT Services & Consulting,Kolkata,814.0,9.0,15.0,28.0
BetterPlace Safety Solutions,3.3,215.0,IT Services & Consulting,Bengaluru,1400.0,20.0,2.0,19.0
Liebherr Appliances India,3.7,215.0,Industrial Machinery,Chhatrapati Sambhajinagar,877.0,11.0,41.0,15.0
CallHealth,3.5,215.0,Healthcare,Hyderabad,815.0,5.0,0.0,27.0
Ensure Support Services,4.4,215.0,IT Services & Consulting,Chennai,676.0,5.0,2.0,25.0
Shanthi Gears,3.2,214.0,Auto Components,Coimbatore,1200.0,19.0,1.0,20.0
Moody's,3.8,214.0,Analytics & KPO,Bengaluru,2000.0,31.0,5.0,20.0
Pilot Industries,3.8,214.0,Metals & Mining,New Delhi,990.0,29.0,0.0,9.0
SCON Projects,4.4,214.0,Engineering & Construction,Pune,672.0,8.0,0.0,17.0
Apex Hospital,4.0,214.0,Healthcare,Jaipur,873.0,13.0,19.0,15.0
Rohan Motors,3.7,214.0,Automobile,New Delhi,721.0,13.0,28.0,10.0
Six Sigma Soft Solutions,3.6,214.0,IT Services & Consulting,Chennai,1300.0,23.0,0.0,7.0
Gates,3.1,214.0,Industrial Automation,Faridabad,967.0,14.0,1.0,24.0
TezTecch,4.8,213.0,IT Services & Consulting,Nagpur,42.0,122.0,0.0,22.0
ARaymond,4.0,213.0,Auto Components,Pune,1100.0,16.0,9.0,13.0
Jagran Prakashan,3.4,213.0,Printing & Publishing,New Delhi,869.0,9.0,3.0,10.0
Lingaya's Vidyapeeth,4.5,213.0,Education & Training,Faridabad,284.0,47.0,12.0,2.0
IFB Automotive,3.8,213.0,Auto Components,Bengaluru,821.0,7.0,0.0,23.0
Zivame.com,3.6,213.0,Fashion & Textile,Bengaluru,1000.0,11.0,0.0,8.0
Revolt Motors,3.3,214.0,Internet,Gurugram,806.0,29.0,31.0,7.0
Ziff Davis Performance Marketing,3.6,214.0,Marketing & Advertising,Pune,807.0,4.0,3.0,13.0
ACME Group,4.6,213.0,Internet,Gurugram,302.0,31.0,0.0,4.0
Malayala Manorama,3.6,213.0,Printing & Publishing,Kottayam,1100.0,13.0,75.0,13.0
Alpha Design Technologies,3.7,213.0,Defence & Aerospace,Bengaluru,1200.0,15.0,7.0,24.0
Koye Pharmaceuticals,3.1,213.0,Pharma,Mumbai,594.0,9.0,0.0,17.0
Motorola Solutions,3.8,213.0,Telecom,Bengaluru,1600.0,35.0,35.0,17.0
Centrient Pharmaceuticals,3.7,213.0,Pharma,Chandigarh,1100.0,18.0,3.0,20.0
Kazo Fashion,3.4,213.0,Fashion & Textile,New Delhi,541.0,12.0,2.0,11.0
ACT Plast Paints,3.9,213.0,Chemicals,Chennai,807.0,11.0,7.0,16.0
Aditi Consulting,3.4,213.0,IT Services & Consulting,Bengaluru,1100.0,17.0,7.0,14.0
Emiza Supply Chain Services Private Limited,3.5,213.0,Logistics,Mumbai,776.0,10.0,3.0,10.0
Altum Credo Home Finance,3.8,214.0,NBFC,Pune,657.0,10.0,3.0,46.0
Continental Hospitals,3.8,213.0,Healthcare,Hyderabad,871.0,14.0,10.0,11.0
Krishnapatnam Port,3.8,213.0,Ports & Shipping,Nellore,728.0,7.0,0.0,37.0
MasterSoft ERP Solutions,3.6,212.0,Software Product,Nagpur,991.0,19.0,4.0,10.0
KP GROUP,4.2,213.0,Logistics,Surat,626.0,21.0,804.0,12.0
Vikas Money,4.8,212.0,NBFC,Palakkad,57.0,15.0,0.0,1.0
Innovalance Learning Systems,3.2,212.0,EdTech,New Delhi,378.0,35.0,0.0,4.0
Vinsum Axpress,3.5,212.0,Logistics,Gurugram,549.0,13.0,0.0,4.0
Bhima Gold,3.8,212.0,Jewellery,Bengaluru,846.0,17.0,11.0,15.0
Marque Impex,3.9,212.0,Import & Export,Moradabad,668.0,15.0,0.0,14.0
Appsierra,4.4,212.0,IT Services & Consulting,Noida,281.0,32.0,2.0,167.0
Gujarat Narmada Valley Fertilizers & Chemicals,4.3,212.0,Agro Chemicals,Bharuch,832.0,12.0,0.0,18.0
MYND Intergrated Solutions,3.4,214.0,BPO,Gurugram,805.0,17.0,0.0,4.0
Josh Talks,4.2,212.0,Broadcasting,Gurugram,383.0,29.0,0.0,2.0
Gensol Engineering,3.7,212.0,Power,Ahmedabad,766.0,16.0,0.0,11.0
IDMC,3.6,212.0,Industrial Machinery,Anand,902.0,7.0,0.0,11.0
Vinculum Solutions,2.2,212.0,IT Services & Consulting,Noida,1400.0,14.0,6.0,25.0
PagarBook,3.6,212.0,Software Product,Bengaluru,929.0,21.0,5.0,12.0
Eurofins Scientific,3.2,212.0,"Testing, Inspection and Certification (TIC)",Bengaluru,1600.0,14.0,103.0,2.0
Sagitec Solutions,3.3,212.0,IT Services & Consulting,Pune,1500.0,23.0,3.0,13.0
Ayesa,3.9,212.0,IT Services & Consulting,New Delhi,642.0,16.0,1.0,17.0
Haldiram's Prabhuji,2.9,212.0,Hospitality,Kolkata,561.0,12.0,0.0,12.0
Sri Ramachandra Institute of Higher Education and Research,3.9,212.0,Education & Training,Chennai,960.0,9.0,0.0,7.0
Govt. Medical College,4.1,212.0,Education & Training,Chandigarh,861.0,13.0,0.0,13.0
TRIGO Group,2.5,212.0,Auto Components,Chennai,670.0,16.0,0.0,21.0
Teleone,3.7,212.0,Internet,New Delhi,714.0,16.0,1.0,19.0
Rishabh Instruments Limited,3.9,212.0,Electronics Manufacturing,Nashik,745.0,17.0,2.0,20.0
Army Medical Corps,4.8,212.0,Healthcare,New Delhi,672.0,19.0,0.0,32.0
Orthosquare Dental Clinic,4.5,212.0,Healthcare,Mumbai,88.0,18.0,0.0,5.0
Wanbury,3.4,212.0,Pharma,Mumbai,820.0,7.0,7.0,22.0
International Certification Services,3.1,212.0,Other,Mumbai,779.0,7.0,5.0,14.0
ITCube Solutions,3.0,212.0,IT Services & Consulting,Pune,1000.0,16.0,8.0,22.0
dsm-firmenich,4.1,212.0,Biotechnology,Mumbai,1200.0,14.0,51.0,16.0
Bhutani Group,4.3,212.0,Real Estate,Noida,755.0,38.0,0.0,12.0
Entertainment Network India,3.5,212.0,Media & Entertainment,Mumbai,1000.0,9.0,18.0,17.0
Colorbar Cosmetics,4.1,212.0,Beauty & Personal Care,New Delhi,601.0,14.0,0.0,14.0
ZKTeco Biometrics,3.0,212.0,Law Enforcement & Security,Bengaluru,1300.0,26.0,1.0,13.0
Blackbuck Insights,3.7,212.0,IT Services & Consulting,Bengaluru,943.0,18.0,3.0,5.0
AmpleLogic,4.1,212.0,Software Product,Hyderabad,698.0,24.0,9.0,17.0
Igarashi Motors,3.7,211.0,Auto Components,Chennai,1100.0,10.0,11.0,6.0
Sterling Talent Solutions,3.7,211.0,Internet,Mumbai,713.0,11.0,0.0,35.0
Sapphire Software Solutions (India),4.4,211.0,IT Services & Consulting,Ahmedabad,337.0,18.0,3.0,33.0
Su-Kam Power Systems,3.4,211.0,Power,Gurugram,506.0,6.0,0.0,28.0
Parijat Industries (India),4.1,211.0,Chemicals,New Delhi,769.0,10.0,2.0,25.0
Evonith Steel,4.0,211.0,Iron & Steel,Wardha,623.0,22.0,5.0,2.0
Vishay Components,4.0,211.0,Electronics Manufacturing,Pune,804.0,13.0,5.0,20.0
MAKEEN Energy,3.7,211.0,Oil & Gas,Hyderabad,539.0,18.0,0.0,1.0
Parker Hannifin,3.7,211.0,Industrial Machinery,Chennai,1100.0,7.0,3.0,13.0
Country Inns & Suites,4.1,211.0,Hospitality,New Delhi,640.0,6.0,0.0,34.0
EMCO,3.7,211.0,Power,Mumbai,610.0,7.0,0.0,26.0
MSC Technology India,3.9,211.0,IT Services & Consulting,Chennai,1700.0,45.0,17.0,30.0
Heads Up For Tails,3.5,211.0,Retail,Gurugram,959.0,16.0,16.0,11.0
Vedika Credit Capital,3.4,211.0,NBFC,Ranchi,549.0,5.0,3.0,22.0
SkillVertex,3.3,211.0,EdTech,Bengaluru,288.0,17.0,3.0,65.0
Gulbrandsen,4.1,211.0,Chemicals,Vadodara,1100.0,6.0,3.0,30.0
Svasti Microfinance,4.0,211.0,Financial Services,Mumbai,529.0,7.0,8.0,5.0
Masu Brakes,3.4,211.0,Auto Components,Bahadurgarh,804.0,15.0,21.0,32.0
Air India Express,3.2,211.0,Aviation,Gurugram,1200.0,17.0,5.0,16.0
BTL EPC LTD,3.7,211.0,Industrial Machinery,Kolkata,788.0,19.0,0.0,12.0
Webasto Roofsystems India,4.0,211.0,Automobile,Pune,993.0,17.0,0.0,8.0
Primary Health Centre,4.2,211.0,Healthcare,Bengaluru,767.0,8.0,0.0,11.0
Srg Housing Finance,4.0,211.0,NBFC,Udaipur,623.0,13.0,11.0,6.0
Supreme Treon,3.9,211.0,Auto Components,Pune,894.0,13.0,0.0,20.0
Network Techlab,3.7,211.0,Hardware & Networking,Mumbai,1000.0,14.0,6.0,11.0
Horiba India,3.4,211.0,Industrial Machinery,New Delhi,1100.0,9.0,16.0,21.0
Praxis home Retail,4.1,211.0,Retail,Mumbai,822.0,7.0,10.0,22.0
AARGEE STAFFING SERVICES,3.7,212.0,Recruitment,Chennai,667.0,6.0,0.0,7.0
Autoline Industries,3.5,210.0,Auto Components,Pune,866.0,15.0,0.0,13.0
BajajSons,3.6,210.0,Automobile,Ludhiana,836.0,11.0,4.0,15.0
SpeedLabs,3.5,210.0,EdTech,Mumbai,448.0,16.0,14.0,13.0
Enmas O & M Services,4.1,210.0,Oil & Gas,Chennai,665.0,11.0,0.0,21.0
Axio,3.8,210.0,Financial Services,Bengaluru,867.0,8.0,0.0,20.0
Crossword Bookstores,3.6,210.0,Retail,Pune,555.0,7.0,1.0,9.0
Oasis Infobyte,4.1,210.0,IT Services & Consulting,Pune,136.0,23.0,0.0,0.0
TechMojo Solutions,3.9,210.0,IT Services & Consulting,Hyderabad,1500.0,37.0,11.0,16.0
Hidesign,3.0,210.0,Retail,Puducherry,902.0,17.0,11.0,11.0
Ichhapurti.com,2.4,210.0,Software Product,Gurugram,668.0,20.0,1.0,37.0
Development Consultants,3.3,210.0,IT Services & Consulting,Kolkata,585.0,12.0,0.0,19.0
SmartStream Technologies,3.2,210.0,IT Services & Consulting,Bengaluru,1600.0,17.0,6.0,14.0
Pradhan Mantri Kaushal Vikas Yojana,4.1,210.0,Education & Training,New Delhi,362.0,7.0,0.0,24.0
Amphenol Fci,3.7,210.0,Electrical Equipment,Bengaluru,966.0,13.0,2.0,17.0
India Post Payments Bank,4.2,211.0,Government,New Delhi,650.0,9.0,0.0,7.0
Manohar Filaments,3.8,210.0,Fashion & Textile,New Delhi,953.0,13.0,1.0,10.0
Sakarni Plaster,4.5,210.0,Building Material,New Delhi,390.0,62.0,0.0,18.0
TechStar Group,4.1,210.0,IT Services & Consulting,Hyderabad,1100.0,20.0,52.0,14.0
Daffodil Software,3.7,210.0,IT Services & Consulting,Gurugram,1500.0,31.0,0.0,29.0
InSync Analytics,2.4,210.0,Analytics & KPO,Mumbai,1400.0,38.0,3.0,15.0
Brainium Information Technologies,3.7,210.0,IT Services & Consulting,Kolkata,538.0,9.0,1.0,18.0
CENTRUM HOUSING FINANCE,4.0,211.0,Financial Services,Mumbai,528.0,4.0,4.0,6.0
ICE Data Services,3.2,210.0,Financial Services,Hyderabad,1500.0,31.0,10.0,12.0
Crimson Interactive,2.5,210.0,Content Development,Mumbai,1200.0,20.0,66.0,25.0
Janatics India,4.0,210.0,Industrial Automation,Coimbatore,1300.0,12.0,9.0,19.0
Solugenix India Private Limited,3.1,210.0,IT Services & Consulting,Hyderabad,1900.0,33.0,26.0,11.0
Comcast India Engineering Center,3.7,210.0,Software Product,Chennai,2400.0,61.0,0.0,18.0
Shirdi Sai Electricals,3.5,210.0,Power,Y.S.R. Kadapa,644.0,16.0,0.0,20.0
Aarav Global Products & Services Private Limited,2.7,211.0,IT Services & Consulting,Mumbai,764.0,14.0,6.0,25.0
Valethi Technologies,3.1,210.0,Analytics & KPO,Nagpur,1100.0,12.0,1.0,11.0
Mantra Softech,3.6,210.0,IT Services & Consulting,Ahmedabad,1200.0,15.0,15.0,11.0
Pacific Development Corporation Limited (Pacific Group),3.6,210.0,Real Estate,New Delhi,1100.0,19.0,10.0,20.0
Skandhanshi Infra Projects,4.3,210.0,Real Estate,Kurnool,910.0,15.0,3.0,18.0
Ksolves India Limited,2.8,210.0,IT Services & Consulting,Noida,1300.0,59.0,6.0,3.0
Andhra Pradesh State Skill Development Corporation,3.8,209.0,Non-Profit,Vijayawada,563.0,5.0,0.0,29.0
Ways2excel,4.5,209.0,EdTech,Kolkata,61.0,7.0,0.0,54.0
Ludhiana Beverages,3.9,209.0,Beverage,Ludhiana,797.0,11.0,7.0,18.0
Techmagnate,4.3,209.0,Marketing & Advertising,New Delhi,777.0,24.0,21.0,20.0
PP Rolling Mills,3.7,209.0,Industrial Machinery,Faridabad,882.0,24.0,1.0,6.0
Lrs Services,4.0,209.0,IT Services & Consulting,Noida,817.0,24.0,2.0,22.0
JSW Severfield Structures,3.8,209.0,Engineering & Construction,Ballari,850.0,13.0,0.0,18.0
Carzonrent,3.3,209.0,Travel & Tourism,New Delhi,637.0,3.0,1.0,9.0
Simplify Healthcare,2.5,209.0,Software Product,Pune,1800.0,40.0,41.0,2.0
AISATS,3.5,209.0,Aviation,New Delhi,379.0,11.0,0.0,26.0
KDK Software,2.7,209.0,Software Product,Jaipur,436.0,24.0,49.0,20.0
CONTUS TECH,4.1,209.0,IT Services & Consulting,Chennai,932.0,57.0,10.0,8.0
OptimHire,3.6,209.0,Internet,Hyderabad,814.0,28.0,0.0,25.0
Sahajanand Laser Technology,3.0,209.0,Industrial Machinery,Gandhinagar,870.0,19.0,23.0,28.0
Geo Chem Laboratories,3.7,209.0,Industrial Machinery,Mumbai,646.0,13.0,5.0,11.0
Wardwizard Innovations & Mobility,3.2,209.0,Automobile,Vadodara,733.0,10.0,0.0,2.0
ECOS (I) MOBILITY & HOSPITALITY,4.1,209.0,Sports & Recreation,New Delhi,458.0,7.0,0.0,13.0
Precision Camshafts,3.1,209.0,Auto Components,Solapur,764.0,5.0,0.0,11.0
MiM-Essay,4.5,209.0,Education & Training,New Delhi,253.0,46.0,0.0,13.0
Kama Ayurveda,4.0,209.0,Beauty & Personal Care,New Delhi,785.0,21.0,4.0,17.0
ASP OL Media,4.0,209.0,Marketing & Advertising,Pune,356.0,72.0,2.0,6.0
CBSI,3.3,208.0,Recruitment,Bengaluru,1100.0,10.0,0.0,20.0
Prime Focus,3.9,208.0,Animation & VFX,Mumbai,623.0,1.0,0.0,31.0
St Regis,4.1,208.0,Hospitality,Mumbai,638.0,9.0,0.0,22.0
Hyundai Engineering,3.9,208.0,Engineering & Construction,Chennai,785.0,16.0,0.0,22.0
Sakura Autoparts,3.6,208.0,Auto Components,Chennai,850.0,11.0,4.0,12.0
Siemens PLM Software,4.0,208.0,Industrial Automation,Pune,1700.0,12.0,0.0,32.0
Petronas Lubricants,3.2,208.0,Petrochemicals,Mumbai,692.0,19.0,3.0,21.0
Philip Morris International,4.2,208.0,FMCG,New Delhi,743.0,14.0,0.0,18.0
Embio,4.0,208.0,Pharma,Mahad,934.0,6.0,8.0,17.0
Yashi Consulting Services,3.4,208.0,IT Services & Consulting,Gurugram,291.0,11.0,0.0,41.0
Izmo,2.9,208.0,IT Services & Consulting,Bengaluru,872.0,17.0,16.0,15.0
WinWire,3.2,208.0,IT Services & Consulting,Hyderabad,1700.0,30.0,28.0,15.0
ACUTAAS CHEMICALS LIMITED,3.8,208.0,Pharma,Surat,1100.0,16.0,13.0,13.0
Marengo Asia Hospitals,4.0,208.0,Healthcare,Gurugram,436.0,8.0,4.0,3.0
Emirates Flight Catering,4.4,209.0,Hospitality,Dubai,272.0,29.0,0.0,34.0
Bharat Broadband Network,3.9,208.0,Telecom,New Delhi,804.0,10.0,0.0,5.0
Infojini,2.7,208.0,IT Services & Consulting,Mumbai,740.0,20.0,1.0,28.0
Globus Spirits,3.9,208.0,Beverage,New Delhi,939.0,13.0,0.0,10.0
Jay Ushin,4.0,208.0,Auto Components,Gurugram,884.0,7.0,0.0,16.0
MKU,3.2,208.0,Defence & Aerospace,Kanpur,754.0,11.0,6.0,18.0
ePack Durables Solutions,3.5,208.0,Electronics Manufacturing,Noida,1000.0,15.0,0.0,5.0
Sri Gopikrishna Infrastructure,3.9,207.0,Engineering & Construction,Hyderabad,502.0,7.0,0.0,26.0
Manitou Equipment India,4.1,207.0,Industrial Machinery,Greater Noida,920.0,20.0,0.0,12.0
MeritNation,3.2,207.0,EdTech,New Delhi,585.0,7.0,0.0,22.0
Ashv Finance,4.1,207.0,NBFC,Mumbai,749.0,10.0,0.0,10.0
ZunRoof Tech,3.6,207.0,Power,Gurugram,465.0,42.0,12.0,33.0
KayBee Bio Organics,3.8,207.0,Agro Chemicals,Pune,378.0,33.0,11.0,8.0
Transaction Solutions International (India) Pvt Ltd,3.8,207.0,Financial Services,Pune,765.0,21.0,11.0,6.0
eligarf Technologies,3.8,207.0,Emerging Technologies,Pune,263.0,13.0,1.0,1.0
Logicon Facility Management,3.3,207.0,Facility Management Services,Pune,752.0,15.0,0.0,11.0
Orange Retail Finance,3.9,207.0,Financial Services,Chennai,643.0,6.0,0.0,11.0
Vegrow,3.8,208.0,Internet,Bengaluru,961.0,21.0,3.0,11.0
Anglo-Eastern Ship Management,4.1,207.0,Ports & Shipping,Mumbai,546.0,17.0,32.0,22.0
Barbrik Project Limited (PRA Group),3.5,207.0,Engineering & Construction,Raipur,603.0,15.0,5.0,9.0
Alghanim International,4.1,207.0,Engineering & Construction,Kuwait City,596.0,7.0,10.0,26.0
Vnr Seeds,3.8,207.0,Agriculture,Raipur,724.0,15.0,28.0,11.0
Hospet Steels,3.7,207.0,Iron & Steel,Hosapete,837.0,18.0,6.0,18.0
Brainware University,2.7,207.0,Education & Training,Kolkata,599.0,25.0,28.0,3.0
Tresor Systems,3.7,207.0,Retail,New Delhi,742.0,12.0,6.0,15.0
UFO Moviez,3.1,207.0,Hospitality,Mumbai,917.0,9.0,6.0,20.0
Tata Asset Management Private Limited,3.7,207.0,Financial Services,Mumbai,1000.0,12.0,1.0,15.0
Fare Labs,2.4,207.0,Analytics & KPO,Gurugram,769.0,12.0,27.0,8.0
Skypro Technologies,3.3,207.0,IT Services & Consulting,Bengaluru,701.0,14.0,0.0,13.0
KisanKraft Machine Tools,3.3,207.0,Industrial Machinery,Bengaluru,747.0,14.0,2.0,11.0
UTI Asset Management Company,3.8,207.0,Financial Services,Mumbai,895.0,13.0,0.0,10.0
Eshopbox Ecommerce,2.9,206.0,Internet,Gurugram,655.0,46.0,6.0,8.0
IIMT Group of Colleges,4.1,207.0,Education & Training,Greater Noida,577.0,29.0,25.0,6.0
Vrinsoft Technology,4.6,206.0,IT Services & Consulting,Ahmedabad,239.0,32.0,1.0,7.0
Kirloskar Technologies,4.1,206.0,Medical Equipment,Jaipur,537.0,18.0,8.0,16.0
Shopclues,3.2,206.0,Internet,Gurugram,1100.0,9.0,60.0,23.0
DTC Projects,3.9,206.0,Real Estate,Kolkata,644.0,23.0,10.0,32.0
Liyaans Properties,4.8,209.0,Real Estate,Kolkata,60.0,5.0,2.0,6.0
S.S. Kothari Mehta & Co,3.5,206.0,Accounting & Auditing,New Delhi,836.0,13.0,3.0,9.0
One Point Solutions,3.3,206.0,,Bengaluru,1100.0,9.0,0.0,5.0
Hgs Services,3.8,206.0,Analytics & KPO,Bengaluru,657.0,55.0,0.0,33.0
VIS Networks,3.7,206.0,Telecom,Bengaluru,1100.0,14.0,16.0,16.0
Hi Tech Informatics,3.6,206.0,IT Services & Consulting,Mumbai,726.0,12.0,0.0,9.0
Ohmium,3.3,206.0,Power,Bengaluru,768.0,15.0,27.0,2.0
Ganesh Grains,3.2,206.0,FMCG,Kolkata,621.0,19.0,1.0,11.0
Quest Diagnostics,4.5,206.0,Healthcare,Hyderabad,926.0,11.0,2.0,24.0
Nippon Data Systems,3.4,207.0,IT Services & Consulting,New Delhi,1100.0,28.0,11.0,8.0
Prasol Chemicals,3.4,206.0,Chemicals,Mumbai,1200.0,27.0,13.0,16.0
AccSource KPO,3.1,206.0,Accounting & Auditing,Chennai,889.0,27.0,3.0,37.0
Equentis Wealth Advisory Services,3.4,206.0,Financial Services,Mumbai,746.0,30.0,30.0,20.0
Aress Software and Education Technologies,2.5,206.0,IT Services & Consulting,Nashik,1100.0,16.0,1.0,12.0
Taikisha Engineering India,4.0,206.0,Industrial Machinery,Pune,1100.0,17.0,2.0,17.0
Ramoji Film City,4.2,205.0,Events,Hyderabad,634.0,10.0,0.0,25.0
Rama University,3.4,205.0,Education & Training,Kanpur,530.0,15.0,177.0,26.0
Jabsons Foods,4.0,205.0,Food Processing,Bharuch,480.0,32.0,1.0,7.0
Sigma Freudenberg NOK,4.1,205.0,Auto Components,Chennai,948.0,10.0,0.0,21.0
World Health Organization,4.1,205.0,Government,New Delhi,403.0,17.0,0.0,14.0
Nisum,2.7,205.0,IT Services & Consulting,Hyderabad,1800.0,33.0,36.0,15.0
alliantgroup,2.3,205.0,Management Consulting,Hyderabad,1100.0,24.0,0.0,10.0
Beckman Coulter,3.4,205.0,Medical Equipment,Bengaluru,1400.0,13.0,104.0,18.0
Edunet Foundation,4.0,206.0,Non-Profit,Bengaluru,371.0,18.0,0.0,4.0
Wings Biotech,3.0,205.0,Pharma,New Delhi,503.0,11.0,3.0,29.0
Maharaja Agrasen Hospital,3.8,205.0,Healthcare,New Delhi,754.0,9.0,16.0,9.0
Samkwang India Electronic,3.3,205.0,Electronics Manufacturing,Greater Noida,819.0,17.0,4.0,11.0
Expeditors International,3.7,205.0,Logistics,Chennai,1300.0,15.0,0.0,11.0
SEW Eurodrive india,4.2,205.0,Auto Components,Vadodara,862.0,18.0,3.0,16.0
Getix Health,3.8,205.0,Analytics & KPO,Bengaluru,1000.0,15.0,4.0,17.0
Grass Roots Research & Creation,4.7,205.0,Analytics & KPO,New Delhi,131.0,2.0,5.0,127.0
Schreiber Dynamix Dairies,3.9,205.0,Electronics Manufacturing,Pune,667.0,8.0,26.0,19.0
Sendan International Co,2.2,204.0,Engineering & Construction,Al Jubail,514.0,15.0,0.0,10.0
Tokai Imperial Rubber India,3.9,204.0,Industrial Machinery,Faridabad,803.0,15.0,0.0,16.0
TomTom,3.7,204.0,IT Services & Consulting,Pune,967.0,14.0,0.0,26.0
Mfine,3.4,204.0,Internet,Bengaluru,1300.0,26.0,0.0,29.0
China State Construction Engineering Corporation,3.9,204.0,Engineering & Construction,New Delhi,600.0,20.0,0.0,19.0
Polestar Consulting,4.5,204.0,IT Services & Consulting,Pune,340.0,40.0,4.0,26.0
Pie Infocomm,4.6,204.0,IT Services & Consulting,Lucknow,156.0,45.0,3.0,57.0
Al Ahleia Switchgear,3.6,204.0,Industrial Machinery,Chennai,515.0,12.0,0.0,25.0
Roha Housing Finance,3.4,204.0,Financial Services,New Delhi,609.0,8.0,3.0,4.0
Three D Integrated Solutions Ltd,3.1,204.0,Aviation,Gurugram,651.0,17.0,0.0,12.0
DE Shaw,3.6,204.0,Financial Services,Hyderabad,3200.0,131.0,0.0,11.0
Clarion Technologies,4.0,204.0,IT Services & Consulting,Pune,1500.0,25.0,22.0,17.0
Mazars,3.0,204.0,Accounting & Auditing,Gurugram,1400.0,21.0,2.0,7.0
Dhampur Sugar Mills,3.9,204.0,Agro Chemicals,New Delhi,732.0,16.0,7.0,21.0
Lumiq,3.5,206.0,IT Services & Consulting,Noida,850.0,15.0,10.0,15.0
Mukand Sumi Special Steel,3.7,204.0,Iron & Steel,Hosapete,727.0,15.0,0.0,11.0
HIVELOOP LOGISTICS,4.2,204.0,,Bengaluru,413.0,6.0,0.0,1.0
Mashreq Bank,3.1,204.0,Banking,Bengaluru,1200.0,9.0,0.0,17.0
IDBI Capital,3.7,204.0,Financial Services,Mumbai,889.0,13.0,22.0,14.0
Biorad Medisys,3.7,204.0,Healthcare,Pune,980.0,23.0,6.0,10.0
Flender,3.7,204.0,Industrial Machinery,Chennai,1200.0,17.0,1.0,12.0
Sula Vineyards,4.0,204.0,Food Processing,Nashik,828.0,11.0,5.0,16.0
Gulf Asia Contracting,3.3,204.0,Engineering & Construction,Chennai,681.0,11.0,0.0,8.0
DNEG CREATIVE SERVICES,2.9,204.0,Animation & VFX,Mumbai,943.0,10.0,2.0,11.0
Rexel,3.4,204.0,Industrial Automation,Pune,960.0,13.0,7.0,16.0
Fisdom,3.2,203.0,Financial Services,Bengaluru,801.0,16.0,0.0,7.0
S.c Johnson Products,4.0,203.0,FMCG,Gurugram,557.0,2.0,0.0,30.0
In2IT Technologies,3.0,203.0,IT Services & Consulting,Noida,1100.0,17.0,3.0,15.0
Vijay Tanks & Vessels,4.1,203.0,Engineering & Construction,Vadodara,765.0,9.0,2.0,16.0
Peps Industries,4.1,203.0,Furniture & Furnishing,Coimbatore,707.0,13.0,0.0,13.0
SSEM,3.3,203.0,Industrial Machinery,Riyadh,363.0,11.0,0.0,30.0
Dollar Industries,3.6,203.0,Fashion & Textile,Kolkata,818.0,13.0,0.0,12.0
Luthra Group Company,4.1,203.0,Waste Management,Surat,891.0,22.0,15.0,17.0
Apps Associates,3.4,203.0,IT Services & Consulting,Hyderabad,1400.0,12.0,29.0,18.0
Wingreens Farms,4.0,203.0,FMCG,Gurugram,831.0,10.0,2.0,17.0
Jasmin Infotech,4.0,203.0,Software Product,Chennai,1500.0,15.0,4.0,16.0
Manika Plastech Private Limited,3.8,203.0,Building Material,Dehradun,580.0,14.0,10.0,1.0
NullClass,3.5,203.0,,Bengaluru,172.0,16.0,0.0,1.0
RJ Corp,4.1,203.0,Retail,Gurugram,597.0,9.0,0.0,15.0
Hero Future Energies,4.2,203.0,Power,New Delhi,1000.0,9.0,7.0,23.0
Nutanix,3.4,203.0,Software Product,Bengaluru,2500.0,92.0,58.0,12.0
Tripjack,3.9,203.0,Travel & Tourism,Mumbai,720.0,42.0,49.0,3.0
Talentica Software,3.9,203.0,IT Services & Consulting,Pune,1500.0,53.0,12.0,25.0
Exeltis,4.1,203.0,Pharma,Mumbai,528.0,14.0,3.0,25.0
Integrated Resources,3.9,203.0,Recruitment,Gurugram,720.0,37.0,0.0,14.0
Odisha Power Generation Corporation,3.8,203.0,Oil & Gas,Jharsuguda,722.0,8.0,0.0,22.0
Stats Perform,3.4,203.0,Sports & Recreation,Chennai,1100.0,22.0,1.0,2.0
Puthur Infotech,3.6,203.0,IT Services & Consulting,Bengaluru,758.0,8.0,1.0,3.0
Tata Passenger Electric Mobility,4.2,203.0,Automobile,Ahmedabad,674.0,13.0,0.0,2.0
Sleepwell,4.0,203.0,Furniture & Furnishing,New Delhi,641.0,18.0,0.0,14.0
SACHA Engineering,3.3,203.0,IT Services & Consulting,Chennai,1400.0,14.0,0.0,14.0
CRB Tech Solution,3.7,202.0,EdTech,Pune,418.0,12.0,0.0,12.0
TNT Express,4.0,202.0,Logistics,Mumbai,400.0,6.0,0.0,34.0
India Pesticides,4.0,202.0,Agro Chemicals,Lucknow,832.0,17.0,2.0,7.0
HOLITECH INDIA,4.1,202.0,Electronics Manufacturing,Greater Noida,718.0,27.0,0.0,40.0
Arvind Techno Engineers,4.0,202.0,Engineering & Construction,New Delhi,813.0,8.0,0.0,7.0
DGS Technical Services,3.1,202.0,Design,Bengaluru,899.0,4.0,17.0,11.0
HomeBazaar.com,3.6,202.0,Real Estate,Mumbai,717.0,21.0,114.0,12.0
Tm Automotive Seating Systems,0.0,0.0,Auto Components,Pune,0.0,0.0,0.0,0.0
Prem Henna,3.3,202.0,Beauty & Personal Care,Indore,543.0,4.0,0.0,27.0
Indobevs,3.9,202.0,Beverage,New Delhi,849.0,13.0,0.0,12.0
Black & Veatch,4.2,202.0,Engineering & Construction,Mumbai,995.0,16.0,87.0,24.0
Colruyt Group,3.7,202.0,IT Services & Consulting,Hyderabad,1100.0,13.0,6.0,20.0
Springbord Systems,4.0,202.0,IT Services & Consulting,Chennai,633.0,26.0,4.0,10.0
Jubilant Motorworks,3.9,202.0,Automobile,Bengaluru,665.0,12.0,0.0,16.0
Thejo Engineering,4.0,202.0,Engineering & Construction,Chennai,944.0,23.0,3.0,17.0
Hotel Parle International,3.8,202.0,Hospitality,Mumbai,981.0,17.0,11.0,3.0
Samsung Semiconductor,3.1,202.0,Semiconductors,Bengaluru,1700.0,22.0,0.0,9.0
Beyond Key,4.1,202.0,IT Services & Consulting,Indore,677.0,19.0,22.0,18.0
Gainwell Technologies,4.2,203.0,IT Services & Consulting,Bengaluru,1600.0,43.0,38.0,24.0
Acma Computers,3.3,202.0,IT Services & Consulting,Mumbai,920.0,24.0,9.0,11.0
Gennova Biopharmaceuticals,4.2,202.0,Pharma,Pune,881.0,12.0,0.0,13.0
Orbit Techsol,3.5,202.0,IT Services & Consulting,New Delhi,1200.0,12.0,12.0,9.0
Bhansali Engineering Polymers,3.2,202.0,Petrochemicals,Abu Road,765.0,21.0,8.0,9.0
Redington Group,3.9,202.0,IT Services & Consulting,Chennai,1400.0,9.0,24.0,2.0
SILA Group (India),3.6,202.0,Internet,Mumbai,750.0,7.0,0.0,1.0
Symphoni HR,3.9,202.0,Recruitment,Mumbai,361.0,25.0,1.0,2.0
Godrej Appliances,3.8,201.0,Consumer Electronics & Appliances,Pune,666.0,8.0,0.0,21.0
Oben Electric Vehicle,4.2,203.0,Automobile,Bengaluru,483.0,25.0,35.0,9.0
B2x Service Solutions,3.9,201.0,BPO,Mumbai,477.0,4.0,0.0,19.0
UST BlueConch Technologies,3.6,201.0,Software Product,Pune,1200.0,20.0,0.0,1.0
A3logics,3.3,201.0,IT Services & Consulting,Jaipur,773.0,32.0,0.0,8.0
IILM,4.0,202.0,Education & Training,Greater Noida,489.0,11.0,1.0,6.0
Colan Infotech,4.1,201.0,IT Services & Consulting,Chennai,1300.0,30.0,26.0,18.0
Lakme Salon,3.8,201.0,Beauty & Personal Care,Mumbai,478.0,14.0,0.0,14.0
ReGen Powertech,3.7,201.0,Power,Chennai,427.0,10.0,0.0,23.0
YouTube,4.6,201.0,Internet,New Delhi,850.0,9.0,0.0,11.0
Bygging India,3.9,201.0,Engineering & Construction,New Delhi,663.0,17.0,10.0,18.0
Roots Multiclean,3.8,201.0,Industrial Machinery,Coimbatore,1100.0,19.0,89.0,18.0
AB Mauri India,3.8,201.0,Food Processing,Bengaluru,817.0,13.0,3.0,12.0
Flowmore,3.7,201.0,Industrial Machinery,Ghaziabad,847.0,23.0,0.0,18.0
Zenoti,2.5,201.0,IT Services & Consulting,Hyderabad,1600.0,51.0,13.0,23.0
Jagran New Media,3.1,201.0,Internet,Noida,658.0,7.0,0.0,11.0
Biophore India Pharmaceuticals,3.4,201.0,Pharma,Hyderabad,883.0,14.0,5.0,15.0
Vensure Employer Services,3.8,201.0,IT Services & Consulting,Noida,289.0,49.0,49.0,4.0
Margadarsi Chit Fund,3.7,202.0,Financial Services,Hyderabad,675.0,11.0,0.0,12.0
Timex Group India,4.0,201.0,Metals & Mining,Noida,863.0,5.0,6.0,25.0
MBL Infrastructure Limited,3.9,201.0,Engineering & Construction,New Delhi,503.0,12.0,25.0,39.0
Windsor Machines,4.0,201.0,Industrial Machinery,Ahmedabad,826.0,10.0,3.0,16.0
Ascendum KPS,3.6,201.0,IT Services & Consulting,Ahmedabad,817.0,26.0,1.0,16.0
Ushodaya Enterprises,4.0,201.0,FMCG,Hyderabad,757.0,6.0,14.0,21.0
Alp Nishikawa,3.9,201.0,Auto Components,Gurugram,812.0,9.0,4.0,18.0
Japfa Comfeed India Private Limited,3.9,201.0,Agriculture,Pune,885.0,16.0,14.0,18.0
Exel Rubber,4.0,201.0,Petrochemicals,Hyderabad,823.0,19.0,2.0,12.0
Avis,3.4,201.0,Travel & Tourism,Gurugram,643.0,8.0,0.0,31.0
S.R.Batliboi & Co.,3.0,201.0,Accounting & Auditing,Gurugram,1000.0,15.0,0.0,13.0
Woodrock Infotech Private Limited,2.9,201.0,BPO,Kolkata,355.0,17.0,0.0,9.0
DigiCall Teleservices,4.0,200.0,Telecom,Noida,326.0,2.0,0.0,27.0
Extentia Information Technology,3.4,200.0,IT Services & Consulting,Pune,1400.0,18.0,0.0,11.0
Adhaan Solutions,3.8,200.0,Recruitment,Ahmedabad,646.0,12.0,0.0,7.0
JNET Technologies,3.6,200.0,IT Services & Consulting,Hyderabad,679.0,14.0,0.0,15.0
Karam Safety,4.3,200.0,Industrial Machinery,Lucknow,793.0,9.0,4.0,3.0
Hy Gro Chemicals Pharmtek,3.9,200.0,Pharma,Hyderabad,653.0,12.0,0.0,20.0
Medecins Sans Frontieres,4.4,200.0,Non-Profit,Mumbai,411.0,14.0,3.0,5.0
Saudi Electricity Company,4.2,200.0,Power,Riyadh,378.0,10.0,0.0,28.0
Praxair,4.1,200.0,Chemicals,Bengaluru,661.0,7.0,0.0,24.0
Dayal Fertilizers,3.7,200.0,Agro Chemicals,Meerut,419.0,13.0,0.0,23.0
Dalmia-OCL,3.9,200.0,Building Material,Rourkela,578.0,8.0,0.0,14.0
Avaali Solutions,4.4,200.0,IT Services & Consulting,Bengaluru,437.0,46.0,12.0,1.0
Kalyan Toll Infrastructure,4.2,200.0,Engineering & Construction,Indore,657.0,8.0,2.0,21.0
Moneyboxx Finance,3.6,202.0,NBFC,Mumbai,607.0,11.0,5.0,6.0
Sanmar Group,3.5,200.0,Chemicals,Chennai,885.0,23.0,0.0,12.0
OEN India,4.1,200.0,Auto Components,Pune,897.0,16.0,1.0,12.0
Mervice Infotech,3.6,201.0,BPO,Kolkata,503.0,47.0,1.0,2.0
Krishi Rasayan Exports,3.9,200.0,Import & Export,Ankleshwar,674.0,12.0,5.0,9.0
Oswal Castings,3.7,200.0,Metals & Mining,Faridabad,694.0,14.0,1.0,11.0
Della Group,4.3,200.0,Architecture & Interior Design,Mumbai,316.0,19.0,43.0,12.0
Paytm Money,3.0,200.0,FinTech,Bengaluru,1300.0,29.0,1.0,12.0
Godrej Tyson Food,3.9,200.0,Food Processing,Mumbai,740.0,13.0,0.0,15.0
Prologic Web Solutions,3.9,200.0,IT Services & Consulting,Noida,390.0,38.0,4.0,15.0
Target Publications,4.0,200.0,Printing & Publishing,Mumbai,330.0,17.0,27.0,5.0
Doubletree By Hilton,3.9,200.0,Hospitality,New Delhi,553.0,8.0,0.0,24.0
Sahyadri Industries,3.5,200.0,Building Material,Pune,833.0,14.0,0.0,9.0
M&G India,3.4,200.0,Financial Services,Mumbai,1800.0,14.0,13.0,10.0
Gokul Agro Resources,3.8,200.0,FMCG,Gandhidham,937.0,17.0,15.0,6.0
Cholayil Private Limited,4.1,200.0,FMCG,Chennai,671.0,8.0,4.0,20.0
IG Petrochemicals,3.3,200.0,Chemicals,Mumbai,1100.0,15.0,2.0,11.0
Creative Group,4.2,200.0,Architecture & Interior Design,New Delhi,749.0,31.0,0.0,6.0
EDR Continuous Information,2.9,200.0,IT Services & Consulting,Chennai,850.0,11.0,0.0,12.0
Pin Click,2.7,200.0,Real Estate,Bengaluru,479.0,14.0,8.0,17.0
TekisHub Consulting Services,3.7,201.0,IT Services & Consulting,Hyderabad,1100.0,23.0,0.0,6.0
Eagle Infra,4.0,201.0,Engineering & Construction,Mumbai,876.0,12.0,0.0,18.0
Marathon Electric India,3.5,200.0,Electrical Equipment,Faridabad,882.0,12.0,3.0,19.0
GEETANJALI HOMESTATE,3.7,199.0,Real Estate,Gurugram,274.0,16.0,0.0,38.0
Apis India Limited,3.5,199.0,Food Processing,New Delhi,722.0,11.0,2.0,11.0
Volksoft Technologies,4.3,199.0,Software Product,Hyderabad,176.0,4.0,0.0,6.0
Kifs Housing Finance,3.7,199.0,Financial Services,Mumbai,569.0,9.0,1.0,7.0
Axalta Coating Systems,4.1,199.0,Chemicals,Vadodara,847.0,12.0,5.0,29.0
SCIO Management Solutions,4.4,200.0,BPO,Chennai,659.0,18.0,0.0,14.0
Canvera,3.7,199.0,Printing & Publishing,Bengaluru,606.0,5.0,0.0,15.0
Ministry of Home Affairs,4.1,199.0,Government,New Delhi,2000.0,7.0,0.0,7.0
CETPA InfoTech,3.3,199.0,IT Services & Consulting,Noida,800.0,15.0,1.0,27.0
Innovel Energy Services,3.7,199.0,Power,Kolkata,412.0,22.0,5.0,20.0
Apache Footwear,3.5,200.0,Fashion & Textile,Nellore,683.0,18.0,0.0,18.0
Hoonartek,3.5,199.0,IT Services & Consulting,Pune,1500.0,17.0,1.0,14.0
Maharishi Markandeshwar University,3.7,199.0,Education & Training,Ambala,545.0,13.0,0.0,10.0
Competition Team Technology,3.6,199.0,Electronics Manufacturing,Chennai,1100.0,11.0,1.0,7.0
rebootXP,2.9,199.0,Management Consulting,Noida,301.0,13.0,8.0,1.0
Ester Industries,3.9,199.0,Petrochemicals,Khatima,805.0,10.0,1.0,20.0
Lakshmi Life Sciences,3.9,199.0,Industrial Automation,Coimbatore,1000.0,11.0,4.0,7.0
Cosmos Impex,4.2,199.0,Industrial Machinery,Vadodara,977.0,20.0,4.0,16.0
Bureau of Indian Standards,4.0,199.0,Government,New Delhi,952.0,21.0,4.0,5.0
Energy Efficiency Services,3.7,199.0,Power,New Delhi,765.0,13.0,0.0,20.0
CIMS Hospital,4.2,199.0,Healthcare,Ahmedabad,622.0,6.0,1.0,14.0
Zentiva,4.2,199.0,Pharma,Ankleshwar,883.0,10.0,28.0,10.0
Crescon Projects & Services,3.5,199.0,Engineering & Construction,Chennai,735.0,18.0,12.0,10.0
Rudrabhishek Enterprises,3.1,199.0,Urban Transport,Noida,789.0,11.0,4.0,14.0
Astec LifeSciences,3.8,199.0,Agro Chemicals,Mahad,771.0,18.0,4.0,13.0
CDM Smith,3.6,199.0,Engineering & Construction,Bengaluru,894.0,15.0,9.0,16.0
Raksha TPA,4.1,199.0,Insurance,Faridabad,749.0,6.0,0.0,11.0
AXIS Solutions,3.4,199.0,Industrial Automation,Hyderabad,771.0,14.0,2.0,7.0
Nipro India Corporation,3.3,199.0,Healthcare,Pune,933.0,19.0,15.0,11.0
Aptia,2.6,199.0,IT Services & Consulting,Mumbai,939.0,11.0,12.0,6.0
Masters' Union School of Business,3.2,199.0,EdTech,Gurugram,954.0,95.0,111.0,10.0
Kriya NextWealth,3.6,199.0,,Chittoor,763.0,17.0,0.0,1.0
NCR Atleos,3.8,199.0,Banking,Mumbai,1200.0,16.0,6.0,4.0
Kent,3.4,199.0,Financial Services,Noida,823.0,8.0,0.0,8.0
Burger Singh,3.6,199.0,Hospitality,Gurugram,639.0,18.0,4.0,3.0
Muthoot Mercantile,3.3,199.0,NBFC,Thiruvananthapuram,576.0,12.0,26.0,5.0
The Souled Store,3.2,199.0,Fashion & Textile,Mumbai,732.0,15.0,7.0,6.0
GKC Projects,4.5,198.0,Engineering & Construction,Hyderabad,437.0,0.0,0.0,33.0
OnMobile Global,3.6,198.0,Telecom,Bengaluru,1400.0,16.0,0.0,25.0
DAIMLER TRUCKS ASIA,3.8,198.0,,Chennai,1200.0,5.0,0.0,6.0
Loconav,3.1,198.0,Software Product,Gurugram,1200.0,14.0,0.0,11.0
Caretel Infotech,3.5,198.0,Analytics & KPO,New Delhi,433.0,10.0,0.0,17.0
Kohler Power,3.8,198.0,Power,Pune,978.0,10.0,0.0,22.0
Green Gene Enviro Protection And Infrastructure,3.6,198.0,Waste Management,Faridabad,576.0,12.0,0.0,1.0
insightsoftware,3.7,198.0,Software Product,Hyderabad,1100.0,33.0,4.0,3.0
Repro India,3.3,198.0,FMCG,Mumbai,894.0,16.0,7.0,13.0
Clean Science And Technology,3.5,198.0,Chemicals,Pune,1000.0,11.0,11.0,10.0
Cadsys,3.5,198.0,IT Services & Consulting,Hyderabad,533.0,7.0,1.0,47.0
Maahi Milk Producer Company,4.2,198.0,Food Processing,Rajkot,521.0,15.0,1.0,24.0
VDart,4.0,198.0,IT Services & Consulting,Tiruchirappalli,976.0,51.0,15.0,9.0
Osam Dairy,3.9,198.0,Agriculture,Ranchi,430.0,9.0,5.0,2.0
Sigma Supply Chain Solutions,3.3,198.0,Logistics,Noida,493.0,4.0,3.0,8.0
Vardhman Special Steels,4.0,198.0,Iron & Steel,Ludhiana,737.0,13.0,8.0,8.0
Orange Health Labs,4.0,198.0,Healthcare,Bengaluru,571.0,18.0,0.0,3.0
Ducat,3.5,197.0,Education & Training,Noida,674.0,15.0,0.0,5.0
TVS Automobiles Solutions,3.5,197.0,,Chennai,809.0,7.0,0.0,2.0
Zydus Pharma,3.6,197.0,Pharma,Ahmedabad,716.0,14.0,0.0,8.0
IIHT,3.6,197.0,Education & Training,Bengaluru,860.0,3.0,1.0,30.0
Blowhorn,3.2,197.0,Logistics,Bengaluru,563.0,7.0,0.0,17.0
Mangalam Landmarks,4.8,197.0,Real Estate,Pune,146.0,92.0,14.0,1.0
Blue Rose Technologies,4.1,197.0,IT Services & Consulting,Bengaluru,1100.0,21.0,1.0,19.0
Lubrizol Corporation,3.9,197.0,Chemicals,Mumbai,983.0,8.0,8.0,15.0
Shipco It,3.5,197.0,IT Services & Consulting,Pune,583.0,16.0,11.0,1.0
Royal Cyber,3.3,197.0,IT Services & Consulting,Bengaluru,1400.0,14.0,57.0,5.0
Shakti Hormann,3.6,197.0,Building Material,Hyderabad,726.0,23.0,17.0,17.0
Delhi World Public School,3.6,197.0,Education & Training,Kolkata,710.0,17.0,23.0,19.0
PS Group,3.7,197.0,Real Estate,Kolkata,752.0,20.0,6.0,16.0
Indel Money,4.0,197.0,NBFC,Kochi,629.0,9.0,10.0,6.0
NSL Textiles,3.9,197.0,Fashion & Textile,Guntur,658.0,11.0,0.0,18.0
Ambuja Cement Foundation,3.8,197.0,Non-Profit,Jaipur,529.0,13.0,2.0,10.0
Rimini Street,4.1,197.0,IT Services & Consulting,Hyderabad,986.0,8.0,25.0,15.0
Tata Main Hospital,3.7,197.0,Healthcare,Jamshedpur,545.0,21.0,0.0,23.0
DS-MAX Properties,3.7,197.0,Real Estate,Bengaluru,933.0,28.0,5.0,19.0
The House of Abhinandan Lodha,3.1,197.0,Real Estate,Mumbai,832.0,47.0,2.0,8.0
MSV International,3.9,197.0,Engineering & Construction,Gurugram,526.0,18.0,14.0,10.0
Overseas Health Care,3.2,196.0,Pharma,Phillaur,462.0,18.0,0.0,15.0
DST Worldwide Services,4.2,196.0,,Hyderabad,918.0,8.0,0.0,25.0
Dishnet Wireless,4.3,196.0,Telecom,Kolkata,370.0,0.0,0.0,38.0
Accord Synergy,3.2,196.0,Hardware & Networking,Vadodara,398.0,9.0,0.0,14.0
Bullmen Realty,3.1,196.0,Real Estate,Noida,758.0,19.0,5.0,3.0
Eglo India,3.2,196.0,Consumer Electronics & Appliances,Bawal,789.0,19.0,0.0,15.0
BGD Tech PVT LTD,4.4,196.0,IT Services & Consulting,Bengaluru,193.0,64.0,0.0,1.0
SOS Children's Village,3.3,196.0,Non-Profit,New Delhi,491.0,13.0,9.0,20.0
Sims Hospital,3.7,196.0,Healthcare,Chennai,865.0,22.0,0.0,11.0
J Mitra And Co,3.8,196.0,Medical Equipment,New Delhi,554.0,18.0,3.0,11.0
Anu Industries,3.3,196.0,Packaging,Gurugram,720.0,10.0,0.0,21.0
DB Engineering & Consulting,4.2,196.0,Engineering & Construction,Bengaluru,871.0,9.0,7.0,16.0
Tirupati Medicare,4.4,196.0,Pharma,Paonta Sahib,642.0,10.0,3.0,20.0
Tropilite Foods,3.5,196.0,Food Processing,Gwalior,612.0,15.0,12.0,13.0
E Pack Polymers,3.8,196.0,Packaging,Greater Noida,830.0,12.0,1.0,15.0
Object Technology Solutions,3.8,196.0,IT Services & Consulting,Hyderabad,1300.0,9.0,6.0,10.0
Sequretek It Solutions,3.4,196.0,Emerging Technologies,Mumbai,1100.0,11.0,13.0,6.0
Kayjay Forging,3.7,196.0,Auto Components,Ludhiana,697.0,9.0,27.0,20.0
Mitsubishi Power India,4.5,196.0,Industrial Machinery,Bengaluru,887.0,15.0,2.0,16.0
Capricorn Logistics,3.5,196.0,Logistics,Mumbai,735.0,6.0,1.0,9.0
Kundan Group,3.3,196.0,Jewellery,New Delhi,669.0,20.0,12.0,4.0
SVN SYSTECH INDIA,3.3,196.0,IT Services & Consulting,Mumbai,896.0,12.0,2.0,6.0
Triveni Almirah,4.0,196.0,Furniture & Furnishing,Noida,378.0,27.0,42.0,26.0
Vision IAS,2.2,196.0,Education & Training,New Delhi,676.0,9.0,0.0,5.0
SFC Solutions India,3.4,196.0,Automobile,Chennai,903.0,18.0,0.0,9.0
Epson,4.3,196.0,IT Services & Consulting,Bengaluru,647.0,7.0,1.0,15.0
CivilMantra Infracon Private Limited,3.7,196.0,Engineering & Construction,Gurugram,242.0,16.0,4.0,9.0
Txd (india) Technology,4.0,196.0,Electronics Manufacturing,Rewari,801.0,17.0,0.0,13.0
Frontizo Business Services,3.6,196.0,BPO,Chandigarh,602.0,21.0,0.0,8.0
Zen3 Info Solutions,4.0,195.0,IT Services & Consulting,Hyderabad,1200.0,13.0,0.0,25.0
Tecumseh Products,3.3,195.0,Industrial Machinery,Faridabad,897.0,10.0,3.0,8.0
Shemaroo Entertainment,3.2,195.0,Media & Entertainment,Mumbai,1100.0,10.0,6.0,18.0
HeyCoach,3.9,195.0,Education & Training,Bengaluru,191.0,25.0,19.0,1.0
Go Speedy Go,4.5,195.0,Automobile,Bhubaneswar,101.0,16.0,0.0,29.0
Ciklum,3.6,195.0,IT Services & Consulting,Pune,933.0,34.0,76.0,6.0
Salasar Techno Engineering,4.0,195.0,Iron & Steel,Ghaziabad,912.0,18.0,0.0,9.0
Vandana Global,2.9,196.0,Iron & Steel,Raipur,822.0,17.0,6.0,3.0
RLabs Enterprise Services,3.0,195.0,Recruitment,Bengaluru,1300.0,20.0,0.0,15.0
BookMyShow,3.7,195.0,Internet,Mumbai,1200.0,29.0,0.0,20.0
Monocept,3.3,195.0,Software Product,Hyderabad,1300.0,26.0,2.0,9.0
Food Corporation of India,4.1,195.0,Government,New Delhi,703.0,15.0,0.0,12.0
Emirates NBD,3.0,195.0,Banking,Bengaluru,1200.0,10.0,0.0,24.0
Epitome Components,3.3,195.0,Electrical Equipment,Ahilyanagar,843.0,14.0,13.0,6.0
Cex Webuy Entertainment,3.3,196.0,Retail,Mumbai,1100.0,22.0,6.0,23.0
Meritto,3.5,195.0,Internet,Gurugram,1100.0,27.0,2.0,20.0
Bharat Oman Refineries,3.4,195.0,Oil & Gas,Bina,792.0,8.0,0.0,34.0
INOXCVA,3.3,195.0,Engineering & Construction,Vadodara,832.0,9.0,12.0,6.0
Vertafore,3.8,195.0,IT Services & Consulting,Hyderabad,1900.0,24.0,0.0,17.0
LS Automotive India,3.4,196.0,Auto Components,Chennai,1000.0,9.0,12.0,19.0
Fermenta Biotech,4.3,195.0,Biotechnology,Bharuch,1000.0,19.0,0.0,20.0
Modern Business Solutions,3.7,195.0,Recruitment,Bengaluru,585.0,8.0,0.0,9.0
Sun Direct TV,3.8,195.0,Telecom,Chennai,648.0,9.0,1.0,19.0
OASYS Tech Solutions,3.6,195.0,IT Services & Consulting,Bhubaneswar,566.0,13.0,0.0,4.0
Toyo INK,3.9,195.0,Chemicals,Greater Noida,891.0,12.0,3.0,19.0
Aeon Credit Service,3.5,195.0,Financial Services,Mumbai,624.0,12.0,0.0,8.0
Monomark Engineering,4.0,195.0,Engineering & Construction,Chittorgarh,681.0,13.0,13.0,15.0
Enrich Hair And Skin Solutions,3.6,195.0,Beauty & Personal Care,Mumbai,662.0,7.0,11.0,16.0
Soch Apparels,4.4,195.0,Fashion & Textile,Bengaluru,688.0,9.0,0.0,17.0
ILJIN AUTOMOTIVE,3.7,196.0,Automobile,Chennai,775.0,12.0,1.0,19.0
DSM Infocom,2.5,194.0,IT Services & Consulting,Mumbai,423.0,6.0,0.0,5.0
Service Master Clean,3.8,194.0,Facility Management Services,New Delhi,685.0,14.0,0.0,14.0
Tata Institute of Social Sciences,4.3,194.0,Education & Training,Mumbai,728.0,10.0,0.0,17.0
Elsevier,3.7,194.0,Printing & Publishing,Bengaluru,1400.0,26.0,180.0,16.0
Affine,3.2,194.0,IT Services & Consulting,Bengaluru,1400.0,55.0,21.0,13.0
Illusion Dental Laboratory,3.4,194.0,Medical Equipment,Mumbai,587.0,16.0,22.0,6.0
Green Park Hotels,4.1,194.0,Hospitality,Hyderabad,679.0,3.0,4.0,24.0
Walker Chandiok & Co,3.0,194.0,Accounting & Auditing,Mumbai,1300.0,14.0,3.0,8.0
Gateway Group of Companies,2.6,194.0,IT Services & Consulting,Ahmedabad,1100.0,28.0,3.0,15.0
Marolix Technology Solutions,2.9,195.0,IT Services & Consulting,Hyderabad,1000.0,16.0,0.0,8.0
Vestian Global Workplace Services,3.4,195.0,Real Estate,Bengaluru,858.0,7.0,5.0,9.0
NRP Projects,4.1,194.0,Engineering & Construction,Chennai,736.0,9.0,1.0,14.0
Hi-Tech,3.6,194.0,Education & Training,New Delhi,1200.0,22.0,4.0,14.0
Eros Group,3.8,194.0,Real Estate,New Delhi,761.0,17.0,8.0,21.0
NexTurn,3.9,194.0,IT Services & Consulting,Hyderabad,378.0,37.0,92.0,1.0
Corient Business Solutions,3.0,194.0,Accounting & Auditing,Mumbai,873.0,31.0,8.0,4.0
EKA Mobility,3.4,194.0,Automobile,Pune,880.0,14.0,0.0,5.0
Jayanita Exports,3.4,194.0,Furniture & Furnishing,Greater Noida,695.0,19.0,0.0,14.0
Lohum Cleantech,3.5,195.0,Semiconductors,Greater Noida,694.0,23.0,3.0,6.0
Laxmi Remote India,3.4,194.0,Pharma,Noida,728.0,12.0,1.0,13.0
Anion Healthcare Services,4.0,194.0,Healthcare,Hyderabad,679.0,14.0,5.0,54.0
Jehangir Hospital,3.8,194.0,Healthcare,Pune,683.0,9.0,8.0,16.0
Paranjape Schemes (Construction) Limited,3.2,194.0,Real Estate,Pune,881.0,11.0,7.0,16.0
DevTown,3.7,193.0,Education & Training,Bengaluru,123.0,35.0,0.0,0.0
Neosym Industry,3.8,193.0,Auto Components,Pune,733.0,13.0,4.0,19.0
CTR Manufacturing Industries,3.4,194.0,Industrial Machinery,Pune,859.0,13.0,45.0,9.0
Ginni Filaments,3.7,193.0,Fashion & Textile,Noida,766.0,6.0,4.0,13.0
Pegasus InfoCorp,2.5,193.0,IT Services & Consulting,Mumbai,1100.0,21.0,0.0,16.0
Timezone Entertainment,3.5,193.0,Events,Mumbai,550.0,13.0,0.0,7.0
Godavari Krishna Co-operative Society,4.7,193.0,Financial Services,Vijayawada,108.0,63.0,6.0,1.0
Fabtech Projects & Engineers,3.9,193.0,Engineering & Construction,Pune,829.0,16.0,5.0,11.0
Givaudan,4.0,193.0,Beauty & Personal Care,Pune,1100.0,7.0,0.0,32.0
Inteva Products,3.6,193.0,Auto Components,Bengaluru,1200.0,19.0,9.0,21.0
Value Rcm Solutions,4.1,193.0,Analytics & KPO,Kolkata,402.0,33.0,2.0,11.0
Al-Futtaim Group,3.8,193.0,Retail,Dubai,523.0,12.0,0.0,33.0
Saatvik Green Energy,4.0,193.0,Power,Ambala,747.0,14.0,2.0,4.0
Stedman Pharmaceuticals,4.1,193.0,Pharma,Chennai,353.0,27.0,7.0,23.0
The Chennai Silks,3.5,193.0,Fashion & Textile,Coimbatore,813.0,10.0,0.0,11.0
Dmi Housing Finance,4.1,193.0,Financial Services,New Delhi,602.0,8.0,0.0,11.0
Paisalo Digital,3.5,193.0,NBFC,New Delhi,452.0,17.0,1.0,5.0
Panchshil Realty,4.3,193.0,Real Estate,Pune,980.0,14.0,0.0,15.0
Dew Solutions,3.4,193.0,IT Services & Consulting,Gurugram,1200.0,23.0,2.0,20.0
Government of Bihar,3.5,193.0,Government,Patna,547.0,2.0,0.0,11.0
Primus Techsystems,3.4,193.0,IT Services & Consulting,Pune,1300.0,10.0,9.0,12.0
Zeon Lifesciences Ltd.,3.9,193.0,Fitness & Wellness,Paonta Sahib,721.0,42.0,13.0,17.0
Toto India Industries,3.7,193.0,Building Material,Vadodara,665.0,9.0,7.0,18.0
Param Renewable Energy,3.8,193.0,Power,Bengaluru,529.0,18.0,0.0,15.0
Abellon Clean Energy,3.0,193.0,Other,Ahmedabad,864.0,4.0,9.0,17.0
Knoldus Inc,3.8,192.0,IT Services & Consulting,Noida,485.0,21.0,0.0,29.0
Sheth Creators,3.2,192.0,Real Estate,Mumbai,768.0,9.0,0.0,15.0
Code Brew Labs,3.2,192.0,IT Services & Consulting,Chandigarh,734.0,16.0,0.0,32.0
Reventics,3.8,192.0,Healthcare,Hyderabad,888.0,16.0,0.0,19.0
Vivimed Labs,3.2,192.0,Chemicals,Hyderabad,844.0,11.0,4.0,15.0
An Pharmaceuticals,4.4,192.0,Pharma,New Delhi,154.0,34.0,5.0,31.0
HPM Chemicals & Fertilizers,4.1,192.0,Agro Chemicals,New Delhi,458.0,10.0,0.0,97.0
Dr. Willmar Schwabe India,3.9,192.0,Healthcare,Noida,503.0,10.0,1.0,16.0
Euronet Worldwide,3.5,192.0,FinTech,Mumbai,1300.0,15.0,5.0,17.0
NIMS University,3.1,192.0,Education & Training,Jaipur,755.0,16.0,0.0,10.0
Adcock Ingram,3.9,192.0,Pharma,Bengaluru,853.0,11.0,0.0,13.0
Excel Industries,3.9,192.0,Agro Chemicals,Mumbai,964.0,16.0,11.0,11.0
NTC Logistics India,4.0,192.0,Logistics,Chennai,926.0,17.0,6.0,17.0
Minda Stoneridge Instruments,3.1,192.0,Auto Components,Pune,939.0,19.0,0.0,6.0
Blue Tokai Coffee Roasters,3.8,192.0,Hospitality,New Delhi,699.0,11.0,10.0,16.0
Radiant Appliances,4.2,192.0,Electronics Manufacturing,Hyderabad,735.0,14.0,1.0,19.0
Four Seasons Hotel,3.9,192.0,Hospitality,Mumbai,606.0,9.0,11.0,39.0
Manikaran Power Limited,3.5,192.0,Power,New Delhi,748.0,28.0,1.0,13.0
Apollo Telehealth Services,3.9,192.0,Healthcare,Hyderabad,668.0,12.0,0.0,20.0
Empower Pragati,3.5,192.0,Education & Training,New Delhi,465.0,12.0,3.0,13.0
Kumar Organic Products,3.4,192.0,Chemicals,Bengaluru,912.0,17.0,7.0,14.0
Nabard Consultancy Services,3.5,192.0,Management Consulting,New Delhi,523.0,18.0,1.0,7.0
NMTronics India Private Limited,3.1,192.0,Electronics Manufacturing,Noida,507.0,33.0,2.0,12.0
i-Source Infosystems,3.6,192.0,IT Services & Consulting,Pune,822.0,9.0,2.0,5.0
Capline Services,4.0,192.0,Healthcare,Noida,745.0,35.0,4.0,20.0
Tonglit Autogistic,3.6,192.0,Logistics,Chennai,747.0,18.0,3.0,14.0
Ecolab Digital Center,3.4,192.0,Chemicals,Bengaluru,1700.0,26.0,0.0,7.0
EbixCash Financial Technologies,2.7,191.0,IT Services & Consulting,Pune,1200.0,6.0,12.0,8.0
InfoService,4.1,191.0,IT Services & Consulting,Bengaluru,1000.0,37.0,0.0,2.0
Hubergroup,3.9,191.0,Chemicals,Vapi,898.0,7.0,38.0,14.0
Carwale,3.3,191.0,Internet,Mumbai,1100.0,49.0,19.0,23.0
Cheema Boilers,4.0,191.0,Industrial Machinery,Sahibzada Ajit Singh Nagar,778.0,12.0,9.0,12.0
Virinchi Technologies,3.0,191.0,IT Services & Consulting,Hyderabad,1100.0,20.0,0.0,8.0
CIGNEX,3.8,191.0,IT Services & Consulting,Bengaluru,1200.0,10.0,1.0,20.0
Ilensys Technologies,4.1,191.0,Engineering & Construction,Hyderabad,1100.0,28.0,56.0,8.0
Amtex Systems,3.2,191.0,IT Services & Consulting,Chennai,1100.0,17.0,1.0,1.0
ARC Document Solutions,2.7,191.0,Printing & Publishing,Kolkata,836.0,18.0,6.0,15.0
Edunext Technologies,3.3,191.0,EdTech,Noida,607.0,17.0,7.0,11.0
FACE Prep,3.9,195.0,,Coimbatore,336.0,52.0,1.0,26.0
Cyient DLM,3.8,191.0,,Hyderabad,843.0,11.0,0.0,11.0
DesignCafe,3.3,192.0,Architecture & Interior Design,Bengaluru,1200.0,13.0,30.0,11.0
Gameskraft,4.2,191.0,Software Product,Bengaluru,1400.0,19.0,1.0,6.0
HLE Glascoat,3.2,191.0,Industrial Machinery,Anand,825.0,7.0,0.0,13.0
CloudMoyo,4.0,191.0,Software Product,Pune,1200.0,8.0,1.0,44.0
Solverminds Solutions and Technologies,3.2,191.0,IT Services & Consulting,Chennai,1400.0,21.0,0.0,7.0
Theon Pharmaceuticals,3.8,191.0,Pharma,Baddi,791.0,16.0,9.0,15.0
Profinch Solutions,3.6,191.0,FinTech,Bengaluru,1500.0,21.0,0.0,9.0
GoMechanic,3.3,191.0,Internet,Gurugram,2000.0,55.0,8.0,25.0
Biesse Manufacturing,3.6,191.0,Architecture & Interior Design,Bengaluru,942.0,18.0,0.0,17.0
Oliva Skin and Hair Clinics,3.8,191.0,Healthcare,Hyderabad,640.0,14.0,11.0,28.0
Appsquadz Software,4.0,191.0,IT Services & Consulting,Noida,869.0,24.0,1.0,13.0
Auto Ignition,3.7,191.0,Auto Components,Faridabad,678.0,9.0,2.0,21.0
Thriveni Sainik Mining,4.3,191.0,Metals & Mining,Hazaribag,622.0,30.0,1.0,11.0
AMBITION JOB,4.3,190.0,Recruitment,Hyderabad,78.0,57.0,0.0,26.0
Radheya Machining,3.5,190.0,Industrial Machinery,Pune,682.0,10.0,15.0,19.0
Systopic Laboratories,4.4,190.0,Pharma,New Delhi,365.0,5.0,94.0,28.0
Gnrc Hospital,3.6,190.0,Healthcare,Guwahati,642.0,15.0,0.0,11.0
Nuance Transcription Services,4.1,190.0,IT Services & Consulting,Bengaluru,525.0,1.0,0.0,22.0
R-Logic Technology Services,4.1,190.0,IT Services & Consulting,Bengaluru,587.0,13.0,1.0,24.0
ICT Service Management Solutions,3.4,190.0,IT Services & Consulting,Bengaluru,621.0,4.0,1.0,19.0
INFRES METHODEX,3.5,190.0,Industrial Automation,New Delhi,574.0,7.0,0.0,8.0
CPC Diagnostics,3.8,190.0,Medical Equipment,Chennai,632.0,12.0,0.0,12.0
Azure Hospitality,4.0,190.0,Hospitality,New Delhi,575.0,11.0,0.0,31.0
INDIA TODAY GROUP,3.6,190.0,Media & Entertainment,Noida,1200.0,12.0,0.0,20.0
SEG Automotive,4.1,190.0,Auto Components,Bengaluru,1200.0,11.0,0.0,15.0
Mitsuba,3.7,190.0,Auto Components,Gurugram,749.0,6.0,2.0,18.0
Stumpp Schuele & Somappa Springs,3.3,190.0,Industrial Machinery,Bengaluru,731.0,10.0,2.0,16.0
Eicher Trucks and Buses,4.6,190.0,Automobile,Indore,584.0,12.0,0.0,26.0
RattanIndia Power,3.4,190.0,Power,Amravati,742.0,15.0,14.0,19.0
AMS Comtel BPMS,3.2,190.0,IT Services & Consulting,New Delhi,768.0,10.0,6.0,11.0
Google Maps,4.8,190.0,Internet,Hyderabad,158.0,21.0,0.0,4.0
SPJ group,4.0,190.0,Real Estate,New Delhi,198.0,16.0,7.0,10.0
Kanerika Software,4.2,190.0,IT Services & Consulting,Hyderabad,566.0,7.0,9.0,2.0
Apollo Spectra Hospitals,4.4,190.0,Healthcare,New Delhi,488.0,17.0,0.0,15.0
Transcom India,2.3,190.0,BPO,Gurugram,841.0,22.0,2.0,8.0
Starworth Infrastructure Construction,3.6,190.0,Engineering & Construction,Bengaluru,767.0,12.0,7.0,7.0
CapitalVia,3.9,190.0,Analytics & KPO,Indore,377.0,48.0,0.0,23.0
Kiran Foreign Trade,3.0,189.0,Software Product,Sahibzada Ajit Singh Nagar,833.0,25.0,3.0,21.0
Relyon Softech,4.0,189.0,Software Product,Bengaluru,915.0,20.0,0.0,16.0
The Hindu Group,3.9,189.0,Printing & Publishing,Chennai,936.0,10.0,4.0,14.0
Kimbal Private Limited,3.3,189.0,Power,New Delhi,599.0,18.0,0.0,12.0
C.G. Marketing,3.9,192.0,Marketing & Advertising,Pune,537.0,4.0,0.0,21.0
Nandi Toyota,3.9,189.0,Automobile,Bengaluru,545.0,17.0,0.0,20.0
Cornerstone OnDemand,3.3,189.0,Software Product,Pune,1800.0,37.0,11.0,9.0
Abu Dhabi National Hotels,4.0,189.0,Hospitality,Abu Dhabi,285.0,10.0,0.0,36.0
Massive Restaurants,3.9,189.0,Hospitality,New Delhi,635.0,3.0,0.0,18.0
SAT n paper,4.3,189.0,,New Delhi,155.0,27.0,2.0,2.0
O2 Power,4.5,189.0,Power,Gurugram,523.0,8.0,5.0,4.0
Phenix Construction Technologies,3.9,189.0,Engineering & Construction,Ahmedabad,788.0,16.0,0.0,32.0
Trinity Mobility,3.0,189.0,IT Services & Consulting,Bengaluru,1200.0,15.0,2.0,28.0
Holy Family Hospital,3.5,189.0,Healthcare,New Delhi,694.0,8.0,37.0,11.0
Advantage One Tax Consulting,4.0,189.0,Financial Services,Hyderabad,532.0,11.0,0.0,15.0
Cinda Engineering & Construction,4.1,189.0,Engineering & Construction,Noida,767.0,17.0,0.0,10.0
Jayem Automotives,3.4,189.0,Auto Components,Coimbatore,759.0,10.0,1.0,11.0
Swipewire Technologies,3.8,189.0,Software Product,Chennai,1100.0,22.0,0.0,4.0
Accutest Research Laboratories,3.3,189.0,Clinical Research,Mumbai,742.0,7.0,0.0,15.0
Sagar Hospital,4.2,190.0,Healthcare,Bengaluru,629.0,6.0,4.0,15.0
All India Council Technical Education,4.4,189.0,,New Delhi,211.0,10.0,0.0,5.0
SBL Knowledge Services,2.9,189.0,IT Services & Consulting,Madurai,970.0,17.0,0.0,10.0
Symed Labs,3.7,189.0,Pharma,Hyderabad,655.0,8.0,3.0,13.0
Saraca Solutions,4.1,190.0,IT Services & Consulting,Noida,583.0,28.0,49.0,22.0
Miraj Group,4.0,188.0,Printing & Publishing,Udaipur,773.0,14.0,1.0,15.0
Raptim Research,4.4,188.0,Clinical Research,Mumbai,911.0,14.0,0.0,14.0
Karuna Greentech,4.5,188.0,Electrical Equipment,Kolkata,132.0,2.0,0.0,4.0
Hindustan Media Ventures,3.6,188.0,Printing & Publishing,Patna,603.0,6.0,0.0,7.0
Fortune Marketing,3.6,188.0,Hardware & Networking,New Delhi,847.0,12.0,0.0,5.0
Gangavaram Port,3.3,188.0,Ports & Shipping,Visakhapatnam,605.0,12.0,0.0,7.0
Jarvis Technology and Strategy Consulting,3.2,188.0,Management Consulting,New Delhi,819.0,24.0,0.0,8.0
Arvind Smartspaces Limited,3.6,189.0,Real Estate,Ahmedabad,726.0,16.0,0.0,12.0
Anand Rathi Wealth Limited,3.1,190.0,Financial Services,Mumbai,1300.0,25.0,0.0,7.0
Mentorsity,4.4,188.0,EdTech,New Delhi,58.0,12.0,0.0,29.0
Bajaj Steel Industries,3.4,188.0,Industrial Machinery,Nagpur,1100.0,13.0,1.0,10.0
Cogniter Technologies,3.5,188.0,IT Services & Consulting,Hyderabad,2600.0,20.0,4.0,18.0
Gunnebo,3.8,188.0,Defence & Aerospace,Vadodara,808.0,12.0,9.0,15.0
S V S Projects India,3.1,188.0,Engineering & Construction,Hyderabad,601.0,11.0,0.0,13.0
Ess Kay Group,3.6,188.0,Industrial Machinery,Gurugram,634.0,13.0,1.0,5.0
Prgx India,3.2,188.0,Accounting & Auditing,Pune,1300.0,15.0,68.0,23.0
Teleminds Infotech,2.7,188.0,BPO,Kolkata,660.0,13.0,4.0,20.0
DSM SOFT,2.9,188.0,IT Services & Consulting,Tiruchirappalli,817.0,13.0,0.0,12.0
Micromatic Grinding Technologies,4.0,188.0,Industrial Machinery,Ghaziabad,746.0,10.0,8.0,22.0
Naresh i Technologies,4.0,188.0,IT Services & Consulting,Hyderabad,676.0,14.0,8.0,5.0
Walstar Technologies,4.1,188.0,IT Services & Consulting,Kolhapur,490.0,27.0,12.0,10.0
IFB Agro Industries,4.0,188.0,Beverage,Kolkata,700.0,8.0,0.0,26.0
APAC Financial Services,4.1,188.0,Financial Services,Mumbai,544.0,10.0,42.0,4.0
Ansal Api,3.9,188.0,Real Estate,New Delhi,480.0,12.0,0.0,10.0
Solex Energy,4.7,188.0,Power,Surat,289.0,30.0,1.0,4.0
Inspiredge IT Solutions,3.9,188.0,IT Services & Consulting,Visakhapatnam,1000.0,12.0,3.0,25.0
Open Financial Technologies Private Limited,3.3,188.0,FinTech,Bengaluru,1200.0,28.0,2.0,4.0
Savills,3.6,188.0,Real Estate,Bengaluru,1200.0,16.0,4.0,11.0
Toyota Boshoku Automotive,4.1,188.0,Auto Components,Bengaluru,767.0,5.0,9.0,13.0
Mangal Industries,3.8,188.0,Auto Components,Tirupati,771.0,9.0,0.0,10.0
D'Decor Home Fabrics,4.0,188.0,Fashion & Textile,Mumbai,984.0,17.0,4.0,12.0
Jaslok Hospital and Research Centre,4.1,188.0,Healthcare,Mumbai,756.0,9.0,7.0,18.0
Psychotropics India,3.9,188.0,Pharma,Haridwar,656.0,3.0,1.0,12.0
Burman Hospitality,3.8,188.0,Hospitality,New Delhi,633.0,10.0,12.0,16.0
PPMS Field Marketing,3.8,189.0,Marketing & Advertising,Chennai,533.0,11.0,0.0,6.0
Celon Laboratories,3.3,188.0,Pharma,Hyderabad,805.0,9.0,7.0,12.0
Denso Ten Minda India,4.0,188.0,Auto Components,Bawal,755.0,16.0,0.0,13.0
Magnit Global,3.4,188.0,Software Product,Vadodara,809.0,18.0,0.0,1.0
Virbac Animal Health,3.9,187.0,Pharma,Mumbai,403.0,6.0,0.0,19.0
Volante Technologies,3.3,187.0,FinTech,Chennai,1500.0,19.0,2.0,17.0
ASK-EHS Engineering & Consultants,3.5,187.0,Engineering & Construction,Surat,626.0,12.0,0.0,14.0
Bambino Agro Industries,3.8,187.0,Food Processing,Hyderabad,763.0,8.0,1.0,16.0
Indian Council of Medical Research,4.3,187.0,Healthcare,New Delhi,724.0,7.0,0.0,5.0
VAYA Finserv,4.0,187.0,Financial Services,Hyderabad,450.0,11.0,0.0,17.0
HEUBACH Colour,4.0,187.0,Chemicals,Ankleshwar,916.0,11.0,8.0,20.0
Apollo Supply Chain,3.8,187.0,Logistics,Gurugram,668.0,13.0,3.0,4.0
Cyntexa,4.0,187.0,IT Services & Consulting,Jaipur,591.0,41.0,48.0,17.0
Bentley Systems,4.1,187.0,Software Product,Pune,1400.0,22.0,17.0,25.0
KPI Partners,3.6,187.0,IT Services & Consulting,Hyderabad,991.0,20.0,58.0,24.0
Mansukh Securities & Finance,3.1,187.0,Financial Services,Ahmedabad,899.0,24.0,2.0,6.0
GUVI,3.5,187.0,EdTech,Chennai,886.0,30.0,6.0,5.0
SmartQ - Bottle Lab Technologies,4.0,188.0,Software Product,Bengaluru,1100.0,24.0,77.0,14.0
Source One Management Services,3.4,187.0,IT Services & Consulting,Bengaluru,796.0,23.0,0.0,11.0
DavaIndia,3.6,187.0,,Kolkata,545.0,18.0,0.0,5.0
iQuanti,4.0,187.0,Marketing & Advertising,Bengaluru,1100.0,18.0,21.0,16.0
The Pride Hotel,3.3,187.0,Hospitality,Pune,716.0,10.0,1.0,20.0
Lennox India Technology Centre,3.6,187.0,Industrial Machinery,Chennai,1100.0,27.0,46.0,17.0
Bajaj Financial Securities,4.2,187.0,Financial Services,Pune,530.0,20.0,47.0,5.0
Rane Group,3.9,187.0,Auto Components,Chennai,759.0,14.0,0.0,19.0
Experian,3.8,187.0,FinTech,Hyderabad,2400.0,28.0,151.0,11.0
U.S. Polo Assn,4.4,187.0,Retail,Bengaluru,505.0,9.0,0.0,15.0
Stantec,3.8,187.0,Engineering & Construction,Pune,1400.0,30.0,15.0,8.0
NeST Digital,3.5,187.0,IT Services & Consulting,Kochi,1400.0,20.0,115.0,5.0
Epimoney,3.3,187.0,Financial Services,Mumbai,917.0,19.0,23.0,3.0
International Travel House,3.8,187.0,Travel & Tourism,New Delhi,635.0,6.0,5.0,22.0
Admiral Solutions,3.1,187.0,IT Services & Consulting,New Delhi,1000.0,12.0,0.0,12.0
SmartSchool Education,4.6,187.0,EdTech,Noida,443.0,48.0,1.0,49.0
CleanMax Enviro Energy Solutions,4.4,187.0,Power,Mumbai,890.0,22.0,50.0,7.0
Digital Web Solutions,3.7,187.0,IT Services & Consulting,Gurugram,692.0,21.0,42.0,3.0
Kenvue,3.5,187.0,Beauty & Personal Care,Bengaluru,1400.0,9.0,43.0,1.0
Aptonline,3.3,187.0,IT Services & Consulting,Hyderabad,1100.0,7.0,0.0,17.0
Lithium Urban Technologies,3.5,187.0,Urban Transport,Bengaluru,705.0,9.0,2.0,5.0
Private Practice,4.4,187.0,,New Delhi,3300.0,16.0,0.0,8.0
"L&T Construction, Mining and Industrial Machinery",4.0,187.0,Industrial Machinery,Bengaluru,376.0,10.0,0.0,95.0
AlmaBetter,3.6,187.0,,Bengaluru,765.0,23.0,0.0,1.0
S kant Healthcare Ltd,4.6,186.0,Pharma,Vapi,534.0,9.0,4.0,8.0
Sadhu Forging,3.6,186.0,Industrial Machinery,Faridabad,769.0,15.0,3.0,11.0
Donear Industries,3.3,186.0,Fashion & Textile,Mumbai,838.0,8.0,6.0,7.0
Essencea Infoserv,2.7,186.0,BPO,Hyderabad,512.0,18.0,0.0,2.0
Ican BPO,4.4,186.0,BPO,Thane,237.0,3.0,0.0,15.0
FreshersNow,3.9,186.0,,Hyderabad,226.0,57.0,0.0,5.0
Arabtec Construction,4.2,186.0,Engineering & Construction,New Delhi,425.0,5.0,0.0,26.0
JK Agri Genetics,3.5,186.0,Biotechnology,Hyderabad,436.0,8.0,0.0,17.0
Target Engineering Construction Company,3.9,186.0,Engineering & Construction,Abu Dhabi,508.0,12.0,0.0,14.0
M*Modal,3.6,186.0,IT Services & Consulting,Bengaluru,463.0,2.0,0.0,33.0
MaxVal Group,3.1,186.0,IT Services & Consulting,Coimbatore,1100.0,22.0,0.0,9.0
Epp Composites,3.3,186.0,Industrial Machinery,Rajkot,697.0,69.0,10.0,7.0
Valiant Organics,3.5,186.0,Chemicals,Bharuch,972.0,8.0,6.0,9.0
Enterslice,3.8,186.0,FinTech,Noida,536.0,26.0,11.0,15.0
Trellix,3.3,187.0,Software Product,Bengaluru,1600.0,24.0,0.0,3.0
Rajhans Group of Industries,4.2,186.0,Real Estate,Surat,513.0,23.0,7.0,14.0
Architect Hafeez Contractor,3.0,186.0,Architecture & Interior Design,Mumbai,521.0,12.0,0.0,7.0
Grupo Bimbo,3.5,186.0,FMCG,New Delhi,918.0,12.0,0.0,5.0
Vmoksha Technologies,4.5,186.0,IT Services & Consulting,Bengaluru,535.0,24.0,0.0,6.0
NSL Sugars,4.1,186.0,Food Processing,Hyderabad,569.0,7.0,10.0,11.0
Ghatge Patil Industries,3.8,186.0,Industrial Machinery,Kolhapur,910.0,3.0,6.0,7.0
TPF Engineering,3.7,186.0,Engineering & Construction,Mumbai,629.0,19.0,17.0,19.0
Cadmaxx Solutions,3.5,186.0,IT Services & Consulting,Bengaluru,784.0,18.0,16.0,6.0
Reliance Smart Point,4.2,186.0,,Kolkata,411.0,22.0,0.0,10.0
Carryfast group,3.5,186.0,Logistics,Indore,619.0,11.0,2.0,5.0
WNS Denali,3.4,186.0,Management Consulting,Pune,746.0,26.0,0.0,6.0
Zuari Agro Chemicals,3.8,186.0,Agro Chemicals,Vasco Da Gama,627.0,7.0,0.0,19.0
Bharat Benz,4.3,186.0,Automobile,Chennai,569.0,12.0,0.0,24.0
Kutch Copper,3.7,186.0,Metals & Mining,Mundra,680.0,9.0,0.0,2.0
Hindustan Platinum,3.4,186.0,Metals & Mining,Mumbai,1200.0,21.0,10.0,18.0
Eurofins Advinus,3.5,186.0,Pharma,Bengaluru,1200.0,9.0,11.0,8.0
Proventech,4.2,186.0,Software Product,Hyderabad,453.0,11.0,10.0,3.0
Sulphur Mills,3.5,186.0,Agro Chemicals,Mumbai,841.0,13.0,9.0,22.0
Supple Tek Industries,3.5,186.0,Food Processing,Amritsar,540.0,17.0,6.0,9.0
GVK Group,3.7,186.0,Engineering & Construction,Hyderabad,717.0,12.0,0.0,14.0
APOLLO POWER SYSTEMS,3.8,186.0,Electrical Equipment,Bengaluru,586.0,16.0,11.0,12.0
Birdeye,3.1,186.0,Marketing & Advertising,Gurugram,1100.0,30.0,23.0,9.0
Towell Engineering Group,3.6,185.0,Engineering & Construction,Muscat,504.0,10.0,0.0,32.0
Tata Memorial Hospital,4.1,185.0,Healthcare,Mumbai,621.0,12.0,0.0,18.0
RT Network Solutions,3.5,185.0,IT Services & Consulting,Kolkata,609.0,14.0,3.0,9.0
Crif Solutions,3.1,185.0,FinTech,Pune,1300.0,24.0,13.0,19.0
SeQuent Scientific,3.7,185.0,Pharma,Mumbai,734.0,3.0,0.0,13.0
Arwade Infrastructure,3.9,185.0,Engineering & Construction,Pune,548.0,10.0,0.0,12.0
Fangs Technology,3.9,185.0,Consumer Electronics & Appliances,Chennai,765.0,7.0,0.0,13.0
Labtron Equipment,3.5,185.0,,Hyderabad,305.0,24.0,0.0,2.0
Appiness Interactive,4.3,185.0,IT Services & Consulting,Bengaluru,626.0,10.0,23.0,2.0
Tech Vedhu,4.5,185.0,,Bengaluru,21.0,12.0,1.0,22.0
Translumina Therapeutics,3.3,185.0,Healthcare,New Delhi,612.0,10.0,1.0,56.0
Heavy Engineering Corporation,3.6,185.0,Engineering & Construction,Ranchi,717.0,11.0,0.0,21.0
Simplify3x Software,3.9,185.0,Software Product,Bengaluru,1300.0,17.0,4.0,1.0
Unify Technologies,2.8,185.0,IT Services & Consulting,Hyderabad,1300.0,29.0,57.0,19.0
Goibibo,2.6,185.0,Travel & Tourism,Gurugram,789.0,11.0,17.0,18.0
Intense Technologies,3.6,185.0,IT Services & Consulting,Hyderabad,1300.0,12.0,9.0,18.0
Dar Al Handasah Consultants Shair And Partners,3.0,185.0,Engineering & Construction,Pune,1100.0,19.0,9.0,6.0
General Diagnostics International Private Limited,3.1,185.0,Healthcare,Mumbai,608.0,20.0,12.0,7.0
Vastu Finserve,4.1,185.0,NBFC,New Delhi,463.0,5.0,11.0,1.0
Axa Parenterals,3.8,185.0,Medical Equipment,Roorkee,764.0,21.0,1.0,17.0
W3Global,3.2,185.0,Recruitment,Hyderabad,990.0,21.0,0.0,8.0
Ring Plus Aqua,4.1,185.0,Auto Components,Nashik,691.0,14.0,0.0,10.0
Birla Cellulose,3.6,185.0,Pulp & Paper,Bharuch,753.0,14.0,0.0,17.0
Cloudstrats Technologies,3.1,185.0,IT Services & Consulting,Mumbai,367.0,17.0,7.0,12.0
Asianet Satellite Communications,4.4,185.0,Internet,Thiruvananthapuram,565.0,23.0,1.0,12.0
Ananda Dairy,3.8,185.0,Agriculture,Noida,606.0,13.0,1.0,8.0
Fichtner Consulting Engineers,3.7,185.0,Engineering & Construction,Chennai,800.0,18.0,10.0,7.0
Allset Business Solutions,3.7,185.0,BPO,Chennai,1000.0,15.0,0.0,8.0
Celio Future Fashion,4.3,184.0,Retail,Mumbai,403.0,5.0,0.0,16.0
Incrementors Web Solutions,3.8,184.0,Financial Services,New Delhi,194.0,25.0,0.0,48.0
Oxford University Press,3.2,184.0,Printing & Publishing,New Delhi,954.0,8.0,34.0,19.0
Anytime Fitness,3.5,184.0,Fitness & Wellness,New Delhi,768.0,14.0,0.0,13.0
TalentServe,2.0,184.0,Software Product,Mumbai,124.0,25.0,0.0,2.0
Reliance Corporate IT Park,4.0,184.0,,Mumbai,718.0,8.0,0.0,20.0
Hyundai Heavy Industries,3.4,184.0,Industrial Machinery,Pune,380.0,11.0,0.0,30.0
Dr Shroff Charity Eye Hospital,3.8,184.0,Healthcare,New Delhi,463.0,8.0,16.0,14.0
Market Xcel Data Matrix,2.7,184.0,Analytics & KPO,New Delhi,642.0,12.0,1.0,10.0
RPP Infra Projects,3.9,184.0,Engineering & Construction,Chennai,790.0,25.0,0.0,7.0
Oswal Group,3.8,184.0,Fashion & Textile,Ludhiana,695.0,12.0,6.0,3.0
Jar,4.4,184.0,FinTech,Bengaluru,445.0,42.0,11.0,34.0
Polyplastics,3.7,184.0,Petrochemicals,Ahmedabad,887.0,4.0,0.0,10.0
Aurus,2.7,184.0,FinTech,Pune,1400.0,31.0,2.0,12.0
Electronics Mart India,3.5,184.0,Retail,Hyderabad,699.0,18.0,3.0,3.0
Graygraph Technologies Private Limited,4.2,184.0,IT Services & Consulting,Noida,626.0,34.0,7.0,2.0
Careers360,2.9,184.0,Education & Training,Gurugram,1100.0,18.0,0.0,11.0
OneAdvanced,2.7,184.0,IT Services & Consulting,Bengaluru,1000.0,20.0,4.0,2.0
Anthea Pharma,4.0,184.0,Pharma,Hyderabad,549.0,36.0,9.0,6.0
All Time Plastics,4.0,184.0,Petrochemicals,Mumbai,779.0,6.0,4.0,10.0
National Aerospace Laboratories,4.3,184.0,Defence & Aerospace,Bengaluru,801.0,14.0,0.0,27.0
Novopor Advanced Science,4.0,184.0,Chemicals,Visakhapatnam,870.0,12.0,7.0,9.0
GD Goenka University,3.4,184.0,Education & Training,Gurugram,773.0,14.0,10.0,15.0
Gpt Infraprojects,3.9,184.0,Engineering & Construction,Kolkata,554.0,7.0,1.0,12.0
C-quel Management Services,4.2,184.0,Accounting & Auditing,Kolkata,213.0,13.0,0.0,79.0
Bengal Energy,3.8,184.0,Power,Kharagpur,636.0,11.0,0.0,8.0
Maksat Technologies,3.4,184.0,Telecom,New Delhi,595.0,10.0,0.0,15.0
Glatt Systems,3.7,184.0,Pharma,Pune,1100.0,14.0,1.0,18.0
Cashfree Payments,2.9,184.0,FinTech,Bengaluru,1700.0,26.0,52.0,6.0
Cytecare Cancer Hospital,4.5,184.0,Healthcare,Bengaluru,462.0,14.0,7.0,11.0
KRG Technologies,4.4,184.0,IT Services & Consulting,Chennai,625.0,23.0,0.0,15.0
Maschio Gaspardo,3.8,184.0,Industrial Machinery,Pune,751.0,13.0,7.0,26.0
Healthplix Technologies,3.0,184.0,Fitness & Wellness,Bengaluru,1100.0,29.0,8.0,14.0
Fiat Chrysler Automobiles,3.7,183.0,Automobile,Chennai,1100.0,8.0,2.0,26.0
Ayoki Fabricon,3.9,183.0,Engineering & Construction,Pune,722.0,7.0,14.0,13.0
Monginis Foods,3.4,183.0,Hospitality,Mumbai,705.0,9.0,0.0,17.0
Nippon Konpo,4.0,183.0,Logistics,Gurugram,557.0,9.0,0.0,11.0
Country Holidays Travel Chennai,3.9,183.0,Travel & Tourism,Noida,62.0,466.0,0.0,1.0
Childline India Foundation,4.3,183.0,Non-Profit,Mumbai,394.0,8.0,0.0,25.0
Kamdhenu,3.6,183.0,Building Material,Gurugram,542.0,10.0,5.0,14.0
Sharda Hospital,3.8,183.0,Healthcare,Greater Noida,731.0,12.0,0.0,11.0
MSL Driveline Systems,4.3,183.0,Auto Components,Nashik,654.0,3.0,0.0,16.0
Freyr Energy Services,3.7,184.0,Power,Hyderabad,613.0,12.0,114.0,8.0
Drishti IAS,4.1,183.0,EdTech,New Delhi,402.0,43.0,0.0,35.0
Ravi Foods,3.8,183.0,Food Processing,Hyderabad,595.0,9.0,0.0,16.0
GDX Group,4.1,183.0,Law Enforcement & Security,New Delhi,487.0,4.0,0.0,7.0
Bonanza Portfolio,3.4,183.0,Financial Services,Mumbai,873.0,12.0,25.0,7.0
Som Projects (S.P.L),3.7,183.0,Engineering & Construction,New Delhi,660.0,17.0,4.0,7.0
Wanfeng Aluminum Wheel,3.6,183.0,Industrial Machinery,Bawal,581.0,7.0,0.0,18.0
Global Hospital Pune India,3.9,183.0,Healthcare,Mumbai,546.0,7.0,0.0,27.0
Amgen,2.9,183.0,Biotechnology,Hyderabad,2800.0,30.0,871.0,9.0
Accurate Engineering Company,3.2,183.0,Industrial Machinery,Pune,919.0,11.0,12.0,16.0
Qube Cinema Technologies,3.7,184.0,Media & Entertainment,Chennai,838.0,8.0,95.0,19.0
Gangar Eyenation,3.8,183.0,Retail,Mumbai,516.0,11.0,38.0,17.0
Regal Rexnord Corporation,3.5,183.0,Industrial Machinery,Hyderabad,1100.0,19.0,42.0,5.0
Mepro Pharmaceuticals,3.7,183.0,Pharma,Vadodara,882.0,16.0,0.0,13.0
Deccan Cements,4.0,183.0,Building Material,Hyderabad,697.0,11.0,2.0,10.0
Dr ITM,3.0,183.0,BPO,Jaipur,507.0,12.0,1.0,9.0
Ruparel Realty,3.8,183.0,Real Estate,Mumbai,726.0,15.0,12.0,8.0
Dentsu Communications,3.2,183.0,Marketing & Advertising,Pune,1800.0,11.0,0.0,1.0
Hitek Syndicate,3.5,183.0,Banking,New Delhi,452.0,8.0,0.0,5.0
Swelect Energy Systems,4.0,183.0,Electrical Equipment,Chennai,524.0,15.0,0.0,9.0
Corrtech International,3.1,183.0,Engineering & Construction,Ahmedabad,713.0,3.0,2.0,6.0
ObjectWin Technology,3.6,183.0,Recruitment,Bengaluru,1100.0,12.0,0.0,5.0
Sistema Shyam Teleservices,4.2,183.0,Telecom,Gurugram,242.0,0.0,0.0,29.0
Techugo,3.6,183.0,Software Product,Noida,491.0,18.0,9.0,6.0
Aster Cmi Hospital,3.9,184.0,Healthcare,Bengaluru,635.0,13.0,0.0,17.0
cFIRST,3.9,183.0,Recruitment,Ahmedabad,677.0,7.0,2.0,36.0
IPL Biologicals,4.0,183.0,Agriculture,Gurugram,657.0,18.0,9.0,11.0
Radix Electrosystems,3.4,183.0,Electronics Manufacturing,Mumbai,814.0,16.0,6.0,9.0
Express Roadways,3.5,183.0,Logistics,New Delhi,731.0,9.0,3.0,9.0
ANEWA Engineering,3.8,183.0,Engineering & Construction,Hyderabad,947.0,4.0,31.0,16.0
Sitics Logistic Solutions,3.1,183.0,Financial Services,Palakkad,658.0,9.0,11.0,4.0
Laminaar Aviation Infotech,2.6,182.0,IT Services & Consulting,Bengaluru,1100.0,17.0,0.0,14.0
Impresario Entertainment & Hospitality,4.2,182.0,Hospitality,Mumbai,619.0,6.0,1.0,22.0
Jagatjit Industries,3.6,182.0,Beverage,Jalandhar,592.0,6.0,3.0,15.0
Rhenus Logistics,3.4,182.0,Logistics,Mumbai,976.0,13.0,1.0,9.0
Traya Health,3.5,182.0,Fitness & Wellness,Mumbai,555.0,38.0,12.0,2.0
Jai Kisan,3.2,182.0,Internet,Mumbai,568.0,15.0,0.0,6.0
Wepsol,3.4,182.0,IT Services & Consulting,Bengaluru,835.0,9.0,16.0,12.0
Kolors Healthcare,3.7,182.0,Healthcare,Hyderabad,709.0,16.0,4.0,10.0
Lalitpur Power Generation,4.3,182.0,Power,Lalitpur,632.0,12.0,0.0,14.0
Inox Green Energy Services,4.0,182.0,Electrical Equipment,Rajkot,561.0,13.0,0.0,7.0
NHPC,4.2,182.0,Power,Faridabad,505.0,14.0,0.0,25.0
Shankar Packagings,2.5,182.0,Packaging,Vadodara,849.0,12.0,8.0,11.0
Sunera Technologies,3.6,182.0,IT Services & Consulting,Hyderabad,1700.0,25.0,0.0,18.0
Vitech Systems Asia,3.5,182.0,IT Services & Consulting,Hyderabad,1500.0,7.0,0.0,10.0
Cubastion Consulting,3.0,182.0,IT Services & Consulting,Gurugram,1200.0,22.0,10.0,13.0
Indian School of Business,3.2,182.0,Analytics & KPO,Hyderabad,1100.0,12.0,8.0,15.0
Bhavna Corp.,3.3,182.0,IT Services & Consulting,Noida,1000.0,19.0,0.0,8.0
Solenis,3.7,182.0,Chemicals,Hyderabad,1100.0,23.0,1.0,10.0
Ginger Webs,2.6,182.0,IT Services & Consulting,Noida,1000.0,18.0,3.0,10.0
Nangia & Co. LLP,3.3,182.0,Accounting & Auditing,New Delhi,852.0,23.0,7.0,6.0
Vehere Technologies,4.5,182.0,IT Services & Consulting,Kolkata,322.0,24.0,8.0,10.0
River Engineering,3.7,183.0,Industrial Machinery,Greater Noida,874.0,9.0,5.0,19.0
L&T Infrastructure Development Projects,4.0,182.0,Engineering & Construction,Chennai,1100.0,10.0,0.0,12.0
DESIGNCO,3.9,182.0,Import & Export,Moradabad,738.0,17.0,23.0,15.0
FutureSoft India,3.4,183.0,Software Product,Bengaluru,638.0,16.0,20.0,2.0
Natural Remedies,3.8,182.0,Pharma,Bengaluru,772.0,17.0,7.0,13.0
Indus Motors,4.1,182.0,Automobile,Kochi,646.0,3.0,0.0,14.0
Dayal Group,4.0,182.0,Agriculture,Lucknow,565.0,12.0,20.0,16.0
Cadworks India,4.9,182.0,Design,New Delhi,61.0,10.0,0.0,6.0
Biotech Vision Care,3.6,182.0,Healthcare,Ahmedabad,885.0,17.0,3.0,14.0
Amentum,3.9,182.0,Defence & Aerospace,Bengaluru,271.0,8.0,13.0,31.0
Goldi Solar,4.0,182.0,Power,Surat,906.0,18.0,0.0,5.0
Gopalan Enterprises,4.0,182.0,Real Estate,Bengaluru,726.0,18.0,20.0,11.0
A2Z Infraservices,3.9,182.0,Facility Management Services,New Delhi,458.0,10.0,1.0,17.0
Integrated Enterprises,3.8,182.0,Financial Services,Chennai,673.0,14.0,1.0,8.0
Sterlite Copper,4.1,182.0,Metals & Mining,Thoothukudi,619.0,7.0,0.0,26.0
Divgi Torqtransfer Systems,3.1,182.0,Auto Components,Pune,822.0,10.0,0.0,13.0
BVC Logistics,3.4,182.0,Logistics,Mumbai,705.0,13.0,13.0,21.0
Digamber Finance,4.1,182.0,Financial Services,Jaipur,459.0,12.0,1.0,8.0
Harbinger Systems,3.4,182.0,Software Product,Pune,1200.0,7.0,7.0,14.0
Newtech Medical Devices,3.7,182.0,Medical Equipment,Faridabad,353.0,14.0,11.0,35.0
Maccaferri,3.9,182.0,Real Estate,Gurugram,695.0,11.0,0.0,24.0
Prione Business Services,4.4,181.0,Retail,Bengaluru,813.0,6.0,0.0,45.0
Indian Council of Agricultural Research,3.8,181.0,Education & Training,New Delhi,595.0,8.0,0.0,10.0
ABT Maruti,4.0,181.0,Automobile,Chennai,760.0,3.0,15.0,10.0
Mandovi Motors,3.8,182.0,Auto Components,Bengaluru,568.0,7.0,3.0,15.0
Li & Fung,3.9,181.0,Electrical Equipment,Gurugram,690.0,6.0,3.0,30.0
SNS College of Technology,4.8,181.0,Education & Training,Coimbatore,87.0,56.0,0.0,124.0
Globe Capital Market,3.4,181.0,Investment Banking / Venture Capital / Private Equity,New Delhi,660.0,7.0,2.0,4.0
Kapil Chit Funds,3.9,181.0,FinTech,Hyderabad,378.0,4.0,0.0,18.0
Simpa Energy,4.6,181.0,Power,Noida,318.0,1.0,0.0,22.0
CRED,3.5,181.0,FinTech,Bengaluru,2400.0,45.0,0.0,10.0
Shubham K Mart,4.1,182.0,Retail,Raipur,268.0,68.0,1.0,1.0
GreenCell Mobility,3.6,181.0,Logistics,Mumbai,598.0,13.0,20.0,6.0
Central Institute of Plastics Engineering & Technology,3.8,181.0,Education & Training,Chennai,632.0,4.0,0.0,21.0
Recykal,4.0,182.0,Internet,Hyderabad,887.0,10.0,14.0,4.0
Tynor Orthotics,3.4,181.0,Fitness & Wellness,Sahibzada Ajit Singh Nagar,699.0,16.0,0.0,13.0
Mega Rubber Technologies,3.6,181.0,Auto Components,Gurugram,741.0,11.0,0.0,8.0
PC Financial Services,4.1,181.0,Financial Services,Gurugram,502.0,11.0,0.0,32.0
United Nations Development Programme,4.1,181.0,Non-Profit,New Delhi,523.0,16.0,0.0,13.0
Veeline Industries,4.3,181.0,,Surat,258.0,48.0,0.0,5.0
Wyzmindz Solutions,3.2,181.0,IT Services & Consulting,Bengaluru,664.0,26.0,2.0,7.0
Sandfits Foundries,4.0,181.0,Auto Components,Coimbatore,621.0,35.0,12.0,7.0
Akasa Air,3.3,181.0,Aviation,Mumbai,1100.0,22.0,9.0,3.0
Bobst India,4.0,181.0,Industrial Machinery,Pune,929.0,15.0,4.0,18.0
Aster MIMS,4.4,181.0,Healthcare,Kozhikode,792.0,10.0,0.0,15.0
Indovision Services,3.8,181.0,IT Services & Consulting,New Delhi,840.0,20.0,113.0,10.0
bloom Hotel Group,4.2,181.0,Hospitality,New Delhi,710.0,11.0,0.0,9.0
Rain Carbon,4.1,181.0,,Visakhapatnam,570.0,15.0,0.0,9.0
Alexander Mann Solutions,3.0,181.0,Recruitment,Bengaluru,722.0,8.0,11.0,1.0
Daebu Automotive Seat,3.2,181.0,Auto Components,Chennai,678.0,6.0,6.0,22.0
Srijan Realty,3.6,181.0,Real Estate,Kolkata,833.0,12.0,2.0,12.0
Confiance BizSol Private Limited,3.1,181.0,Analytics & KPO,Ahmedabad,633.0,26.0,0.0,28.0
Global Payments,4.2,182.0,FinTech,Pune,1700.0,16.0,0.0,13.0
NetCom Learning,3.1,181.0,EdTech,New Delhi,768.0,21.0,7.0,15.0
Vega Intellisoft,4.3,181.0,Recruitment,Chennai,625.0,33.0,0.0,35.0
General Industrial Controls,3.6,181.0,Industrial Automation,Pune,1100.0,11.0,11.0,6.0
Metayb,3.8,181.0,IT Services & Consulting,Chennai,417.0,21.0,34.0,3.0
Infinity Data Technologies,3.4,181.0,IT Services & Consulting,Pune,1200.0,3.0,4.0,9.0
3F Industries,3.4,181.0,Food Processing,Nellore,775.0,9.0,2.0,13.0
Archean Chemical Industries,3.7,181.0,Chemicals,Bhuj,820.0,12.0,7.0,15.0
Exotel,2.9,181.0,Software Product,Bengaluru,1400.0,17.0,62.0,5.0
S.M. Consultants,3.4,181.0,Management Consulting,Bhubaneswar,637.0,18.0,0.0,12.0
Citylife Retail,3.9,180.0,Retail,Kolkata,347.0,7.0,0.0,14.0
O2f info Solutions,3.4,180.0,Recruitment,Hyderabad,1000.0,8.0,1.0,5.0
Damodar Valley Corporation,3.8,181.0,Power,Kolkata,411.0,9.0,0.0,21.0
Tech2Globe,3.9,180.0,IT Services & Consulting,New Delhi,298.0,23.0,17.0,12.0
Pentagon System and Services,3.7,180.0,IT Services & Consulting,Mumbai,876.0,8.0,15.0,9.0
Tata Realty and Infrastructure,3.8,181.0,Real Estate,Mumbai,948.0,9.0,69.0,10.0
Katyayani Organics,3.8,180.0,Agriculture,Bhopal,159.0,19.0,11.0,1.0
Greaves Electric Mobility,3.2,180.0,Automobile,Bengaluru,840.0,15.0,3.0,1.0
Lal Baba Seamless Tubes,3.0,180.0,Industrial Machinery,Haldia,795.0,11.0,0.0,12.0
Bewakoof,3.7,180.0,Fashion & Textile,Bengaluru,924.0,15.0,0.0,21.0
P C CHANDRA JEWELLERS,3.7,180.0,Jewellery,Kolkata,561.0,12.0,0.0,15.0
Best Value Chem,3.8,181.0,Chemicals,Vadodara,916.0,11.0,7.0,12.0
Yotta Infrastructure Solutions,3.7,180.0,IT Services & Consulting,Mumbai,1200.0,12.0,47.0,8.0
Arvind Technocrats & Engineers LLP,3.7,180.0,Engineering & Construction,New Delhi,295.0,10.0,6.0,6.0
NNE,3.4,180.0,Engineering & Construction,Bengaluru,1200.0,20.0,36.0,15.0
Chromewell Engineering,3.8,180.0,Industrial Machinery,Pune,740.0,14.0,8.0,8.0
Delivery.com,4.0,180.0,Internet,Hyderabad,707.0,19.0,0.0,13.0
Lawrence & Mayo,3.8,180.0,Retail,Hyderabad,481.0,15.0,0.0,24.0
Caparo Group,4.1,181.0,Oil & Gas,Chennai,782.0,8.0,1.0,14.0
Kaff Appliances (india),3.1,180.0,Consumer Electronics & Appliances,Gurugram,671.0,15.0,0.0,12.0
Kuantum Papers,4.3,180.0,Pulp & Paper,Hoshiarpur,683.0,8.0,0.0,11.0
Kiaasa Retail Limited,4.6,180.0,Retail,New Delhi,321.0,31.0,0.0,17.0
Applus Velosi,3.7,180.0,Oil & Gas,Chennai,421.0,8.0,0.0,23.0
VASANTHA TOOL CRAFTS,3.9,180.0,Industrial Machinery,Hyderabad,608.0,12.0,0.0,18.0
Institute of Language Management,4.3,180.0,Education & Training,Bengaluru,198.0,16.0,0.0,27.0
Maya Academy of Advanced Cinematics,3.0,180.0,Animation & VFX,New Delhi,575.0,25.0,0.0,8.0
Sri Ranganathar Industries,3.3,180.0,Industrial Machinery,Coimbatore,833.0,11.0,4.0,6.0
Yamaha Music India,3.7,180.0,Media & Entertainment,Chennai,787.0,4.0,11.0,13.0
M2P Fintech,2.9,180.0,FinTech,Chennai,1400.0,33.0,9.0,2.0
Rabwin Industries,3.9,180.0,Industrial Machinery,Coimbatore,837.0,7.0,1.0,9.0
Yes Madam,4.0,180.0,Internet,Noida,576.0,50.0,55.0,1.0
Feedback Energy Distribution Company,3.6,179.0,Power,Bhubaneswar,571.0,7.0,0.0,15.0
Matrix Cellular Services,4.2,179.0,Telecom,New Delhi,453.0,2.0,0.0,17.0
Ranjit Buildcon,4.3,179.0,Engineering & Construction,Surat,536.0,13.0,0.0,8.0
Sinch,3.5,180.0,Internet,Noida,1300.0,16.0,6.0,9.0
Tara Consultancy Services,2.7,180.0,,Chennai,1700.0,40.0,0.0,3.0
John Cockerill,3.2,179.0,Industrial Machinery,Mumbai,892.0,10.0,56.0,16.0
KNNX Corp,2.5,179.0,IT Services & Consulting,Noida,878.0,11.0,0.0,17.0
Wellspring Healthcare,2.8,179.0,Healthcare,Mumbai,500.0,7.0,0.0,18.0
Ascolite - Aswani Industries Pvt. Ltd.,3.8,179.0,Engineering & Construction,Surat,441.0,36.0,51.0,6.0
Altius Customer Services,3.4,179.0,BPO,Nagpur,662.0,15.0,10.0,18.0
Leena Powertech Engineers,3.5,179.0,Engineering & Construction,Mumbai,550.0,9.0,1.0,7.0
Unilog Content Solutions ( P),3.3,179.0,Software Product,Mysuru,1100.0,19.0,6.0,13.0
Diksha Technologies,3.0,179.0,IT Services & Consulting,Bengaluru,789.0,5.0,15.0,38.0
"CAMP Systems International, Inc.",3.8,179.0,Software Product,Hyderabad,936.0,14.0,24.0,16.0
Carrefour,3.4,179.0,Retail,Gurugram,543.0,9.0,0.0,33.0
Ashley Global Capability Center,3.7,179.0,IT Services & Consulting,Chennai,541.0,72.0,0.0,4.0
Maven Silicon,3.9,179.0,Semiconductors,Bengaluru,378.0,23.0,18.0,9.0
Brandix India Apparel City,3.9,179.0,Fashion & Textile,Visakhapatnam,567.0,9.0,8.0,22.0
myTVS Parts & Accessories,3.9,179.0,Auto Components,Chennai,482.0,10.0,0.0,5.0
Inmakes Infotech,3.4,179.0,,Kochi,417.0,12.0,0.0,6.0
Randstad Digital,3.2,179.0,Recruitment,Bengaluru,1000.0,14.0,1.0,4.0
Jubilant Industries,3.8,179.0,Agro Chemicals,New Delhi,1200.0,18.0,0.0,15.0
Ideaforge Technology,3.5,179.0,Internet,Mumbai,1100.0,18.0,41.0,6.0
First Abu Dhabi Bank,3.1,179.0,Banking,Bengaluru,960.0,15.0,0.0,22.0
Infibeam Avenues,3.2,179.0,IT Services & Consulting,Mumbai,1300.0,12.0,1.0,4.0
Don Bosco Tech Society,4.0,179.0,Non-Profit,New Delhi,342.0,11.0,10.0,23.0
Kenstar,3.7,179.0,Consumer Electronics & Appliances,Gurugram,610.0,13.0,0.0,8.0
Sahyadri Farms,3.5,179.0,Internet,Nashik,870.0,15.0,10.0,4.0
J Pan Tubular Components,3.4,179.0,Industrial Machinery,Greater Noida,581.0,15.0,1.0,10.0
QuyTech,4.0,178.0,IT Services & Consulting,Gurugram,539.0,19.0,6.0,76.0
Da Milano Leathers,2.8,179.0,Leather,New Delhi,577.0,16.0,1.0,13.0
Poonawalla Finance,3.7,178.0,NBFC,Pune,966.0,6.0,0.0,8.0
Doordarshan,3.9,178.0,Broadcasting,New Delhi,858.0,7.0,3.0,16.0
SPIE Oil & Gas Services,4.2,178.0,Oil & Gas,Doha,276.0,10.0,0.0,22.0
Swal Corporation,4.1,178.0,Agro Chemicals,Pune,357.0,10.0,0.0,10.0
MEP Infrastructure Developers,3.7,178.0,Engineering & Construction,Mumbai,884.0,13.0,16.0,18.0
Curateq Biologics,3.3,178.0,Biotechnology,Hyderabad,868.0,13.0,5.0,4.0
Jamboree Education,3.2,178.0,EdTech,New Delhi,657.0,12.0,18.0,12.0
PAN Healthcare,4.5,178.0,FMCG,Rajkot,254.0,34.0,0.0,45.0
Singer India,4.0,179.0,Consumer Electronics & Appliances,New Delhi,597.0,6.0,0.0,17.0
Atlassian,3.0,178.0,Software Product,Bengaluru,4400.0,101.0,17.0,6.0
ThinkPalm Technologies,3.9,178.0,IT Services & Consulting,Kochi,1500.0,17.0,6.0,15.0
Motwane Manufacturing Company,3.4,178.0,Electrical Equipment,Nashik,757.0,15.0,6.0,5.0
Presidency University,2.7,178.0,Education & Training,Bengaluru,759.0,13.0,0.0,14.0
nurture.farm,3.2,178.0,Agriculture,Bengaluru,721.0,11.0,0.0,9.0
Ashish Life Science,3.7,178.0,Pharma,Mumbai,590.0,15.0,3.0,51.0
Ferring Pharmaceuticals,3.9,178.0,Pharma,Hyderabad,852.0,8.0,0.0,25.0
Macmet Engineering,3.7,178.0,Industrial Machinery,Kolkata,686.0,11.0,2.0,20.0
Ascendum Solutions,3.1,178.0,IT Services & Consulting,Bengaluru,805.0,15.0,11.0,6.0
Vignesh Polymers,3.4,178.0,Auto Components,Chennai,1000.0,9.0,1.0,6.0
Liquiloans,2.9,178.0,FinTech,Mumbai,840.0,21.0,2.0,3.0
Sobha Constructions,3.4,178.0,Engineering & Construction,Bengaluru,672.0,18.0,0.0,3.0
St. Joseph's School,4.2,178.0,Education & Training,Lucknow,526.0,11.0,1.0,18.0
B.L. Agro Industries,3.7,178.0,FMCG,Bareilly,703.0,9.0,1.0,1.0
CR Asia,3.9,177.0,Oil & Gas,Jamnagar,625.0,11.0,2.0,32.0
Cipla Industries,4.0,177.0,Pharma,Indore,690.0,12.0,0.0,29.0
Bry-Air (Asia),3.6,177.0,,Gurugram,776.0,10.0,29.0,14.0
SKYMAP PHARMACEUTICALS,3.9,177.0,Pharma,Roorkee,599.0,8.0,0.0,6.0
Layam Flexi Solutions,3.4,177.0,Recruitment,Chennai,617.0,7.0,1.0,13.0
Continental Tyres,3.5,177.0,Auto Components,Meerut,615.0,6.0,0.0,12.0
DMI,3.9,177.0,IT Services & Consulting,Noida,1200.0,21.0,2.0,7.0
Ghv India,4.3,177.0,Engineering & Construction,Mumbai,689.0,7.0,0.0,16.0
Lepton Software Export & Research,3.5,177.0,Software Product,Gurugram,756.0,25.0,11.0,9.0
Nahar Industrial Enterprises,3.8,177.0,Fashion & Textile,Chandigarh,686.0,12.0,2.0,13.0
Informatica,3.8,177.0,Software Product,Bengaluru,2200.0,31.0,0.0,4.0
Rotex,3.8,177.0,Auto Components,Vadodara,938.0,19.0,21.0,11.0
Sportz Interactive,3.4,178.0,Internet,Mumbai,1100.0,18.0,27.0,13.0
ABP Network,4.0,177.0,Broadcasting,Noida,1100.0,5.0,0.0,14.0
Allied Nippon,3.7,177.0,Auto Components,Ghaziabad,721.0,14.0,7.0,10.0
Best Corporation,3.6,177.0,Fashion & Textile,Tiruppur,870.0,7.0,3.0,14.0
Universal Cables,3.9,177.0,Building Material,Satna,769.0,17.0,2.0,12.0
Newton School: Pay after Placement,3.7,177.0,Internet,Bengaluru,975.0,27.0,94.0,6.0
Ingenero Technologies,4.1,177.0,IT Services & Consulting,Mumbai,943.0,12.0,0.0,7.0
Namra Finance,3.9,177.0,Financial Services,Ahmedabad,471.0,10.0,3.0,5.0
D.B ENGINEERING,4.3,177.0,Industrial Machinery,Noida,363.0,15.0,40.0,15.0
Gmr Airport Developers,3.8,177.0,Engineering & Construction,Hyderabad,705.0,11.0,0.0,20.0
Finecure Pharmaceuticals,3.7,177.0,Pharma,Ahmedabad,817.0,14.0,3.0,15.0
Modelama Exports,3.9,177.0,Fashion & Textile,Gurugram,678.0,5.0,0.0,8.0
Pravin Masalewale,3.9,177.0,FMCG,Pune,583.0,7.0,0.0,9.0
EASTMAN EXPORTS GLOBAL CLOTHING PVT.LTD,3.6,177.0,Fashion & Textile,Tiruppur,908.0,6.0,7.0,9.0
Mahindra Accelo,3.4,177.0,Iron & Steel,Pune,654.0,7.0,2.0,5.0
HP Computing and Printing Systems,3.8,177.0,IT Services & Consulting,Bengaluru,993.0,8.0,0.0,11.0
Scorpion Express,3.6,177.0,Logistics,Mumbai,660.0,18.0,0.0,12.0
Ind swift ltd. Gbu,3.6,177.0,,Chandigarh,768.0,10.0,0.0,4.0
Sowparnika,4.1,177.0,Real Estate,Bengaluru,821.0,8.0,15.0,12.0
Alliant Talent,2.2,177.0,Accounting & Auditing,Hyderabad,958.0,14.0,26.0,3.0
Ultra Engineers,4.0,176.0,Industrial Machinery,Pune,849.0,12.0,0.0,19.0
Apptunix,4.1,176.0,Software Product,Sahibzada Ajit Singh Nagar,466.0,65.0,0.0,5.0
Technocraft Industries,3.7,176.0,Industrial Machinery,Mumbai,852.0,11.0,0.0,15.0
Pathcare Labs,3.7,176.0,Healthcare,Hyderabad,543.0,18.0,0.0,16.0
L&T Buildings & Factories,3.8,176.0,Engineering & Construction,Mumbai,166.0,8.0,0.0,90.0
Bharat Coking Coal,4.2,176.0,Metals & Mining,Dhanbad,446.0,11.0,0.0,18.0
Holostik,4.0,176.0,Packaging,Noida,730.0,14.0,6.0,21.0
Atidan Technologies,4.2,176.0,Software Product,Mumbai,489.0,26.0,43.0,12.0
Ajanta Shoes,3.6,176.0,Fashion & Textile,Kolkata,604.0,19.0,3.0,7.0
Thinksys Software,3.8,176.0,IT Services & Consulting,Noida,1000.0,26.0,3.0,40.0
vSplash Techlabs,2.0,177.0,IT Services & Consulting,Hyderabad,719.0,13.0,0.0,4.0
Gujarat Guardian Ltd.,3.7,176.0,Building Material,Ankleshwar,779.0,14.0,11.0,23.0
Paracoat Products,3.7,176.0,Auto Components,Hosur,858.0,9.0,11.0,10.0
Indian Register of Shipping,3.9,176.0,"Testing, Inspection and Certification (TIC)",Mumbai,942.0,12.0,13.0,7.0
Peerless Hospital,4.1,176.0,Healthcare,Kolkata,523.0,5.0,0.0,3.0
Pan Gulf Technologies,3.9,176.0,Design,Mumbai,909.0,14.0,11.0,14.0
Servosys Solutions,2.8,176.0,Financial Services,Mumbai,1300.0,27.0,2.0,9.0
SMCC Construction India,4.1,176.0,Engineering & Construction,New Delhi,603.0,12.0,3.0,18.0
Goel Construction,3.8,176.0,Engineering & Construction,Jaipur,615.0,9.0,0.0,5.0
IQ City Medical College,3.5,176.0,Education & Training,Durgapur,520.0,12.0,0.0,19.0
Crio.Do,2.9,176.0,EdTech,Bengaluru,946.0,34.0,0.0,2.0
Thyssenkrupp Industries and Services,3.9,178.0,,Pune,773.0,7.0,6.0,4.0
Dmi Finance,3.6,176.0,NBFC,New Delhi,1300.0,15.0,44.0,10.0
STEM Learning,4.2,177.0,Education & Training,Mumbai,288.0,27.0,8.0,8.0
Kumar Properties,4.2,176.0,Real Estate,Pune,859.0,13.0,4.0,7.0
Vee Gee Industrial Enterprises,3.9,176.0,Electronics Manufacturing,Faridabad,682.0,14.0,0.0,11.0
Olive Bar & Kitchen,4.0,176.0,Hospitality,New Delhi,495.0,5.0,32.0,18.0
Impressions Services,3.8,176.0,Facility Management Services,Gurugram,723.0,5.0,2.0,11.0
Warner Bros. Discovery,3.7,176.0,Media & Entertainment,Hyderabad,2000.0,32.0,59.0,5.0
ART Housing Finance (India),3.6,176.0,Financial Services,Gurugram,572.0,9.0,2.0,17.0
Johnson Electric,3.5,176.0,Electronics Manufacturing,Chennai,955.0,21.0,27.0,12.0
Sms Integrated Facility Services,4.1,176.0,Facility Management Services,Mumbai,659.0,6.0,2.0,6.0
ATYETI,3.7,176.0,IT Services & Consulting,Pune,982.0,20.0,60.0,10.0
Ben Franklin,3.6,176.0,Retail,Hyderabad,156.0,9.0,32.0,0.0
MGNREGA,3.7,176.0,Government,Hyderabad,353.0,7.0,0.0,11.0
Metro Tyres,3.6,176.0,Auto Components,Ludhiana,697.0,12.0,0.0,9.0
BG Distributors,3.5,175.0,FMCG,Kolkata,398.0,9.0,2.0,10.0
Nimbus BPO,3.3,175.0,BPO,Ranchi,565.0,17.0,1.0,8.0
Willowood Chemicals,3.7,175.0,Agro Chemicals,Vadodara,549.0,8.0,0.0,2.0
Hills Cement Company,3.2,175.0,Engineering & Construction,Guwahati,650.0,14.0,5.0,5.0
Meditrina Hospital,4.0,175.0,Healthcare,Kollam,511.0,4.0,0.0,3.0
Talwalkars Better Value Fitness,4.1,175.0,Fitness & Wellness,Mumbai,424.0,6.0,0.0,30.0
Escorts Construction Equipment,4.2,175.0,Industrial Machinery,Faridabad,647.0,10.0,0.0,28.0
Trawex Technologies,4.5,175.0,Software Product,Bengaluru,143.0,20.0,22.0,10.0
Qicpic,2.3,175.0,Internet,Bengaluru,104.0,21.0,0.0,3.0
Lamprell,4.0,175.0,Oil & Gas,Chennai,381.0,7.0,2.0,24.0
SEForge,3.3,175.0,Engineering & Construction,Coimbatore,853.0,7.0,1.0,14.0
GXO,3.7,175.0,Logistics,Mumbai,794.0,15.0,9.0,8.0
Lapp India,4.1,175.0,Electrical Equipment,Bengaluru,914.0,11.0,7.0,14.0
Acer India,3.7,175.0,IT Services & Consulting,Bengaluru,794.0,10.0,0.0,16.0
Educational Initiatives,2.9,175.0,EdTech,Bengaluru,975.0,16.0,1.0,23.0
Happy Forging,3.8,175.0,Auto Components,Ludhiana,906.0,12.0,2.0,8.0
FunnL,3.4,175.0,Marketing & Advertising,Hyderabad,828.0,7.0,1.0,3.0
Gowtham Model School,3.8,175.0,Education & Training,Hyderabad,553.0,14.0,0.0,9.0
Keihin India Manufacturing,4.4,175.0,Auto Components,Neemrana,618.0,5.0,0.0,32.0
MUFG Intime India,3.4,175.0,,Mumbai,769.0,12.0,0.0,9.0
Konstelec Engineers,3.4,175.0,Engineering & Construction,Mumbai,619.0,14.0,6.0,8.0
Podar Jumbo Kids,3.9,175.0,Education & Training,Mumbai,425.0,8.0,0.0,13.0
Lince Soft Solutions,4.7,175.0,Recruitment,Hyderabad,1800.0,8.0,0.0,9.0
Neelachal Ispat Nigam,4.2,175.0,Metals & Mining,Jajpur,549.0,20.0,0.0,11.0
Nipha Exports,3.6,176.0,Industrial Machinery,Kolkata,839.0,13.0,1.0,7.0
Hiranandani group,4.1,175.0,Real Estate,Mumbai,885.0,11.0,0.0,24.0
Gsa Industries,4.0,176.0,Automobile,Patiala,583.0,17.0,10.0,2.0
DCW,3.7,175.0,Chemicals,Thoothukudi,717.0,9.0,12.0,20.0
Trinity Touch,4.3,175.0,Electrical Equipment,Faridabad,825.0,15.0,25.0,32.0
MRCC Solutions,2.9,175.0,IT Services & Consulting,Mumbai,968.0,11.0,7.0,11.0
RC Plasto Tanks And Pipes,3.7,175.0,,Nagpur,684.0,15.0,0.0,15.0
Collage,4.2,175.0,Retail,Hyderabad,442.0,17.0,0.0,9.0
Expedien eSolutions,3.1,175.0,IT Services & Consulting,Noida,875.0,14.0,2.0,23.0
Real Estate Group,4.3,175.0,,Mumbai,2600.0,17.0,0.0,8.0
CI Infotech,3.6,175.0,IT Services & Consulting,New Delhi,729.0,9.0,0.0,6.0
Nirvasa Healthcare,3.1,174.0,Healthcare,Gurugram,447.0,17.0,3.0,4.0
Way.com,3.9,174.0,Internet,Thiruvananthapuram,496.0,11.0,1.0,3.0
Lanson Toyota,4.2,174.0,Automobile,Chennai,525.0,7.0,2.0,9.0
Accurate Global Alliances,4.7,174.0,Recruitment,Noida,60.0,10.0,0.0,2.0
LiquidHub,3.6,174.0,IT Services & Consulting,Hyderabad,762.0,14.0,0.0,32.0
Mayoor School,4.2,174.0,Education & Training,Noida,140.0,1.0,10.0,131.0
Yashoda Super Speciality Hospitals,3.9,174.0,,Hyderabad,815.0,8.0,0.0,1.0
SPX Flow Technology,4.2,175.0,Industrial Machinery,Bengaluru,997.0,10.0,0.0,17.0
Govind Milk & Milk Products,4.3,174.0,Food Processing,Pune,580.0,5.0,2.0,9.0
Varsity Education Management,3.7,174.0,Education & Training,Hyderabad,1100.0,10.0,1.0,7.0
Umang Dairies,3.9,174.0,FMCG,Gajraula,518.0,16.0,3.0,8.0
Integrace Health,3.7,174.0,Pharma,Mumbai,524.0,15.0,1.0,13.0
Exemed Pharmaceuticals,3.8,174.0,Pharma,Vadodara,864.0,13.0,15.0,11.0
Amnet Systems,3.7,174.0,IT Services & Consulting,Chennai,825.0,8.0,1.0,11.0
Lulu Hypermarket,3.6,174.0,Retail,Lucknow,494.0,22.0,82.0,15.0
Ivis International,3.4,174.0,Law Enforcement & Security,Hyderabad,531.0,7.0,0.0,10.0
Wysetek Systems Technologists,3.5,174.0,IT Services & Consulting,Mumbai,816.0,13.0,28.0,12.0
Deepak Chem Tech,4.0,174.0,Chemicals,Bharuch,800.0,14.0,0.0,4.0
Stonex,3.9,176.0,Metals & Mining,New Delhi,1200.0,31.0,7.0,16.0
Chandak Group,4.3,174.0,Real Estate,Mumbai,781.0,8.0,0.0,7.0
IREO,4.5,174.0,Real Estate,Gurugram,596.0,6.0,0.0,25.0
NASDAQ,3.4,174.0,Financial Services,Bengaluru,1700.0,27.0,34.0,22.0
Coverfox,3.7,174.0,Insurance,Mumbai,654.0,8.0,19.0,18.0
otsuka chemical india,4.0,174.0,Chemicals,Jaipur,740.0,14.0,1.0,13.0
Kamal Fincap,3.9,174.0,Financial Services,Kota,355.0,4.0,1.0,12.0
JioHotstar,3.5,174.0,Internet,Mumbai,1800.0,47.0,15.0,10.0
Ardex Endura,3.9,174.0,Building Material,Bengaluru,549.0,8.0,11.0,13.0
VISION,3.8,174.0,Management Consulting,New Delhi,676.0,11.0,0.0,15.0
Wintax Solution,4.7,174.0,Recruitment,Surat,26.0,4.0,0.0,113.0
Opporture,4.8,174.0,Content Development,Hyderabad,65.0,2.0,0.0,0.0
CFlo,4.5,174.0,Industrial Machinery,Kolkata,411.0,12.0,0.0,15.0
Ccl Products,4.1,174.0,Beverage,Hyderabad,741.0,8.0,4.0,11.0
Garden Reach Shipbuilders & Engineers,4.0,174.0,Ports & Shipping,Kolkata,495.0,7.0,0.0,16.0
Juspay Technologies,3.7,174.0,FinTech,Bengaluru,2400.0,94.0,1.0,6.0
Miles Education - CPA & CMA Review (Hyderabad),0.0,0.0,Education & Training,Bangalore / Bengaluru,0.0,0.0,0.0,0.0
DIN Engineering Services,3.7,173.0,Analytics & KPO,Noida,402.0,14.0,2.0,18.0
Ellucian Higher Education Systems,3.6,173.0,IT Services & Consulting,Bengaluru,1500.0,35.0,2.0,26.0
West Bengal State Electricity Distribution Company,3.3,173.0,Power,Kolkata,435.0,8.0,0.0,17.0
LeapScholar,3.3,173.0,,Bengaluru,569.0,45.0,0.0,7.0
Compuage Infocom,4.2,173.0,Hardware & Networking,Mumbai,852.0,9.0,6.0,19.0
NSK,3.9,173.0,Industrial Machinery,Chennai,1000.0,11.0,0.0,27.0
Visible Alpha Solutions,3.6,173.0,Analytics & KPO,Mumbai,1100.0,22.0,0.0,27.0
Agrawal Metal Works,3.8,174.0,Metals & Mining,Bhiwadi,714.0,13.0,0.0,7.0
Zerodha,4.1,173.0,FinTech,Bengaluru,805.0,15.0,1.0,20.0
v4c.ai,4.6,173.0,,Pune,253.0,39.0,3.0,9.0
Automation Anywhere,3.7,173.0,Industrial Automation,Bengaluru,1600.0,20.0,25.0,15.0
SISA Information Security,3.0,173.0,IT Services & Consulting,Bengaluru,1100.0,7.0,21.0,10.0
Newfold Digital,3.7,173.0,IT Services & Consulting,Mumbai,1200.0,21.0,1.0,7.0
Toluna,3.2,173.0,Analytics & KPO,Gurugram,898.0,13.0,0.0,21.0
Bajaj Electronics,3.7,173.0,Retail,Hyderabad,618.0,13.0,0.0,3.0
Shree Maruti Courier Service,4.0,174.0,Logistics,Ahmedabad,792.0,11.0,0.0,8.0
Conde Nast India,2.7,173.0,Printing & Publishing,Bengaluru,1600.0,19.0,3.0,16.0
D A V School,3.9,174.0,Education & Training,Chennai,538.0,10.0,0.0,12.0
Experion Technologies,3.8,173.0,IT Services & Consulting,Kochi,1600.0,21.0,30.0,16.0
Wonderchef Home Appliances,3.9,173.0,Consumer Electronics & Appliances,Mumbai,687.0,16.0,1.0,12.0
Vertex,3.6,173.0,Pharma,Hyderabad,507.0,7.0,0.0,30.0
Connect Broadband,4.1,173.0,Telecom,Sahibzada Ajit Singh Nagar,643.0,11.0,1.0,10.0
J G Hosiery,3.4,173.0,Fashion & Textile,Kolkata,668.0,9.0,1.0,16.0
Brose India Automotive Systems,3.7,174.0,Auto Components,Pune,1100.0,15.0,11.0,14.0
Decon Telecom Solutions,3.2,173.0,Telecom,Gurugram,353.0,12.0,0.0,5.0
Bimbo Bakeries India,3.5,173.0,FMCG,New Delhi,751.0,12.0,1.0,16.0
BYLD Group,3.8,173.0,Management Consulting,Gurugram,420.0,44.0,11.0,6.0
M Tech Innovations,4.0,173.0,Electronics Manufacturing,Pune,636.0,13.0,11.0,11.0
Unique Engineers,3.4,173.0,Industrial Machinery,Gurugram,794.0,12.0,1.0,14.0
Jindal Industries Private Limited,3.5,173.0,Iron & Steel,Kolkata,1700.0,29.0,8.0,26.0
Abu Dhabi Oil Refining Company,4.4,173.0,Oil & Gas,Abu Dhabi,596.0,7.0,0.0,10.0
Zebra Technologies,3.7,173.0,IT Services & Consulting,Bengaluru,1900.0,29.0,0.0,18.0
Deepak Foundation,3.9,173.0,Non-Profit,Vadodara,402.0,18.0,0.0,11.0
Ceratizit,4.3,173.0,Industrial Machinery,Bengaluru,695.0,16.0,0.0,20.0
Amalgam Steel,3.8,173.0,Iron & Steel,Jamshedpur,825.0,17.0,2.0,9.0
Mold Tek Packaging,3.9,173.0,Packaging,Hyderabad,694.0,15.0,1.0,7.0
IPG Mediabrands,3.3,173.0,Marketing & Advertising,Pune,1600.0,30.0,0.0,4.0
Zuno General Insurance,3.7,173.0,Financial Services,Mumbai,388.0,16.0,0.0,2.0
Nanavati Max Super Speciality Hospital,3.6,173.0,,Mumbai,652.0,13.0,0.0,7.0
Scribe EMR,3.9,173.0,Analytics & KPO,Bengaluru,607.0,16.0,3.0,11.0
Si Creva Capital Services,3.4,173.0,,Mumbai,358.0,8.0,2.0,3.0
Nisa Industrial Services,3.8,172.0,Law Enforcement & Security,Mumbai,462.0,4.0,0.0,20.0
Giridhan Metal,4.0,172.0,Iron & Steel,Asansol,553.0,21.0,0.0,3.0
Dipty Lal Judge Mal,3.9,172.0,Retail,Noida,575.0,16.0,1.0,9.0
Jivo Wellness,3.1,172.0,FMCG,New Delhi,486.0,10.0,5.0,22.0
Super Auto India,3.7,172.0,Industrial Machinery,Pune,666.0,6.0,0.0,14.0
Leena AI,3.8,172.0,Software Product,Gurugram,653.0,34.0,15.0,2.0
AIG,3.8,172.0,Insurance,Bengaluru,913.0,10.0,0.0,34.0
FloBiz,3.5,172.0,IT Services & Consulting,Bengaluru,718.0,29.0,10.0,13.0
Ganges Internationale,2.8,172.0,Power,Puducherry,816.0,9.0,0.0,19.0
The Millennium School,3.9,172.0,Education & Training,Noida,569.0,10.0,15.0,22.0
L&T Geostructure,4.1,172.0,,Chennai,425.0,10.0,0.0,2.0
Techno India Group,3.4,172.0,EdTech,Kolkata,771.0,13.0,0.0,12.0
Naxnova,4.4,172.0,Auto Components,Mumbai,598.0,24.0,7.0,19.0
Lynk,3.2,172.0,Logistics,Chennai,967.0,12.0,0.0,5.0
Khaitan Electricals,2.5,172.0,Food Processing,Kolkata,411.0,7.0,0.0,6.0
Prateek Group,3.8,172.0,Real Estate,Noida,526.0,23.0,2.0,9.0
Vishay Precision Transducers,3.5,172.0,Semiconductors,Chennai,981.0,7.0,0.0,21.0
Ognibene India,3.6,172.0,Industrial Machinery,Pune,924.0,10.0,0.0,14.0
Saint-Gobain Weber,4.0,172.0,Engineering & Construction,Mumbai,671.0,13.0,0.0,15.0
Sankara Eye Hospital,4.0,173.0,Non-Profit,Bengaluru,533.0,8.0,11.0,17.0
Lilac Insights,3.3,172.0,Fitness & Wellness,Mumbai,581.0,13.0,0.0,10.0
Narayana Junior College,3.7,172.0,Education & Training,Hyderabad,302.0,2.0,0.0,40.0
DataTracks,3.3,172.0,FinTech,Chennai,1100.0,16.0,5.0,8.0
Ray Engineering,4.0,172.0,Engineering & Construction,Mumbai,546.0,5.0,0.0,11.0
DHL IT Services,3.7,172.0,IT Services & Consulting,Chennai,1500.0,16.0,0.0,7.0
Intellect Bizware Services,4.0,172.0,IT Services & Consulting,Mumbai,1000.0,13.0,5.0,6.0
Nina Percept,4.0,172.0,Building Material,Mumbai,618.0,7.0,0.0,11.0
UTILITY PROJECTS AND SERVICES,3.8,172.0,Engineering & Construction,Chennai,836.0,20.0,14.0,18.0
PMI Electro Mobility Solutions,3.9,173.0,Automobile,Dharuhera,657.0,14.0,2.0,3.0
Arunachala Logistics,4.0,172.0,Logistics,Hyderabad,606.0,12.0,21.0,8.0
Arcon TechSolutions,3.3,172.0,IT Services & Consulting,Mumbai,1100.0,38.0,0.0,12.0
ARCHER Transnational Systems Private Limited,3.7,172.0,Legal,Vadodara,528.0,22.0,8.0,8.0
Gulf Oil Corporation,4.4,171.0,Oil & Gas,Hyderabad,640.0,7.0,1.0,16.0
CPA Global,3.8,171.0,IT Services & Consulting,Noida,858.0,14.0,0.0,39.0
Filo,3.4,171.0,Internet,Gurugram,590.0,12.0,10.0,4.0
SmartED Innovations,4.1,171.0,Education & Training,Bengaluru,56.0,60.0,0.0,4.0
Nahar Group of Companies,3.4,171.0,Fashion & Textile,Ludhiana,657.0,5.0,0.0,5.0
TerraCIS Technologies,3.6,171.0,IT Services & Consulting,Gurugram,463.0,8.0,0.0,4.0
Kepler Healthcare,3.4,171.0,Pharma,Ahmedabad,399.0,11.0,0.0,5.0
L&T Transportation Infrastructure,4.1,171.0,Engineering & Construction,Mumbai,160.0,8.0,0.0,114.0
Indo European Educational Services,4.3,171.0,Education & Training,New Delhi,202.0,50.0,0.0,4.0
Narayana Medical College & Hospital,3.8,171.0,Healthcare,Nellore,531.0,8.0,0.0,14.0
Xrbia Developers,2.9,171.0,Real Estate,Pune,851.0,8.0,0.0,10.0
AIG Business Solution,3.3,171.0,IT Services & Consulting,Gurugram,335.0,2.0,0.0,77.0
Honeywell Uop,3.6,171.0,Oil & Gas,Gurugram,736.0,16.0,0.0,16.0
Linkquest Telecom,3.4,171.0,Telecom,Noida,443.0,9.0,0.0,8.0
Edwise International,3.8,171.0,Education & Training,Mumbai,446.0,14.0,43.0,6.0
Imerys,3.7,171.0,Metals & Mining,Visakhapatnam,751.0,10.0,6.0,18.0
Inditex,4.2,171.0,Fashion & Textile,New Delhi,532.0,9.0,0.0,28.0
Texport Industries,3.5,171.0,Fashion & Textile,Bengaluru,653.0,8.0,1.0,9.0
Jewelex India,4.0,172.0,Jewellery,Mumbai,671.0,4.0,12.0,12.0
Hughes Communications,3.3,171.0,,Gurugram,969.0,12.0,1.0,16.0
Urban Money,2.9,171.0,,Mumbai,598.0,13.0,4.0,0.0
Benzo Chem Industries,3.8,171.0,Chemicals,Bharuch,805.0,14.0,0.0,12.0
Ideas2IT Technologies,3.5,171.0,Software Product,Chennai,1300.0,55.0,3.0,40.0
Egon Zehnder International,3.6,171.0,Management Consulting,Gurugram,1000.0,7.0,3.0,12.0
Flovel Energy,3.9,172.0,Power,Faridabad,664.0,12.0,0.0,16.0
Junomoneta Finsol,2.6,171.0,Investment Banking / Venture Capital / Private Equity,Rajkot,603.0,11.0,0.0,1.0
The Dollar Business,3.2,171.0,IT Services & Consulting,Hyderabad,767.0,21.0,3.0,5.0
Marsh India Insurance Brokers,4.2,171.0,Insurance,Mumbai,1000.0,7.0,0.0,9.0
BYD Electronics,3.4,171.0,Electronics Manufacturing,Chennai,847.0,14.0,0.0,11.0
Prayag Polymers,3.8,171.0,Petrochemicals,New Delhi,537.0,12.0,5.0,8.0
Eicher Engineering Components,4.0,171.0,Auto Components,Dewas,605.0,16.0,3.0,9.0
Nucon Aerospace,3.9,171.0,Defence & Aerospace,Hyderabad,862.0,13.0,5.0,12.0
Safdarjung Hospital,4.3,171.0,Healthcare,New Delhi,704.0,7.0,0.0,16.0
CDW,4.1,171.0,IT Services & Consulting,Chennai,1300.0,21.0,1.0,2.0
Indian Terrain Fashions,4.3,171.0,Fashion & Textile,Chennai,555.0,5.0,0.0,14.0
Amagi Media Labs,3.5,171.0,Software Product,Bengaluru,1200.0,33.0,13.0,13.0
Maheshwari Mining,3.6,171.0,Metals & Mining,Kolkata,711.0,24.0,10.0,10.0
SEW Infrastructure,3.4,170.0,Engineering & Construction,Hyderabad,505.0,4.0,0.0,18.0
ShopX,4.4,170.0,Internet,Bengaluru,718.0,1.0,0.0,20.0
Ivangel Sales & Services,3.7,170.0,BPO,Mumbai,536.0,4.0,0.0,5.0
Scientific Games,3.7,170.0,Gaming,Bengaluru,382.0,1.0,9.0,3.0
Rosmerta Safety Systems,3.5,171.0,,Gurugram,733.0,12.0,1.0,0.0
Krishna Buildestates,3.7,170.0,Engineering & Construction,New Delhi,541.0,8.0,0.0,9.0
United Industries,3.6,173.0,Industrial Machinery,Chennai,917.0,12.0,0.0,14.0
Amar Cars,3.9,170.0,Automobile,Vadodara,594.0,11.0,10.0,12.0
Okinawa Autotech,3.4,170.0,Auto Components,Gurugram,588.0,9.0,1.0,7.0
Modenik Lifestyle,3.6,171.0,Fashion & Textile,Bengaluru,723.0,7.0,3.0,1.0
Geltec,3.2,171.0,Pharma,Bengaluru,822.0,17.0,2.0,6.0
Idexcel Technologies,2.9,171.0,IT Services & Consulting,Bengaluru,1200.0,11.0,19.0,11.0
Armstrong International,4.0,170.0,Industrial Machinery,Chennai,733.0,11.0,3.0,14.0
Royal Bank of Scotland International,4.1,170.0,Banking,Chennai,1700.0,13.0,0.0,28.0
Topre India,4.2,170.0,Auto Components,Ahmedabad,659.0,15.0,1.0,11.0
NaviSite,3.9,170.0,IT Services & Consulting,Gurugram,1300.0,20.0,0.0,7.0
Anabeeb,4.1,171.0,Oil & Gas,Al Jubail,388.0,11.0,0.0,15.0
Arihant Capital Markets,4.1,170.0,Financial Services,Indore,651.0,40.0,17.0,10.0
ONKAR DIES,3.7,170.0,Engineering & Construction,Pune,729.0,8.0,10.0,15.0
Sensiple,3.6,170.0,IT Services & Consulting,Chennai,1300.0,16.0,4.0,15.0
RPSG,3.8,170.0,FMCG,Kolkata,866.0,18.0,0.0,8.0
EssentiallySports,3.6,170.0,Media & Entertainment,New Delhi,192.0,28.0,0.0,2.0
Rhysley Private Limited,3.3,170.0,Fashion & Textile,Faridabad,373.0,24.0,29.0,12.0
Omega,3.8,170.0,Industrial Machinery,Chennai,742.0,33.0,0.0,8.0
Baskin Robbins,4.0,170.0,Hospitality,Mumbai,440.0,8.0,0.0,15.0
Salzer Electronics,4.0,170.0,Electrical Equipment,Coimbatore,869.0,8.0,13.0,11.0
Peninsula Land,4.0,170.0,Real Estate,Mumbai,654.0,7.0,0.0,21.0
Smiiel - A Unit Of Motherson Sumi System,3.5,170.0,Semiconductors,Noida,419.0,20.0,0.0,18.0
Qualsquad Infotech,3.1,170.0,IT Services & Consulting,Pune,677.0,12.0,0.0,10.0
Mount Talent Consulting,2.9,170.0,Recruitment,Noida,624.0,10.0,11.0,11.0
Chembond Chemicals,3.7,170.0,Agro Chemicals,Mumbai,724.0,9.0,1.0,19.0
Prudent Corporate Advisory Services,4.1,170.0,Investment Banking / Venture Capital / Private Equity,Ahmedabad,561.0,8.0,0.0,10.0
TVS - SUNDARAM BRAKE LININGS,3.1,170.0,Auto Components,Chennai,783.0,9.0,1.0,16.0
SSK Group,3.5,170.0,FMCG,Pune,499.0,6.0,0.0,10.0
Dexian India Technologies,3.5,170.0,IT Services & Consulting,Chennai,822.0,25.0,0.0,6.0
Advanced Medtech Solutions,3.5,171.0,Medical Equipment,Vadodara,690.0,20.0,34.0,9.0
Kewal Kiran Clothing,3.7,170.0,Fashion & Textile,Mumbai,591.0,11.0,8.0,9.0
Aakash Health Care,4.0,171.0,Healthcare,New Delhi,573.0,6.0,11.0,4.0
Sonyo Management Consultants,4.4,170.0,Recruitment,New Delhi,385.0,38.0,2.0,4.0
Deshpande Foundation,4.0,170.0,Non-Profit,Hubballi,560.0,10.0,8.0,10.0
Endress Hauser,4.2,170.0,Industrial Automation,Mumbai,724.0,6.0,5.0,15.0
Verinite Technologies,4.1,170.0,IT Services & Consulting,Pune,619.0,9.0,11.0,13.0
Niyo Solutions,3.2,170.0,Financial Services,Bengaluru,1100.0,18.0,10.0,6.0
Petroexcel Technology Services,3.5,170.0,Oil & Gas,Vadodara,656.0,27.0,83.0,5.0
Claris Lifesciences Ahmedabad,3.3,169.0,Healthcare,Ahmedabad,389.0,1.0,0.0,27.0
98thPercentile,4.0,169.0,EdTech,Hyderabad,338.0,23.0,0.0,20.0
American Institute of Pathology and Laboratory Sciences,4.2,169.0,Healthcare,Hyderabad,566.0,10.0,17.0,21.0
Federal Mogul Powertrain,3.6,169.0,Auto Components,Bhiwadi,553.0,10.0,0.0,18.0
Coherent Market Insights,3.3,169.0,Management Consulting,Pune,350.0,12.0,3.0,26.0
Kriya It,3.3,169.0,Internet,Chittoor,822.0,19.0,0.0,12.0
Advance Career Solutions,3.9,169.0,Recruitment,Jaipur,110.0,43.0,0.0,2.0
OM Careers,2.6,169.0,Recruitment,Ludhiana,333.0,12.0,0.0,22.0
Sellcraft Global Solutions,3.4,170.0,IT Services & Consulting,Pune,1100.0,10.0,0.0,5.0
B M Birla Heart Research Centre,3.6,169.0,Healthcare,Kolkata,457.0,11.0,0.0,6.0
CDS Infra Projects,3.4,169.0,Engineering & Construction,New Delhi,535.0,11.0,0.0,1.0
ASSET DEALS,4.3,169.0,,Gurugram,112.0,27.0,0.0,15.0
Hansa Direct,3.2,169.0,Marketing & Advertising,Mumbai,494.0,9.0,0.0,17.0
Allahabad Bank,4.5,169.0,Banking,Kolkata,321.0,2.0,0.0,21.0
Clearwater Analytics,2.6,169.0,Internet,Noida,1300.0,27.0,56.0,8.0
ICONMA,2.9,169.0,Recruitment,Hyderabad,738.0,13.0,0.0,6.0
Net2source,3.4,169.0,Recruitment,Noida,627.0,5.0,0.0,16.0
Pritam International,3.4,169.0,Consumer Electronics & Appliances,Roorkee,669.0,10.0,12.0,6.0
ShopDeck,3.5,169.0,Internet,Bengaluru,523.0,31.0,13.0,2.0
MResult Services,3.7,169.0,IT Services & Consulting,Bengaluru,1300.0,25.0,6.0,11.0
Macmillan Publishers,3.4,169.0,Printing & Publishing,Chennai,518.0,10.0,0.0,25.0
Rozana Rural Commerce Private Limited,3.1,170.0,Internet,New Delhi,501.0,26.0,21.0,4.0
TQ Cert Services,3.8,169.0,,Hyderabad,467.0,13.0,0.0,2.0
Speed Engineering Solutions,3.9,169.0,Industrial Machinery,Pune,752.0,17.0,93.0,8.0
Hire Glocal,4.0,169.0,Recruitment,Mumbai,84.0,20.0,0.0,35.0
Ind Innovations,3.2,169.0,IT Services & Consulting,New Delhi,803.0,9.0,0.0,12.0
Steadfast Medishield,3.6,169.0,Pharma,Noida,418.0,18.0,1.0,39.0
Crowe Horwath,3.6,170.0,Accounting & Auditing,Noida,1200.0,36.0,13.0,12.0
NimbusPost,3.3,169.0,Logistics,Gurugram,707.0,13.0,11.0,20.0
Attero Recycling,4.3,169.0,Semiconductors,Noida,472.0,8.0,41.0,4.0
FCS Software Solutions,3.7,169.0,IT Services & Consulting,Noida,837.0,16.0,30.0,12.0
Harvest Gold Industries,3.7,169.0,Food Processing,New Delhi,565.0,17.0,0.0,8.0
Khadi Natural Healthcare,4.2,169.0,Fitness & Wellness,New Delhi,486.0,6.0,2.0,7.0
Creditas Solutions,3.1,169.0,FinTech,Gurugram,728.0,15.0,5.0,13.0
Camlin Fine Sciences,3.5,169.0,Chemicals,Mumbai,943.0,16.0,1.0,12.0
Conviction HR,3.9,169.0,Recruitment,Mumbai,461.0,29.0,8.0,48.0
CGS,3.5,169.0,IT Services & Consulting,Hyderabad,918.0,26.0,10.0,14.0
MRC Logistics,4.0,170.0,Logistics,Pune,623.0,6.0,15.0,9.0
Swiss Garnier Life Sciences,3.4,170.0,Pharma,Chennai,778.0,16.0,0.0,16.0
IFFCO Kisan Finance,3.4,169.0,,New Delhi,463.0,15.0,0.0,5.0
Fraazo,3.5,168.0,Internet,Mumbai,662.0,20.0,0.0,13.0
RevFin,3.9,168.0,Financial Services,New Delhi,324.0,24.0,0.0,1.0
Maharashtra State Electricity Transmission Company,3.8,168.0,Government,Mumbai,481.0,4.0,0.0,20.0
Bose,3.6,168.0,Consumer Electronics & Appliances,New Delhi,531.0,6.0,0.0,27.0
Wingtech Mobile Communication,4.0,168.0,Electronics Manufacturing,Tirupati,704.0,16.0,0.0,18.0
Indian Coast Guard,4.0,168.0,Defence & Aerospace,Chennai,469.0,7.0,0.0,22.0
Synergy Property Development Services,3.9,168.0,Real Estate,Bengaluru,501.0,5.0,0.0,31.0
Nerdy Turtlez,2.4,168.0,EdTech,Kolkata,415.0,18.0,0.0,22.0
AMPLUS SOLAR,4.3,168.0,Internet,Gurugram,809.0,6.0,0.0,15.0
Alcove Realty,4.0,168.0,Real Estate,Kolkata,477.0,12.0,0.0,6.0
Facebook,4.4,168.0,Internet,Bengaluru,1200.0,56.0,0.0,23.0
GA Infra Private Limited,3.8,168.0,Engineering & Construction,Jaipur,498.0,17.0,0.0,2.0
HYOSUNG T&D,4.0,168.0,Electrical Equipment,Pune,986.0,16.0,6.0,15.0
Satvat Infosol,3.1,168.0,IT Services & Consulting,Chennai,732.0,7.0,3.0,19.0
Advance Auto Parts India,3.8,169.0,Retail,Hyderabad,1300.0,18.0,0.0,31.0
Pacific Global Solutions,3.4,168.0,,Ahmedabad,748.0,16.0,23.0,3.0
Kemwell Biopharma,3.3,168.0,Biotechnology,Bengaluru,657.0,13.0,4.0,10.0
Amity International School,3.9,168.0,Education & Training,New Delhi,690.0,11.0,0.0,14.0
Hartex Rubber,3.2,168.0,Auto Components,Hyderabad,648.0,11.0,0.0,6.0
KodNest,4.1,168.0,,Bengaluru,252.0,28.0,0.0,1.0
Government of Odisha,4.0,168.0,Government,Bhubaneswar,773.0,15.0,0.0,6.0
Border Roads Organisation,4.3,168.0,Government,New Delhi,338.0,5.0,0.0,22.0
Techno Exponent,3.7,168.0,Financial Services,Kolkata,527.0,37.0,0.0,7.0
Yuken India,3.4,168.0,Industrial Machinery,Bengaluru,800.0,6.0,2.0,15.0
Ncr Eduservices,4.0,168.0,Education & Training,Noida,498.0,24.0,33.0,18.0
Publicis Global Delivery,4.0,168.0,Media & Entertainment,Gurugram,1400.0,22.0,0.0,7.0
Fukoku,3.5,168.0,Automobile,Pune,595.0,11.0,0.0,18.0
Cherry Hill Interiors,4.1,168.0,Architecture & Interior Design,New Delhi,560.0,19.0,4.0,11.0
Somika Sarl,4.1,168.0,Metals & Mining,Vadodara,470.0,13.0,0.0,10.0
Steer Engineering,3.1,168.0,Engineering & Construction,Bengaluru,921.0,13.0,0.0,17.0
Chowgule Industries,3.6,169.0,Auto Components,Pune,623.0,6.0,11.0,13.0
ARSS Infrastructure Projects,3.6,167.0,Engineering & Construction,Bhubaneswar,508.0,21.0,0.0,16.0
BUDDI.AI,3.6,167.0,Software Product,Chennai,524.0,16.0,0.0,28.0
Infosys Springboard,4.6,167.0,,Bengaluru,46.0,9.0,0.0,1.0
Orchid Hotel,3.5,167.0,Hospitality,Mumbai,614.0,11.0,0.0,19.0
iBall,4.1,167.0,Consumer Electronics & Appliances,Mumbai,462.0,6.0,1.0,9.0
Community Health Center,4.2,167.0,Healthcare,Lucknow,464.0,6.0,0.0,2.0
Ace Pipeline Contracts,4.2,167.0,Engineering & Construction,Mumbai,478.0,13.0,0.0,18.0
Niveus Solutions (Part of NTT Data),3.8,168.0,IT Services & Consulting,Mangaluru,1400.0,21.0,0.0,5.0
Manorama Industries Limited,4.6,169.0,FMCG,Raipur,525.0,6.0,23.0,8.0
Dynamic Techno Medicals,3.7,167.0,Medical Equipment,Kochi,611.0,7.0,0.0,11.0
Geodis Overseas,3.3,167.0,Logistics,Chennai,1100.0,26.0,4.0,12.0
Bharti Foundation,3.7,167.0,Non-Profit,Gurugram,394.0,9.0,20.0,24.0
MyGlamm,3.4,167.0,Internet,Mumbai,756.0,11.0,4.0,14.0
Aranca,3.3,167.0,Analytics & KPO,Mumbai,1100.0,14.0,22.0,20.0
Milestone Gears,3.9,167.0,Auto Components,Baddi,612.0,10.0,0.0,10.0
Graphic Era University,3.5,167.0,Education & Training,Dehradun,630.0,16.0,23.0,15.0
Verity Knowledge Solutions,3.1,167.0,Investment Banking / Venture Capital / Private Equity,Hyderabad,1100.0,38.0,0.0,12.0
Oceanic Pharmachem,4.2,167.0,Pharma,Mumbai,127.0,34.0,0.0,38.0
Semac Consultants,4.0,167.0,Engineering & Construction,Bengaluru,629.0,18.0,0.0,17.0
KDDL,3.4,167.0,Metals & Mining,Bengaluru,724.0,11.0,16.0,16.0
Spun Micro Processing,4.0,168.0,Auto Components,Gurugram,599.0,11.0,1.0,12.0
CoinDCX,4.0,170.0,Emerging Technologies,Bengaluru,1300.0,44.0,62.0,10.0
Ram Kripal Singh Construction,3.6,167.0,Engineering & Construction,Ranchi,505.0,7.0,0.0,7.0
VK Building Services,3.9,167.0,Engineering & Construction,Bengaluru,560.0,11.0,15.0,18.0
iNeuron.ai,4.1,167.0,,Bengaluru,772.0,18.0,0.0,27.0
Fairfield Inn by Marriott,4.1,167.0,Hospitality,Hyderabad,363.0,5.0,0.0,2.0
West Coast Pharmaceuticals,2.9,167.0,Pharma,Ahmedabad,723.0,12.0,0.0,7.0
Frick India,3.7,167.0,Industrial Machinery,Faridabad,686.0,9.0,6.0,8.0
Eduvanz,3.4,167.0,FinTech,Mumbai,806.0,14.0,1.0,10.0
Fair Exports,3.4,167.0,Import & Export,New Delhi,845.0,16.0,3.0,8.0
Grundfos,4.0,167.0,Industrial Machinery,Chennai,810.0,12.0,1.0,12.0
AECC Global,3.0,167.0,Financial Services,Gurugram,642.0,18.0,0.0,9.0
Vizza Insurance Broking Services,3.1,167.0,Insurance,Chennai,539.0,15.0,9.0,7.0
TruCap Finance,3.8,167.0,Financial Services,Mumbai,523.0,5.0,0.0,11.0
Bimal Auto Agency,3.6,167.0,Auto Components,Bengaluru,629.0,7.0,0.0,13.0
Homesfy Realty,3.5,167.0,Real Estate,Mumbai,469.0,17.0,30.0,1.0
KLM Laboratories,3.4,167.0,Pharma,Vadodara,669.0,10.0,0.0,6.0
Deepija Telecom,3.8,168.0,Software Product,Hyderabad,795.0,17.0,4.0,31.0
Emmbi Industries,3.6,167.0,Packaging,Dadra & Nagar Haveli,718.0,11.0,2.0,9.0
Consern Pharma Limited,4.6,167.0,Pharma,Ludhiana,228.0,31.0,6.0,20.0
GP Strategies,3.5,166.0,Management Consulting,Chennai,1200.0,11.0,9.0,9.0
Manomav Engineers,4.0,166.0,Engineering & Construction,Noida,358.0,29.0,0.0,1.0
IBM Consulting,3.7,167.0,,Bengaluru,2800.0,53.0,0.0,10.0
PCS Technology,3.7,166.0,IT Services & Consulting,Mumbai,367.0,4.0,0.0,12.0
Central Coalfields,4.5,166.0,Metals & Mining,Ranchi,303.0,6.0,5.0,10.0
Seco Tools,4.1,166.0,Metals & Mining,Pune,585.0,12.0,0.0,20.0
East India Technologies,3.0,166.0,Electronics Manufacturing,Noida,803.0,9.0,12.0,10.0
Corpone Staffing Solutions,3.8,166.0,BPO,Hyderabad,549.0,18.0,0.0,11.0
Mindenious Edutech,4.2,166.0,Education & Training,Bengaluru,41.0,64.0,4.0,13.0
Peekay Steel Castings,4.0,166.0,Iron & Steel,Coimbatore,711.0,7.0,12.0,9.0
Gemini Edibles & Fats India,4.1,166.0,Food Processing,Kakinada,593.0,11.0,1.0,17.0
Hyland Software Solutions India LLP,3.7,166.0,IT Services & Consulting,Kolkata,1300.0,34.0,38.0,18.0
B5 Plus,3.0,166.0,Iron & Steel,Vadodara,475.0,25.0,0.0,23.0
Trafigura,3.1,167.0,Logistics,Mumbai,1200.0,9.0,10.0,15.0
New Era Technology,3.5,166.0,IT Services & Consulting,Bengaluru,1000.0,13.0,39.0,4.0
Henkel,3.9,166.0,Chemicals,Chennai,746.0,11.0,0.0,16.0
VWR International,3.6,166.0,Pharma,Coimbatore,1000.0,13.0,26.0,20.0
ROI NET Solution,4.3,167.0,FinTech,Gurugram,458.0,12.0,0.0,28.0
Acme Formulation,3.0,166.0,Pharma,Baddi,761.0,15.0,22.0,10.0
Amphenol Omniconnect - India,3.8,166.0,Electronics Manufacturing,Chennai,1000.0,14.0,1.0,9.0
Advatix,3.0,166.0,,Gurugram,1000.0,29.0,4.0,12.0
Grand View Research,3.2,166.0,Analytics & KPO,Pune,955.0,6.0,1.0,9.0
First Solar,4.0,166.0,Internet,Chennai,719.0,14.0,30.0,5.0
T&N Business Services,4.7,166.0,Recruitment,Aligarh,70.0,56.0,118.0,3.0
HTIC Global,3.7,166.0,Management Consulting,Kochi,595.0,15.0,44.0,22.0
Egniol Services Private Limited,2.3,166.0,Legal,Ahmedabad,472.0,14.0,69.0,1.0
Naari Pharma,2.7,166.0,Pharma,Rudrapur,655.0,6.0,0.0,16.0
MAT Brakes,4.0,168.0,Industrial Machinery,Sonipat,625.0,11.0,0.0,13.0
Daramic Battery Separator India,3.6,166.0,Electrical Equipment,Bharuch,642.0,18.0,0.0,16.0
Safeguard Global,3.6,166.0,Recruitment,New Delhi,1000.0,7.0,8.0,4.0
Billroth Hospitals,3.5,166.0,Healthcare,Chennai,611.0,5.0,12.0,7.0
Everest Group,2.7,166.0,Analytics & KPO,Gurugram,1600.0,26.0,2.0,8.0
Nexus Select Trust,4.1,166.0,Retail,Bengaluru,756.0,3.0,0.0,9.0
VOLTECH O AND M SERVICES,4.1,166.0,Oil & Gas,Chennai,476.0,10.0,0.0,12.0
Strategic Learning Solutions,4.0,166.0,BPO,Gurugram,534.0,8.0,5.0,12.0
Health Prime International,3.3,166.0,Analytics & KPO,Mumbai,813.0,13.0,0.0,10.0
Azmeel Contracting,4.1,166.0,Engineering & Construction,Al Jubail,245.0,4.0,0.0,20.0
Sabyasachi Couture,3.8,166.0,Fashion & Textile,Kolkata,707.0,14.0,1.0,10.0
Farmson Pharmaceutical,3.1,166.0,Pharma,Vadodara,898.0,12.0,0.0,12.0
St. Mary's School,3.8,166.0,Education & Training,New Delhi,573.0,8.0,1.0,17.0
Iprogrammer Solutions,4.0,166.0,IT Services & Consulting,Pune,737.0,30.0,12.0,9.0
Medvarsity Online,3.1,166.0,EdTech,Hyderabad,782.0,20.0,10.0,12.0
MT Autocraft,4.0,166.0,Auto Components,Rohtak,588.0,8.0,2.0,17.0
Aquera,4.7,167.0,IT Services & Consulting,Bengaluru,369.0,21.0,2.0,23.0
efficiently,2.5,166.0,,Hyderabad,482.0,26.0,0.0,7.0
Doms Industries,3.8,166.0,Other,Umbergaon,744.0,8.0,0.0,9.0
Hind Rectifiers,3.6,166.0,Electrical Equipment,Mumbai,931.0,20.0,6.0,10.0
SKS Fasteners,3.2,167.0,Auto Components,Pune,722.0,17.0,0.0,14.0
Arya Collateral Warehousing Services,4.3,166.0,Agriculture,Noida,443.0,12.0,0.0,13.0
Flatworld Mortgage Processing,3.5,166.0,IT Services & Consulting,Bengaluru,669.0,6.0,0.0,13.0
Broadcast Engineering Consultants India,3.5,166.0,Government,New Delhi,724.0,18.0,0.0,7.0
Shree Technocrat Communication Systems,3.8,166.0,Telecom,New Delhi,727.0,10.0,3.0,12.0
M.P. Power Transmission Company,4.0,166.0,Power,Jabalpur,428.0,8.0,0.0,7.0
Centelon,2.8,166.0,IT Services & Consulting,Pune,575.0,11.0,0.0,65.0
Acute Informatics,3.2,165.0,IT Services & Consulting,Ahmedabad,645.0,7.0,0.0,8.0
Population Services International (PSI),3.9,165.0,Non-Profit,New Delhi,436.0,9.0,0.0,22.0
SEED Infotech,4.0,165.0,IT Services & Consulting,Pune,501.0,9.0,1.0,10.0
Jobby Engineers,4.3,165.0,Engineering & Construction,Mumbai,581.0,7.0,1.0,15.0
Zodiac Clothing Company,3.4,165.0,Fashion & Textile,Mumbai,462.0,10.0,0.0,13.0
Kama Jewelry,4.5,165.0,Jewellery,Mumbai,192.0,15.0,16.0,19.0
Sterling Biotech,4.0,165.0,Pharma,Vadodara,763.0,6.0,7.0,20.0
Covestro,4.5,165.0,Petrochemicals,Greater Noida,608.0,16.0,3.0,20.0
Alp Overseas,3.6,165.0,Auto Components,Neemrana,732.0,7.0,0.0,9.0
Satec Envir Engineering (I),4.1,165.0,Engineering & Construction,Mumbai,387.0,16.0,2.0,8.0
Nordusk Led,4.4,165.0,Electronics Manufacturing,Kolkata,120.0,7.0,0.0,4.0
Thirdware Solutions,4.2,165.0,IT Services & Consulting,Chennai,1000.0,4.0,0.0,21.0
MBit Computraining,3.7,165.0,Recruitment,Hyderabad,603.0,24.0,0.0,5.0
Maharashtra State Road Transport Corporation,4.0,166.0,Government,Mumbai,372.0,4.0,0.0,20.0
Pyrotech Electronics,3.1,165.0,Electronics Manufacturing,Udaipur,708.0,12.0,6.0,8.0
Gea Process Engineering India,4.1,165.0,Food Processing,Vadodara,783.0,3.0,0.0,17.0
ACI Worldwide,4.0,165.0,Software Product,Bengaluru,1400.0,15.0,17.0,21.0
Ultratech India,4.1,165.0,Pharma,Mumbai,834.0,13.0,11.0,5.0
Automotive Research Association of India,4.1,165.0,Auto Components,Pune,920.0,8.0,2.0,14.0
Xpo Logistics,3.5,165.0,Logistics,Pune,1200.0,15.0,0.0,26.0
Privi Organics,3.8,165.0,Chemicals,Mahad,693.0,13.0,5.0,16.0
Shimizu,4.0,165.0,Engineering & Construction,Bengaluru,570.0,16.0,0.0,21.0
3Pillar Global,3.2,165.0,Software Product,Noida,1000.0,23.0,51.0,14.0
MathWorks,4.0,165.0,Software Product,Bengaluru,1200.0,46.0,2.0,16.0
Verint Systems,3.7,165.0,IT Services & Consulting,Bengaluru,1200.0,12.0,18.0,9.0
KRYFS POWER COMPONENTS,3.9,165.0,Industrial Machinery,Mumbai,620.0,11.0,9.0,15.0
India Power Corporation,3.7,165.0,Power,Kolkata,743.0,16.0,1.0,18.0
Crane Consulting and Outsourcing,3.9,165.0,,Bengaluru,1000.0,17.0,1.0,5.0
Innovassynth Technologies,3.4,165.0,Chemicals,Khopoli,801.0,15.0,1.0,12.0
Skechers South Asia,4.3,165.0,Retail,Mumbai,673.0,10.0,1.0,13.0
Wipro Insurance Solutions,3.6,166.0,,Mumbai,559.0,12.0,0.0,1.0
AdamsBridge Global,3.5,165.0,Internet,Chennai,810.0,24.0,0.0,1.0
Prudent Insurance Brokers,3.7,165.0,Insurance,Mumbai,907.0,7.0,7.0,7.0
Ceigall,3.2,165.0,Engineering & Construction,Ludhiana,694.0,8.0,11.0,6.0
Kesari Tours,3.5,165.0,Travel & Tourism,Mumbai,684.0,10.0,1.0,21.0
Export Trading group,3.5,166.0,IT Services & Consulting,Bengaluru,795.0,7.0,4.0,6.0
Qapitol Qa,3.8,165.0,IT Services & Consulting,Bengaluru,1300.0,20.0,58.0,15.0
ACE Group,4.2,165.0,Real Estate,Noida,715.0,11.0,0.0,21.0
Multi Commodity Exchange of India,3.1,165.0,Financial Services,Mumbai,1100.0,6.0,0.0,12.0
Garuda Power,3.0,165.0,Industrial Machinery,Kolkata,482.0,15.0,1.0,11.0
Augustus Healthcare Solutions,3.6,165.0,Healthcare,Pune,806.0,10.0,4.0,29.0
Bayer Zydus Pharma,3.4,165.0,Pharma,Mumbai,477.0,4.0,415.0,14.0
Cease Fire,2.9,165.0,,New Delhi,663.0,14.0,0.0,3.0
Lilavati Hospital & Research Centre,3.9,166.0,Healthcare,Mumbai,570.0,6.0,7.0,15.0
Vanesa Care,4.2,165.0,Beauty & Personal Care,New Delhi,555.0,6.0,0.0,7.0
Teliolabs,3.9,165.0,Emerging Technologies,Hyderabad,374.0,36.0,35.0,28.0
Scope eKnowledge Center,3.1,164.0,IT Services & Consulting,Chennai,449.0,8.0,0.0,18.0
Sharp Business Systems India,3.5,164.0,Consumer Electronics & Appliances,New Delhi,543.0,7.0,0.0,13.0
Milltec Machinery Pvt Ltd Bangalore,4.0,164.0,Industrial Machinery,Bengaluru,692.0,9.0,0.0,12.0
Xotik Frujus,2.5,164.0,Beverage,Mumbai,438.0,8.0,0.0,7.0
Be10X,4.4,164.0,Education & Training,Kolkata,133.0,23.0,0.0,3.0
Enlist Management Consultants,3.2,164.0,Recruitment,Kolkata,597.0,9.0,0.0,9.0
Sterling Information Resources,3.5,164.0,Analytics & KPO,Mumbai,680.0,5.0,0.0,9.0
bgr Mining infra pvt Ltd,4.1,164.0,Metals & Mining,Hyderabad,605.0,11.0,2.0,7.0
Sundaram Industries,3.5,164.0,Auto Components,Chennai,834.0,6.0,4.0,9.0
Tracks Components,3.1,164.0,,Pune,947.0,18.0,0.0,9.0
Hubtown,3.2,164.0,Engineering & Construction,Mumbai,678.0,14.0,0.0,8.0
Sharp Sight,4.1,164.0,Healthcare,New Delhi,623.0,11.0,20.0,6.0
Pramata Knowledge Solutions,3.3,164.0,Software Product,Bengaluru,800.0,31.0,0.0,16.0
HCL Foundation,4.4,164.0,Non-Profit,Lucknow,583.0,18.0,0.0,22.0
Acuvate Software,3.1,164.0,Software Product,Hyderabad,1100.0,12.0,6.0,14.0
Jaypee Brothers Medical Publishers,3.3,164.0,Printing & Publishing,New Delhi,632.0,21.0,0.0,8.0
Sankara Nethralaya,3.9,164.0,Non-Profit,Chennai,428.0,9.0,0.0,16.0
Shinhan Bank,3.1,164.0,Banking,Mumbai,920.0,18.0,2.0,11.0
Inductotherm,3.7,164.0,Industrial Machinery,Ahmedabad,682.0,12.0,12.0,23.0
Flexsin Technologies,3.8,164.0,IT Services & Consulting,Noida,862.0,29.0,85.0,13.0
iVistec Partners India Private Limited,3.9,164.0,IT Services & Consulting,Noida,574.0,10.0,2.0,22.0
Goodricke Group,4.0,164.0,Food Processing,Kolkata,467.0,8.0,0.0,9.0
Krishna Institute of Medical Sciences,3.8,164.0,Healthcare,Hyderabad,684.0,5.0,16.0,8.0
SembCorp,3.8,164.0,Power,Gurugram,702.0,10.0,4.0,11.0
Rubicon Skill Development,2.5,164.0,,Pune,361.0,24.0,3.0,5.0
B.P. Poddar Hospital & Medical Research,3.0,164.0,Healthcare,Kolkata,530.0,16.0,0.0,7.0
Sahu Exports,4.1,164.0,Fashion & Textile,Noida,578.0,12.0,0.0,6.0
Nivara Home Finance,3.7,164.0,Financial Services,Bengaluru,526.0,11.0,4.0,7.0
IREP Credit Capital,4.1,164.0,Financial Services,Hyderabad,597.0,7.0,0.0,10.0
Sindhuja Microcredit,3.7,164.0,NBFC,Noida,437.0,9.0,19.0,4.0
Envirocare Labs,4.1,164.0,Clinical Research,Mumbai,398.0,31.0,6.0,5.0
Merilytics,2.9,164.0,Analytics & KPO,Hyderabad,1500.0,51.0,0.0,7.0
Jupiter Wagons,3.7,164.0,Railways,Kolkata,729.0,10.0,0.0,3.0
Anvil Cables,3.8,164.0,Semiconductors,Kolkata,537.0,8.0,0.0,13.0
TVS Upasana Engineering,3.6,164.0,Automobile,Hosur,599.0,8.0,0.0,13.0
Vitromed Healthcare,3.4,164.0,Medical Equipment,Jaipur,649.0,19.0,4.0,10.0
Kirtane & Pandit,3.4,164.0,Accounting & Auditing,Pune,695.0,9.0,10.0,12.0
Faasos Food Services,3.6,164.0,Internet,Mumbai,384.0,4.0,14.0,17.0
EAPRO Global Ltd,4.2,163.0,Consumer Electronics & Appliances,Roorkee,427.0,14.0,4.0,7.0
StrategicERP,4.2,163.0,Software Product,Mumbai,279.0,14.0,1.0,2.0
Aditya Birla Lifestyle Brands,3.9,164.0,,Bengaluru,477.0,9.0,0.0,16.0
Data Bridge Market Research,2.7,163.0,Analytics & KPO,Pune,523.0,24.0,0.0,6.0
Eastern Coalfields,4.1,163.0,Metals & Mining,Asansol,283.0,9.0,0.0,11.0
Gera Developments,4.1,163.0,Real Estate,Pune,718.0,4.0,6.0,13.0
Celebi Delhi Cargo Terminal Management,4.2,163.0,Aviation,New Delhi,421.0,3.0,0.0,37.0
Americana Group,3.5,163.0,Food Processing,New Delhi,350.0,12.0,0.0,20.0
BigStep Technologies,4.3,163.0,IT Services & Consulting,Gurugram,501.0,36.0,3.0,58.0
Trayee Business Solutions,3.4,163.0,BPO,Chennai,506.0,8.0,0.0,6.0
GKB Opticals,4.4,163.0,Retail,Kolkata,371.0,7.0,0.0,8.0
Meil Anpara Power,3.8,163.0,,Sonbhadra,394.0,5.0,0.0,16.0
Envision Enterprise Solutions,2.8,163.0,IT Services & Consulting,Hyderabad,928.0,17.0,0.0,4.0
Suraksha Gold Industries Private Limited,4.4,163.0,Building Material,New Delhi,89.0,92.0,0.0,24.0
TIL,3.6,163.0,Industrial Machinery,Kolkata,731.0,10.0,0.0,17.0
PMJ Gems & Jewellers,3.6,163.0,Jewellery,Hyderabad,599.0,12.0,0.0,12.0
Encotec Energy,4.2,163.0,Power,Noida,538.0,10.0,1.0,14.0
Group Pharmaceuticals,3.7,163.0,Pharma,Bengaluru,415.0,10.0,7.0,13.0
Aptronix - Apple Premium Reseller,3.9,163.0,Electrical Equipment,Hyderabad,640.0,10.0,0.0,11.0
RxLogix Corporation,2.2,163.0,Software Product,Noida,1200.0,23.0,20.0,11.0
Kaseya Software,3.3,163.0,Software Product,Bengaluru,1500.0,17.0,25.0,8.0
Elektrobit India,4.1,163.0,IT Services & Consulting,Bengaluru,964.0,17.0,0.0,9.0
IIT Delhi,4.1,163.0,Education & Training,New Delhi,905.0,19.0,14.0,17.0
Hestabit Technologies,3.8,163.0,IT Services & Consulting,Noida,674.0,23.0,6.0,11.0
Samvardhana Motherson Auto Component,3.8,163.0,Electrical Equipment,Chennai,844.0,9.0,0.0,7.0
Oakridge International School,3.4,163.0,Education & Training,Hyderabad,504.0,5.0,0.0,29.0
Zeta Global,3.5,163.0,Software Product,Hyderabad,1200.0,16.0,0.0,18.0
Smart Drive Systems,3.5,163.0,IT Services & Consulting,Hyderabad,702.0,10.0,25.0,26.0
JCT Limited,3.9,163.0,Fashion & Textile,Phagwara,591.0,6.0,5.0,20.0
Lotus Footwear Enterprises,4.0,163.0,Fashion & Textile,Chennai,568.0,9.0,0.0,10.0
Delhi Integrated Multi Modal Transit System,3.5,163.0,Government,New Delhi,583.0,8.0,0.0,14.0
JBM Neel Metal,3.9,163.0,Auto Components,Gurugram,526.0,12.0,0.0,7.0
Outscale Partners,2.5,163.0,IT Services & Consulting,Gurugram,382.0,27.0,22.0,4.0
Roto Pumps,3.7,163.0,Industrial Machinery,Noida,552.0,9.0,0.0,11.0
Welspun Specialty Solutions,3.7,163.0,Iron & Steel,Bharuch,579.0,5.0,0.0,11.0
Vehant Technologies,3.9,164.0,IT Services & Consulting,Noida,818.0,12.0,47.0,12.0
Euro School,3.5,163.0,Education & Training,Bengaluru,584.0,16.0,0.0,15.0
Sarla Advantech,3.9,163.0,Engineering & Construction,Pune,1100.0,11.0,18.0,14.0
TAL Manufacturing Solutions,3.7,162.0,Industrial Machinery,Nagpur,446.0,5.0,0.0,21.0
Plintron Global Technology Solutions,2.9,162.0,Telecom,Chennai,1000.0,17.0,0.0,10.0
Interactive Avenues,3.3,162.0,Marketing & Advertising,Mumbai,1100.0,13.0,0.0,12.0
Goel Ganga Developments,3.6,162.0,Real Estate,Pune,671.0,13.0,3.0,20.0
Indian Armed Forces,4.5,162.0,Government,New Delhi,401.0,5.0,0.0,9.0
MELCO,3.5,162.0,Industrial Machinery,Faridabad,576.0,3.0,0.0,5.0
K.R.Mangalam World School,4.0,162.0,Education & Training,New Delhi,468.0,19.0,9.0,4.0
Apparel Group UAE,3.4,162.0,Retail,Dubai,20.0,1.0,0.0,1.0
Gibraltar Technologies,3.9,162.0,IT Services & Consulting,Bengaluru,682.0,24.0,1.0,1.0
Enzen Global Solutions,2.8,162.0,Power,Bengaluru,551.0,6.0,0.0,16.0
Mahavir Die Casters,3.8,162.0,Auto Components,Gurugram,511.0,4.0,0.0,11.0
Aligarh Muslim University,4.5,163.0,Education & Training,Aligarh,418.0,5.0,0.0,14.0
TAAZAA,3.9,162.0,IT Services & Consulting,Noida,839.0,24.0,23.0,6.0
Shri Kshetra Dharmasthala Rural Development Project,4.1,162.0,,Bengaluru,358.0,5.0,0.0,8.0
Airpay Payment Services,2.9,162.0,FinTech,Mumbai,806.0,12.0,16.0,11.0
University of Delhi,4.3,162.0,Education & Training,New Delhi,908.0,10.0,0.0,14.0
MedTourEasy,4.7,162.0,Internet,New Delhi,187.0,6.0,0.0,4.0
Voith,3.7,163.0,Pulp & Paper,Noida,944.0,6.0,1.0,16.0
American India Foundation,3.8,162.0,Non-Profit,New Delhi,477.0,14.0,0.0,11.0
Vee Gee Auto Components,3.9,162.0,Auto Components,Ahmedabad,668.0,7.0,0.0,5.0
DCM Infotech,3.4,162.0,IT Services & Consulting,New Delhi,846.0,10.0,8.0,7.0
Kanakadurga Finance,3.6,162.0,NBFC,Vijayawada,466.0,6.0,0.0,5.0
VFS Capital,3.6,162.0,NBFC,Kolkata,325.0,8.0,0.0,2.0
Premium Chick Feeds,3.6,162.0,Agriculture,Pune,579.0,8.0,0.0,10.0
Raam Group,3.3,162.0,Automobile,Hyderabad,593.0,31.0,35.0,6.0
Solera,3.2,162.0,IT Services & Consulting,Bengaluru,1300.0,17.0,2.0,9.0
Tulip Diagnostics,3.8,163.0,Medical Equipment,Kolkata,496.0,8.0,0.0,14.0
Chryso,3.8,162.0,Chemicals,Mumbai,640.0,16.0,0.0,8.0
Punjab & Sind Bank,3.2,162.0,Banking,New Delhi,518.0,3.0,0.0,13.0
Tcs And Associates,3.4,162.0,IT Services & Consulting,Chennai,1600.0,12.0,0.0,4.0
Helo.ai by VivaConnect,4.3,162.0,Telecom,Mumbai,511.0,8.0,2.0,7.0
Sarvatra Technologies,4.2,162.0,IT Services & Consulting,Pune,1300.0,21.0,9.0,12.0
Sapphire Infocom,4.8,162.0,IT Services & Consulting,Ahmedabad,16.0,38.0,3.0,15.0
The Knowledge Academy,2.6,162.0,Education & Training,Bengaluru,772.0,16.0,0.0,4.0
Euronics Industries,3.5,162.0,Building Material,Gurugram,796.0,18.0,12.0,6.0
Motovolt Mobility,3.9,162.0,Automobile,Kolkata,481.0,23.0,4.0,9.0
V S International,3.8,162.0,Pharma,Daman & Diu,555.0,21.0,11.0,20.0
Manipal HealthMap,4.0,162.0,Healthcare,New Delhi,416.0,11.0,13.0,15.0
IG Defence,4.5,161.0,,Bhubaneswar,43.0,7.0,0.0,1.0
Vulcan Express,3.6,161.0,Logistics,New Delhi,229.0,1.0,0.0,20.0
AYTB,3.8,161.0,Engineering & Construction,Al Jubail,340.0,14.0,0.0,20.0
Enaltec Labs,2.9,161.0,Pharma,Mumbai,733.0,14.0,0.0,21.0
Chandan Healthcare,3.3,161.0,Healthcare,Lucknow,442.0,20.0,5.0,6.0
Gujarat State Electricity Corporation,4.4,162.0,Government,Ahmedabad,276.0,6.0,0.0,8.0
Shine,3.2,161.0,Internet,Gurugram,514.0,20.0,0.0,19.0
Saraswati Accountants Software,4.4,161.0,IT Services & Consulting,New Delhi,129.0,23.0,3.0,14.0
Capricorn Energy,3.6,161.0,Oil & Gas,Barmer,1300.0,18.0,0.0,34.0
Edujobs Academy,3.1,161.0,Education & Training,Kolkata,321.0,11.0,0.0,6.0
Parsons International,4.1,161.0,IT Services & Consulting,Doha,220.0,7.0,0.0,20.0
Pearl Beverages,3.1,161.0,Beverage,Guntur,549.0,11.0,3.0,8.0
Bhartiya International,3.5,161.0,Fashion & Textile,Bengaluru,838.0,7.0,0.0,17.0
Datavail Infotech,3.2,161.0,IT Services & Consulting,Hyderabad,1300.0,7.0,44.0,12.0
Thermo Systems India,3.9,161.0,Semiconductors,Hyderabad,666.0,8.0,0.0,11.0
Inube Software Solutions,3.1,161.0,Software Product,Bengaluru,1100.0,13.0,2.0,11.0
Enquero,4.2,161.0,IT Services & Consulting,Bengaluru,1700.0,21.0,0.0,19.0
Shobhit Mediworld,3.9,162.0,,Lucknow,358.0,26.0,2.0,9.0
E C R Buildtech,3.9,161.0,Engineering & Construction,New Delhi,452.0,13.0,13.0,8.0
Inshorts,3.5,161.0,Internet,Noida,676.0,16.0,2.0,11.0
Ocl Iron & Steel,3.6,161.0,Iron & Steel,Rourkela,517.0,17.0,0.0,1.0
AstroTalk,3.3,161.0,Internet,Noida,569.0,26.0,2.0,4.0
Lupin Diagnostics,3.9,161.0,Medical Equipment,Mumbai,529.0,15.0,0.0,2.0
Quba Architectural Products,4.2,161.0,Architecture & Interior Design,Mumbai,492.0,10.0,0.0,5.0
Mosaic Wellness,3.3,161.0,Fitness & Wellness,Mumbai,639.0,18.0,19.0,2.0
Bhilai Iron And Steel Processing Company,4.0,161.0,Iron & Steel,Bhilai Nagar,584.0,7.0,0.0,14.0
SoftTech Engineers Limited,3.3,161.0,Engineering & Construction,Pune,1100.0,21.0,11.0,12.0
SOTI,3.0,161.0,Software Product,Gurugram,1500.0,24.0,27.0,14.0
Mohani Tea Leaves,4.0,162.0,FMCG,Kanpur,531.0,6.0,0.0,19.0
Atotech,3.9,161.0,Chemicals,Gurugram,804.0,12.0,1.0,26.0
Data Template Infotech,3.6,161.0,IT Services & Consulting,Bengaluru,577.0,18.0,0.0,21.0
Sanyo Special Steel Manufacturing,4.1,161.0,Iron & Steel,Khopoli,698.0,8.0,2.0,15.0
Isprava,3.2,161.0,Real Estate,Mumbai,753.0,14.0,9.0,4.0
Webdew,4.5,161.0,IT Services & Consulting,Sahibzada Ajit Singh Nagar,152.0,112.0,5.0,41.0
SRV Media,3.5,161.0,Marketing & Advertising,Pune,533.0,27.0,7.0,28.0
Banas Dairy,4.0,161.0,Food Processing,Palanpur,575.0,8.0,0.0,13.0
Innovision,3.1,161.0,Facility Management Services,Gurugram,599.0,13.0,1.0,10.0
Makino,3.6,161.0,Auto Components,Bengaluru,799.0,10.0,1.0,14.0
Topsel Toyota,3.8,161.0,Automobile,Kolkata,364.0,11.0,15.0,19.0
Ajit Industries Pvt.Ltd,4.2,161.0,Chemicals,New Delhi,521.0,17.0,0.0,11.0
Ecozen Solutions,4.1,161.0,Industrial Automation,Pune,624.0,12.0,36.0,3.0
Uniproducts,3.4,161.0,Auto Components,Rewari,790.0,9.0,1.0,14.0
Prabha Engineering,3.7,161.0,Auto Components,Pune,827.0,8.0,1.0,10.0
Ankur Seeds,4.1,161.0,Agriculture,Nagpur,404.0,7.0,0.0,14.0
Jyote Motors,3.6,161.0,Automobile,Bhubaneswar,495.0,9.0,0.0,9.0
Escorts Railway Equipment Division,3.8,161.0,Industrial Machinery,Faridabad,526.0,9.0,0.0,11.0
Sampark Logistics,3.3,161.0,Logistics,Faridabad,565.0,7.0,0.0,12.0
CAPLIN STERILES,2.9,161.0,Pharma,Chennai,1100.0,8.0,6.0,10.0
CBTS TECHNOLOGY SOLUTIONS INDIA LLP,3.9,162.0,IT Services & Consulting,Chennai,1400.0,24.0,18.0,12.0
Delval Flow Controls,4.1,162.0,Industrial Machinery,Pune,870.0,5.0,4.0,10.0
Cadeploy Engineering,3.2,161.0,Engineering & Construction,Hyderabad,731.0,14.0,12.0,12.0
Sberbank Branch in India,3.1,161.0,Banking,Bengaluru,511.0,30.0,8.0,8.0
AKM Global,4.1,161.0,Accounting & Auditing,Gurugram,523.0,41.0,20.0,1.0
Pioneer Wincon,4.4,161.0,Power,Chennai,394.0,18.0,0.0,30.0
Amanta Healthcare,4.0,161.0,Pharma,Ahmedabad,625.0,7.0,0.0,20.0
Outlook,2.8,160.0,,New Delhi,138.0,36.0,0.0,6.0
YuppTV,3.5,160.0,Broadcasting,Hyderabad,1100.0,18.0,0.0,15.0
Captain Tractors,4.4,160.0,Automobile,Rajkot,520.0,19.0,6.0,16.0
Unipath Specialty Laboratory,3.7,161.0,Healthcare,Ahmedabad,652.0,14.0,1.0,5.0
Paushak,3.7,160.0,Chemicals,Vadodara,797.0,17.0,7.0,17.0
Indian Steel Corporation,4.1,160.0,Iron & Steel,Gandhidham,662.0,10.0,0.0,22.0
Sikka Group,3.5,160.0,Real Estate,New Delhi,583.0,10.0,0.0,15.0
Durr India,3.4,160.0,Industrial Automation,Chennai,837.0,8.0,3.0,5.0
Colgate Global Business Services,3.4,160.0,IT Services & Consulting,Mumbai,718.0,23.0,0.0,14.0
Lokmat Media,3.9,161.0,Printing & Publishing,Mumbai,885.0,6.0,5.0,8.0
Ambrane India,4.6,160.0,Consumer Electronics & Appliances,New Delhi,423.0,8.0,2.0,3.0
TC Global,3.5,160.0,Education & Training,New Delhi,491.0,9.0,6.0,25.0
NetProphets Cyberworks,3.5,160.0,IT Services & Consulting,Noida,1000.0,6.0,0.0,12.0
Bankai Infotech,3.1,160.0,IT Services & Consulting,Ahmedabad,929.0,14.0,2.0,18.0
Signzy Technologies,2.9,160.0,Software Product,Bengaluru,976.0,34.0,0.0,1.0
Synchronoss Technologies,4.2,160.0,Telecom,Bengaluru,1300.0,11.0,2.0,16.0
BlueBinaries Engineering and Solutions,2.6,160.0,Software Product,Bengaluru,1100.0,25.0,5.0,10.0
Tamilnadu Petroproducts,4.2,160.0,Petrochemicals,Chennai,882.0,11.0,0.0,12.0
The Calcutta Medical Research Institute,3.8,160.0,Healthcare,Kolkata,471.0,9.0,12.0,12.0
Silver Consumer Electricals,3.2,160.0,Industrial Machinery,Rajkot,573.0,7.0,0.0,3.0
TV9 Network,3.6,160.0,Media & Entertainment,Noida,876.0,11.0,0.0,7.0
IndianOil Skytanking,3.2,160.0,Oil & Gas,New Delhi,605.0,13.0,0.0,19.0
Melorra,3.1,160.0,Internet,Bengaluru,832.0,21.0,0.0,9.0
HexaView Technologies,3.4,160.0,IT Services & Consulting,Noida,1000.0,30.0,7.0,8.0
Takahata Precision,4.2,160.0,Auto Components,Neemrana,578.0,7.0,0.0,17.0
Batra Hospital,3.9,160.0,Healthcare,New Delhi,543.0,3.0,22.0,13.0
MRI Software,3.1,160.0,Software Product,Bengaluru,1200.0,22.0,1.0,4.0
Enercon,4.0,160.0,Power,Bengaluru,545.0,12.0,2.0,16.0
Khivraj Motors,3.9,160.0,Automobile,Chennai,614.0,9.0,13.0,10.0
Apicore Pharmaceuticals,3.7,160.0,Pharma,Vadodara,692.0,6.0,8.0,17.0
Pioneer e Solutions,3.6,160.0,IT Services & Consulting,New Delhi,623.0,4.0,0.0,6.0
NELCAST,3.6,160.0,Iron & Steel,Chennai,716.0,6.0,1.0,12.0
Avinash Group,3.5,161.0,Real Estate,Raipur,577.0,14.0,4.0,11.0
Chloride Metals,3.5,160.0,,Haldia,701.0,16.0,0.0,8.0
LC Infra Projects,3.9,160.0,Engineering & Construction,Ahmedabad,485.0,19.0,0.0,8.0
Badri Rai and Company,3.8,160.0,Engineering & Construction,Guwahati,520.0,14.0,9.0,4.0
Rayden Interactive,2.7,160.0,IT Services & Consulting,Pune,752.0,22.0,0.0,10.0
TI METAL FORMING,4.0,160.0,Auto Components,Chennai,570.0,8.0,0.0,13.0
Sony Pictures Networks,3.5,160.0,,Mumbai,964.0,7.0,0.0,2.0
Baggit,2.7,160.0,Fashion & Textile,Mumbai,560.0,6.0,0.0,10.0
Pasco Automobiles,4.2,160.0,Automobile,Gurugram,599.0,13.0,0.0,14.0
CTX Life Science,3.7,160.0,Pharma,Surat,708.0,6.0,2.0,9.0
Conserve Solution,3.9,160.0,Engineering & Construction,Chennai,515.0,20.0,12.0,12.0
Planit Testing India,3.4,160.0,IT Services & Consulting,Hyderabad,1200.0,19.0,12.0,13.0
Nehru Yuva Kendra Sangathan,4.4,159.0,Non-Profit,New Delhi,170.0,8.0,0.0,17.0
UptoSkills,4.6,159.0,,New Delhi,33.0,46.0,0.0,7.0
GIRDHARI LAL CONSTRUCTIONS,3.9,159.0,Engineering & Construction,New Delhi,485.0,14.0,2.0,1.0
EMB Global,4.3,159.0,Internet,Gurugram,447.0,16.0,0.0,2.0
FreshMenu,3.2,159.0,Hospitality,Bengaluru,554.0,8.0,3.0,24.0
Naaraayani Sons,3.7,159.0,Metals & Mining,Kolkata,435.0,21.0,0.0,22.0
StoreKing,3.2,159.0,Internet,Bengaluru,709.0,12.0,0.0,20.0
Delphi Automotive Systems,3.8,159.0,Auto Components,Bengaluru,675.0,5.0,0.0,18.0
Unirac,3.9,159.0,Power,Hyderabad,339.0,20.0,0.0,5.0
MoreTasks,4.2,159.0,IT Services & Consulting,Gurugram,269.0,27.0,0.0,25.0
5K Car Care,4.4,159.0,Other,Coimbatore,264.0,48.0,0.0,0.0
Him Teknoforge,3.5,159.0,Auto Components,Baddi,563.0,14.0,3.0,13.0
Magnum Group,3.2,160.0,BPO,Bhopal,679.0,7.0,0.0,6.0
JCBL,3.5,159.0,Automobile,Sahibzada Ajit Singh Nagar,668.0,7.0,20.0,11.0
Pasa Resources,3.5,159.0,Agro Chemicals,Ranchi,463.0,17.0,0.0,5.0
F5 Networks,3.2,159.0,IT Services & Consulting,Hyderabad,1700.0,27.0,61.0,13.0
Nitika Pharmaceutical Specialities,3.5,159.0,Pharma,Nagpur,560.0,16.0,32.0,4.0
Diversey,3.9,159.0,Chemicals,Mumbai,661.0,4.0,0.0,18.0
Electrolab,3.5,159.0,Medical Equipment,Mumbai,613.0,10.0,16.0,7.0
Axis Mutual Fund,3.8,159.0,Financial Services,Mumbai,877.0,10.0,0.0,8.0
Intec Infra-Technologies,3.7,159.0,,Gurugram,369.0,11.0,17.0,8.0
FMI Automotive Components,3.8,159.0,Auto Components,Gurugram,580.0,11.0,7.0,15.0
Hind Terminals,4.0,159.0,Logistics,Mumbai,738.0,8.0,0.0,16.0
CBSE,4.3,159.0,Education & Training,New Delhi,453.0,6.0,0.0,8.0
Auditics Private Limited,3.8,159.0,Accounting & Auditing,Chennai,402.0,21.0,6.0,2.0
Enlink Managed Service pvt Ltd.,3.1,159.0,IT Services & Consulting,Mumbai,559.0,15.0,15.0,20.0
Echelon Institute of Technology,4.3,159.0,Education & Training,Faridabad,158.0,41.0,2.0,1.0
Marsh McLennan Global Services,4.1,159.0,Financial Services,Mumbai,685.0,18.0,5.0,30.0
Dixcy Textiles,4.2,159.0,,Bengaluru,612.0,4.0,0.0,24.0
Uno Minda Kyoraku,3.9,159.0,Automobile,Bawal,579.0,11.0,1.0,16.0
ValGenesis,3.0,159.0,Software Product,Chennai,1200.0,23.0,42.0,17.0
Vibracoustic,3.6,160.0,Automobile,Noida,617.0,10.0,0.0,20.0
ARDEE INDUSTRIES LIMITED,4.0,159.0,Metals & Mining,New Delhi,301.0,29.0,5.0,3.0
Futran Solutions,3.9,159.0,Software Product,Hyderabad,442.0,19.0,5.0,13.0
Sun Flag Steel,3.5,159.0,Iron & Steel,Bhandara,691.0,8.0,0.0,4.0
Preet Tractors,3.7,159.0,Automobile,Nabha,486.0,19.0,0.0,29.0
Baxter Pharmaceuticals,4.2,159.0,Pharma,Ahmedabad,294.0,11.0,0.0,2.0
Hirschvogel Components,4.0,159.0,Auto Components,Pune,738.0,7.0,1.0,18.0
Thoucentric,3.6,159.0,Management Consulting,Bengaluru,1600.0,16.0,91.0,10.0
Rolls-Royce,3.9,159.0,Defence & Aerospace,Bengaluru,1100.0,33.0,23.0,17.0
Srijan Technologies,3.1,159.0,IT Services & Consulting,New Delhi,893.0,21.0,39.0,17.0
Apollomedics Super Speciality Hospitals,4.0,159.0,Healthcare,Lucknow,655.0,14.0,0.0,12.0
SugarFit,4.0,159.0,Healthcare,Bengaluru,328.0,25.0,0.0,4.0
Healthworld Hospitals,3.9,160.0,Healthcare,Durgapur,545.0,7.0,2.0,7.0
Shakti Precision Components,3.6,159.0,Other,Bengaluru,755.0,5.0,1.0,7.0
Vasavi Group,3.7,159.0,Real Estate,Hyderabad,845.0,9.0,2.0,3.0
Kartavya Healtheon,3.7,159.0,Internet,Mumbai,378.0,8.0,7.0,4.0
Horizontal Integration,3.5,159.0,IT Services & Consulting,Bengaluru,1000.0,15.0,0.0,4.0
Inorbit Mall,4.1,159.0,Retail,Mumbai,600.0,17.0,0.0,20.0
Lotus Wireless Technologies,3.2,159.0,IT Services & Consulting,Visakhapatnam,773.0,19.0,0.0,9.0
Tarento Technologies,3.5,159.0,IT Services & Consulting,Bengaluru,1300.0,15.0,33.0,26.0
FreshToHome,3.5,159.0,Hospitality,Bengaluru,800.0,26.0,6.0,5.0
Basicfirst Learning,2.7,158.0,EdTech,New Delhi,234.0,7.0,0.0,61.0
Vihaan Networks,4.1,158.0,Telecom,Gurugram,722.0,10.0,0.0,14.0
Rorito International,4.0,158.0,Other,Chennai,564.0,6.0,5.0,12.0
Narayan Seva Sansthan,4.2,158.0,Non-Profit,Udaipur,282.0,10.0,18.0,15.0
"PKF Sridhar & Santhanam LLP, Chartered Accountants",3.5,158.0,Accounting & Auditing,Mumbai,669.0,12.0,0.0,13.0
Apraava Energy,4.2,158.0,Power,Mumbai,617.0,10.0,0.0,6.0
Avantha Technologies,3.5,158.0,IT Services & Consulting,Gurugram,751.0,9.0,0.0,13.0
Dr. Ram Manohar Lohia Hospital,4.3,158.0,Healthcare,New Delhi,393.0,6.0,0.0,16.0
Jhajharia Nirman Limited,4.1,158.0,Engineering & Construction,Bilaspur,573.0,15.0,0.0,16.0
Texila Educational And Management Services,3.9,158.0,Education & Training,Coimbatore,547.0,15.0,0.0,50.0
Gammastack,3.3,158.0,IT Services & Consulting,Indore,797.0,66.0,35.0,28.0
Toll Group,3.9,158.0,Logistics,Pune,895.0,7.0,16.0,10.0
MGM Medical College & Hospital,3.9,158.0,Healthcare,Chhatrapati Sambhajinagar,612.0,6.0,0.0,11.0
Creativelipi Webtech,2.6,158.0,IT Services & Consulting,Noida,525.0,7.0,1.0,10.0
Sundyota Numandis Pharmaceuticals,3.8,159.0,Pharma,Ahmedabad,488.0,9.0,16.0,18.0
RS Software (India) Ltd.,3.3,158.0,FinTech,Kolkata,539.0,10.0,3.0,18.0
Brindavan Beverages,3.9,158.0,Beverage,Bareilly,603.0,7.0,0.0,11.0
Shri Ram Finance Corporation,2.9,158.0,Financial Services,Raipur,495.0,17.0,5.0,6.0
Synmac Consultants,4.0,158.0,Accounting & Auditing,Chennai,59.0,17.0,26.0,28.0
AYN InfoTech,4.5,158.0,IT Services & Consulting,Pune,184.0,1.0,0.0,47.0
Unicorn DenMart,3.9,158.0,Medical Equipment,New Delhi,547.0,33.0,12.0,8.0
CLIRNet,3.6,158.0,Internet,Kolkata,509.0,14.0,24.0,6.0
Indivillage Tech Solutions,3.6,158.0,IT Services & Consulting,Yemmiganur,710.0,17.0,2.0,5.0
Kaefer,3.6,158.0,Engineering & Construction,Mumbai,329.0,6.0,0.0,18.0
Axis Securities and Sales,3.5,158.0,,Mumbai,855.0,15.0,0.0,6.0
HMD Global,3.6,158.0,Electronics Manufacturing,Gurugram,643.0,12.0,1.0,13.0
Aurolab,3.7,158.0,Medical Equipment,Madurai,629.0,27.0,5.0,7.0
Modi Naturals,4.0,158.0,Agro Chemicals,New Delhi,573.0,8.0,2.0,8.0
CCS Computers,3.8,158.0,IT Services & Consulting,New Delhi,729.0,8.0,6.0,8.0
JConnect Infotech,3.3,158.0,Recruitment,Noida,708.0,10.0,0.0,6.0
Virtuoso,3.4,158.0,Industrial Automation,Pune,780.0,17.0,6.0,2.0
Orange City Water,3.6,158.0,Waste Management,Nagpur,466.0,7.0,0.0,8.0
Shivalik Rasayan,3.6,158.0,Agro Chemicals,Bharuch,572.0,10.0,0.0,6.0
BANGMETRIC,3.9,158.0,IT Services & Consulting,Noida,226.0,17.0,0.0,2.0
AUO Mobility Solutions,4.0,158.0,Auto Components,Pune,861.0,11.0,13.0,12.0
Linedata,2.9,158.0,Internet,Mumbai,1100.0,24.0,18.0,6.0
Agriculture Insurance Company of India,4.2,158.0,Insurance,New Delhi,511.0,12.0,0.0,5.0
IonIdea,3.0,158.0,Software Product,Bengaluru,860.0,16.0,14.0,8.0
Arundhati Jewellers,3.5,158.0,Jewellery,Bhubaneswar,302.0,11.0,3.0,62.0
Scymes Services,3.3,158.0,IT Services & Consulting,Mumbai,554.0,7.0,6.0,36.0
Simple Logic IT,3.4,158.0,IT Services & Consulting,Mumbai,942.0,13.0,9.0,3.0
Turner & Townsend,3.7,158.0,Engineering & Construction,Mumbai,1500.0,13.0,107.0,10.0
Qatargas,4.6,157.0,Oil & Gas,Mumbai,514.0,11.0,0.0,17.0
BAIF Development Research Foundation,3.6,157.0,Non-Profit,Pune,414.0,14.0,0.0,14.0
Donaldson India Filter Systems,3.9,157.0,Industrial Machinery,Gurugram,729.0,7.0,12.0,8.0
Netcon Technologies,3.6,157.0,IT Services & Consulting,Chennai,1000.0,14.0,0.0,6.0
Ritco Logistics,3.6,157.0,Logistics,Gurugram,561.0,13.0,6.0,4.0
Elkayem Auto Ancillaries,3.4,157.0,Industrial Machinery,Hosur,611.0,9.0,4.0,12.0
ADINATH MOTORS,3.7,157.0,,New Delhi,637.0,5.0,3.0,8.0
Rinder India,3.9,157.0,Automobile,Pune,500.0,3.0,0.0,29.0
GAIN Credit,3.8,157.0,FinTech,Chennai,645.0,14.0,0.0,67.0
Shilpa Biologicals,3.0,157.0,,Dharwad,701.0,5.0,0.0,3.0
Kotak Mahindra Asset Management Company,4.0,157.0,Financial Services,Mumbai,981.0,13.0,15.0,12.0
Datagain,4.4,157.0,IT Services & Consulting,Mumbai,392.0,36.0,9.0,30.0
Nxtra Data,4.1,157.0,IT Services & Consulting,Pune,768.0,13.0,1.0,12.0
Infinite HR Solutions,3.2,157.0,,Bengaluru,1500.0,3.0,0.0,2.0
thinkbridge,3.6,157.0,IT Services & Consulting,Pune,729.0,25.0,3.0,27.0
KHD Humboldt Wedag,4.2,157.0,Industrial Machinery,New Delhi,759.0,9.0,0.0,16.0
Teach For India,3.5,157.0,Non-Profit,New Delhi,723.0,30.0,0.0,17.0
Futures First info Services,3.2,157.0,Financial Services,Gurugram,1000.0,97.0,0.0,17.0
SanDisk India Device Design Centre,3.9,157.0,Hardware & Networking,Bengaluru,1200.0,13.0,86.0,13.0
WAE,3.3,157.0,Waste Management,Noida,297.0,24.0,0.0,4.0
Unicommerce Esolutions,3.0,157.0,Software Product,Gurugram,997.0,24.0,6.0,12.0
Vortex Engineering,3.9,157.0,IT Services & Consulting,Chennai,661.0,16.0,15.0,13.0
Sourcefuse Technologies,2.8,157.0,IT Services & Consulting,Noida,1200.0,20.0,13.0,15.0
Great White Global,3.8,157.0,Electrical Equipment,Mumbai,640.0,11.0,12.0,8.0
Deccan iServices,3.5,157.0,,Chennai,783.0,10.0,0.0,5.0
RealEstateIndia.com,4.8,157.0,Real Estate,New Delhi,1400.0,1.0,0.0,5.0
Franciscan Solutions,2.7,157.0,IT Services & Consulting,Noida,372.0,5.0,12.0,18.0
Meena Bazaar,3.5,157.0,Fashion & Textile,New Delhi,705.0,8.0,5.0,4.0
Ki Mobility Solution,3.4,157.0,Internet,Chennai,662.0,9.0,12.0,2.0
DIC India,3.8,157.0,Chemicals,Noida,723.0,10.0,8.0,12.0
Back Office,4.0,157.0,BPO,Mumbai,1200.0,20.0,0.0,16.0
Airtel Business,3.5,157.0,Telecom,Gurugram,888.0,33.0,0.0,17.0
Premier Irrigation Adritec,3.7,157.0,Agriculture,Kolkata,415.0,26.0,5.0,9.0
Encalm Hospitality,4.0,157.0,Aviation,New Delhi,590.0,16.0,15.0,2.0
Axis Sales,4.4,157.0,Financial Services,Mumbai,441.0,20.0,0.0,19.0
Interglobe Air Transport,3.4,157.0,Travel & Tourism,New Delhi,846.0,7.0,0.0,15.0
Rich Graviss Products,4.0,157.0,FMCG,Pune,562.0,15.0,0.0,19.0
Mahanadi Coalfields,4.5,157.0,Metals & Mining,Sambalpur,258.0,8.0,0.0,8.0
Rabindranath Tagore International Institute of Cardiac Sciences,3.8,157.0,Healthcare,Kolkata,392.0,2.0,0.0,13.0
Auto Mechanics,2.7,157.0,,Kolkata,160.0,17.0,0.0,1.0
KG Invicta Services,3.4,157.0,Management Consulting,Coimbatore,654.0,26.0,9.0,13.0
Kearney,3.1,157.0,Management Consulting,Gurugram,1500.0,28.0,4.0,8.0
Sri Balaji Action Medical Institute,4.0,158.0,Healthcare,New Delhi,576.0,5.0,0.0,13.0
Damro Furniture,3.5,157.0,Furniture & Furnishing,Bengaluru,528.0,11.0,0.0,4.0
Sresta Natural Bioproducts,3.6,156.0,FMCG,Hyderabad,552.0,10.0,34.0,12.0
Anchor Health and Beauty Care,4.1,156.0,Beauty & Personal Care,Mumbai,613.0,8.0,0.0,19.0
Jharkhand State Livelihood Promotion Society,3.5,156.0,Government,Ranchi,354.0,10.0,0.0,13.0
Altair Engineering,3.8,156.0,IT Services & Consulting,Bengaluru,846.0,40.0,0.0,20.0
Shubhalakshmi Polyesters,3.9,156.0,Fashion & Textile,Bharuch,735.0,4.0,9.0,27.0
Prayagh Consumer Care,4.1,156.0,,Hyderabad,418.0,7.0,0.0,6.0
Cape East,3.4,156.0,Industrial Machinery,Doha,317.0,6.0,0.0,17.0
Amrit Bottlers,4.2,156.0,Beverage,Faizabad,539.0,7.0,6.0,14.0
Simpl,2.9,156.0,Internet,Bengaluru,874.0,18.0,0.0,4.0
Veeraraghavan & Company,3.0,156.0,Accounting & Auditing,Mumbai,406.0,7.0,0.0,4.0
Corbus,3.5,156.0,IT Services & Consulting,Noida,577.0,15.0,3.0,18.0
Presidio Solutions Pvt Ltd,4.6,156.0,IT Services & Consulting,Chennai,905.0,36.0,6.0,15.0
Xcaliber Infotech,3.1,156.0,IT Services & Consulting,Pune,1200.0,19.0,0.0,6.0
illumifin,3.2,156.0,Insurance,Hyderabad,686.0,6.0,6.0,1.0
Executive Ship Management,4.0,156.0,Ports & Shipping,Mumbai,627.0,15.0,2.0,12.0
Sidel,3.7,156.0,Industrial Machinery,Pune,825.0,14.0,45.0,19.0
Hykon,4.3,156.0,Electronics Manufacturing,Thrissur,410.0,28.0,3.0,6.0
Advaith Motors,4.2,157.0,Automobile,Bengaluru,518.0,7.0,4.0,16.0
Indus Appliances,4.2,156.0,,Bahadurgarh,209.0,9.0,0.0,9.0
Muvi,4.1,156.0,Internet,Bhubaneswar,633.0,23.0,9.0,11.0
Goodrich Logistics Pvt. Ltd.,3.2,156.0,Ports & Shipping,Mumbai,853.0,15.0,7.0,12.0
Partha Dental,3.6,156.0,Healthcare,Hyderabad,350.0,10.0,4.0,20.0
Etraveli Group,2.9,156.0,Travel & Tourism,Mumbai,830.0,14.0,10.0,2.0
Jasper Industries,4.2,156.0,Automobile,Hyderabad,544.0,9.0,1.0,13.0
Shrachi Group,2.6,157.0,Real Estate,Kolkata,463.0,7.0,54.0,15.0
Replicon,3.5,156.0,Software Product,Bengaluru,1200.0,26.0,47.0,14.0
Kirloskar Ebara Pumps,3.7,156.0,Industrial Machinery,Pune,767.0,6.0,10.0,4.0
Stanadyne India,3.8,156.0,Auto Components,Chennai,805.0,8.0,4.0,15.0
Dedicated Freight Corridor Corporation Of India,4.1,157.0,Government,New Delhi,606.0,8.0,4.0,5.0
Louis Dreyfus Company,3.9,156.0,Agriculture,Gurugram,477.0,6.0,0.0,1.0
Sumeru Software Solutions,3.2,156.0,IT Services & Consulting,Bengaluru,1100.0,11.0,0.0,9.0
Shree Hari Infraprojects,3.1,156.0,Engineering & Construction,Jaipur,378.0,5.0,0.0,3.0
DRYCHEM SOLUTIONS,4.0,156.0,Building Material,Mumbai,617.0,6.0,1.0,3.0
High Street Essentials,3.6,156.0,Retail,Noida,496.0,7.0,3.0,10.0
Sun King,3.7,156.0,Electronics Manufacturing,Mumbai,567.0,11.0,5.0,23.0
Outbooks Outsourcing,3.6,156.0,Accounting & Auditing,New Delhi,561.0,19.0,0.0,11.0
Reynolds,4.3,156.0,Other,Chennai,521.0,7.0,0.0,14.0
Calix,3.9,155.0,Telecom,Bengaluru,437.0,27.0,19.0,6.0
Volvo Construction Equipment,4.3,155.0,Industrial Machinery,Bengaluru,687.0,13.0,0.0,11.0
KK Spun Pipes,3.2,155.0,Industrial Machinery,New Delhi,702.0,12.0,0.0,14.0
Icomm Tele,4.1,155.0,Telecom,Hyderabad,628.0,8.0,6.0,14.0
Theorem Incorporation,3.3,155.0,Marketing & Advertising,Mysuru,829.0,13.0,0.0,14.0
Bill Forge,4.3,155.0,Auto Components,Bengaluru,466.0,6.0,0.0,11.0
BIZONGO,3.2,155.0,Emerging Technologies,Mumbai,964.0,19.0,0.0,6.0
Amp Motors,3.9,155.0,Automobile,Gurugram,685.0,10.0,0.0,10.0
L&T Smart World & Communication,4.2,155.0,IT Services & Consulting,Chennai,293.0,2.0,0.0,56.0
Zurich Kotak General Insurance,3.0,155.0,Insurance,Mumbai,680.0,12.0,5.0,2.0
Deendayal Antyodaya Yojana-National Rural Livelihoods Mission,4.0,155.0,Government,New Delhi,317.0,7.0,0.0,5.0
KollegeApply,3.8,155.0,EdTech,Gurugram,102.0,70.0,0.0,1.0
Isha Foundation,4.2,155.0,Non-Profit,Coimbatore,691.0,12.0,46.0,11.0
ETP International,3.0,155.0,Power,Mumbai,793.0,8.0,8.0,18.0
Polaris,3.9,155.0,Automobile,Bengaluru,1100.0,23.0,6.0,12.0
Eagleview,3.2,155.0,Software Product,Bengaluru,992.0,22.0,11.0,17.0
Suwasthi,2.4,155.0,Beauty & Personal Care,Noida,329.0,8.0,3.0,1.0
Alice Blue Commodities,2.9,155.0,FinTech,Bengaluru,804.0,10.0,24.0,8.0
Milliman,3.1,155.0,Management Consulting,Gurugram,1100.0,25.0,14.0,17.0
Space Matrix Design Consultants,3.5,155.0,Architecture & Interior Design,Bengaluru,775.0,7.0,44.0,12.0
LUCKY MINERALS,3.6,155.0,Metals & Mining,Jagdalpur,490.0,9.0,0.0,12.0
Nirmal Industrial Controls,3.6,155.0,Industrial Automation,Mumbai,791.0,19.0,10.0,11.0
Tekskills,3.5,155.0,IT Services & Consulting,Hyderabad,866.0,27.0,38.0,10.0
Java R & D,2.7,155.0,IT Services & Consulting,Bhopal,679.0,18.0,4.0,15.0
Ametek Instruments India,3.4,155.0,Industrial Automation,Bengaluru,1200.0,12.0,24.0,9.0
OPK e Services,2.7,155.0,BPO,Gurugram,552.0,16.0,0.0,13.0
Agilent Technologies International,3.8,155.0,,Gurugram,571.0,2.0,0.0,23.0
Air India Engineering Services,3.6,155.0,Industrial Machinery,Mumbai,433.0,6.0,0.0,16.0
Galderma,3.6,155.0,Healthcare,Mumbai,539.0,2.0,16.0,12.0
Computer Generated Solutions,3.1,155.0,IT Services & Consulting,Hyderabad,1000.0,10.0,0.0,11.0
Kabra Extrusion Technik,3.6,155.0,Industrial Machinery,Pune,772.0,14.0,0.0,15.0
Meenakshi Mission Hospital & Research Centre,4.1,155.0,Healthcare,Madurai,607.0,10.0,1.0,11.0
Continental Carbon India,3.7,155.0,Chemicals,Ghaziabad,672.0,8.0,0.0,8.0
Bennett University,3.6,155.0,Education & Training,Greater Noida,778.0,16.0,5.0,10.0
Super Bond Adhesives,4.4,155.0,Chemicals,Mumbai,324.0,19.0,1.0,32.0
ARK Infosolutions,3.7,155.0,IT Services & Consulting,Noida,646.0,6.0,21.0,13.0
Puma Energy,2.8,155.0,Power,Mumbai,742.0,12.0,7.0,2.0
Houzeo,3.8,155.0,,Mumbai,312.0,58.0,0.0,1.0
Specsmakers Opticians,3.7,155.0,Retail,Chennai,684.0,11.0,89.0,5.0
Priyagold Biscuits,2.7,155.0,Food Processing,Noida,416.0,10.0,0.0,3.0
Harsha Engineers International,3.9,155.0,,Ahmedabad,841.0,1.0,0.0,1.0
Eisneramper LLP,3.3,155.0,Accounting & Auditing,Mumbai,1100.0,15.0,49.0,3.0
Shubham EPC,3.9,155.0,Engineering & Construction,Pune,352.0,14.0,3.0,10.0
DDB Mudra Group,3.7,154.0,Marketing & Advertising,Mumbai,869.0,7.0,0.0,14.0
SDP & Associates (Office),3.6,154.0,Accounting & Auditing,Kolkata,314.0,35.0,0.0,18.0
Rajasthan Aushdhalaya,3.4,154.0,Pharma,Mumbai,210.0,42.0,2.0,4.0
Sohan Lal Commodity Management,3.7,155.0,Logistics,New Delhi,507.0,4.0,4.0,10.0
CARS24 Financial Services,3.3,154.0,,Gurugram,553.0,8.0,0.0,5.0
Intelux Electronics,4.1,154.0,Electronics Manufacturing,Pune,604.0,6.0,7.0,11.0
SysArc Infomatix,3.6,154.0,FinTech,Chennai,975.0,15.0,3.0,12.0
GTT Communications,3.2,154.0,Hardware & Networking,Pune,1100.0,13.0,3.0,16.0
Zacks Research,2.8,154.0,Financial Services,Kolkata,513.0,13.0,1.0,13.0
Tata Ficosa Automotive Systems,0.0,0.0,Auto Components,Pune,0.0,0.0,0.0,0.0
Gopaljee Dairy Foods,4.4,154.0,Food Processing,Noida,523.0,2.0,0.0,18.0
Dr.SNS Rajalakshmi College Of Arts and Science,4.9,154.0,Education & Training,Coimbatore,18.0,22.0,0.0,66.0
Arabian Fal,2.8,154.0,Oil & Gas,Ras Tanura,293.0,4.0,0.0,4.0
Sunbeam School,4.0,154.0,Education & Training,Varanasi,423.0,10.0,0.0,16.0
Enova Facilities Management LLC,4.1,154.0,Facility Management Services,Dubai,254.0,16.0,0.0,21.0
SAGE Publications,3.1,154.0,Media & Entertainment,New Delhi,673.0,13.0,9.0,26.0
Akrivia Automation,4.4,154.0,IT Services & Consulting,Visakhapatnam,570.0,6.0,5.0,6.0
FinAdvantage,4.0,154.0,Accounting & Auditing,Bengaluru,396.0,23.0,22.0,8.0
Infoblox,3.7,154.0,IT Services & Consulting,Bengaluru,1400.0,23.0,16.0,15.0
Dozco,3.9,155.0,Industrial Machinery,Visakhapatnam,529.0,5.0,2.0,7.0
Snapwork Technologies,3.8,154.0,IT Services & Consulting,Mumbai,672.0,22.0,1.0,16.0
Unschool Learning,3.3,154.0,EdTech,Hyderabad,207.0,36.0,0.0,10.0
Aditya Birla Chemicals,3.7,154.0,Chemicals,Bharuch,631.0,14.0,0.0,10.0
Optimus Information,3.0,154.0,IT Services & Consulting,Noida,432.0,21.0,2.0,14.0
Interra Information Technologies,3.2,154.0,IT Services & Consulting,Noida,784.0,9.0,11.0,9.0
Evertogen Life Sciences,3.0,154.0,Pharma,Hyderabad,454.0,15.0,5.0,22.0
Montage Enterprises,3.1,154.0,Packaging,Gwalior,605.0,7.0,2.0,13.0
Mcpi,4.3,154.0,Chemicals,Haldia,626.0,12.0,0.0,13.0
Group Surya Peb,3.2,154.0,Engineering & Construction,Pune,619.0,10.0,0.0,2.0
Solaris Chemtech,4.6,155.0,Chemicals,Bhuj,595.0,11.0,0.0,26.0
Mtg Learning Media,3.8,154.0,Printing & Publishing,Gurugram,552.0,12.0,5.0,7.0
Liebherr,3.9,154.0,Industrial Machinery,Mumbai,668.0,20.0,0.0,13.0
Msc Cruises,4.2,154.0,Travel & Tourism,Mumbai,298.0,7.0,0.0,14.0
J&F,3.6,154.0,Engineering & Construction,Chennai,498.0,30.0,2.0,65.0
OakNorth,3.0,154.0,Banking,Gurugram,1300.0,9.0,12.0,9.0
Ogilvy,3.5,154.0,Marketing & Advertising,Mumbai,1100.0,13.0,0.0,15.0
EMotorad,4.4,154.0,Automobile,Pune,345.0,47.0,5.0,3.0
IndiGrid,4.1,154.0,Real Estate,Mumbai,717.0,15.0,1.0,7.0
Dr D Y Patil Medical College,4.2,154.0,Healthcare,Pune,654.0,5.0,0.0,6.0
Alteus Biogenics,2.6,154.0,Pharma,Kolkata,488.0,14.0,0.0,9.0
Market Research Future Reports,3.2,154.0,Analytics & KPO,Pune,438.0,9.0,0.0,14.0
Costa Coffee,3.7,153.0,Hospitality,New Delhi,352.0,17.0,0.0,14.0
Revlon,3.8,153.0,Beauty & Personal Care,New Delhi,348.0,14.0,0.0,14.0
Systech Solutions,3.7,153.0,Analytics & KPO,Chennai,1400.0,14.0,0.0,18.0
Swastik Infralogics Private Limited,3.7,153.0,Engineering & Construction,Mumbai,564.0,10.0,62.0,16.0
Safeducate,4.1,153.0,Education & Training,New Delhi,379.0,8.0,0.0,13.0
Indian Institute of Technology Madras,4.2,153.0,Education & Training,Chennai,1200.0,4.0,1.0,7.0
Vertex Global Services,4.6,153.0,IT Services & Consulting,Gurugram,186.0,17.0,0.0,2.0
Future Consumer,4.4,153.0,FMCG,Mumbai,669.0,6.0,0.0,17.0
IIT Kharagpur,4.2,153.0,Education & Training,Kharagpur,556.0,18.0,0.0,13.0
Annapurna Group,3.9,153.0,FMCG,Guwahati,532.0,7.0,0.0,10.0
ResearchAyu,4.0,153.0,Healthcare,Navi Mumbai,78.0,17.0,0.0,1.0
PharmaZell,4.0,153.0,Pharma,Visakhapatnam,656.0,10.0,1.0,14.0
Brigosha Technologies,2.1,153.0,IT Services & Consulting,Bengaluru,968.0,21.0,21.0,16.0
UNI Klinger,3.8,153.0,Industrial Machinery,Pune,645.0,15.0,12.0,20.0
Log 9 Materials Scientific,3.3,153.0,Emerging Technologies,Bengaluru,693.0,12.0,19.0,9.0
SPD Constructions,3.8,153.0,,Bhubaneswar,514.0,13.0,5.0,4.0
CapGrid Solutions,3.8,153.0,Internet,Gurugram,307.0,23.0,1.0,1.0
Cognifyz Technologies,4.0,154.0,,Hyderabad,126.0,13.0,0.0,0.0
Indian Institute of Management,3.7,153.0,Education & Training,Ahmedabad,1000.0,4.0,0.0,5.0
Meghmani Group,3.4,153.0,,Bharuch,598.0,4.0,0.0,3.0
MRL Tyres,3.5,153.0,Auto Components,New Delhi,716.0,7.0,0.0,8.0
Hindustan Colas,3.5,153.0,Engineering & Construction,Mumbai,602.0,14.0,0.0,12.0
ESSPL,3.8,153.0,IT Services & Consulting,Bhubaneswar,883.0,5.0,0.0,16.0
BrowserStack,3.0,153.0,Software Product,Mumbai,2100.0,62.0,1.0,17.0
Husk Power Systems,3.0,153.0,Power,Patna,551.0,11.0,9.0,11.0
Locobuzz,2.8,153.0,Software Product,Mumbai,534.0,14.0,14.0,27.0
Dairy Classic Ice Creams,4.1,153.0,Food Processing,Bengaluru,582.0,13.0,4.0,6.0
Spinco Biotech,3.7,153.0,Biotechnology,Chennai,599.0,11.0,1.0,11.0
NPCC Engineering,3.7,153.0,Oil & Gas,Mumbai,666.0,18.0,0.0,15.0
Nelco,3.8,153.0,Telecom,Mumbai,601.0,9.0,1.0,15.0
Dulux,4.2,153.0,Building Material,Mumbai,400.0,11.0,0.0,5.0
Takenaka,4.2,153.0,Architecture & Interior Design,Gurugram,568.0,13.0,0.0,27.0
Hilton Garden Inn,3.7,154.0,Hospitality,New Delhi,427.0,7.0,0.0,18.0
Brickwork Ratings,3.4,153.0,Financial Services,Bengaluru,720.0,11.0,57.0,4.0
AVIZVA,2.2,153.0,IT Services & Consulting,Gurugram,948.0,21.0,5.0,5.0
Ayu Health Hospitals,3.6,153.0,Healthcare,Bengaluru,691.0,8.0,0.0,5.0
BizGurukul,4.1,153.0,EdTech,New Delhi,384.0,22.0,0.0,13.0
Borosil Renewables,3.8,153.0,Power,Bharuch,675.0,7.0,1.0,2.0
Ayana Renewable Power,4.4,153.0,Power,Bengaluru,636.0,4.0,4.0,3.0
G Square Housing,3.8,153.0,Real Estate,Chennai,596.0,12.0,14.0,1.0
Zimetrics Technologies,3.4,153.0,IT Services & Consulting,Pune,1100.0,8.0,3.0,102.0
Accentuate Technology,4.1,153.0,IT Services & Consulting,Bengaluru,986.0,92.0,0.0,27.0
Casino Air Caterers & Flight Services,3.9,153.0,Hospitality,Kochi,624.0,7.0,1.0,12.0
Naiknavare Developers,3.7,153.0,Real Estate,Pune,578.0,9.0,18.0,13.0
Casepoint,3.3,153.0,IT Services & Consulting,Surat,840.0,12.0,4.0,11.0
Classcanyon,4.5,153.0,Education & Training,Greater Noida,62.0,7.0,0.0,34.0
Rivulis Irrigation,4.3,153.0,Agriculture,Vadodara,538.0,17.0,1.0,12.0
Europ Assistance India,3.6,153.0,Insurance,Mumbai,610.0,11.0,1.0,6.0
Bambino Pasta Food Industries,4.0,153.0,Food Processing,Hyderabad,663.0,7.0,0.0,5.0
Barco Electronic Systems,4.0,153.0,Consumer Electronics & Appliances,Noida,851.0,9.0,13.0,12.0
Drytech Processes (I),3.8,153.0,Food Processing,Pandhurna,745.0,16.0,0.0,8.0
Abryl Laboratories Manufacturing Unit,3.6,153.0,Pharma,Chandigarh,746.0,11.0,0.0,10.0
Vedic International School,4.4,153.0,Education & Training,Sambalpur,284.0,9.0,0.0,6.0
Desire Energy Solution,3.7,153.0,Financial Services,Jaipur,632.0,13.0,1.0,4.0
Western Coalfields,4.4,152.0,Metals & Mining,Nagpur,353.0,12.0,0.0,14.0
Creative Garments,3.9,152.0,Fashion & Textile,Mumbai,597.0,9.0,2.0,12.0
Klassic Wheels,2.6,152.0,Auto Components,Ahilyanagar,760.0,6.0,8.0,9.0
Shri Mahant Indiresh Hospital,3.4,152.0,Healthcare,Dehradun,359.0,6.0,18.0,13.0
Delux Bearings,4.2,152.0,Auto Components,Surendranagar,649.0,6.0,0.0,15.0
Nium,3.3,152.0,FinTech,Mumbai,1300.0,10.0,20.0,14.0
Solar Defence And Aerospace,3.7,152.0,Defence & Aerospace,Nagpur,688.0,7.0,0.0,8.0
eBIZ.com,2.6,152.0,EdTech,Noida,155.0,2.0,0.0,29.0
Magma Housing Finance,4.5,152.0,Financial Services,Kolkata,371.0,5.0,0.0,12.0
HomeShop18,4.2,152.0,Internet,Noida,466.0,3.0,1.0,20.0
PGIMER,4.2,152.0,Education & Training,Chandigarh,517.0,3.0,0.0,6.0
Concorde Motors,3.8,152.0,Automobile,Mumbai,356.0,1.0,0.0,18.0
Million Minds Management Services,3.5,152.0,Recruitment,New Delhi,521.0,6.0,0.0,9.0
Krishak Bharati Cooperative,4.3,152.0,Agro Chemicals,Surat,342.0,13.0,25.0,9.0
Complere Infosystem,4.4,152.0,Software Product,Ambala,165.0,10.0,0.0,22.0
Sidwal Refrigeration Industries,4.2,152.0,Electrical Equipment,Faridabad,687.0,11.0,3.0,12.0
Tim Hortons,3.1,152.0,Hospitality,New Delhi,473.0,14.0,1.0,6.0
Bottomline,3.2,153.0,Software Product,Bengaluru,1200.0,24.0,25.0,3.0
Allyis India,3.2,152.0,IT Services & Consulting,Hyderabad,836.0,10.0,1.0,6.0
Spc Life Sciences,3.4,152.0,Chemicals,Ankleshwar,682.0,9.0,3.0,10.0
All Out,3.6,152.0,FMCG,Gurugram,322.0,12.0,2.0,1.0
Frontier Business Systems,3.2,152.0,IT Services & Consulting,Bengaluru,922.0,14.0,53.0,11.0
SunTec Business Solutions,2.8,152.0,IT Services & Consulting,Thiruvananthapuram,1100.0,7.0,2.0,12.0
Apcotex Industries,3.7,152.0,Chemicals,Navi Mumbai,904.0,9.0,9.0,10.0
Victoria's Secret,3.8,152.0,IT Services & Consulting,Bengaluru,1200.0,19.0,0.0,9.0
Alcatel-Lucent,4.3,152.0,Telecom,Bengaluru,502.0,7.0,0.0,22.0
Synamedia,3.4,152.0,Software Product,Bengaluru,1100.0,17.0,2.0,8.0
Raj Industries,3.5,152.0,Packaging,Ludhiana,698.0,10.0,0.0,5.0
Cubic Transportation Systems,3.0,152.0,Software Product,Hyderabad,1300.0,14.0,27.0,17.0
Primetals Technologies,3.9,152.0,Industrial Machinery,Kolkata,797.0,12.0,0.0,15.0
IndiaLends,3.2,152.0,Financial Services,Gurugram,851.0,15.0,0.0,11.0
ETV Bharat,3.9,152.0,Broadcasting,Hyderabad,434.0,7.0,0.0,16.0
Vipul Motors,3.4,152.0,Automobile,Faridabad,585.0,0.0,1.0,8.0
Rina India,3.9,152.0,"Testing, Inspection and Certification (TIC)",Mumbai,527.0,10.0,0.0,13.0
Light & Wonder,3.8,152.0,Software Product,Bengaluru,3000.0,35.0,16.0,40.0
Enviro Infra Engineers,4.1,152.0,Waste Management,New Delhi,571.0,12.0,7.0,11.0
Cello World,3.5,152.0,Consumer Electronics & Appliances,Mumbai,574.0,5.0,0.0,6.0
ESIC Medical College and Hospital,3.8,152.0,Education & Training,New Delhi,695.0,5.0,0.0,3.0
Pro1 Health Systems,3.4,152.0,Medical Equipment,Chennai,393.0,19.0,0.0,1.0
Xtelify,3.2,152.0,,Gurugram,1200.0,14.0,0.0,6.0
PICL,3.6,152.0,Semiconductors,Faridabad,550.0,7.0,0.0,9.0
MENTORS EDUSERV,3.6,152.0,EdTech,Patna,352.0,7.0,3.0,7.0
Jai Beverages,3.4,153.0,Beverage,Jammu,507.0,17.0,3.0,5.0
Mobase,3.5,152.0,Auto Components,Noida,690.0,10.0,0.0,19.0
Kerry Ingredients,3.2,152.0,Food Processing,Bengaluru,688.0,11.0,0.0,16.0
Rotork Controls,3.4,152.0,Industrial Machinery,Chennai,739.0,15.0,11.0,12.0
Altruistic Technology Labs,3.4,152.0,IT Services & Consulting,Bengaluru,740.0,9.0,0.0,2.0
RKC Infrabiult Private Limited,3.8,152.0,Engineering & Construction,Ahmedabad,572.0,16.0,1.0,5.0
Ravindra Bharathi Schools,3.4,151.0,Education & Training,Hyderabad,387.0,4.0,0.0,8.0
Agility E Services,3.4,151.0,IT Services & Consulting,Hyderabad,942.0,8.0,0.0,11.0
GKN Sinter Metals,4.0,151.0,Auto Components,Pune,591.0,10.0,2.0,16.0
CignaTTk Health Insurance,4.0,151.0,Insurance,Mumbai,445.0,4.0,0.0,17.0
Pace Power Systems,3.5,151.0,Electrical Equipment,Bengaluru,421.0,11.0,0.0,11.0
Techved Consulting,3.5,151.0,IT Services & Consulting,Mumbai,449.0,35.0,1.0,19.0
KLT Automotive & Tubular Products,3.6,151.0,Auto Components,Mumbai,487.0,0.0,0.0,14.0
K2k Infrastructure,4.0,152.0,Engineering & Construction,Bengaluru,470.0,8.0,0.0,11.0
P.N. International,4.0,151.0,Import & Export,Lucknow,701.0,10.0,0.0,14.0
ENTRI SOFTWARE,3.9,151.0,EdTech,Kochi,696.0,12.0,6.0,2.0
Fasal,3.2,151.0,Agriculture,Bengaluru,422.0,14.0,0.0,34.0
Altigreen Propulsion Labs,3.5,151.0,Electronics Manufacturing,Bengaluru,768.0,12.0,0.0,2.0
Unify Facility Management,4.3,151.0,Facility Management Services,Mumbai,429.0,12.0,0.0,7.0
Dr. Amin Controllers,3.8,151.0,Engineering & Construction,Mumbai,504.0,10.0,0.0,9.0
IFGL Refractories,3.6,151.0,Industrial Machinery,Rourkela,575.0,6.0,11.0,6.0
Dyuti Technologies,4.5,151.0,IT Services & Consulting,Bengaluru,265.0,23.0,7.0,20.0
River Mobility,3.9,151.0,Automobile,Bengaluru,650.0,9.0,24.0,1.0
7 Eleven,3.5,151.0,Retail,Bengaluru,1300.0,30.0,0.0,6.0
Sirca Paints India,4.0,151.0,Chemicals,New Delhi,550.0,11.0,0.0,11.0
Portescap,3.7,151.0,Electronics Manufacturing,Mumbai,827.0,15.0,0.0,19.0
Oerlikon Graziano Transmission,4.3,151.0,Industrial Machinery,Ahmedabad,294.0,2.0,0.0,33.0
Esme Consumer,4.0,151.0,Beauty & Personal Care,Gurugram,433.0,11.0,6.0,2.0
Multani Pharmaceuticals,3.9,151.0,Pharma,New Delhi,487.0,14.0,0.0,6.0
Global Trade Plaza,4.8,151.0,Internet,Kanpur,60.0,93.0,4.0,5.0
InAmigos Foundation,4.8,152.0,,Chennai,28.0,36.0,0.0,31.0
Karnataka Co-operative Milk Producers Federation,4.1,151.0,Food Processing,Bengaluru,430.0,4.0,0.0,4.0
More Mega Store,4.2,151.0,Retail,Bengaluru,524.0,8.0,0.0,21.0
Seeds Fincap,3.8,151.0,NBFC,Gurugram,441.0,6.0,8.0,2.0
Being human,4.2,151.0,Fashion & Textile,Mumbai,495.0,10.0,0.0,7.0
ATC (Assam),4.1,151.0,Logistics,Hosur,722.0,8.0,0.0,6.0
Beekay Steel Industries,3.0,151.0,Iron & Steel,Kolkata,625.0,10.0,44.0,5.0
Peoplelink Unified Communications,3.6,151.0,Consumer Electronics & Appliances,Hyderabad,813.0,14.0,32.0,6.0
Fourth Partner Energy,4.4,151.0,Power,Hyderabad,691.0,10.0,2.0,12.0
SHRI LAKSHMI STEEL SUPPLIERS,4.1,151.0,Iron & Steel,Bengaluru,471.0,10.0,21.0,14.0
Gsp Power Projects,3.9,151.0,Electronics Manufacturing,Faridabad,504.0,7.0,0.0,6.0
BCForward,3.2,151.0,Internet,Hyderabad,729.0,9.0,5.0,10.0
Amazon Pay,3.8,151.0,,Bengaluru,627.0,16.0,0.0,11.0
KEM Hospital,3.8,150.0,Healthcare,Pune,537.0,8.0,28.0,14.0
Mindcrest,2.5,150.0,Legal,Pune,549.0,5.0,0.0,25.0
Premsons Motor Udyog,3.6,150.0,Auto Components,Ranchi,550.0,9.0,7.0,10.0
National Oilwell Varco,3.8,150.0,Oil & Gas,Mumbai,587.0,8.0,6.0,14.0
Nuvento Systems,3.2,150.0,IT Services & Consulting,Kochi,771.0,18.0,6.0,6.0
Aligned Automation,3.5,150.0,IT Services & Consulting,Pune,1200.0,15.0,6.0,8.0
Alniche Life Sciences,3.4,150.0,Pharma,New Delhi,394.0,5.0,0.0,10.0
Rapidtech IT Services,3.7,150.0,IT Services & Consulting,Chennai,457.0,6.0,0.0,5.0
SAP-Concur,4.1,150.0,Software Product,Bengaluru,788.0,3.0,0.0,21.0
Shiksha Financial Services India,4.4,150.0,NBFC,Chennai,525.0,12.0,5.0,15.0
Bausch & Lomb,3.8,150.0,Medical Equipment,Gurugram,597.0,3.0,0.0,14.0
Xcelore,4.8,150.0,IT Services & Consulting,Noida,129.0,33.0,11.0,1.0
SANY Group,3.8,151.0,Industrial Machinery,Pune,597.0,15.0,0.0,5.0
AAI Cargo Logistics and Allied Services Company,3.2,150.0,,Chennai,398.0,11.0,0.0,2.0
Techouts,3.9,150.0,IT Services & Consulting,Hyderabad,815.0,38.0,2.0,18.0
Paras Spices,3.5,150.0,Food Processing,Moga,724.0,12.0,3.0,9.0
Sage Metals,3.6,150.0,Metals & Mining,New Delhi,749.0,10.0,2.0,15.0
Aczet,3.0,150.0,Electronics Manufacturing,Mumbai,578.0,9.0,0.0,46.0
Tcil,3.7,150.0,Telecom,New Delhi,509.0,19.0,0.0,5.0
Schbang,2.8,150.0,Marketing & Advertising,Mumbai,1200.0,28.0,3.0,5.0
Quinte Financial Technologies,3.6,150.0,,Chennai,729.0,22.0,0.0,10.0
Ceipal,3.1,150.0,Software Product,Hyderabad,998.0,6.0,0.0,7.0
Voylla,3.0,150.0,Jewellery,Jaipur,437.0,6.0,13.0,12.0
Element14,3.8,150.0,Semiconductors,Bengaluru,971.0,18.0,0.0,8.0
Jash Engineering,3.8,150.0,Engineering & Construction,Indore,738.0,13.0,6.0,9.0
Talent Corner HR Services,3.7,150.0,Recruitment,Mumbai,355.0,9.0,5.0,9.0
Crescendo Global,4.3,150.0,Recruitment,Ludhiana,171.0,16.0,11.0,54.0
Luker Electric Technologies,3.8,150.0,Financial Services,Coimbatore,589.0,11.0,2.0,7.0
4i apps solutions,3.5,150.0,IT Services & Consulting,Chennai,1000.0,16.0,5.0,13.0
Surya Food & Agro Limited,2.9,150.0,Food Processing,Noida,352.0,10.0,8.0,8.0
Gujarat State Petronet,4.0,150.0,Oil & Gas,Ahmedabad,656.0,7.0,6.0,11.0
JQR SPORTS,3.8,150.0,,New Delhi,272.0,37.0,2.0,1.0
Keywords Studios,2.4,150.0,Gaming,Gurugram,756.0,25.0,45.0,5.0
Ravi Infrabuild Projects,3.6,150.0,Engineering & Construction,Udaipur,568.0,10.0,4.0,3.0
Heranba Industries,3.6,150.0,Agro Chemicals,Vapi,720.0,8.0,0.0,9.0
Puropale Creations & IT Solutions,4.7,149.0,IT Services & Consulting,Hyderabad,15.0,2.0,0.0,0.0
Apollo Medskills,3.8,149.0,Healthcare,Hyderabad,414.0,7.0,0.0,20.0
Faber Sindoori Management Services,3.5,149.0,Facility Management Services,Hyderabad,492.0,4.0,0.0,19.0
Alliance University,3.6,149.0,Education & Training,Bengaluru,502.0,12.0,25.0,20.0
Etihad Airways,4.1,149.0,Aviation,Abu Dhabi,437.0,12.0,0.0,23.0
Hanu Software Solutions,3.5,149.0,IT Services & Consulting,Noida,918.0,17.0,0.0,28.0
Bombay Hospital,3.7,149.0,Healthcare,Mumbai,452.0,9.0,0.0,10.0
Geo Designs And Research,3.6,149.0,Engineering & Construction,Vadodara,668.0,3.0,34.0,6.0
Fedora Solutions,3.2,149.0,IT Services & Consulting,Ahmedabad,635.0,14.0,0.0,10.0
STJ Electronics,3.3,149.0,Semiconductors,New Delhi,733.0,14.0,4.0,8.0
e-Centric Solutions,3.3,149.0,IT Services & Consulting,Hyderabad,562.0,3.0,0.0,14.0
Karam Industries,3.9,149.0,Engineering & Construction,Lucknow,604.0,8.0,0.0,24.0
UAE Exchange,4.4,149.0,FinTech,Kochi,440.0,5.0,5.0,15.0
MAHLE Engine Components,3.9,149.0,Automobile,Chennai,758.0,14.0,0.0,13.0
UTI Technology Services,2.9,149.0,IT Services & Consulting,Hyderabad,566.0,3.0,0.0,7.0
Sitec Labs,4.1,149.0,Pharma,Mumbai,693.0,10.0,6.0,14.0
Rockman Group,3.9,149.0,Auto Components,Tirupati,599.0,6.0,0.0,1.0
Haqdarshak Empowerment Solutions,3.8,149.0,Non-Profit,Pune,386.0,15.0,3.0,7.0
Cognus Technology,2.2,149.0,IT Services & Consulting,Jaipur,493.0,9.0,0.0,6.0
Pearson,3.7,149.0,Education & Training,Bengaluru,1000.0,9.0,0.0,11.0
DOGUS SOMA JV,4.2,149.0,Engineering & Construction,Mumbai,523.0,9.0,0.0,12.0
Verka milk dairy,4.0,149.0,Agriculture,Chandigarh,376.0,4.0,0.0,2.0
Lokmanya Multipurpose Co-op Society,3.2,149.0,Financial Services,Pune,647.0,7.0,7.0,6.0
PubMatic,3.4,149.0,IT Services & Consulting,Pune,1400.0,34.0,17.0,25.0
Ambience Group,3.6,149.0,Real Estate,New Delhi,551.0,20.0,5.0,4.0
Pixon Energy,4.0,149.0,Electrical Equipment,Rajkot,534.0,14.0,10.0,32.0
SkillCircle,4.0,149.0,EdTech,New Delhi,247.0,35.0,0.0,3.0
Syniverse Technologies,3.7,149.0,IT Services & Consulting,Bengaluru,1100.0,8.0,16.0,16.0
FarMart,3.8,149.0,Internet,Gurugram,484.0,26.0,13.0,1.0
Thar Worx,3.9,149.0,BPO,Bengaluru,1100.0,8.0,0.0,11.0
Reliance Foundation India,3.9,149.0,Education & Training,Mumbai,666.0,10.0,9.0,12.0
NIS Management Private,3.7,149.0,Law Enforcement & Security,Kolkata,461.0,3.0,0.0,11.0
BCITS,3.5,149.0,IT Services & Consulting,Bengaluru,709.0,14.0,0.0,6.0
STPL,3.6,149.0,IT Services & Consulting,Lucknow,618.0,5.0,0.0,6.0
Edac Engineering,3.9,149.0,Engineering & Construction,Chennai,547.0,10.0,0.0,25.0
Ajeet Seeds,3.5,149.0,Agriculture,Chhatrapati Sambhajinagar,507.0,11.0,2.0,12.0
Metal Power Analytical,3.3,149.0,Electronics Manufacturing,Mumbai,646.0,20.0,7.0,19.0
Accel Limited,3.4,149.0,IT Services & Consulting,Chennai,825.0,11.0,1.0,9.0
Machino Polymers,3.4,149.0,Petrochemicals,Gurugram,624.0,13.0,0.0,4.0
Chiripal Industries,3.5,149.0,Fashion & Textile,Ahmedabad,788.0,5.0,5.0,20.0
Mehta Cad Cam Systems,3.8,149.0,Industrial Machinery,Ahmedabad,654.0,12.0,13.0,11.0
Yanfeng Automotive Interiors,3.6,149.0,Auto Components,Pune,709.0,9.0,2.0,14.0
SequelOne,3.3,149.0,IT Services & Consulting,Gurugram,730.0,14.0,10.0,8.0
The Wadhwa Group,3.7,149.0,Real Estate,Mumbai,721.0,7.0,7.0,11.0
Milacron,3.8,149.0,,Ahmedabad,961.0,6.0,2.0,2.0
Asclepius Wellness,3.8,149.0,Fitness & Wellness,Jaipur,534.0,14.0,1.0,3.0
Aarthi Scans and Labs,3.5,150.0,Healthcare,Chennai,647.0,18.0,3.0,6.0
Cogencis Information Services,3.2,148.0,IT Services & Consulting,Mumbai,527.0,6.0,2.0,16.0
Ameyo,3.5,148.0,Software Product,Gurugram,954.0,18.0,0.0,20.0
Onicra Credit Rating Agency,3.2,148.0,FinTech,Noida,314.0,3.0,0.0,15.0
Nippon Toyota,3.7,148.0,Auto Components,Kochi,523.0,3.0,0.0,25.0
Birla Precision Technologies,3.4,148.0,Industrial Machinery,Chhatrapati Sambhajinagar,724.0,5.0,26.0,14.0
Global Connect Business Solutions,4.4,148.0,Accounting & Auditing,Tiruchirappalli,116.0,46.0,2.0,42.0
ApplyBoard,2.5,148.0,Internet,Gurugram,605.0,10.0,45.0,5.0
Dr L H Hiranandani Hospital,3.6,148.0,Healthcare,Mumbai,531.0,5.0,6.0,16.0
Digital Aptech,4.4,148.0,IT Services & Consulting,Kolkata,396.0,6.0,29.0,7.0
POLARISGRIDS PRIVATE LIMITED,3.5,148.0,Power,Jaipur,508.0,22.0,8.0,10.0
Srei Sahaj e-Village,4.5,148.0,Retail,Kolkata,263.0,3.0,2.0,25.0
Kantar Operations,4.0,148.0,Analytics & KPO,Hyderabad,801.0,11.0,0.0,15.0
Prestige Estates Projects,4.5,148.0,Real Estate,Bengaluru,648.0,9.0,3.0,14.0
Dealmoney Securities,2.9,148.0,Financial Services,Mumbai,599.0,6.0,0.0,9.0
W3Softech India,4.1,148.0,IT Services & Consulting,Hyderabad,806.0,4.0,6.0,9.0
Newtronic Lifecare Equipment,4.0,148.0,Pharma,Mumbai,539.0,9.0,11.0,13.0
Ansys Software Private Limited,4.1,148.0,IT Services & Consulting,Pune,1200.0,31.0,1.0,10.0
Sun Life Global Solutions,3.7,148.0,Financial Services,Gurugram,937.0,8.0,0.0,9.0
CommVault,3.7,148.0,Software Product,Bengaluru,1400.0,30.0,11.0,12.0
Qualtech Consultants,3.7,148.0,IT Services & Consulting,Noida,605.0,15.0,13.0,8.0
Revature,3.2,148.0,IT Services & Consulting,Chennai,709.0,46.0,12.0,8.0
Rakshit Drugs,3.7,148.0,Pharma,Visakhapatnam,625.0,7.0,7.0,17.0
GMP Technical Solutions,4.0,148.0,Industrial Machinery,Mumbai,678.0,6.0,6.0,6.0
Bharuch Enviro Infrastructure,4.0,148.0,Real Estate,Ankleshwar,676.0,7.0,0.0,1.0
Privat Hospital,4.1,148.0,Healthcare,New Delhi,1800.0,8.0,0.0,13.0
Enrich Energy,4.0,149.0,Real Estate,Pune,657.0,8.0,1.0,10.0
SEDER GROUP,4.1,148.0,Engineering & Construction,Bengaluru,347.0,8.0,0.0,17.0
Bando India,4.0,149.0,Auto Components,Bengaluru,541.0,5.0,2.0,18.0
Teletext Holidays,3.5,148.0,Travel & Tourism,Hyderabad,861.0,8.0,4.0,23.0
GoBoult,3.5,148.0,Consumer Electronics & Appliances,Gurugram,479.0,24.0,12.0,5.0
Trident Automobiles,4.6,148.0,Auto Components,Bengaluru,564.0,2.0,0.0,17.0
Hegde & Hegde Pharmaceutica,4.0,149.0,Pharma,Mumbai,461.0,8.0,0.0,18.0
Primus Super Speciality Hospital,3.9,148.0,Healthcare,New Delhi,495.0,9.0,3.0,4.0
CloudThat Technologies Private Limited,4.0,148.0,IT Services & Consulting,Bengaluru,763.0,31.0,70.0,9.0
Ewac Alloys,4.1,148.0,Industrial Machinery,Ankleshwar,619.0,17.0,3.0,22.0
Quality Evaluation And Systems Team,4.0,148.0,Engineering & Construction,Bengaluru,520.0,4.0,4.0,6.0
Enfusion,3.2,148.0,FinTech,Mumbai,1000.0,19.0,0.0,8.0
PolicyX.com,2.8,148.0,FinTech,Gurugram,627.0,16.0,1.0,15.0
Kitex Garments,3.5,148.0,Fashion & Textile,Kochi,728.0,4.0,1.0,18.0
Megha Gas,3.6,149.0,Oil & Gas,Hyderabad,633.0,16.0,0.0,3.0
rProcess Outsourcing Services,3.3,148.0,Analytics & KPO,Mysuru,493.0,12.0,2.0,10.0
Eldeco Infrastructure & Properties,4.2,148.0,Real Estate,New Delhi,592.0,3.0,2.0,9.0
Peerless Biotech,4.4,148.0,Medical Equipment,Chennai,160.0,4.0,0.0,2.0
Akshara Enterprises,3.2,148.0,IT Services & Consulting,Hyderabad,697.0,9.0,3.0,5.0
GKB RX Lens,4.0,147.0,Medical Equipment,Gurugram,446.0,4.0,0.0,17.0
Major Brands,3.9,147.0,Retail,Mumbai,423.0,3.0,0.0,17.0
Omninos Solutions,4.2,147.0,Software Product,Sahibzada Ajit Singh Nagar,287.0,13.0,0.0,65.0
ATS ELGI,4.0,147.0,Industrial Machinery,Coimbatore,506.0,6.0,0.0,20.0
Magna Steyr,3.9,147.0,Automobile,Pune,945.0,5.0,0.0,14.0
India Pistons,2.5,147.0,Auto Components,Chennai,730.0,9.0,1.0,20.0
Obbserv Online Services,4.6,148.0,,Udaipur,146.0,6.0,0.0,37.0
ECE Industries,3.9,147.0,Electrical Equipment,Ghaziabad,580.0,4.0,7.0,12.0
Nikhil Adhesives,4.0,147.0,Chemicals,Mumbai,462.0,9.0,1.0,6.0
Avon Cycles,3.7,147.0,Automobile,Ludhiana,514.0,18.0,7.0,10.0
Prabha Automotive Engineers,3.7,147.0,,Chennai,675.0,8.0,4.0,7.0
Solitaire World,4.2,147.0,Real Estate,Pune,303.0,11.0,0.0,84.0
Brickwork India,3.4,147.0,Financial Services,Bengaluru,870.0,9.0,8.0,12.0
LAKME ACADEMY,3.3,147.0,Beauty & Personal Care,New Delhi,671.0,19.0,21.0,2.0
HealthAsyst,3.7,147.0,IT Services & Consulting,Bengaluru,851.0,19.0,5.0,24.0
Reserve Bank of India,4.7,147.0,Government,Mumbai,1100.0,18.0,0.0,12.0
Disposafe Health And Life Care,3.3,147.0,Medical Equipment,Faridabad,679.0,10.0,91.0,6.0
Sandvik Coromant,4.2,147.0,Industrial Machinery,Pune,693.0,9.0,21.0,12.0
Paramount Limited,3.5,147.0,Engineering & Construction,Vadodara,836.0,8.0,0.0,4.0
Lumax Mannoh Allied Technologies,3.6,147.0,Auto Components,Gurugram,679.0,7.0,0.0,11.0
Khatib & Alami,3.3,147.0,Engineering & Construction,Bengaluru,763.0,12.0,12.0,11.0
Euronet Global Development Center,3.8,147.0,Financial Services,Mumbai,1000.0,15.0,1.0,12.0
Arch Pharmalabs,3.8,147.0,Pharma,Mumbai,662.0,5.0,0.0,14.0
Jio Payments Bank,3.6,147.0,FinTech,Mumbai,759.0,15.0,0.0,13.0
Tarasafe International Private Limited,4.5,147.0,,Kolkata,217.0,9.0,0.0,3.0
Curia,3.6,147.0,,Hyderabad,734.0,11.0,4.0,11.0
Detox Group,3.8,147.0,Chemicals,Ankleshwar,605.0,12.0,0.0,9.0
Karnataka Power Transmission Corporation,4.3,147.0,Power,Bengaluru,483.0,8.0,0.0,5.0
Lokal App,3.4,147.0,Internet,Bengaluru,662.0,19.0,12.0,28.0
Worldpay,4.0,147.0,FinTech,Pune,1300.0,10.0,16.0,10.0
NewAge Software & Solutions,3.8,147.0,IT Services & Consulting,Chennai,1200.0,4.0,12.0,13.0
JL Morison India,4.4,147.0,FMCG,Mumbai,373.0,8.0,1.0,6.0
Spinks Softech,4.2,147.0,Auto Components,Chennai,634.0,5.0,5.0,9.0
Mittsure Technologies,2.9,148.0,Education & Training,Jaipur,542.0,10.0,12.0,6.0
Dream11,4.1,147.0,Internet,Mumbai,1400.0,41.0,0.0,4.0
Factspan,3.3,147.0,IT Services & Consulting,Bengaluru,761.0,23.0,25.0,3.0
Tanla Platforms,3.0,147.0,Telecom,Hyderabad,1300.0,13.0,21.0,7.0
Archidply Industries,3.6,147.0,Furniture & Furnishing,New Delhi,427.0,5.0,4.0,10.0
Sun Pharma Advanced Research Company,3.5,147.0,Pharma,Vadodara,738.0,8.0,3.0,9.0
Interactive Brokers,3.3,147.0,Financial Services,Mumbai,1000.0,23.0,0.0,4.0
Komatsu,3.7,147.0,Industrial Machinery,Chennai,761.0,8.0,11.0,14.0
Chemveda Life Sciences,3.7,147.0,Clinical Research,Hyderabad,560.0,16.0,5.0,2.0
Axis Asset Management Company,3.7,147.0,Financial Services,Mumbai,609.0,4.0,152.0,4.0
L&T Power Transmission & Distribution,4.2,147.0,Power,Chennai,144.0,4.0,0.0,89.0
Bdh Industries,4.6,147.0,Pharma,Mumbai,328.0,3.0,13.0,11.0
Loyal Textile Mills,3.8,147.0,Fashion & Textile,Chennai,693.0,12.0,1.0,12.0
Zeco Aircon,4.1,147.0,Industrial Machinery,New Delhi,718.0,6.0,3.0,11.0
FANUC,3.2,147.0,Industrial Automation,Bengaluru,839.0,26.0,9.0,16.0
First Step Babywear,4.1,147.0,Fashion & Textile,Hosur,707.0,5.0,4.0,11.0
Alpha Corp,4.3,147.0,Real Estate,Gurugram,584.0,22.0,0.0,13.0
Birla Fertility & IVF,3.9,147.0,Healthcare,New Delhi,376.0,10.0,15.0,1.0
Chai Break,4.6,146.0,,Kolkata,66.0,67.0,0.0,0.0
Madhavbaug,3.9,146.0,Healthcare,Mumbai,395.0,3.0,0.0,6.0
Royal HaskoningDHV,4.4,146.0,Engineering & Construction,Chennai,451.0,3.0,10.0,15.0
Wellknown Polyesters,3.5,146.0,Fashion & Textile,Vapi,713.0,10.0,16.0,2.0
Nutraj,3.6,146.0,,Noida,252.0,9.0,10.0,4.0
Gesco Healthcare,3.7,146.0,Medical Equipment,Chennai,621.0,23.0,6.0,10.0
Government of Delhi,4.4,147.0,Government,New Delhi,711.0,8.0,0.0,1.0
Panoli Intermediates India,4.1,146.0,Chemicals,Vadodara,641.0,10.0,6.0,15.0
Brady Corporation,4.2,146.0,Printing & Publishing,Bengaluru,631.0,4.0,2.0,19.0
CEC International,3.9,146.0,Engineering & Construction,New Delhi,353.0,2.0,0.0,25.0
Bijak,3.5,146.0,Internet,Gurugram,659.0,14.0,0.0,2.0
CoachX,4.8,146.0,,Pune,55.0,8.0,0.0,63.0
Shipping Corporation of India,4.5,146.0,Logistics,Mumbai,612.0,5.0,0.0,15.0
Actis Technologies,4.2,146.0,IT Services & Consulting,Mumbai,575.0,8.0,20.0,14.0
Agastya International Foundation,3.5,146.0,Non-Profit,Bengaluru,318.0,2.0,14.0,30.0
Jodo,3.7,146.0,FinTech,Bengaluru,559.0,26.0,10.0,2.0
SURYA INTERNATIONAL ENTERPRISE,3.9,146.0,Power,Bhubaneswar,328.0,14.0,1.0,3.0
CL Educate,3.6,146.0,Education & Training,New Delhi,668.0,3.0,15.0,20.0
Kamlesh Kumar Singh Engineers,4.5,146.0,Engineering & Construction,Panipat,453.0,5.0,0.0,10.0
Frugal Testing,4.6,146.0,IT Services & Consulting,Hyderabad,168.0,24.0,6.0,4.0
Raheja Universal,4.0,146.0,Real Estate,Mumbai,649.0,13.0,23.0,12.0
TerraPay,3.3,146.0,FinTech,Bengaluru,870.0,11.0,0.0,4.0
A.t.e. Enterprises,4.0,146.0,Industrial Machinery,Ahmedabad,724.0,19.0,13.0,12.0
Shreeji Infrastructure,3.7,146.0,Engineering & Construction,Bhopal,420.0,10.0,2.0,5.0
Capital Finserve,4.4,146.0,NBFC,Salem,58.0,7.0,14.0,56.0
LimeRoad,2.6,146.0,Internet,Gurugram,934.0,10.0,0.0,4.0
ETV Network,4.1,146.0,Broadcasting,Hyderabad,393.0,6.0,0.0,25.0
NCDEX,3.4,146.0,Financial Services,Mumbai,901.0,7.0,16.0,17.0
Toshiba Johnson Elevators,4.2,146.0,Industrial Machinery,Mumbai,513.0,8.0,0.0,7.0
Codilar Technologies,4.0,146.0,IT Services & Consulting,Bengaluru,644.0,29.0,29.0,3.0
Aero Club-Woodland Store,3.3,146.0,Fashion & Textile,New Delhi,389.0,4.0,0.0,2.0
John Energy,3.9,146.0,Oil & Gas,Ahmedabad,561.0,8.0,0.0,15.0
OptiSol Business Solutions,3.7,147.0,IT Services & Consulting,Chennai,993.0,19.0,6.0,19.0
Mahesh Edible Oil Industries,3.6,146.0,FMCG,Agra,540.0,14.0,0.0,2.0
AI Engineering Services,3.5,146.0,,New Delhi,513.0,6.0,0.0,1.0
DigitalTrack Solutions,3.7,146.0,IT Services & Consulting,Chennai,929.0,16.0,0.0,7.0
DRN Infrastructure,3.2,146.0,Power,Hubballi,530.0,6.0,1.0,14.0
GIC Housing Finance,3.5,146.0,NBFC,Mumbai,712.0,13.0,13.0,9.0
Aditya Vision,3.8,146.0,Retail,Patna,356.0,16.0,15.0,8.0
Jamia Hamdard University,3.9,146.0,Education & Training,New Delhi,429.0,4.0,0.0,16.0
Institutional Shareholder Services,3.5,146.0,Analytics & KPO,Mumbai,1300.0,23.0,2.0,8.0
Madras Medical Mission,4.2,146.0,Healthcare,Chennai,478.0,6.0,0.0,12.0
Seashell Logistics,3.8,147.0,Logistics,Mumbai,542.0,9.0,1.0,10.0
Q Connect Corp,3.5,146.0,BPO,Hyderabad,300.0,13.0,0.0,1.0
GTN Engineering,4.2,146.0,Metals & Mining,Coimbatore,662.0,6.0,2.0,11.0
Velammal Educational Trust,3.6,148.0,Education & Training,Chennai,664.0,13.0,19.0,8.0
Redisolve Software,2.6,146.0,Software Product,Chennai,416.0,11.0,1.0,7.0
MediaTek India Technology,3.6,146.0,Semiconductors,Noida,1300.0,31.0,1.0,9.0
Kalpataru International,4.0,146.0,Engineering & Construction,Mumbai,354.0,10.0,12.0,3.0
Tops Security,4.3,145.0,Law Enforcement & Security,Mumbai,355.0,3.0,8.0,18.0
ERA's Lucknow Medical College & Hospital,3.6,145.0,Education & Training,Lucknow,518.0,13.0,5.0,9.0
Eskag Pharma,3.0,145.0,Pharma,Kolkata,485.0,8.0,0.0,9.0
CBNITS,3.7,145.0,IT Services & Consulting,Kolkata,583.0,13.0,19.0,51.0
Byju's Future School,3.3,145.0,,Bengaluru,315.0,28.0,0.0,21.0
Pramati Technologies,4.4,145.0,IT Services & Consulting,Hyderabad,1100.0,9.0,0.0,22.0
B.L Agro Oils,4.0,145.0,Food Processing,Bareilly,428.0,14.0,0.0,28.0
Digi Clarity Global Solutions,4.1,145.0,Analytics & KPO,Chennai,353.0,8.0,5.0,5.0
yellow.ai,3.0,145.0,Software Product,Bengaluru,1400.0,20.0,0.0,7.0
MassMutual,3.7,145.0,Financial Services,Hyderabad,1100.0,33.0,0.0,13.0
IVL Dhunseri Petrochem Industries,3.7,145.0,Chemicals,Haldia,505.0,5.0,1.0,8.0
SAVE Solutions,4.0,145.0,Financial Services,New Delhi,608.0,7.0,0.0,8.0
REC Power Development and Consultancy,4.1,145.0,,New Delhi,483.0,7.0,0.0,1.0
Continuum Managed Services,4.1,145.0,IT Services & Consulting,Mumbai,630.0,2.0,15.0,34.0
Symbiosis International University,3.7,145.0,Education & Training,Pune,730.0,21.0,0.0,4.0
IDrive,3.7,145.0,Software Product,Bengaluru,906.0,44.0,17.0,10.0
Deduce Technologies,3.3,145.0,,Bengaluru,1100.0,11.0,0.0,11.0
Suntara Cosmetics,3.6,146.0,Beauty & Personal Care,Ahmedabad,694.0,13.0,7.0,20.0
Reliance Group,4.1,145.0,Other,Mumbai,621.0,21.0,0.0,8.0
LRQA,3.4,145.0,Analytics & KPO,Mumbai,600.0,8.0,14.0,11.0
Signity Software Solutions,4.5,145.0,IT Services & Consulting,Chandigarh,335.0,9.0,7.0,20.0
Vandhana International,3.7,145.0,Railways,New Delhi,566.0,22.0,2.0,11.0
Dantal Hydraulics,4.2,145.0,Industrial Machinery,Gurugram,644.0,4.0,0.0,8.0
CSL Finance,3.7,145.0,Financial Services,New Delhi,469.0,13.0,0.0,6.0
Adhunik Metaliks,3.4,145.0,Metals & Mining,Rourkela,477.0,5.0,0.0,12.0
HM Constructions,4.6,145.0,Real Estate,Bengaluru,204.0,28.0,23.0,17.0
INVENTIVE SOFTWARE SOLUTIONS,3.8,145.0,IT Services & Consulting,Noida,466.0,11.0,162.0,5.0
Ford Motor Credit Company,4.0,145.0,Financial Services,Chennai,734.0,9.0,0.0,26.0
Cummins Sales and Service,4.0,145.0,Auto Components,Noida,227.0,5.0,0.0,1.0
YFC PROJECTS,3.6,145.0,Engineering & Construction,New Delhi,562.0,8.0,0.0,7.0
Fulcrum Worldwide Software,4.3,145.0,IT Services & Consulting,Pune,891.0,9.0,31.0,16.0
Blue Jet Healthcare,3.8,145.0,Chemicals,Mumbai,971.0,10.0,1.0,3.0
Neverskip,3.7,145.0,Education & Training,Chennai,377.0,8.0,0.0,11.0
NLMK India,3.7,145.0,Metals & Mining,Chhatrapati Sambhajinagar,689.0,21.0,0.0,7.0
Surya Hospital,3.6,145.0,Healthcare,Mumbai,638.0,9.0,36.0,8.0
EGDK India Pvt Ltd,3.8,146.0,Software Product,Mangaluru,343.0,22.0,0.0,7.0
Core Diagnostics,3.8,145.0,Healthcare,Gurugram,565.0,5.0,0.0,15.0
Gits Food Products,4.1,145.0,FMCG,Pune,533.0,12.0,2.0,11.0
Doctors for you,3.7,145.0,Non-Profit,New Delhi,458.0,9.0,35.0,10.0
Luxor International,3.5,145.0,Retail,Noida,692.0,8.0,0.0,11.0
AlgoLeap Technologies,4.1,145.0,Emerging Technologies,Hyderabad,488.0,27.0,239.0,1.0
S S Enterprises,3.9,145.0,Industrial Machinery,Mumbai,952.0,4.0,6.0,11.0
Akshayakalpa,3.8,145.0,Internet,Bengaluru,448.0,16.0,3.0,6.0
Progcap,3.9,145.0,Financial Services,New Delhi,777.0,11.0,6.0,7.0
Web Synergies,3.1,145.0,IT Services & Consulting,Hyderabad,769.0,6.0,5.0,7.0
Nayati Hospital,3.4,144.0,Healthcare,Mathura,536.0,0.0,0.0,21.0
Girl Power Talk,4.6,144.0,Internet,Sahibzada Ajit Singh Nagar,45.0,4.0,5.0,3.0
Freudenberg Gala Household Product,4.0,144.0,Consumer Electronics & Appliances,Mumbai,421.0,7.0,0.0,13.0
IRIS RegTech Solutions Limited,3.4,144.0,IT Services & Consulting,Mumbai,1300.0,15.0,0.0,14.0
Yocket,3.4,144.0,Education & Training,Mumbai,516.0,15.0,1.0,9.0
The Oriental Insurance Co.,4.4,144.0,Insurance,New Delhi,362.0,3.0,0.0,17.0
Shiksha.com,3.2,144.0,Internet,New Delhi,501.0,15.0,0.0,10.0
Planet PCI Infotech,3.8,144.0,Recruitment,Gurugram,630.0,9.0,4.0,13.0
Livesalesman,4.8,144.0,BPO,Noida,126.0,1.0,0.0,8.0
Drake & Scull International PJSC,4.5,144.0,Engineering & Construction,Mumbai,231.0,2.0,0.0,24.0
DLF Brands,3.7,144.0,Retail,New Delhi,472.0,5.0,0.0,17.0
Vtc Tradewings,4.0,144.0,Logistics,Noida,363.0,7.0,0.0,6.0
THERMAL SYSTEMS,3.7,144.0,Industrial Machinery,Hyderabad,607.0,13.0,2.0,11.0
The Judge Group,3.2,144.0,Recruitment,Noida,695.0,9.0,32.0,9.0
Maneesh Pharmaceuticals,3.9,144.0,Pharma,Mumbai,549.0,8.0,2.0,12.0
Greytrix India Pvt Ltd,3.5,144.0,IT Services & Consulting,Mumbai,555.0,14.0,13.0,42.0
B New Mobiles,3.1,144.0,Electronics Manufacturing,Hyderabad,584.0,9.0,7.0,13.0
Ideas 4 Transformation,3.0,144.0,IT Services & Consulting,Mumbai,504.0,5.0,4.0,2.0
Nifco India,3.8,144.0,Industrial Machinery,Gurugram,489.0,8.0,0.0,15.0
Radixweb,3.3,144.0,IT Services & Consulting,Ahmedabad,912.0,17.0,2.0,10.0
Bijnis,3.7,144.0,Internet,New Delhi,586.0,13.0,0.0,6.0
Marquistech,3.6,144.0,,Noida,817.0,10.0,0.0,10.0
ESRI India Technologies,3.6,144.0,IT Services & Consulting,Noida,726.0,10.0,7.0,9.0
iSource,2.9,144.0,Recruitment,Noida,609.0,13.0,4.0,6.0
Star Paper Mills,3.8,144.0,Pulp & Paper,Saharanpur,481.0,15.0,1.0,8.0
Nova IVF Fertility,3.7,144.0,Healthcare,Kolkata,513.0,9.0,0.0,8.0
Repos Energy,3.8,145.0,Internet,Pune,602.0,16.0,14.0,6.0
Bhadra International,3.7,144.0,Logistics,Chennai,313.0,2.0,0.0,17.0
MoEngage,3.4,144.0,Software Product,Bengaluru,1300.0,33.0,17.0,8.0
Rigved Technologies,3.8,144.0,Emerging Technologies,Mumbai,692.0,27.0,21.0,2.0
Gujarat Energy Transmission Corporation,4.2,144.0,Government,Vadodara,356.0,0.0,0.0,8.0
Skillinabox,4.2,144.0,,Noida,56.0,41.0,0.0,1.0
Jsw Infrastructure,4.2,144.0,Engineering & Construction,Mumbai,628.0,7.0,0.0,18.0
POSCO,4.0,144.0,Metals & Mining,Pune,681.0,4.0,0.0,23.0
Perto,3.4,144.0,Electrical Equipment,Jaipur,657.0,16.0,5.0,11.0
Palo Alto Networks,3.7,144.0,IT Services & Consulting,Bengaluru,1700.0,25.0,0.0,5.0
Cogneesol,3.3,144.0,BPO,Sahibzada Ajit Singh Nagar,770.0,21.0,15.0,13.0
Xtranet Technologies,3.3,144.0,IT Services & Consulting,Bhopal,853.0,15.0,18.0,9.0
Hyundai Steel,3.8,144.0,Iron & Steel,Chennai,781.0,12.0,2.0,16.0
Merlin Group,3.7,144.0,Real Estate,Kolkata,608.0,8.0,14.0,7.0
APL Logistics,3.7,144.0,Logistics,Chennai,620.0,12.0,7.0,9.0
Yeshshree Press Comps,3.6,144.0,Auto Components,Chhatrapati Sambhajinagar,681.0,9.0,6.0,10.0
International Crops Research Institute for the Semi-arid Tropics,3.8,144.0,Analytics & KPO,Hyderabad,419.0,5.0,13.0,16.0
mPHATEK Systems,3.4,144.0,IT Services & Consulting,Pune,1100.0,15.0,0.0,2.0
India Retails & Hospitality,4.4,144.0,Retail,New Delhi,176.0,46.0,0.0,3.0
Choice Equity Broking,3.1,144.0,Financial Services,Mumbai,607.0,9.0,47.0,6.0
Sushima Pharmaceuticals,3.3,144.0,Pharma,Ghaziabad,199.0,12.0,0.0,53.0
Sungwoo Hitech,3.8,144.0,Auto Components,Chennai,698.0,1.0,0.0,16.0
Mankind Specialities,3.8,144.0,Pharma,Mumbai,482.0,12.0,0.0,3.0
Zenith Leisure Holidays,3.3,144.0,Travel & Tourism,New Delhi,548.0,8.0,0.0,14.0
Daicel Chiral Technologies,4.2,144.0,Pharma,Hyderabad,665.0,2.0,2.0,11.0
Deoleo India Pvt Ltd,4.1,144.0,FMCG,Mumbai,507.0,8.0,1.0,34.0
WebFurther,3.2,144.0,IT Services & Consulting,Hyderabad,905.0,18.0,0.0,5.0
Gedu Services Private Limited,3.4,144.0,Education & Training,Noida,660.0,35.0,34.0,2.0
Alpha Net Consulting,4.6,144.0,IT Services & Consulting,Sahibzada Ajit Singh Nagar,249.0,13.0,0.0,4.0
Areteans,3.6,144.0,IT Services & Consulting,Hyderabad,1400.0,20.0,0.0,4.0
A. Menarini India,3.3,143.0,Pharma,Mumbai,335.0,2.0,0.0,18.0
WWICS Group,3.2,143.0,Travel & Tourism,Sahibzada Ajit Singh Nagar,412.0,12.0,0.0,3.0
Ashida Electronics,3.9,143.0,Electronics Manufacturing,Mumbai,588.0,6.0,1.0,11.0
KMC Constructions,4.4,143.0,Engineering & Construction,Hyderabad,512.0,5.0,0.0,20.0
Multi Mantech International,3.0,143.0,Engineering & Construction,Ahmedabad,370.0,7.0,24.0,14.0
Valdel Engineers & Constructors,3.0,143.0,Oil & Gas,Bengaluru,648.0,9.0,0.0,6.0
Deutsche Telekom,3.2,143.0,Telecom,Pune,1300.0,24.0,0.0,11.0
Rare Rabbit,3.6,143.0,Fashion & Textile,Bengaluru,491.0,7.0,0.0,6.0
Rus Education,4.3,143.0,Education & Training,New Delhi,308.0,25.0,3.0,3.0
Sunil Hitech Engineers,4.5,143.0,Engineering & Construction,Nagpur,381.0,3.0,0.0,21.0
Flynaut SaaS,3.1,144.0,IT Services & Consulting,Pune,387.0,21.0,0.0,2.0
IFortis Worldwide,3.8,143.0,IT Services & Consulting,Bengaluru,98.0,29.0,0.0,13.0
Forbes Facility Services,4.2,143.0,Facility Management Services,Mumbai,512.0,8.0,3.0,10.0
Centurion University of Technology and Management,3.4,143.0,Education & Training,Bhubaneswar,425.0,9.0,3.0,10.0
Ultimate Flexipack,3.7,143.0,Petrochemicals,Haridwar,600.0,9.0,7.0,11.0
SurePrep,3.9,143.0,Software Product,Mumbai,774.0,12.0,0.0,11.0
Bansal Hospital,3.9,144.0,Healthcare,Bhopal,492.0,5.0,0.0,12.0
MTX Group,3.2,143.0,IT Services & Consulting,Hyderabad,1100.0,28.0,17.0,12.0
Amps Electrical Facility Services,3.1,143.0,Facility Management Services,Bengaluru,513.0,5.0,1.0,13.0
Eris Therapeutics,3.8,143.0,Pharma,Ahmedabad,413.0,10.0,0.0,4.0
Nichino,3.4,144.0,,Hyderabad,477.0,9.0,0.0,6.0
Smile Foundation,4.1,143.0,Non-Profit,New Delhi,524.0,12.0,20.0,12.0
Modern Insulators,4.0,143.0,Electrical Equipment,Abu Road,589.0,6.0,8.0,14.0
Jupiter Money,2.3,143.0,FinTech,Bengaluru,1000.0,36.0,12.0,6.0
IIDE - The Digital School,4.0,143.0,EdTech,Mumbai,284.0,30.0,20.0,3.0
Phreesia,2.5,143.0,Healthcare,Pune,628.0,13.0,0.0,1.0
Monotype,3.3,143.0,IT Services & Consulting,Noida,1100.0,28.0,7.0,13.0
Trn Energy,3.5,143.0,Power,Raigarh,443.0,7.0,0.0,13.0
Adma Solutions,4.3,143.0,BPO,New Delhi,289.0,5.0,0.0,8.0
Viney Corporation,3.9,143.0,Auto Components,Gurugram,573.0,12.0,1.0,6.0
ZoomRx,2.6,143.0,Analytics & KPO,Chennai,909.0,40.0,23.0,6.0
Q Tech Microelectronics India,3.6,143.0,,Greater Noida,548.0,10.0,5.0,10.0
TD Power Systems,3.7,143.0,Electrical Equipment,Bengaluru,756.0,10.0,5.0,10.0
IDA Automation,3.7,143.0,,Bengaluru,584.0,10.0,0.0,5.0
Facilities And Building Solutions,3.8,143.0,Engineering & Construction,Bengaluru,570.0,11.0,5.0,9.0
Freight Tiger,3.3,143.0,Logistics,Mumbai,544.0,14.0,27.0,11.0
Bluecraft Agro,3.4,144.0,Food Processing,Yamunanagar,679.0,8.0,2.0,10.0
Chiripal Group,4.0,143.0,Fashion & Textile,Ahmedabad,570.0,2.0,0.0,6.0
Demech Chemical Products,4.4,143.0,Chemicals,Pune,357.0,50.0,0.0,10.0
Sri Ramachandra University,4.3,143.0,Education & Training,Chennai,494.0,4.0,2.0,17.0
MicroGenesis Techsoft,3.5,143.0,IT Services & Consulting,Bengaluru,1000.0,12.0,0.0,8.0
Infrabeat Technologies,4.0,143.0,IT Services & Consulting,Pune,913.0,11.0,13.0,15.0
Quadgen Wireless Solutions,3.9,143.0,Telecom,Bengaluru,585.0,8.0,0.0,10.0
Unislink,3.3,143.0,Healthcare,Hyderabad,770.0,15.0,4.0,17.0
Aster Medcity,4.6,143.0,Healthcare,Kochi,550.0,7.0,0.0,16.0
Servify,3.5,143.0,Consumer Electronics & Appliances,Mumbai,1000.0,11.0,0.0,6.0
Bhate & Raje Construction Co.,4.1,143.0,Engineering & Construction,Pune,442.0,5.0,0.0,13.0
Sofcon India Pvt Ltd,3.4,143.0,Education & Training,Pune,520.0,14.0,6.0,13.0
Esyasoft,4.2,143.0,Software Product,Bengaluru,361.0,43.0,0.0,3.0
V-Soft Consulting,3.0,143.0,IT Services & Consulting,Hyderabad,649.0,33.0,0.0,11.0
AL-SUWAIDI INDUSTRIAL SERVICES,3.6,143.0,Oil & Gas,Al Jubail,259.0,8.0,0.0,19.0
Propelld,3.5,143.0,Internet,Bengaluru,614.0,10.0,0.0,4.0
ITC Group,3.8,143.0,,Kolkata,713.0,2.0,0.0,15.0
Neo Metaliks,3.6,143.0,Metals & Mining,Durgapur,544.0,7.0,3.0,7.0
Shankar Electricals,3.7,143.0,Electrical Equipment,Bengaluru,518.0,5.0,0.0,14.0
One Trust,3.0,143.0,Software Product,Bengaluru,1000.0,19.0,10.0,10.0
Wittur Elevator Components,3.6,143.0,Industrial Machinery,Chennai,765.0,3.0,2.0,12.0
Yasho Industries Limited,3.7,143.0,Chemicals,Vapi,632.0,13.0,2.0,3.0
Smiths Detection,3.6,143.0,Defence & Aerospace,Bengaluru,810.0,14.0,0.0,5.0
Visit Health,3.1,143.0,Biotechnology,Bengaluru,817.0,12.0,45.0,2.0
Sakal Media Group,3.6,143.0,Media & Entertainment,Pune,713.0,5.0,3.0,15.0
V-ensure Pharma Technologies,3.4,143.0,Pharma,Mumbai,564.0,6.0,7.0,9.0
WsCube Tech,4.9,142.0,IT Services & Consulting,Jodhpur,112.0,4.0,0.0,3.0
Banaras Hindu University,4.7,142.0,Education & Training,Varanasi,373.0,6.0,0.0,19.0
Preet Group,3.8,142.0,,Ghaziabad,586.0,19.0,0.0,5.0
G7 CR Technologies,2.9,142.0,IT Services & Consulting,Bengaluru,622.0,17.0,0.0,10.0
SDNA Global,4.0,142.0,Recruitment,Bengaluru,284.0,13.0,14.0,38.0
Malpani Group,4.1,142.0,Power,Pune,588.0,8.0,6.0,3.0
Dinesh Engineers,3.9,142.0,Telecom,Mumbai,501.0,12.0,1.0,8.0
Testhouse,4.0,142.0,IT Services & Consulting,Thiruvananthapuram,813.0,15.0,10.0,8.0
IIT Kanpur,3.9,142.0,Education & Training,Kanpur,546.0,12.0,4.0,18.0
Unique Measurement Service,4.3,142.0,Auto Components,Chennai,240.0,70.0,1.0,11.0
New India Co-Op Bank,3.1,142.0,Banking,Mumbai,630.0,6.0,0.0,5.0
Vigour Mobile,3.7,145.0,Consumer Electronics & Appliances,Gurugram,476.0,2.0,4.0,12.0
New Swan Multitech,3.8,143.0,Industrial Machinery,Ludhiana,514.0,12.0,1.0,9.0
Mapro Foods,3.3,142.0,FMCG,Pune,400.0,6.0,1.0,11.0
94.3 MY FM,3.6,142.0,Broadcasting,Jaipur,379.0,3.0,0.0,6.0
Tag Worldwide,3.3,142.0,Marketing & Advertising,Chennai,942.0,6.0,6.0,3.0
Future Market Insights,1.5,142.0,Analytics & KPO,Pune,535.0,12.0,0.0,12.0
INDOASIAN,4.1,142.0,Semiconductors,Noida,444.0,12.0,6.0,18.0
Mobineers Info Systems,4.1,144.0,IT Services & Consulting,New Delhi,418.0,14.0,5.0,9.0
BeBran Digital,4.5,142.0,,New Delhi,19.0,42.0,0.0,3.0
Wishup,3.9,142.0,Financial Services,Bengaluru,550.0,37.0,14.0,2.0
Housr,4.3,142.0,Hospitality,Gurugram,368.0,11.0,1.0,8.0
Drums Food International,4.6,142.0,Food Processing,Mumbai,568.0,8.0,2.0,10.0
FICCI,3.5,142.0,Government,New Delhi,639.0,15.0,1.0,11.0
B. E. Billimoria,3.8,142.0,Engineering & Construction,Mumbai,314.0,5.0,0.0,9.0
EMPClaims,4.1,143.0,,Ahmedabad,192.0,40.0,0.0,38.0
K.R.Pulp & Papers,3.1,142.0,Pulp & Paper,Shahjahanpur,462.0,11.0,6.0,7.0
Genus Innovation,3.5,142.0,Power,Jaipur,632.0,6.0,11.0,5.0
Ntrust Infotech,3.4,142.0,IT Services & Consulting,Chennai,838.0,12.0,0.0,15.0
builder.ai,2.8,142.0,Software Product,Gurugram,974.0,13.0,0.0,2.0
Mahindra Aerospace,3.8,142.0,Defence & Aerospace,Bengaluru,694.0,7.0,0.0,8.0
TTEC Digital,3.7,142.0,IT Services & Consulting,Hyderabad,696.0,22.0,29.0,3.0
Vista Furnishing Limited,4.1,142.0,Furniture & Furnishing,Ghaziabad,394.0,16.0,0.0,1.0
Omega Hospitals,4.0,142.0,Healthcare,Hyderabad,579.0,5.0,5.0,10.0
TML Business Services,3.9,142.0,IT Services & Consulting,Pune,474.0,11.0,0.0,13.0
Ocean Life Spaces,3.5,142.0,Engineering & Construction,Chennai,696.0,8.0,0.0,7.0
Azuga Telematics,3.5,144.0,Software Product,Bengaluru,926.0,15.0,4.0,16.0
Valmont Structures,3.3,142.0,Engineering & Construction,Pune,739.0,20.0,1.0,10.0
Winman Software,4.1,142.0,Software Product,Mangaluru,423.0,37.0,1.0,13.0
Axles India,3.5,142.0,Auto Components,Chennai,691.0,7.0,4.0,25.0
Aksh Optifibre,3.9,142.0,Telecom,New Delhi,519.0,6.0,3.0,17.0
ASA & Associates,3.5,142.0,Accounting & Auditing,New Delhi,860.0,15.0,0.0,11.0
Pennant Technologies,3.8,142.0,Software Product,Hyderabad,847.0,24.0,6.0,12.0
Ascend Telecom Infrastructure,4.3,142.0,Telecom,Bengaluru,408.0,4.0,0.0,13.0
Titan Biotech,3.5,142.0,Biotechnology,New Delhi,728.0,21.0,19.0,9.0
Academor,2.6,142.0,Education & Training,Bengaluru,167.0,48.0,0.0,2.0
Technofab Engineering,4.3,142.0,Oil & Gas,Faridabad,446.0,2.0,0.0,19.0
CG Corp Global,3.0,142.0,FMCG,Gurugram,388.0,9.0,0.0,4.0
Bangalore Electricity Supply Company,3.7,142.0,,Bengaluru,526.0,6.0,0.0,4.0
ProcDNA,3.9,142.0,Management Consulting,Gurugram,407.0,71.0,42.0,2.0
Mas Rural Housing Mortgage Finance,4.2,142.0,Financial Services,Ahmedabad,345.0,6.0,15.0,5.0
Real Ispat & Power,3.6,142.0,Power,Raipur,640.0,11.0,20.0,6.0
Elancer It Solutions,3.1,142.0,IT Services & Consulting,Hyderabad,735.0,10.0,2.0,3.0
Accumax,3.9,143.0,Biotechnology,Ahmedabad,914.0,6.0,8.0,6.0
Spocto X,3.5,142.0,Software Product,Mumbai,694.0,8.0,0.0,4.0
HealthAssure,3.3,142.0,Healthcare,Mumbai,622.0,7.0,2.0,6.0
BASIX Academy for Building Lifelong Employability,4.0,141.0,Education & Training,New Delhi,224.0,8.0,1.0,7.0
Saint-Gobain Abrasives,3.5,141.0,Building Material,Bengaluru,766.0,5.0,0.0,9.0
Napier Healthcare Solutions,2.5,141.0,IT Services & Consulting,Hyderabad,823.0,14.0,0.0,14.0
Lloyd Electric & Engineering,3.7,141.0,Industrial Machinery,New Delhi,473.0,1.0,0.0,12.0
Airef Engineers,3.8,141.0,Engineering & Construction,Gurugram,482.0,8.0,4.0,6.0
Krishna Penstone Automotive,3.9,141.0,,Gurugram,487.0,3.0,0.0,8.0
Nesma Trading,4.2,141.0,Engineering & Construction,Al Khobar,236.0,14.0,0.0,28.0
Indian School Finance Company,4.6,141.0,NBFC,Hyderabad,505.0,1.0,0.0,18.0
EZ Works,3.9,141.0,IT Services & Consulting,Gurugram,131.0,21.0,0.0,7.0
SOGEFI,3.4,141.0,Auto Components,Pune,694.0,13.0,0.0,7.0
Shivalik Prints,4.0,141.0,Fashion & Textile,Faridabad,583.0,6.0,1.0,5.0
Ampcus Tech,4.0,141.0,,Nashik,385.0,18.0,5.0,7.0
Cooper-Standard Automotive,4.2,141.0,Auto Components,Chennai,704.0,1.0,0.0,13.0
Maple Digital Technology,3.2,141.0,Retail,Mumbai,420.0,6.0,3.0,10.0
Moving Picture Company,3.7,141.0,Media & Entertainment,Bengaluru,451.0,5.0,2.0,8.0
Abs Fujitsu General,3.6,141.0,Engineering & Construction,Hyderabad,710.0,9.0,11.0,2.0
Reynold India,4.6,141.0,Industrial Machinery,Noida,265.0,3.0,15.0,7.0
Weir Minerals,4.1,141.0,Metals & Mining,Bengaluru,714.0,15.0,19.0,19.0
Dana TM4,4.0,141.0,Power,Pune,592.0,7.0,0.0,1.0
Jaypee Infratech,4.0,141.0,Engineering & Construction,Noida,597.0,13.0,1.0,8.0
Sinclus Engineering Consulting,4.1,141.0,IT Services & Consulting,Mumbai,583.0,13.0,0.0,9.0
Aravind Eye Hospital,4.2,142.0,Healthcare,Madurai,426.0,4.0,1.0,4.0
Korn Ferry,3.0,141.0,Management Consulting,Bengaluru,938.0,18.0,0.0,5.0
Yamaha Motors Solutions,3.1,141.0,IT Services & Consulting,Faridabad,818.0,20.0,51.0,20.0
Sarita Handa Exports,3.4,141.0,Architecture & Interior Design,Gurugram,665.0,8.0,0.0,7.0
Luna Technologies Private Liimited,2.8,141.0,Industrial Automation,Mumbai,775.0,8.0,3.0,4.0
HMT Machine Tools,3.8,141.0,Industrial Machinery,Hyderabad,602.0,4.0,32.0,26.0
Marwadi Shares & Finance,4.3,141.0,Financial Services,Rajkot,684.0,7.0,5.0,6.0
Lycatel BPO,2.6,141.0,BPO,Chennai,649.0,2.0,0.0,21.0
HPI Limited,3.7,141.0,Internet,Bengaluru,1200.0,12.0,0.0,9.0
New Swan Enterprises,3.8,141.0,Industrial Machinery,Ludhiana,469.0,13.0,1.0,9.0
ISKCON,3.4,141.0,Non-Profit,Bengaluru,574.0,3.0,26.0,12.0
Piramal Group,4.1,141.0,Financial Services,Mumbai,1900.0,33.0,36.0,9.0
vConstruct,3.8,141.0,Engineering & Construction,Pune,954.0,12.0,94.0,21.0
Chalo,3.6,141.0,Internet,Mumbai,590.0,19.0,10.0,5.0
WAISL,3.9,142.0,IT Services & Consulting,New Delhi,985.0,11.0,23.0,5.0
DNV,4.0,141.0,Management Consulting,Pune,726.0,11.0,1.0,6.0
42Gears Mobility Systems,3.7,141.0,Software Product,Bengaluru,757.0,19.0,36.0,11.0
Autobahn Trucking Corporation,4.1,142.0,Automobile,Pune,579.0,14.0,27.0,1.0
Grew Energy,4.2,142.0,Power,Jaipur,469.0,9.0,10.0,2.0
Prefr,3.8,142.0,FinTech,Hyderabad,687.0,10.0,1.0,4.0
Pride Purple Group,4.0,141.0,Real Estate,Pune,705.0,7.0,14.0,15.0
Gapbridge Software Services,3.2,140.0,IT Services & Consulting,Bengaluru,435.0,4.0,0.0,31.0
Global Consumer Products,4.3,140.0,FMCG,Bengaluru,326.0,4.0,0.0,17.0
Proziod Analytics,3.5,140.0,IT Services & Consulting,Bengaluru,352.0,5.0,0.0,23.0
Difacto Robotics and Automation,3.8,140.0,Industrial Automation,Bengaluru,752.0,11.0,7.0,8.0
Indus Cosmeceuticals,4.2,140.0,Beauty & Personal Care,Faridabad,193.0,7.0,0.0,1.0
Winkies,4.0,140.0,Hospitality,Kolkata,301.0,11.0,0.0,3.0
Amalgamated Plantations,3.7,140.0,Beverage,Kolkata,430.0,11.0,0.0,17.0
iQGateway,4.5,140.0,IT Services & Consulting,Bengaluru,337.0,8.0,0.0,5.0
ChicMic,4.1,140.0,Gaming,Sahibzada Ajit Singh Nagar,290.0,13.0,3.0,19.0
Fia Technology Services,3.5,140.0,FinTech,Gurugram,479.0,15.0,10.0,7.0
Comnet Solutions,3.4,140.0,Telecom,Mumbai,765.0,8.0,0.0,2.0
Inadev,3.2,140.0,IT Services & Consulting,Kolkata,591.0,11.0,2.0,28.0
XSEED Education,2.6,140.0,EdTech,Bengaluru,516.0,6.0,9.0,19.0
INDIAN DESIGNS,3.9,140.0,Fashion & Textile,Bengaluru,516.0,5.0,5.0,9.0
Megha Fruit Processing,3.7,140.0,,Hyderabad,398.0,10.0,3.0,4.0
Central Academy School,3.5,140.0,Education & Training,Jodhpur,419.0,6.0,0.0,9.0
SPARX IT Solutions,3.3,140.0,IT Services & Consulting,Noida,649.0,13.0,12.0,25.0
Chemie Tech,3.2,140.0,Oil & Gas,Vadodara,534.0,5.0,0.0,19.0
Altos Global Services,3.8,140.0,BPO,Noida,347.0,10.0,0.0,25.0
Walko Qsr Company,3.8,140.0,FMCG,Pune,539.0,7.0,7.0,5.0
The Hackett Group,3.3,140.0,IT Services & Consulting,Hyderabad,1000.0,13.0,32.0,11.0
EIH,3.8,140.0,Hospitality,New Delhi,667.0,4.0,282.0,15.0
Emtec,4.4,140.0,IT Services & Consulting,Pune,1100.0,15.0,1.0,21.0
Emonics,3.8,140.0,IT Services & Consulting,Noida,665.0,17.0,1.0,4.0
Nectar Infotel Solutions,3.0,141.0,IT Services & Consulting,Pune,423.0,10.0,10.0,3.0
3 Gen Consulting,3.0,140.0,Healthcare,Pune,500.0,7.0,11.0,19.0
Affiliated Computer Services,4.1,140.0,IT Services & Consulting,Bengaluru,406.0,1.0,0.0,14.0
Enkei Wheels India,3.6,140.0,Auto Components,Pune,579.0,8.0,3.0,7.0
Orion Security Solutions,2.8,140.0,Law Enforcement & Security,New Delhi,608.0,5.0,3.0,14.0
Adani Road Transport,4.4,140.0,,Ahmedabad,397.0,4.0,0.0,1.0
ClinicAnywhere,3.2,140.0,,Bengaluru,595.0,20.0,0.0,4.0
Gemini Consulting & Services,3.6,140.0,IT Services & Consulting,Hyderabad,1200.0,7.0,31.0,15.0
ParamInfo,3.1,140.0,IT Services & Consulting,Hyderabad,301.0,9.0,20.0,17.0
Sakthi Finance,3.8,141.0,Financial Services,Coimbatore,547.0,6.0,0.0,12.0
SFS Group,3.8,140.0,Auto Components,Pune,574.0,6.0,5.0,1.0
Tilaknagar Industries Ltd.,4.0,140.0,Beverage,Mumbai,431.0,11.0,0.0,20.0
Shipsy,4.0,140.0,Software Product,Gurugram,729.0,20.0,4.0,2.0
Mizuho Bank,3.1,140.0,Banking,Mumbai,868.0,15.0,0.0,8.0
Besmak Components,3.9,140.0,Auto Components,Chennai,699.0,8.0,12.0,9.0
APEEJAY EDUCATION SOCIETY,3.0,140.0,Education & Training,New Delhi,550.0,16.0,44.0,8.0
DELTA,4.2,140.0,Events,Bengaluru,1400.0,25.0,37.0,9.0
FundsIndia,3.0,140.0,FinTech,Chennai,941.0,14.0,9.0,8.0
R.K. Group,3.3,140.0,Real Estate,Bengaluru,836.0,6.0,3.0,9.0
Abu Dhabi Commercial Bank,3.4,140.0,Banking,Mumbai,643.0,6.0,0.0,9.0
Sterling Accuris Wellness,4.0,140.0,Healthcare,Ahmedabad,522.0,6.0,14.0,4.0
TalentOla,3.2,140.0,Recruitment,Indore,259.0,42.0,0.0,1.0
Robt Stone (ME) LLC,2.8,140.0,Oil & Gas,Abu Dhabi,343.0,15.0,0.0,5.0
Remsons Industries,3.8,140.0,Auto Components,Gurugram,727.0,10.0,5.0,12.0
Nesto Hypermarket,3.7,140.0,,Kozhikode,410.0,13.0,0.0,9.0
Strata Geosystems,3.7,140.0,Engineering & Construction,Mumbai,621.0,7.0,0.0,16.0
YCH Logistics,3.8,140.0,Logistics,Chennai,513.0,13.0,0.0,9.0
Jolly Containers,3.6,140.0,Petrochemicals,Daman & Diu,591.0,8.0,9.0,7.0
Vertex Homes,3.1,140.0,Real Estate,Hyderabad,594.0,11.0,0.0,15.0
VaaaN Infra,3.2,139.0,Urban Transport,New Delhi,480.0,3.0,0.0,9.0
COMSTAR AUTOMOTIVE TECHNOLOGIES,3.8,139.0,Auto Components,Chennai,771.0,9.0,0.0,28.0
Amec Foster Wheeler,3.9,139.0,Oil & Gas,Chennai,324.0,7.0,0.0,24.0
GlobeGround India,3.6,139.0,Aviation,Bengaluru,419.0,9.0,0.0,11.0
Saifee Hospital,3.2,139.0,Healthcare,Mumbai,517.0,8.0,5.0,13.0
BIODEAL PHARMACEUTICALS,4.1,139.0,Pharma,Noida,350.0,24.0,5.0,6.0
West Bengal Power Development Corporation,3.8,139.0,Power,Kolkata,377.0,5.0,0.0,16.0
Electrostar Electronics,4.0,140.0,,Noida,1000.0,5.0,0.0,1.0
GreenTree Immigration,4.6,139.0,IT Services & Consulting,Chennai,53.0,24.0,0.0,25.0
Overnite Express,3.8,139.0,Logistics,New Delhi,361.0,0.0,0.0,8.0
Shyplite,3.8,139.0,Logistics,New Delhi,290.0,8.0,0.0,100.0
Andhra Pradesh Grama/Ward Sachivalayam,4.1,139.0,Government,Hyderabad,313.0,5.0,0.0,4.0
V.Ships,3.9,139.0,Ports & Shipping,Mumbai,479.0,11.0,6.0,6.0
Urjanet Energy Solutions,3.9,139.0,IT Services & Consulting,Chennai,741.0,7.0,4.0,15.0
Birla Century,4.1,139.0,Fashion & Textile,Bharuch,614.0,7.0,0.0,7.0
Blackstone Center of Excellence,2.6,139.0,,Gurugram,1000.0,11.0,0.0,2.0
Brand Factory,4.7,139.0,Retail,Mumbai,447.0,4.0,0.0,15.0
Shilpa Steel and Power,3.3,139.0,Iron & Steel,Nagpur,500.0,3.0,3.0,12.0
KLES Dr. Prabhakar Kore Hospital & M.R.C,3.7,139.0,Healthcare,Belagavi,400.0,1.0,14.0,14.0
GEEBEE Education,3.4,139.0,Education & Training,Mumbai,493.0,13.0,5.0,6.0
Manav Rachna International School,3.6,139.0,Education & Training,Faridabad,471.0,6.0,0.0,7.0
NJ Group,3.5,139.0,,Surat,529.0,18.0,0.0,4.0
Shree Maruti Integrated Logistics,3.6,139.0,,Ahmedabad,367.0,7.0,0.0,4.0
Perceptive,3.5,139.0,Clinical Research,Hyderabad,886.0,12.0,5.0,12.0
DigiVersal Consultants,3.1,139.0,Internet,Noida,365.0,10.0,27.0,26.0
Marquis Technologies,3.2,139.0,IT Services & Consulting,Mumbai,676.0,14.0,0.0,20.0
Oman Shapoorji Llc,3.6,140.0,Engineering & Construction,Muscat,394.0,9.0,0.0,13.0
Cachet Pharmaceuticals,3.8,139.0,Pharma,Mumbai,452.0,5.0,1.0,16.0
Vikram Tea,4.2,139.0,Financial Services,Mumbai,419.0,13.0,3.0,6.0
Shahnaz Husain Group Of Companies,3.1,139.0,Beauty & Personal Care,New Delhi,387.0,19.0,17.0,12.0
Saudi Oger,4.5,139.0,Engineering & Construction,Riyadh,149.0,5.0,0.0,31.0
HireRight,3.4,139.0,Analytics & KPO,Bengaluru,753.0,4.0,0.0,3.0
Protiviti Consulting,2.8,139.0,Management Consulting,Gurugram,1400.0,12.0,2.0,10.0
Jai Raj Ispat,3.6,139.0,Iron & Steel,Kurnool,509.0,15.0,7.0,3.0
Decision Point,3.3,139.0,Analytics & KPO,Gurugram,755.0,16.0,0.0,9.0
Oman National Engineering & Investment Company,4.0,139.0,Engineering & Construction,Muscat,409.0,6.0,1.0,20.0
Sangam Dairy,4.1,139.0,Agriculture,Guntur,456.0,10.0,1.0,5.0
Tcg Digital Solutions,3.3,139.0,IT Services & Consulting,Kolkata,947.0,15.0,9.0,11.0
Duroply Industries,3.8,139.0,Building Material,New Delhi,576.0,15.0,7.0,9.0
Mallcom,3.9,139.0,BPO,Kolkata,432.0,7.0,17.0,12.0
IMS Learning Resources,3.8,139.0,Education & Training,Mumbai,725.0,11.0,8.0,5.0
Mangalam Information Technolgies,3.3,139.0,IT Services & Consulting,Ahmedabad,511.0,9.0,6.0,5.0
Xoxoday,3.8,139.0,Software Product,Bengaluru,799.0,13.0,38.0,41.0
Mantle Solutions,3.1,140.0,IT Services & Consulting,Kochi,851.0,9.0,15.0,5.0
Rieco Industries,3.0,139.0,Industrial Machinery,Pune,822.0,7.0,1.0,5.0
Sumitomo Mitsui Banking Corporation,2.7,139.0,Financial Services,New Delhi,982.0,18.0,57.0,13.0
A.P.Securitas,4.0,139.0,Law Enforcement & Security,New Delhi,434.0,7.0,4.0,7.0
Solulab inc,3.1,139.0,IT Services & Consulting,Ahmedabad,290.0,9.0,0.0,25.0
Spectra Technovision India,3.3,139.0,Electronics Manufacturing,Ahmedabad,735.0,11.0,2.0,6.0
HL Klemove,3.2,139.0,Automobile,Chennai,827.0,11.0,4.0,6.0
Anand Engineering Products,3.1,139.0,Engineering & Construction,Tiruchirappalli,551.0,6.0,1.0,11.0
HealthSpring,2.8,138.0,Fitness & Wellness,Mumbai,436.0,7.0,0.0,15.0
Xihi Technology,3.5,138.0,Electronics Manufacturing,Noida,511.0,12.0,0.0,7.0
PressureJet Systems Pvt. Ltd.,4.0,138.0,Industrial Machinery,Ahmedabad,289.0,26.0,10.0,31.0
Sourcedesk,4.2,138.0,IT Services & Consulting,Kolkata,195.0,10.0,13.0,16.0
Omega Elevators,3.9,138.0,Industrial Machinery,Ahmedabad,484.0,6.0,4.0,12.0
Cococart Ventures,3.5,138.0,,Mumbai,336.0,9.0,0.0,3.0
Alliance Group,4.0,138.0,Real Estate,Chennai,910.0,15.0,6.0,6.0
Bansal Classes,3.3,138.0,Education & Training,Pune,497.0,10.0,4.0,5.0
QUTONE CERAMIC,3.5,138.0,Building Material,Ahmedabad,400.0,14.0,1.0,11.0
Sunshine Hospitals,4.1,138.0,Healthcare,Hyderabad,662.0,4.0,0.0,12.0
Ata Freight Line,3.2,138.0,Logistics,Pune,430.0,22.0,9.0,9.0
Trell,3.0,138.0,Internet,Bengaluru,851.0,14.0,0.0,15.0
Aditya Birla SunLife Asset Management Company,3.8,138.0,Financial Services,Mumbai,614.0,16.0,0.0,16.0
Oriental Consultants India Pvt Ltd,3.9,138.0,Engineering & Construction,New Delhi,204.0,5.0,18.0,2.0
Daimler,3.7,138.0,Automobile,Chennai,929.0,24.0,0.0,12.0
Maintec Technologies,3.7,138.0,IT Services & Consulting,Bengaluru,866.0,11.0,1.0,9.0
Star Estate,4.1,138.0,Real Estate,Noida,362.0,31.0,13.0,7.0
Lalbaba Engineering Limited,3.3,139.0,Industrial Machinery,Kolkata,418.0,17.0,21.0,16.0
Futuresoft Solutions,3.1,138.0,IT Services & Consulting,New Delhi,789.0,10.0,0.0,17.0
DMI DRAEXLMAIER MANUFACTURING,3.7,138.0,Industrial Machinery,Pune,481.0,9.0,0.0,8.0
EasyRewardz Software Services,2.7,138.0,IT Services & Consulting,Gurugram,927.0,10.0,12.0,4.0
Adamas University,2.9,138.0,Education & Training,Kolkata,474.0,16.0,0.0,7.0
Rockwell Industries,3.4,138.0,Electronics Manufacturing,Hyderabad,535.0,17.0,9.0,7.0
Accurate Background,3.6,138.0,Recruitment,Mumbai,798.0,12.0,1.0,1.0
EDUGORILLA COMMUNITY,3.3,138.0,Education & Training,Lucknow,405.0,12.0,0.0,10.0
Ashland,4.1,138.0,Chemicals,Hyderabad,619.0,3.0,9.0,14.0
UTI Mutual Fund,3.8,138.0,Financial Services,Mumbai,692.0,10.0,202.0,11.0
Rinac India Limited,4.0,139.0,Engineering & Construction,Bengaluru,531.0,6.0,26.0,7.0
Cherise India,3.7,138.0,Beverage,Pune,319.0,2.0,2.0,2.0
Pravin Electricals,4.1,138.0,Electrical Equipment,Mumbai,574.0,5.0,0.0,12.0
Sagacious IP,3.3,138.0,,Gurugram,595.0,25.0,0.0,11.0
Kruger Ventilation Industries,3.5,138.0,Industrial Machinery,Mumbai,599.0,7.0,35.0,8.0
DWD Pharmaceuticals,3.4,138.0,Pharma,Vadodara,478.0,8.0,2.0,7.0
Phoenix Marketcity,3.8,138.0,Retail,Mumbai,650.0,5.0,0.0,9.0
Idea Infinity IT Solutions,3.0,138.0,IT Services & Consulting,Bengaluru,733.0,12.0,2.0,2.0
Toyoda Gosei South India,4.1,138.0,Automobile,Bengaluru,510.0,9.0,2.0,4.0
Ramdev Food Products,4.5,138.0,Food Processing,Ahmedabad,422.0,7.0,1.0,10.0
Thinkapps Solutions,3.5,138.0,Recruitment,Mumbai,652.0,11.0,0.0,2.0
Shalimar Group,4.1,138.0,Building Material,Lucknow,694.0,4.0,6.0,6.0
Tokai Rika Minda,3.7,138.0,Semiconductors,Bengaluru,539.0,8.0,2.0,11.0
Cascade Revenue Management,3.2,138.0,IT Services & Consulting,Kochi,518.0,5.0,0.0,4.0
Jss Pro Services,3.9,138.0,Financial Services,Hyderabad,619.0,14.0,3.0,10.0
THDC,4.0,139.0,Government,Rishikesh,377.0,8.0,0.0,7.0
Wings Pharmaceuticals Pvt Ltd.,3.1,138.0,Pharma,New Delhi,511.0,16.0,5.0,6.0
Octillion Power Systems,4.1,138.0,Electronics Manufacturing,Pune,611.0,15.0,4.0,3.0
Alter Domus,3.0,138.0,Financial Services,Hyderabad,1100.0,12.0,46.0,5.0
MAJID AL FUTTAIM RETAIL,3.2,138.0,Retail,Gurugram,586.0,11.0,6.0,10.0
Allzone Management Solutions,4.0,138.0,Healthcare,Chennai,409.0,8.0,2.0,10.0
Hailstone Innovations,4.1,138.0,Industrial Machinery,Palakkad,587.0,21.0,1.0,18.0
Serdia Pharmaceuticals,3.7,137.0,Pharma,Mumbai,376.0,6.0,0.0,18.0
Apex Kidney Care,3.8,137.0,Healthcare,Mumbai,424.0,9.0,6.0,5.0
Sanjay Ghodawat Group,3.5,137.0,FMCG,Kolhapur,526.0,5.0,6.0,9.0
Calling 24o7 Bpo Services,3.8,137.0,BPO,Pune,373.0,16.0,9.0,5.0
Synthimed Labs,3.6,137.0,Pharma,Chandigarh,541.0,12.0,16.0,4.0
Harley-Davidson,3.4,137.0,Automobile,Gurugram,485.0,6.0,0.0,24.0
Linamar,3.7,137.0,,Pune,697.0,8.0,2.0,8.0
Food Service India,4.0,137.0,Food Processing,Mumbai,758.0,5.0,1.0,9.0
Datwyler Group,3.9,137.0,Pharma,Pune,562.0,9.0,0.0,3.0
HP ADHESIVES,3.9,137.0,Chemicals,Mumbai,548.0,8.0,1.0,5.0
Weavetex Overseas,3.6,138.0,Fashion & Textile,New Delhi,538.0,9.0,2.0,9.0
Indian Potash,3.6,137.0,Agro Chemicals,Muzaffarnagar,458.0,6.0,8.0,8.0
Panda Retail Company,4.3,137.0,Retail,Bhubaneswar,181.0,3.0,0.0,24.0
Vishakha Glass,4.0,137.0,,Mundra,504.0,14.0,0.0,1.0
Digicommerce Solutions LLP,4.6,137.0,Internet,Noida,194.0,8.0,6.0,4.0
Oxalis Pharmaceuticals,3.8,137.0,Pharma,Baddi,540.0,5.0,0.0,8.0
AXA,3.8,137.0,Insurance,Bengaluru,870.0,19.0,0.0,10.0
Nucsoft,2.7,137.0,IT Services & Consulting,Mumbai,654.0,14.0,0.0,6.0
Yahoo,4.3,137.0,Internet,Bengaluru,829.0,33.0,0.0,12.0
Transformers & Rectifiers (India),4.1,137.0,Electrical Equipment,Ahmedabad,843.0,8.0,9.0,13.0
AIDA Cruises,3.5,137.0,Travel & Tourism,Mumbai,213.0,7.0,0.0,14.0
Anjan Drug,3.3,137.0,Pharma,Chennai,692.0,16.0,0.0,9.0
Benteler Automotive,4.2,137.0,Electronics Manufacturing,Pune,503.0,4.0,11.0,11.0
POWERCON Ventures India,3.7,137.0,Power,Pune,463.0,15.0,0.0,15.0
Glocal Healthcare Systems,3.3,137.0,Healthcare,Kolkata,410.0,5.0,0.0,15.0
Arbro Pharmaceuticals,3.8,137.0,Pharma,New Delhi,534.0,16.0,1.0,9.0
Express KCS,3.6,137.0,Marketing & Advertising,New Delhi,526.0,12.0,0.0,17.0
ClinChoice,3.8,137.0,Clinical Research,Bengaluru,608.0,16.0,0.0,13.0
Signals & Systems (India) Private Limited,3.9,137.0,Electronics Manufacturing,Chennai,692.0,8.0,18.0,17.0
Foxlink India Electric,3.6,137.0,Electronics Manufacturing,Tirupati,608.0,13.0,0.0,8.0
Svarn Infratel,3.5,137.0,Hardware & Networking,Faridabad,632.0,12.0,0.0,4.0
Voltech Hr Services,3.3,137.0,Recruitment,Chennai,430.0,8.0,4.0,23.0
Times Network,3.1,138.0,Broadcasting,Mumbai,1000.0,4.0,0.0,8.0
Obeetee,4.0,137.0,Fashion & Textile,Panipat,600.0,9.0,6.0,13.0
Fixderma,3.6,137.0,Beauty & Personal Care,Gurugram,477.0,11.0,0.0,7.0
Keya Foods International Private Limited,4.1,137.0,Hospitality,Mumbai,414.0,3.0,1.0,11.0
RELX Group,3.5,137.0,Analytics & KPO,Chennai,686.0,10.0,2.0,7.0
Just Dogs,3.4,137.0,Internet,Ahmedabad,371.0,20.0,12.0,4.0
CriticaLog India Private Limited,4.1,137.0,Logistics,Bengaluru,569.0,7.0,2.0,8.0
Hicool Electronic Industries,3.8,137.0,Electrical Equipment,Pune,468.0,13.0,5.0,5.0
MGM Healthcare,3.9,137.0,Healthcare,Chennai,775.0,13.0,0.0,3.0
Viztar International,3.4,137.0,Education & Training,Mumbai,548.0,5.0,0.0,6.0
Norwegian Cruise Line,4.2,137.0,Travel & Tourism,Mumbai,189.0,8.0,0.0,15.0
BNB Groupe,3.2,137.0,Retail,Ahmedabad,264.0,13.0,0.0,6.0
Csc Computer Education,4.5,137.0,Education & Training,Chennai,556.0,5.0,0.0,9.0
Continental Coffee,4.1,137.0,Food Processing,Hyderabad,480.0,5.0,0.0,6.0
Orris Infrastructure,4.1,137.0,Real Estate,Gurugram,355.0,11.0,2.0,5.0
Minimalist,3.6,138.0,Internet,Jaipur,467.0,11.0,8.0,4.0
Manpasand Beverages,3.8,136.0,Beverage,Vadodara,297.0,2.0,0.0,10.0
IPAC,3.1,136.0,Retail,Kolkata,920.0,12.0,0.0,13.0
Dangote Industries,4.2,136.0,Building Material,Lagos,331.0,5.0,0.0,14.0
Consolidated Analytics,3.9,136.0,Software Product,Chennai,550.0,21.0,16.0,3.0
J. M. Mhatre Infra,3.9,136.0,Engineering & Construction,Navi Mumbai,506.0,1.0,0.0,16.0
C2L BIZ,3.1,136.0,Internet,Mumbai,755.0,14.0,6.0,14.0
Khandelwal Laboratories,4.1,136.0,Pharma,Mumbai,428.0,3.0,0.0,10.0
Kin Marché,4.1,136.0,Retail,Kinshasa,99.0,21.0,0.0,9.0
API Holdings,3.6,136.0,Fitness & Wellness,Mumbai,523.0,7.0,0.0,2.0
TYPSA,3.3,136.0,Engineering & Construction,Gurugram,583.0,11.0,1.0,9.0
Sanathan Textiles,4.2,136.0,Fashion & Textile,Dadra & Nagar Haveli,692.0,7.0,1.0,8.0
Mutual Industries,3.2,136.0,Petrochemicals,Mumbai,569.0,8.0,1.0,16.0
Crimsoune Club,3.8,136.0,Fashion & Textile,New Delhi,433.0,6.0,0.0,5.0
Hitachi Automotive Systems,4.2,136.0,Auto Components,Chennai,689.0,4.0,0.0,19.0
Fipola Retail,3.7,136.0,Food Processing,Chennai,310.0,2.0,0.0,61.0
Eptisa,3.5,136.0,Engineering & Construction,Kolkata,427.0,7.0,1.0,22.0
CASHe,3.3,136.0,Financial Services,Mumbai,828.0,11.0,10.0,6.0
Dunkin' Donuts,3.7,136.0,Hospitality,New Delhi,203.0,5.0,0.0,15.0
AstraGen,3.5,137.0,EdTech,Vijayawada,370.0,18.0,0.0,9.0
Marino Food Products,3.9,136.0,Food Processing,Hyderabad,440.0,8.0,0.0,4.0
Bristol Healthcare Services,3.1,136.0,BPO,Chennai,424.0,36.0,8.0,18.0
Ashok Iron Group,3.6,136.0,Iron & Steel,Belagavi,709.0,9.0,0.0,3.0
Lectrix Ev,3.6,136.0,,Gurugram,529.0,15.0,0.0,1.0
KION India,3.5,136.0,Industrial Machinery,Pune,925.0,13.0,1.0,7.0
Sarda Metals & Alloys,4.0,136.0,Metals & Mining,Visakhapatnam,530.0,12.0,0.0,4.0
Infotech,4.3,136.0,IT Services & Consulting,Hyderabad,1100.0,53.0,0.0,17.0
Quatrro Mortgage Solutions,3.1,136.0,Financial Services,Mumbai,448.0,5.0,0.0,19.0
HyTech Professionals,3.2,136.0,IT Services & Consulting,Noida,710.0,8.0,1.0,15.0
Kalyaniwalla & Mistry,3.3,136.0,Accounting & Auditing,Mumbai,672.0,9.0,6.0,11.0
Digital Nirvana Information Systems,3.6,136.0,Software Product,Hyderabad,635.0,3.0,0.0,16.0
Institute of Chemical Technology,4.1,136.0,,Mumbai,563.0,4.0,0.0,12.0
KWALITY DAIRY (INDIA),3.9,136.0,FMCG,New Delhi,326.0,1.0,0.0,13.0
Telegence Powercomm,3.4,136.0,Engineering & Construction,Vadodara,387.0,9.0,0.0,8.0
Farida Group,3.8,136.0,Leather,Chennai,431.0,7.0,0.0,3.0
Supriya Lifescience,3.7,136.0,Pharma,Chiplun,701.0,10.0,16.0,4.0
SAG Infotech,3.5,136.0,IT Services & Consulting,Jaipur,441.0,11.0,9.0,8.0
Insurance Company,4.1,136.0,,New Delhi,1800.0,9.0,0.0,4.0
Applied Cloud Computing,2.3,136.0,IT Services & Consulting,Mumbai,882.0,19.0,12.0,5.0
John Distilleries,3.6,136.0,Beverage,Bengaluru,690.0,6.0,0.0,11.0
The West Coast Paper Mills,3.6,136.0,Pulp & Paper,Dandeli,574.0,5.0,5.0,10.0
GadgEon,4.0,136.0,IT Services & Consulting,Kochi,1400.0,12.0,24.0,3.0
Noble Hospital,3.9,136.0,Healthcare,Pune,594.0,5.0,4.0,7.0
Fragma Data Systems,3.9,136.0,IT Services & Consulting,Bengaluru,407.0,15.0,0.0,8.0
Tafe Access,3.8,136.0,Automobile,Chennai,514.0,5.0,0.0,11.0
Glen Appliances,4.1,136.0,Consumer Electronics & Appliances,Faridabad,481.0,7.0,1.0,7.0
Kiran Motors,3.5,136.0,Auto Components,Ahmedabad,493.0,2.0,0.0,13.0
Ind Synergy,3.9,136.0,Engineering & Construction,Raigarh,524.0,6.0,2.0,8.0
Hemani Industries,3.6,136.0,Agro Chemicals,Ankleshwar,797.0,10.0,0.0,8.0
Mochiko Shoes,3.6,136.0,Fashion & Textile,Dehradun,447.0,3.0,5.0,4.0
MK TRON Autoparts,3.5,136.0,Auto Components,Chennai,694.0,10.0,3.0,5.0
cloudEQ,3.5,136.0,IT Services & Consulting,Chandigarh,445.0,24.0,4.0,6.0
ATPI,3.8,136.0,Travel & Tourism,Mumbai,924.0,8.0,7.0,11.0
Pratiti Technologies,3.3,136.0,Software Product,Pune,682.0,35.0,8.0,5.0
Lloyds Engineering Works Limited,4.0,137.0,Industrial Machinery,Mumbai,569.0,10.0,9.0,8.0
Global FPO,3.5,136.0,Accounting & Auditing,New Delhi,548.0,25.0,1.0,2.0
Choice International,3.3,136.0,,Mumbai,988.0,12.0,1.0,5.0
CDYMAX,3.4,136.0,Pharma,Bengaluru,672.0,8.0,0.0,5.0
Aqua Group,4.1,135.0,Industrial Machinery,Coimbatore,618.0,1.0,0.0,4.0
GlowTouch Technologies,3.0,135.0,BPO,Mangaluru,702.0,43.0,6.0,13.0
Nxtgen Datacenter Cloud Technologies,3.1,135.0,IT Services & Consulting,Bengaluru,782.0,10.0,1.0,8.0
Stemmons Business Services,4.1,135.0,BPO,Vadodara,629.0,12.0,3.0,21.0
Planet EDU,3.2,135.0,EdTech,Gurugram,427.0,12.0,0.0,7.0
Syncom Formulations India,3.0,135.0,Pharma,Indore,576.0,8.0,0.0,9.0
Growisto,4.2,135.0,Marketing & Advertising,Mumbai,328.0,15.0,6.0,13.0
91Squarefeet,3.3,135.0,Internet,Gurugram,353.0,12.0,2.0,4.0
D Light Energy,3.7,135.0,Waste Management,Gurugram,441.0,3.0,0.0,13.0
Qbss,3.8,135.0,IT Services & Consulting,Coimbatore,601.0,11.0,0.0,24.0
Aurore Life Sciences,3.1,135.0,Pharma,Hyderabad,723.0,8.0,9.0,6.0
Vkc Nuts,0.0,0.0,Food Processing,Noida,0.0,0.0,0.0,0.0
MeritTrac,3.7,135.0,EdTech,Bengaluru,536.0,1.0,0.0,15.0
Pyro Group,3.5,135.0,Telecom,Hyderabad,292.0,3.0,21.0,12.0
Sigma,3.9,135.0,Pharma,Pune,692.0,13.0,0.0,12.0
Annet Technologies,3.7,135.0,Software Product,Mumbai,660.0,8.0,0.0,14.0
Gillette,4.3,135.0,FMCG,Bhiwadi,249.0,4.0,0.0,21.0
FabAlley,3.9,135.0,Retail,Noida,242.0,5.0,0.0,2.0
Chemspec Chemicals Pvt Ltd,3.6,135.0,Chemicals,Mumbai,672.0,9.0,6.0,15.0
Infinity Fincorp Solutions,4.3,135.0,,Mumbai,374.0,4.0,0.0,2.0
Facile Services,2.7,135.0,IT Services & Consulting,Pune,619.0,17.0,4.0,11.0
Auma,3.5,135.0,Industrial Automation,Bengaluru,557.0,7.0,12.0,9.0
Shri Ram Murti Smarak Institute of Medical Sciences,3.5,135.0,Education & Training,Bareilly,352.0,9.0,0.0,10.0
Comau,3.4,135.0,Industrial Automation,Pune,553.0,3.0,3.0,21.0
GLOBALFOUNDRIES,3.2,135.0,Semiconductors,Bengaluru,961.0,19.0,72.0,12.0
RAMADA PLAZA,4.1,135.0,Hospitality,Chennai,473.0,6.0,0.0,19.0
Moolya Software Testing,3.3,135.0,IT Services & Consulting,Bengaluru,1000.0,27.0,10.0,19.0
Kimia Biosciences Limited,3.5,135.0,Pharma,Gurugram,588.0,8.0,6.0,3.0
Outlier,3.9,135.0,Emerging Technologies,Bengaluru,241.0,16.0,0.0,2.0
Presidium School,3.6,135.0,Education & Training,New Delhi,590.0,2.0,1.0,13.0
Eduquity Career Technologies,3.2,136.0,Recruitment,Bengaluru,622.0,11.0,0.0,6.0
Maharashtra Rail Infrastructure Development Corporation,3.7,135.0,Government,Mumbai,626.0,17.0,3.0,9.0
Sanzyme,3.7,135.0,Biotechnology,Hyderabad,520.0,10.0,0.0,12.0
Eastman Cast & Forge,3.1,135.0,Industrial Machinery,Ludhiana,500.0,8.0,1.0,6.0
Homeocare International,3.5,135.0,Healthcare,Hyderabad,406.0,9.0,7.0,9.0
Shree Malani Foams,3.9,135.0,,Hyderabad,598.0,10.0,0.0,7.0
PlasmaGen Biosciences,3.5,135.0,Pharma,Bengaluru,699.0,6.0,3.0,5.0
Monotech Systems,3.5,135.0,Printing & Publishing,Chennai,652.0,11.0,25.0,8.0
Supreme Petrochem,3.8,135.0,Chemicals,Mumbai,738.0,6.0,5.0,14.0
Electronics for Imaging,3.9,135.0,Printing & Publishing,Bengaluru,1200.0,16.0,0.0,7.0
AVON TUBETECH,3.4,135.0,Iron & Steel,Faridabad,473.0,15.0,8.0,8.0
Kusalava International,3.7,135.0,Industrial Machinery,Vijayawada,378.0,6.0,5.0,23.0
Bar Code India,3.6,135.0,Industrial Automation,Gurugram,805.0,11.0,7.0,10.0
Hawa Valves,3.1,135.0,Oil & Gas,Mumbai,745.0,8.0,6.0,9.0
Njs Engineers India,4.0,135.0,Waste Management,New Delhi,576.0,9.0,1.0,10.0
S K Samanta & Co,3.5,135.0,Engineering & Construction,Kolkata,453.0,9.0,0.0,16.0
AIT Global,3.1,135.0,IT Services & Consulting,Pune,840.0,13.0,9.0,7.0
Auriga Research,3.0,135.0,Analytics & KPO,Bengaluru,642.0,9.0,0.0,11.0
PCS-Global,3.8,135.0,Education & Training,Kolkata,319.0,21.0,0.0,10.0
Walkin Manpower Solution,4.4,135.0,,New Delhi,12.0,43.0,0.0,11.0
Robinhood Insurance Broker Limited,3.0,135.0,Insurance,Mumbai,542.0,5.0,20.0,18.0
Idom,4.1,136.0,Engineering & Construction,New Delhi,561.0,14.0,1.0,7.0
Dachser,3.8,135.0,Logistics,Mumbai,473.0,3.0,1.0,13.0
Dhanlaxmi Bank,4.0,135.0,Banking,Thrissur,532.0,2.0,0.0,5.0
Bigshare Services,2.8,135.0,Legal,Mumbai,265.0,56.0,5.0,12.0
PSG Hospitals,4.0,135.0,Healthcare,Coimbatore,474.0,7.0,10.0,10.0
Yulu Bikes,4.0,135.0,Internet,Bengaluru,779.0,16.0,0.0,7.0
Garuda Aerospace,3.3,135.0,Internet,Chennai,296.0,14.0,0.0,17.0
OVT India,3.4,134.0,Electrical Equipment,Noida,569.0,14.0,0.0,4.0
Unified Infotech,4.2,134.0,IT Services & Consulting,Kolkata,478.0,27.0,6.0,8.0
Delhi Public School Ghaziabad Society,3.2,134.0,Education & Training,New Delhi,563.0,13.0,19.0,10.0
Trangile Services,4.5,135.0,IT Services & Consulting,Noida,607.0,10.0,6.0,3.0
Prabha Industries,4.0,134.0,Chemicals,Bengaluru,631.0,8.0,0.0,7.0
Mytrah Energy,4.2,134.0,Power,Hyderabad,474.0,1.0,0.0,18.0
Competent Automobiles,3.9,134.0,Retail,New Delhi,501.0,2.0,0.0,6.0
Securonix,2.6,134.0,Internet,Bengaluru,929.0,16.0,0.0,10.0
The Nuance Group AG,4.3,134.0,IT Services & Consulting,Bengaluru,922.0,4.0,0.0,7.0
Hansa Research Group,3.8,134.0,Analytics & KPO,Mumbai,560.0,4.0,4.0,11.0
Perennial Systems,4.2,134.0,IT Services & Consulting,Pune,635.0,26.0,1.0,8.0
Statcon Electronic,4.4,134.0,Industrial Machinery,Noida,304.0,24.0,2.0,6.0
Devgiri Forgings,3.5,134.0,Industrial Machinery,Chhatrapati Sambhajinagar,378.0,5.0,0.0,8.0
Appy Pie,3.7,134.0,IT Services & Consulting,Noida,697.0,14.0,1.0,13.0
Urbanpro,3.6,134.0,EdTech,Bengaluru,483.0,10.0,1.0,8.0
Century Rayon,3.9,134.0,Fashion & Textile,Mumbai,484.0,8.0,0.0,22.0
Astro Arun Pandit,3.6,134.0,,Noida,174.0,39.0,1.0,0.0
The George Telegraph Training Institute,3.0,134.0,Education & Training,Kolkata,394.0,9.0,4.0,8.0
Appcino Technologies,3.4,134.0,IT Services & Consulting,Jaipur,444.0,16.0,0.0,5.0
Global Market Insights,3.1,134.0,Analytics & KPO,Pune,610.0,11.0,1.0,14.0
Juego Studios,4.1,134.0,Gaming,Bengaluru,409.0,13.0,34.0,2.0
Scott Edil Pharmacia,3.4,134.0,Pharma,Baddi,608.0,12.0,0.0,8.0
Narayana Superspeciality Hospital,4.0,136.0,Healthcare,Kolkata,442.0,8.0,0.0,8.0
Medgulf Construction Company,3.3,134.0,Engineering & Construction,Doha,288.0,8.0,0.0,7.0
Xerago,3.0,134.0,Marketing & Advertising,Chennai,841.0,13.0,4.0,3.0
CORNITOS,4.1,134.0,FMCG,Roorkee,441.0,14.0,9.0,7.0
Eco Protection Engineers,4.1,134.0,Engineering & Construction,Chennai,594.0,12.0,0.0,10.0
LIC Mutual Fund,3.7,134.0,Financial Services,Mumbai,616.0,9.0,8.0,13.0
Mahalakshmi Profiles Private Limited,3.6,134.0,Iron & Steel,Hyderabad,469.0,17.0,5.0,5.0
Vkl Seasoning,3.9,134.0,FMCG,Kochi,684.0,3.0,0.0,15.0
Choice Solutions (India),3.7,134.0,IT Services & Consulting,Hyderabad,669.0,10.0,0.0,9.0
Paradigm Realty,4.0,134.0,Real Estate,Mumbai,490.0,13.0,6.0,7.0
Fiverr Inc.,4.4,134.0,Internet,New Delhi,881.0,13.0,0.0,5.0
I.T. Solutions India Private Limited,3.5,134.0,IT Services & Consulting,New Delhi,1400.0,12.0,3.0,12.0
Ace Creative Learning,3.8,134.0,Design,Bengaluru,525.0,7.0,6.0,12.0
SBM Offshore,4.4,135.0,Oil & Gas,Bengaluru,742.0,17.0,77.0,10.0
Argl,4.0,134.0,,Gurugram,476.0,8.0,0.0,7.0
Dietech India,3.9,134.0,Industrial Machinery,Chennai,740.0,5.0,2.0,10.0
Pune Institute of Business Management,2.9,134.0,Education & Training,Pune,525.0,10.0,7.0,12.0
Equinix,3.2,134.0,IT Services & Consulting,Bengaluru,871.0,10.0,28.0,1.0
Aryan International,3.2,134.0,,Mumbai,679.0,4.0,0.0,4.0
Ascentrik Research Services,1.9,134.0,IT Services & Consulting,Pune,533.0,22.0,6.0,3.0
SAGE Automation,4.2,134.0,Industrial Automation,Pune,250.0,22.0,0.0,9.0
PrimeXBT,4.6,134.0,FinTech,London,7.0,1.0,9.0,1.0
Ebix Smartclass Educational Services,4.0,134.0,EdTech,New Delhi,528.0,9.0,0.0,14.0
Rashi Peripherals,3.6,134.0,IT Services & Consulting,Mumbai,512.0,7.0,1.0,10.0
Refex Industries,3.7,134.0,NBFC,Chennai,480.0,17.0,55.0,5.0
Civet Projects,4.1,134.0,Engineering & Construction,Hyderabad,419.0,8.0,5.0,6.0
Aza Fashions,3.7,134.0,Fashion & Textile,Mumbai,711.0,24.0,0.0,2.0
Press Fit Pipe And Profile,4.1,134.0,Building Material,Mumbai,403.0,8.0,9.0,26.0
Nuvama Wealth Management,3.5,134.0,Financial Services,Mumbai,565.0,12.0,0.0,1.0
HashCash Consultants,3.5,133.0,Software Product,Kolkata,215.0,12.0,8.0,22.0
31 Parallel,1.9,133.0,BPO,Shimla,291.0,7.0,4.0,2.0
Secure Network Solutions,4.4,133.0,IT Services & Consulting,Chennai,372.0,11.0,3.0,21.0
FBSPL- Fusion Business Solution P Limited,3.4,133.0,BPO,Udaipur,678.0,18.0,10.0,6.0
MindSquare Technologies,4.5,133.0,IT Services & Consulting,Bengaluru,485.0,6.0,0.0,31.0
INVESMATE,3.9,133.0,Education & Training,Kolkata,145.0,13.0,0.0,2.0
Reliable Business Solutions & Services,2.9,133.0,BPO,Mumbai,523.0,1.0,0.0,13.0
Inorbvict Healthcare,3.9,133.0,Medical Equipment,Pune,64.0,10.0,3.0,8.0
DAEWOO E&C,4.2,133.0,Engineering & Construction,Patna,164.0,5.0,0.0,15.0
APC By Schneider Electric,4.4,133.0,Electrical Equipment,Bengaluru,266.0,7.0,0.0,26.0
FNF India,3.9,133.0,IT Services & Consulting,Bengaluru,704.0,24.0,0.0,17.0
EOX Vantage,3.1,133.0,Software Product,Bengaluru,836.0,7.0,2.0,6.0
Multitex Filtration Engineers,3.6,134.0,Industrial Machinery,New Delhi,617.0,7.0,0.0,6.0
Elite Powertech,4.0,133.0,Power,New Delhi,343.0,7.0,0.0,10.0
DSM,3.9,133.0,Chemicals,Hyderabad,611.0,4.0,0.0,17.0
TetraSoft,3.7,133.0,IT Services & Consulting,Hyderabad,992.0,13.0,0.0,16.0
PPS International,3.7,133.0,Industrial Machinery,Greater Noida,779.0,12.0,1.0,5.0
Distacart,4.6,133.0,Internet,Hyderabad,103.0,31.0,4.0,2.0
Apeejay Surrendra Group,3.6,133.0,Hospitality,Kolkata,594.0,2.0,7.0,11.0
Indo-Tibetan Border Police,4.6,133.0,Government,New Delhi,257.0,2.0,0.0,13.0
Lineomatic Industries Pvt. Ltd.,3.6,133.0,Pulp & Paper,Ahmedabad,587.0,12.0,3.0,19.0
Rollick Ice Cream,4.1,133.0,Hospitality,Kolkata,224.0,16.0,2.0,8.0
Earlyjobs,4.8,133.0,Recruitment,Bengaluru,13.0,40.0,0.0,6.0
Dayanand Medical College & Hospital,3.7,133.0,Healthcare,Ludhiana,438.0,6.0,1.0,15.0
Anik Milk Products,3.5,133.0,FMCG,Indore,380.0,14.0,24.0,5.0
Fertilisers and Chemicals Travancore,4.1,133.0,Agro Chemicals,Kochi,464.0,3.0,0.0,5.0
Ardom Towergen,3.7,133.0,Telecom,Gurugram,343.0,7.0,2.0,3.0
Sai Construction,3.6,133.0,Engineering & Construction,Bengaluru,661.0,10.0,3.0,6.0
Serentica Renewables,4.3,133.0,Power,Gurugram,538.0,9.0,0.0,3.0
Tranistics Data Technologies,3.5,133.0,Software Product,Kolkata,554.0,6.0,0.0,10.0
TechBlocks,3.1,133.0,IT Services & Consulting,Hyderabad,666.0,22.0,65.0,2.0
Lion Services,3.6,133.0,Facility Management Services,New Delhi,531.0,7.0,6.0,6.0
Footprints Play School,3.4,133.0,Education & Training,New Delhi,501.0,9.0,0.0,7.0
Viveks,3.9,133.0,Retail,Chennai,472.0,8.0,7.0,13.0
iB Arts,3.9,133.0,IT Services & Consulting,Kolkata,174.0,23.0,7.0,24.0
Fortune Business Insights,3.6,133.0,Analytics & KPO,Pune,399.0,17.0,0.0,31.0
Eximietas Design,4.1,133.0,Emerging Technologies,Bengaluru,331.0,49.0,34.0,3.0
Ocube Services,3.0,133.0,BPO,Noida,521.0,10.0,17.0,1.0
Tribeca Developers,4.5,133.0,Real Estate,Pune,271.0,26.0,35.0,3.0
Srinivasa Farms,3.7,133.0,Food Processing,Hyderabad,560.0,9.0,10.0,15.0
Aqua Tech Systems,4.2,133.0,Power,Pune,711.0,7.0,6.0,3.0
Dr. Rela Institute & Medical Centre,4.2,133.0,Healthcare,Chennai,672.0,7.0,9.0,12.0
Almonds Ai,4.3,133.0,Software Product,Gurugram,167.0,12.0,14.0,2.0
IJM (India) Infrastructure,4.1,133.0,Engineering & Construction,Hyderabad,428.0,8.0,0.0,19.0
Defsys Solutions,3.9,133.0,Defence & Aerospace,Gurugram,688.0,10.0,0.0,16.0
Siemens Industry Software (India),4.2,133.0,Industrial Automation,Pune,1100.0,18.0,0.0,23.0
Abacus Staffing & Services,3.2,133.0,Recruitment,Hyderabad,565.0,8.0,2.0,4.0
TechNova Imaging Systems,4.0,133.0,Printing & Publishing,Mumbai,765.0,10.0,2.0,17.0
Idfy,3.1,133.0,Software Product,Mumbai,946.0,17.0,17.0,4.0
Koso India,4.1,133.0,Industrial Automation,Nashik,823.0,9.0,13.0,6.0
Tema India,4.1,133.0,Oil & Gas,Mumbai,609.0,3.0,22.0,10.0
Turner International,4.0,134.0,Engineering & Construction,Mumbai,700.0,12.0,80.0,8.0
Hitachi Solutions,3.7,133.0,IT Services & Consulting,Pune,1100.0,5.0,7.0,14.0
Full Creative,3.4,133.0,Software Product,Chennai,1100.0,48.0,2.0,15.0
Vhb Medi Sciences,3.3,133.0,Pharma,Rudrapur,577.0,9.0,3.0,6.0
R-pac,3.2,133.0,Packaging,Mumbai,626.0,10.0,1.0,10.0
ADM India,4.1,133.0,Food Processing,Bengaluru,796.0,14.0,5.0,18.0
Accountant Anywhere Services,4.2,133.0,BPO,Pune,980.0,13.0,0.0,18.0
Maharashtra Natural GAS,3.1,133.0,Oil & Gas,Pune,814.0,7.0,0.0,18.0
Amol Pharmaceuticals,4.0,133.0,Pharma,Jaipur,488.0,5.0,0.0,6.0
Ethos,2.9,133.0,Metals & Mining,New Delhi,782.0,15.0,26.0,6.0
Ptc Industries,3.5,133.0,Iron & Steel,Lucknow,595.0,15.0,2.0,11.0
Maire Tecnimont,4.1,133.0,Engineering & Construction,Mumbai,653.0,10.0,0.0,16.0
Emrill Services LLC,4.0,133.0,Facility Management Services,Dubai,171.0,7.0,0.0,16.0
ITL Industries,3.7,133.0,Industrial Machinery,Indore,673.0,7.0,0.0,5.0
StayVista,4.4,143.0,Travel & Tourism,Mumbai,470.0,22.0,55.0,10.0
Garrett - Advancing Motion,3.1,133.0,Auto Components,Pune,877.0,14.0,31.0,9.0
Nestor Pharmaceuticals,2.7,133.0,Pharma,Faridabad,448.0,10.0,0.0,4.0
Mahathi Infra Services,3.7,133.0,Engineering & Construction,Hyderabad,606.0,15.0,5.0,3.0
Globsyn Business School,4.3,132.0,Education & Training,Kolkata,242.0,15.0,0.0,12.0
A.K.AUTOMATICS,3.7,132.0,Auto Components,Rohtak,442.0,3.0,0.0,12.0
Baker Gauges,3.5,132.0,Semiconductors,Pune,668.0,6.0,0.0,8.0
Internship Studio,4.0,132.0,,Pune,70.0,7.0,0.0,2.0
Cambridge Technology Enterprises,3.2,132.0,IT Services & Consulting,Hyderabad,953.0,6.0,5.0,5.0
WonderBotz,3.9,132.0,IT Services & Consulting,Bengaluru,306.0,5.0,5.0,5.0
Snovasys,4.5,133.0,IT Services & Consulting,Hyderabad,328.0,76.0,0.0,2.0
CamelQ Software Solutions,4.0,132.0,Software Product,Hyderabad,122.0,51.0,0.0,0.0
Global Cloud Xchange,3.1,133.0,Telecom,Mumbai,752.0,7.0,0.0,14.0
Naresh Kumar & Co.,4.2,133.0,Urban Transport,Jamshedpur,456.0,4.0,0.0,12.0
Connect India E Commerce Services,2.8,132.0,Logistics,Bengaluru,375.0,7.0,0.0,4.0
DUKES,3.8,132.0,Hospitality,Hyderabad,605.0,8.0,1.0,12.0
Basix,4.4,132.0,Financial Services,Hyderabad,259.0,7.0,0.0,17.0
NirogStreet,3.1,134.0,Internet,New Delhi,457.0,18.0,1.0,4.0
ICSIL,3.3,132.0,Telecom,New Delhi,370.0,7.0,0.0,9.0
Rentokil Initial,3.4,132.0,Agro Chemicals,Mumbai,543.0,10.0,0.0,12.0
Vi-son Industries,3.4,132.0,Industrial Machinery,Pune,517.0,4.0,6.0,4.0
SATTRIX Information Security,2.9,132.0,IT Services & Consulting,Ahmedabad,504.0,14.0,0.0,11.0
Dasnac,4.5,132.0,Real Estate,New Delhi,286.0,14.0,0.0,3.0
Gmr Aero Technic,4.3,132.0,Aviation,Hyderabad,519.0,3.0,0.0,12.0
Nethues Technologies,3.2,132.0,IT Services & Consulting,New Delhi,777.0,12.0,5.0,6.0
Doosan Bobcat India,3.9,132.0,Industrial Machinery,Chennai,829.0,8.0,1.0,7.0
AutomationEdge,2.8,132.0,IT Services & Consulting,Pune,1100.0,17.0,50.0,5.0
Eaton Industrial Systems,4.2,132.0,Industrial Machinery,Pune,446.0,5.0,0.0,18.0
Zieta Technologies,3.2,132.0,IT Services & Consulting,Bengaluru,660.0,6.0,0.0,10.0
RFCL,3.7,132.0,Agro Chemicals,Ramagundam,605.0,13.0,0.0,4.0
Leonia Holistic Destination,3.8,132.0,Hospitality,Hyderabad,352.0,4.0,0.0,19.0
Fairmont Hotels & Resorts,3.8,132.0,Hospitality,Jaipur,359.0,10.0,0.0,14.0
Inspace Technologies,3.7,132.0,Software Product,Chennai,695.0,6.0,0.0,7.0
Aries Agro,4.2,132.0,Agro Chemicals,Mumbai,382.0,8.0,0.0,15.0
NTN NEI Manufacturing,4.0,132.0,Automobile,Chennai,549.0,9.0,0.0,9.0
D2K Technologies India,2.7,132.0,IT Services & Consulting,Mumbai,636.0,15.0,9.0,3.0
SAL Automotive,3.6,132.0,Auto Components,Nabha,540.0,13.0,0.0,11.0
FirstMeridian Business Services,3.7,134.0,Recruitment,Bengaluru,934.0,6.0,0.0,2.0
GoApptiv,4.1,132.0,,Mumbai,324.0,5.0,0.0,5.0
Gracenote,3.5,132.0,Media & Entertainment,Mumbai,546.0,11.0,0.0,13.0
Mitel,3.7,132.0,Telecom,Bengaluru,1100.0,18.0,1.0,18.0
Sathya Agencies,4.0,132.0,Consumer Electronics & Appliances,Chennai,376.0,6.0,0.0,6.0
Cxc Infotech,3.1,132.0,Financial Services,Noida,635.0,6.0,1.0,14.0
Sonepar,4.3,132.0,Other,Gurugram,607.0,6.0,11.0,9.0
Paras Buildtech,3.7,132.0,Real Estate,Gurugram,561.0,9.0,0.0,6.0
Lee & Nee Softwares Exports,3.7,132.0,Software Product,Kolkata,317.0,22.0,11.0,1.0
Saurer,3.8,132.0,Financial Services,Vadodara,673.0,9.0,6.0,9.0
Mindrill Systems Solutions,3.5,132.0,Industrial Machinery,Kolkata,379.0,34.0,0.0,5.0
SA Technologies,3.0,132.0,IT Services & Consulting,Pune,1000.0,14.0,0.0,6.0
OCS Services,4.3,132.0,Oil & Gas,Mumbai,565.0,7.0,3.0,11.0
Central ParK,4.1,132.0,Real Estate,Gurugram,590.0,6.0,0.0,8.0
Nissin Abc Logistics,4.0,132.0,Logistics,Gurugram,470.0,5.0,0.0,16.0
Life Care Logistic,3.2,132.0,,Pune,545.0,8.0,9.0,6.0
Sids Farm,3.2,132.0,Food Processing,Hyderabad,566.0,6.0,30.0,3.0
M3bi,4.1,131.0,IT Services & Consulting,Hyderabad,755.0,10.0,0.0,7.0
Intelegencia,3.3,131.0,IT Services & Consulting,Noida,769.0,12.0,0.0,8.0
Openview Technologies,3.4,131.0,IT Services & Consulting,Pune,563.0,11.0,2.0,6.0
TAM Media Research,3.0,131.0,Analytics & KPO,Vadodara,390.0,4.0,2.0,14.0
ANY Graphics,3.8,131.0,Printing & Publishing,Noida,986.0,23.0,0.0,15.0
Hager Electro,3.2,131.0,Electrical Equipment,Pune,453.0,9.0,5.0,6.0
RPG Group,3.5,131.0,Engineering & Construction,Mumbai,873.0,12.0,5.0,9.0
Oorja Technical Services,4.0,132.0,Electrical Equipment,Indore,436.0,11.0,1.0,19.0
PATH India,4.2,131.0,Industrial Automation,Indore,471.0,6.0,0.0,22.0
BuyMore,4.1,131.0,Internet,Bengaluru,222.0,5.0,2.0,19.0
SMARTe,3.7,131.0,IT Services & Consulting,Mumbai,869.0,11.0,2.0,9.0
Ruban Memorial Hospital,3.7,131.0,Healthcare,Patna,377.0,13.0,7.0,15.0
Metalman Microturners,3.8,131.0,Metals & Mining,Rudrapur,548.0,12.0,0.0,14.0
Riello Power India,3.7,131.0,Electronics Manufacturing,Gurugram,431.0,11.0,3.0,19.0
ECS | Enterprise Change Specialists,4.3,131.0,IT Services & Consulting,Hyderabad,144.0,5.0,123.0,8.0
Foodhub,3.3,131.0,Software Product,Chennai,638.0,16.0,0.0,13.0
International Institute of SDG's and Public Policy Research,4.7,131.0,,New Delhi,5.0,17.0,0.0,24.0
Swarovski India,4.1,131.0,Jewellery,Pune,503.0,8.0,5.0,14.0
MotivityLabs,3.1,131.0,IT Services & Consulting,Hyderabad,1100.0,14.0,33.0,4.0
Dsm Shared Services India,4.0,131.0,Chemicals,Hyderabad,504.0,2.0,29.0,18.0
Eye7 Chaudhary Eye Centre,2.9,131.0,Healthcare,New Delhi,455.0,9.0,6.0,23.0
Holcim Global Hub Business Services,4.1,131.0,IT Services & Consulting,Mumbai,369.0,14.0,1.0,3.0
Small Industries Development Bank of India,3.8,131.0,NBFC,Mumbai,680.0,9.0,0.0,7.0
MOVIN,3.7,131.0,,Gurugram,555.0,12.0,12.0,3.0
Lakshya Powertech Limited,4.0,132.0,,Ahmedabad,498.0,14.0,0.0,13.0
Envision Overseas Education Consultants,4.0,131.0,,Mumbai,184.0,67.0,0.0,0.0
Camp K-12,3.3,131.0,EdTech,Gurugram,619.0,8.0,0.0,7.0
Bansal Group,3.5,131.0,Education & Training,Bhopal,772.0,9.0,8.0,5.0
Paramount Products,4.2,131.0,Import & Export,New Delhi,600.0,9.0,1.0,11.0
Growel Softech,2.8,131.0,Recruitment,Pune,698.0,5.0,3.0,3.0
Tirupati Life Sciences,4.2,131.0,Pharma,Paonta Sahib,399.0,6.0,0.0,14.0
Cello,3.7,131.0,Retail,Mumbai,487.0,7.0,3.0,9.0
Forever New,4.0,131.0,Retail,Gurugram,533.0,9.0,0.0,18.0
Pan Seeds,3.7,131.0,Agriculture,Kolkata,379.0,15.0,2.0,12.0
Manali Petrochemicals,3.2,131.0,Chemicals,Chennai,892.0,14.0,1.0,13.0
eNTrust Software & Services,3.5,131.0,Software Product,Chennai,1300.0,15.0,0.0,5.0
Tricon Infotech,3.5,131.0,IT Services & Consulting,Bengaluru,1500.0,19.0,0.0,4.0
Dr. D.Y.Patil Hospital & Research Centre,3.8,131.0,Healthcare,Pune,556.0,7.0,0.0,7.0
SHREE GANESH CORPORATION,4.1,131.0,Engineering & Construction,Surat,346.0,25.0,3.0,17.0
Tekshapers Software Solutions,3.2,131.0,IT Services & Consulting,Noida,762.0,8.0,3.0,6.0
Labvantage Solutions,3.7,131.0,Software Product,Kolkata,748.0,22.0,3.0,6.0
Valtech India Systems,3.8,131.0,IT Services & Consulting,Bengaluru,1200.0,7.0,0.0,5.0
VRP Telematics,3.4,131.0,Retail,New Delhi,383.0,12.0,10.0,10.0
Same Deutz-fahr,3.7,130.0,Industrial Machinery,Vellore,781.0,7.0,2.0,10.0
IG Infotech India,2.9,130.0,IT Services & Consulting,Bengaluru,699.0,14.0,0.0,13.0
SAN Engineering & Locomotive,3.8,130.0,Industrial Machinery,Bengaluru,597.0,7.0,0.0,13.0
Helm360,3.6,130.0,IT Services & Consulting,Noida,576.0,18.0,0.0,2.0
Navi Finserv,3.3,130.0,,Bengaluru,496.0,15.0,0.0,6.0
Doehler,3.6,130.0,IT Services & Consulting,Pune,614.0,14.0,4.0,3.0
BMA Wealth Creators,4.4,130.0,Financial Services,Kolkata,347.0,1.0,0.0,9.0
Valu Connex Telecom Services Private,4.4,130.0,Telecom,New Delhi,325.0,7.0,0.0,5.0
Flyweis Technology,4.2,130.0,IT Services & Consulting,Noida,79.0,9.0,0.0,3.0
Hitachi MGRM Net,3.3,130.0,IT Services & Consulting,Gurugram,329.0,15.0,0.0,41.0
ZestMoney,4.0,130.0,FinTech,Bengaluru,756.0,14.0,0.0,15.0
Next Move Strategy Consulting,4.9,130.0,,Tinsukia,22.0,32.0,8.0,2.0
Ajnara India,3.5,130.0,Real Estate,Noida,475.0,3.0,2.0,11.0
PAVIT CERAMICS ( P),3.4,130.0,Building Material,Ahmedabad,377.0,5.0,3.0,10.0
Rahman Industries,3.7,130.0,Fashion & Textile,Kanpur,490.0,9.0,5.0,17.0
Mahansaria Group,3.4,131.0,Auto Components,Bharuch,737.0,13.0,10.0,10.0
Arrivae,3.3,130.0,,Mumbai,607.0,11.0,0.0,4.0
Hungama,3.2,130.0,Internet,Mumbai,771.0,7.0,10.0,20.0
FrontierWox Tech,4.5,130.0,IT Services & Consulting,Tiruchirappalli,0.0,62.0,0.0,47.0
Nation with NaMo,2.5,130.0,Non-Profit,New Delhi,686.0,30.0,26.0,4.0
Sical Logistics,4.2,130.0,Logistics,Bengaluru,629.0,1.0,1.0,16.0
Gainsight,4.0,130.0,IT Services & Consulting,Hyderabad,1200.0,26.0,0.0,10.0
Nice Software Solutions,3.0,130.0,IT Services & Consulting,Pune,1100.0,14.0,4.0,8.0
AGI Greenpac,3.8,130.0,Packaging,Hyderabad,582.0,6.0,9.0,3.0
Tata Motors Insurance Broking And Advisory Services,3.7,130.0,Insurance,Mumbai,406.0,8.0,0.0,14.0
NETPLUS Broadband Services,3.7,130.0,Telecom,Ludhiana,518.0,7.0,6.0,11.0
ImagicaaWorld Entertainment Limited,3.5,130.0,Events,Mumbai,579.0,3.0,9.0,17.0
Shantha Biotechnics,4.8,130.0,Biotechnology,Hyderabad,269.0,3.0,5.0,20.0
Gates Unitta India Company,3.9,130.0,Auto Components,Chennai,648.0,10.0,3.0,15.0
Seth Anandram Jaipuria School,3.7,130.0,Education & Training,Lucknow,482.0,8.0,0.0,4.0
LenDenClub,4.1,130.0,FinTech,Mumbai,576.0,11.0,22.0,20.0
Anko,4.5,130.0,Retail,Bengaluru,930.0,19.0,32.0,22.0
Zupee,3.7,130.0,Gaming,Gurugram,969.0,19.0,1.0,1.0
T & T Infra,4.0,130.0,Engineering & Construction,Pune,449.0,7.0,0.0,7.0
Wildnet Technologies,4.3,130.0,Marketing & Advertising,Noida,526.0,14.0,19.0,9.0
Rajagiri Hospital,4.2,130.0,Healthcare,Kochi,491.0,5.0,37.0,8.0
Risebird Talent Solutions,3.7,130.0,Recruitment,Noida,148.0,16.0,0.0,7.0
Bizmatics India,3.3,131.0,Software Product,Mumbai,713.0,10.0,1.0,9.0
myTectra,3.1,130.0,Education & Training,Bengaluru,42.0,0.0,3.0,0.0
Stellapps Technologies,3.9,130.0,Software Product,Bengaluru,889.0,5.0,1.0,14.0
Schiller Healthcare India,3.6,130.0,Medical Equipment,Mumbai,496.0,9.0,23.0,8.0
Axtel Industries,4.0,130.0,Industrial Machinery,Vadodara,647.0,10.0,5.0,13.0
Amwaj Catering Services,3.8,130.0,Hospitality,Doha,220.0,12.0,0.0,24.0
Jindal Water Infrastructure,3.7,130.0,Waste Management,New Delhi,448.0,12.0,0.0,12.0
Ice Mortgage Technology,3.3,130.0,Software Product,Pune,957.0,15.0,0.0,13.0
Shri Bhagwati Machines Pvt. Ltd.,3.7,130.0,Industrial Machinery,Ajmer,487.0,13.0,0.0,6.0
TalentSprint,4.0,130.0,,Hyderabad,590.0,7.0,0.0,16.0
Integrated Cleanroom Technologies,4.0,130.0,Facility Management Services,Hyderabad,512.0,3.0,0.0,14.0
FNZ,3.1,130.0,FinTech,Gurugram,1300.0,57.0,39.0,4.0
Alexis Global,3.7,130.0,Logistics,New Delhi,466.0,9.0,0.0,3.0
Forace Polymers,3.2,130.0,Chemicals,Haridwar,578.0,16.0,2.0,7.0
Dentcare Dental Lab,3.8,130.0,Medical Equipment,Kochi,490.0,11.0,4.0,11.0
Techavera Solutions,4.2,130.0,Education & Training,Noida,104.0,2.0,0.0,20.0
Synergy Systems & Solutions,3.9,130.0,Industrial Automation,Faridabad,728.0,15.0,2.0,7.0
CNS Comnet,4.1,129.0,BPO,Gurugram,286.0,1.0,0.0,17.0
Acent High Soft Technologies,4.6,129.0,Recruitment,Noida,92.0,4.0,0.0,3.0
Desnor Destination,4.3,129.0,,Noida,48.0,13.0,0.0,7.0
Dembla Valves,3.7,129.0,Industrial Machinery,Mumbai,598.0,10.0,11.0,5.0
Welcomhotel By ITC Hotels,4.3,129.0,Hospitality,New Delhi,254.0,6.0,0.0,2.0
Veena Developers,4.1,129.0,Real Estate,Mumbai,256.0,10.0,8.0,2.0
Tide Water Oil,3.8,129.0,Oil & Gas,Kolkata,481.0,4.0,0.0,9.0
SOLITAIRE GROUP,3.5,129.0,Engineering & Construction,Pune,659.0,5.0,0.0,4.0
HIREXA SOLUTIONS,4.1,129.0,IT Services & Consulting,Bengaluru,536.0,21.0,1.0,2.0
Hester Biosciences,3.5,129.0,Biotechnology,Ahmedabad,565.0,6.0,4.0,7.0
Maharishi Ayurveda Products,3.6,129.0,Pharma,Noida,456.0,3.0,14.0,1.0
A2z Infra Engineering,3.6,130.0,Engineering & Construction,Gurugram,89.0,1.0,0.0,0.0
KSK Mahanadi Power Company,3.9,129.0,Power,Bilaspur,541.0,5.0,0.0,11.0
Insighte,3.9,129.0,Healthcare,Bengaluru,58.0,18.0,1.0,4.0
Merck Specialities,4.2,129.0,Pharma,Bengaluru,527.0,6.0,0.0,7.0
Ageis,3.7,129.0,Emerging Technologies,Bengaluru,533.0,19.0,0.0,19.0
INFOCRUNCH ANALYTICS,3.0,129.0,Analytics & KPO,New Delhi,375.0,9.0,1.0,10.0
Al Hassan Engineering Company SAOG,4.0,129.0,Engineering & Construction,Muscat,207.0,4.0,2.0,20.0
Vivekananda Hospital,3.8,129.0,Healthcare,Durgapur,482.0,8.0,0.0,10.0
Doshion,3.6,129.0,Waste Management,Ahmedabad,313.0,2.0,5.0,2.0
AKGVG & Associates,3.3,129.0,Accounting & Auditing,New Delhi,498.0,22.0,7.0,1.0
Vensar Constructions,4.2,129.0,Engineering & Construction,Hyderabad,482.0,9.0,9.0,2.0
Numbertree LLP,3.3,129.0,Accounting & Auditing,New Delhi,238.0,33.0,2.0,8.0
Mylab Discovery Solutions,2.9,129.0,Internet,Pune,553.0,14.0,0.0,8.0
Zeus Learning,2.8,129.0,EdTech,Mumbai,821.0,38.0,1.0,10.0
Sterling Manufacturing Company,3.7,129.0,Industrial Machinery,Gurugram,82.0,8.0,2.0,4.0
Lahori Zeera,4.0,129.0,Beverage,Sahibzada Ajit Singh Nagar,283.0,7.0,0.0,3.0
Crane Process Flow Technologies India,3.3,129.0,Industrial Machinery,Pune,669.0,12.0,0.0,11.0
Kpn Farm Fresh,3.7,129.0,Internet,Chennai,469.0,7.0,9.0,4.0
IVY SOFTWARE DEVELOPMENT SERVICES,3.9,129.0,IT Services & Consulting,Hyderabad,647.0,19.0,0.0,12.0
NGL Fine Chem,3.9,129.0,Pharma,Mumbai,662.0,11.0,4.0,7.0
Packt Publishing,3.0,129.0,Printing & Publishing,Mumbai,705.0,17.0,8.0,24.0
Indian Synthetic Rubber,4.1,129.0,Petrochemicals,Panipat,574.0,12.0,1.0,23.0
Frog CellSat,3.8,129.0,Design,Noida,464.0,14.0,5.0,9.0
Channel Soft,3.7,129.0,IT Services & Consulting,Vijayawada,650.0,10.0,0.0,6.0
Hellmann Worldwide Logistics,3.9,129.0,Logistics,Chennai,489.0,4.0,0.0,12.0
DH Healthcare Software Services India Private Limited (Dedalus),3.5,129.0,Software Product,Chennai,1200.0,14.0,1.0,4.0
Techila Global Services,3.5,129.0,IT Services & Consulting,Pune,620.0,17.0,28.0,17.0
NewVision Software & Consultancy,3.4,129.0,IT Services & Consulting,Pune,1100.0,11.0,11.0,8.0
Gamma Process Hub,3.6,129.0,BPO,Chennai,363.0,5.0,0.0,7.0
Glory Global Solutions (south Asia),3.3,129.0,IT Services & Consulting,Mumbai,444.0,7.0,0.0,11.0
The AEC Associates,4.4,129.0,Engineering & Construction,Noida,217.0,15.0,7.0,7.0
Government Of Tamilnadu,4.1,129.0,Government,Chennai,591.0,5.0,0.0,9.0
Beroe Inc,4.1,129.0,Management Consulting,Chennai,690.0,15.0,2.0,14.0
Tex Corp.,3.7,129.0,Fashion & Textile,Gurugram,547.0,6.0,4.0,11.0
Krishna Enterprises,3.8,129.0,Industrial Machinery,Faridabad,887.0,8.0,3.0,7.0
Omni Hospital,3.6,129.0,Healthcare,Hyderabad,532.0,2.0,0.0,13.0
Minosha,4.0,129.0,Hardware & Networking,New Delhi,530.0,5.0,0.0,9.0
Marvell,3.6,129.0,Semiconductors,Bengaluru,1200.0,14.0,82.0,10.0
NEXA Service,4.1,129.0,Automobile,Hyderabad,470.0,4.0,0.0,6.0
R.K Associates & Hoteliers,2.6,129.0,Facility Management Services,New Delhi,476.0,11.0,9.0,7.0
Mtandt,3.7,129.0,Industrial Machinery,Chennai,677.0,8.0,8.0,16.0
Fourth Dimension Technologies,3.3,129.0,IT Services & Consulting,Chennai,921.0,13.0,4.0,8.0
Powermax Fitness India,4.8,129.0,Fitness & Wellness,Mumbai,104.0,3.0,0.0,2.0
Vector India,3.9,128.0,Auto Components,Hyderabad,484.0,7.0,0.0,5.0
Uk Realty,3.8,128.0,Real Estate,Mumbai,302.0,24.0,7.0,2.0
TRUGlobal,3.7,128.0,IT Services & Consulting,Bengaluru,827.0,27.0,5.0,4.0
C-Square Info Solutions,3.5,128.0,IT Services & Consulting,Bengaluru,641.0,6.0,0.0,9.0
Medicamen Biotech,3.2,128.0,Pharma,New Delhi,575.0,6.0,0.0,5.0
KW Group,3.9,128.0,Non-Profit,Ghaziabad,573.0,12.0,0.0,5.0
IndiaCan,4.8,128.0,EdTech,New Delhi,135.0,3.0,0.0,20.0
Ganga Medical Centre & Hospitals,4.1,128.0,Healthcare,Coimbatore,456.0,9.0,1.0,6.0
ABIL Group,4.3,128.0,Real Estate,Pune,502.0,14.0,0.0,28.0
Foodlink F&B Holdings,4.1,128.0,Hospitality,Mumbai,592.0,5.0,0.0,27.0
Dhanuka Laboratories,3.8,128.0,Pharma,Gurugram,533.0,7.0,0.0,4.0
Vedang Radio Technology,4.2,128.0,Telecom,Mumbai,288.0,4.0,0.0,21.0
Sadara Chemical Company,4.0,128.0,Chemicals,Al Jubail,279.0,2.0,0.0,20.0
Magnum Mi Steel,3.4,128.0,Iron & Steel,Gurugram,451.0,8.0,1.0,2.0
BHARAT TECHNO PLAST,3.8,128.0,Auto Components,Ahmedabad,449.0,5.0,2.0,14.0
Devon Software Services,3.8,128.0,IT Services & Consulting,Bengaluru,656.0,16.0,2.0,9.0
Scholastic,4.1,128.0,Printing & Publishing,Gurugram,439.0,4.0,0.0,18.0
Avaada Electro,4.1,131.0,Power,Nagpur,462.0,17.0,4.0,8.0
Stivaph Healthcare,4.1,128.0,Pharma,Ahmedabad,144.0,31.0,5.0,1.0
Galore Networks,2.7,128.0,IT Services & Consulting,Chennai,273.0,4.0,0.0,15.0
Edge Telecom,3.6,128.0,Telecom,Gurugram,435.0,7.0,0.0,16.0
Vital Laboratories,3.3,128.0,Pharma,Vapi,803.0,9.0,6.0,4.0
Advance Decorative Laminates Private Limited,4.1,128.0,Building Material,Hapur,398.0,7.0,4.0,3.0
Chemco Plastic Industries Private Limited,4.5,128.0,Petrochemicals,Mumbai,504.0,6.0,4.0,17.0
Core Energy Systems Limited,3.8,128.0,Defence & Aerospace,Mumbai,504.0,20.0,0.0,3.0
BL Lifesciences,3.2,128.0,Medical Equipment,New Delhi,479.0,9.0,1.0,9.0
Mahatma Gandhi Medical College & Hospital,4.2,128.0,Education & Training,Jaipur,474.0,10.0,0.0,9.0
GE Capital,4.4,128.0,Financial Services,Gurugram,409.0,2.0,0.0,29.0
Bharat Cooperative Bank,4.1,128.0,Financial Services,Mumbai,696.0,8.0,3.0,4.0
TSR Darashaw,3.4,128.0,BPO,Mumbai,456.0,7.0,1.0,6.0
Dharmaj Crop Guard,4.0,128.0,Agro Chemicals,Ahmedabad,482.0,7.0,0.0,8.0
Cybertech Systems & Software,3.4,128.0,IT Services & Consulting,Mumbai,936.0,9.0,12.0,11.0
Sigma Corporation India,4.0,128.0,Auto Components,Gurugram,730.0,8.0,0.0,9.0
Regus,3.2,128.0,Facility Management Services,Mumbai,467.0,7.0,2.0,18.0
Computer Junction,3.6,128.0,IT Services & Consulting,New Delhi,481.0,5.0,1.0,5.0
Wipfli,3.5,128.0,Accounting & Auditing,Bengaluru,931.0,9.0,3.0,8.0
Indian Acrylics,3.9,128.0,Chemicals,Sangrur,552.0,7.0,0.0,13.0
College Of Education,4.4,129.0,Education & Training,Hyderabad,1600.0,9.0,0.0,2.0
Siec Education,2.7,128.0,Recruitment,New Delhi,417.0,11.0,0.0,1.0
Zopsmart Technology,3.3,128.0,Software Product,Bengaluru,1100.0,57.0,3.0,11.0
Ediglobe,3.9,128.0,EdTech,Bengaluru,92.0,18.0,0.0,7.0
DelEx Cargo,4.6,128.0,Logistics,Mumbai,337.0,6.0,0.0,18.0
MAP Systems,2.8,128.0,IT Services & Consulting,Bengaluru,412.0,12.0,3.0,14.0
Lot Mobiles,3.5,128.0,Retail,Hyderabad,413.0,4.0,2.0,11.0
SmartConnect Technologies,2.4,129.0,IT Services & Consulting,Mumbai,771.0,6.0,8.0,6.0
GetMyUni,3.3,128.0,Education & Training,Bengaluru,622.0,17.0,9.0,7.0
RouteMobile,3.4,128.0,IT Services & Consulting,Mumbai,983.0,8.0,44.0,13.0
Conceptia Software Technologies,4.1,127.0,Defence & Aerospace,Bengaluru,557.0,8.0,6.0,4.0
Kewaunee Labway,4.1,128.0,Furniture & Furnishing,Bengaluru,727.0,4.0,0.0,13.0
S R Enterprises,3.9,128.0,Electrical Equipment,New Delhi,667.0,6.0,0.0,8.0
Saasguru,2.0,127.0,Education & Training,Pune,46.0,2.0,0.0,3.0
Nala Robotics,1.8,127.0,,Hyderabad,344.0,5.0,0.0,3.0
Meritshot,4.5,127.0,Education & Training,Noida,65.0,22.0,0.0,2.0
P&R Infraprojects,3.8,127.0,Engineering & Construction,Chandigarh,349.0,3.0,0.0,8.0
Isgec Hitachi Zosen,3.6,127.0,Industrial Machinery,Bharuch,558.0,11.0,11.0,9.0
Cerence,3.2,127.0,Software Product,Pune,888.0,19.0,6.0,11.0
Enrich Agro Food Products,3.6,127.0,FMCG,Rohtak,602.0,9.0,2.0,9.0
Funskool India,3.9,127.0,Other,Chennai,681.0,7.0,0.0,5.0
CTA Apparels,3.9,127.0,Fashion & Textile,Noida,365.0,9.0,0.0,7.0
Basavatarakam Indo American Cancer Hospital Research Institute,4.3,127.0,Healthcare,Hyderabad,350.0,3.0,24.0,16.0
FR8,3.8,127.0,Internet,Chennai,523.0,15.0,7.0,2.0
Chargebee,3.7,127.0,Software Product,Chennai,1400.0,18.0,4.0,11.0
BEKEM Infra Projects,3.8,127.0,Engineering & Construction,Hyderabad,411.0,7.0,0.0,11.0
D&H Sécheron Electrodes,3.7,127.0,Industrial Machinery,Indore,467.0,12.0,1.0,6.0
Sfj Business Solutions,2.4,127.0,IT Services & Consulting,Bengaluru,542.0,10.0,1.0,3.0
KMC HOSPITAL,4.1,127.0,Healthcare,Mangaluru,382.0,6.0,0.0,10.0
Forvis Mazars,3.1,129.0,Accounting & Auditing,Gurugram,968.0,6.0,1.0,3.0
Nikon,4.0,127.0,Consumer Electronics & Appliances,Gurugram,471.0,6.0,0.0,15.0
The India Thermit Corporation,3.6,127.0,Industrial Machinery,Kanpur,522.0,11.0,1.0,9.0
Likewize,3.5,127.0,Telecom,Chennai,1000.0,17.0,2.0,8.0
Ftcash,3.9,127.0,FinTech,Mumbai,540.0,9.0,0.0,8.0
TTK Services,3.3,127.0,Internet,Bengaluru,617.0,5.0,15.0,13.0
Prodocs Solutions,3.4,127.0,Legal,Mumbai,330.0,14.0,3.0,2.0
Coloplast,3.4,127.0,Healthcare,New Delhi,405.0,12.0,15.0,13.0
Modern Informatics,3.8,127.0,IT Services & Consulting,Mumbai,506.0,12.0,5.0,7.0
Multi Organics,3.1,127.0,Chemicals,Chandrapur,570.0,12.0,24.0,14.0
Techversant Infotech,3.8,127.0,IT Services & Consulting,Thiruvananthapuram,582.0,16.0,1.0,8.0
YouGov,3.5,127.0,Analytics & KPO,Mumbai,673.0,11.0,13.0,10.0
Springworks,4.1,127.0,Software Product,Bengaluru,339.0,27.0,4.0,34.0
Qseap Infotech,3.6,127.0,IT Services & Consulting,Mumbai,694.0,20.0,5.0,12.0
Starion India,3.5,127.0,Electronics Manufacturing,Pune,514.0,7.0,1.0,8.0
ADS Spirits,4.4,127.0,Beverage,New Delhi,507.0,8.0,13.0,9.0
Odisha Power Transmission Corporation,4.3,127.0,Power,Bhubaneswar,205.0,7.0,0.0,9.0
Kilitch Healthcare India,4.5,127.0,Marketing & Advertising,Mumbai,458.0,26.0,0.0,1.0
Nitin Spinners,4.3,127.0,Fashion & Textile,Bhilwara,467.0,5.0,6.0,4.0
Craft Silicon,3.5,127.0,IT Services & Consulting,Bengaluru,1000.0,13.0,4.0,8.0
Ghaziabad Precision Products,3.6,127.0,Automobile,Ghaziabad,558.0,8.0,5.0,4.0
Jaya Shree Textiles,3.8,127.0,Fashion & Textile,Kolkata,296.0,12.0,0.0,12.0
PhillipCapital,3.1,127.0,Financial Services,Mumbai,820.0,8.0,0.0,3.0
Getronics,4.3,127.0,IT Services & Consulting,Bengaluru,920.0,8.0,17.0,18.0
Skillventory,3.5,127.0,,Indore,419.0,10.0,1.0,12.0
Eidiko Systems Integrators,3.3,127.0,IT Services & Consulting,Hyderabad,826.0,20.0,1.0,7.0
Paranjape Autocast,3.4,127.0,Auto Components,Pune,584.0,5.0,7.0,9.0
Novigo Solutions,3.8,127.0,IT Services & Consulting,Mangaluru,1300.0,19.0,2.0,4.0
Genus Electrotech,3.3,127.0,Semiconductors,Gandhidham,537.0,5.0,5.0,12.0
La opala rg,3.8,127.0,Retail,Sitarganj,460.0,6.0,0.0,8.0
Perpetuuiti Technosoft Services,3.6,127.0,IT Services & Consulting,Pune,829.0,14.0,0.0,15.0
Golden Tulip Hotels,3.4,127.0,Hospitality,New Delhi,452.0,7.0,0.0,15.0
PNG Jewellers,4.4,127.0,Jewellery,Pune,435.0,13.0,11.0,6.0
Interview Kickstart,3.6,127.0,Education & Training,Bengaluru,504.0,28.0,2.0,4.0
Bubugao Communication,4.2,127.0,,Jaipur,330.0,2.0,0.0,7.0
Kajaria Bathware,4.2,127.0,Building Material,Bhiwadi,448.0,6.0,0.0,10.0
Karma Ayurveda,3.6,127.0,Healthcare,New Delhi,401.0,6.0,0.0,16.0
Grid Dynamics,3.2,127.0,IT Services & Consulting,Hyderabad,1100.0,33.0,286.0,8.0
MCaffeine,2.9,127.0,Beauty & Personal Care,Mumbai,482.0,12.0,3.0,4.0
BASIC Home Loan,3.8,127.0,FinTech,Gurugram,397.0,15.0,5.0,5.0
Gromax Agri Equipment,3.7,127.0,Automobile,Vadodara,476.0,7.0,1.0,11.0
Indore Composite,3.9,127.0,Telecom,Mumbai,671.0,6.0,5.0,8.0
Gj Solutions,3.7,126.0,Recruitment,Hyderabad,397.0,7.0,0.0,13.0
Gm Infinite Dwelling,3.1,126.0,Real Estate,Bengaluru,445.0,4.0,2.0,4.0
SJS Enterprises,3.9,126.0,Auto Components,Bengaluru,643.0,11.0,4.0,6.0
Chetak Logistics,3.1,126.0,Logistics,New Delhi,462.0,7.0,2.0,6.0
BrandMuscle,3.4,126.0,IT Services & Consulting,Bengaluru,900.0,11.0,5.0,7.0
Microscan Infocommtech,4.0,126.0,Telecom,Mumbai,489.0,9.0,0.0,5.0
Gateway Distriparks,3.5,126.0,Logistics,New Delhi,587.0,6.0,1.0,10.0
Airworks,3.7,126.0,Aviation,Hosur,676.0,6.0,16.0,12.0
NDS InfoServ,3.2,126.0,BPO,Mumbai,354.0,12.0,3.0,5.0
Cheers Interactive,3.0,126.0,Management Consulting,Mumbai,498.0,9.0,0.0,12.0
Weizmann Forex,4.4,126.0,Financial Services,Mumbai,371.0,0.0,0.0,7.0
Daelim Industrial Co.,4.8,127.0,Petrochemicals,Chennai,96.0,4.0,0.0,29.0
QO BOX,4.6,126.0,IT Services & Consulting,Chennai,71.0,6.0,0.0,10.0
DDRC Agilus Diagnostics,3.8,126.0,,Kochi,422.0,8.0,0.0,7.0
Abhijeet Group,3.8,126.0,Power,Visakhapatnam,539.0,9.0,0.0,12.0
Redington Gulf,3.6,126.0,IT Services & Consulting,Chennai,733.0,9.0,0.0,11.0
Celebrity Cruises,4.1,126.0,Travel & Tourism,Mumbai,152.0,6.0,0.0,6.0
Richmondd Global School,4.8,126.0,Education & Training,New Delhi,86.0,6.0,3.0,5.0
Nahar Spinning Mills,4.2,126.0,Fashion & Textile,Ludhiana,473.0,6.0,0.0,10.0
Vishnu Solutions,3.6,126.0,BPO,Kolkata,337.0,6.0,1.0,6.0
IMCS Group.,3.1,126.0,IT Services & Consulting,Noida,469.0,10.0,0.0,11.0
TSS Consultancy,3.3,126.0,IT Services & Consulting,Mumbai,1100.0,34.0,8.0,6.0
Rich Products & Solutions,3.6,126.0,Food Processing,Pune,617.0,5.0,0.0,1.0
Ufi Filters,4.0,127.0,Auto Components,Bawal,658.0,10.0,6.0,10.0
Viaante Business Solutions,2.9,126.0,BPO,Mumbai,538.0,13.0,2.0,8.0
Panchayati Raj,3.4,126.0,Government,Lucknow,286.0,0.0,0.0,6.0
AachiGroup,3.8,126.0,,Chennai,599.0,3.0,0.0,3.0
Dai Ichi,4.2,126.0,Chemicals,Bharuch,503.0,4.0,2.0,6.0
PeopleStrong Technologies,3.2,126.0,Software Product,Gurugram,774.0,9.0,0.0,12.0
Oaknet Healthcare,3.1,126.0,Pharma,Mumbai,361.0,6.0,0.0,16.0
Deqode,3.3,126.0,IT Services & Consulting,Indore,986.0,21.0,34.0,16.0
Sud Chemie,4.5,126.0,Chemicals,Vadodara,578.0,6.0,0.0,16.0
Indian Institute of Science Education and Research,3.8,126.0,Analytics & KPO,Pune,539.0,7.0,0.0,18.0
DANA Graziano India,4.1,126.0,,Ahmedabad,522.0,11.0,0.0,11.0
Arki Techno Consultants,3.0,126.0,Engineering & Construction,Bhubaneswar,343.0,5.0,0.0,7.0
Great Champ Technology Limited,2.8,126.0,EdTech,Noida,583.0,5.0,1.0,9.0
Yuto Printing and Packaging,3.3,126.0,Packaging,Bengaluru,731.0,20.0,6.0,11.0
Honeywell Building Solutions,3.6,126.0,Engineering & Construction,Pune,873.0,7.0,0.0,5.0
Input Zero Technologies,3.6,126.0,Analytics & KPO,Bengaluru,591.0,8.0,30.0,6.0
Bridgenext,3.4,126.0,IT Services & Consulting,Pune,846.0,10.0,11.0,3.0
Auxein Medical,3.1,126.0,Medical Equipment,New Delhi,547.0,12.0,5.0,12.0
Continuum Global Solutions,3.6,126.0,BPO,Indore,586.0,10.0,6.0,7.0
Anmol Biscuits,4.3,126.0,FMCG,Kolkata,313.0,7.0,8.0,11.0
Geeklurn,3.6,126.0,EdTech,Bengaluru,132.0,5.0,0.0,2.0
TableSpace Technologies,3.1,127.0,Real Estate,Bengaluru,631.0,24.0,7.0,5.0
Jaipuria Institute of Management,4.4,126.0,Education & Training,Lucknow,386.0,11.0,9.0,32.0
CallHippo,4.1,129.0,,Ahmedabad,153.0,25.0,24.0,12.0
Ador Powertron,3.6,126.0,Electrical Equipment,Pune,497.0,10.0,6.0,9.0
United Airlines,3.9,126.0,Aviation,Gurugram,1800.0,33.0,0.0,3.0
Nelson Global Products,3.5,126.0,Industrial Machinery,Pune,602.0,12.0,0.0,11.0
Orient Blackswan,4.1,126.0,Printing & Publishing,Hyderabad,331.0,6.0,0.0,14.0
C H Robinson Worldwide Freight,3.3,126.0,Logistics,Mumbai,640.0,9.0,0.0,5.0
InSemi Technology Services,3.9,126.0,Semiconductors,Bengaluru,1200.0,17.0,11.0,5.0
MSN,3.7,126.0,Internet,Hyderabad,465.0,13.0,0.0,7.0
HiveMinds Innovative Market Solutions,2.8,126.0,Marketing & Advertising,Bengaluru,761.0,15.0,14.0,8.0
Rama group,3.5,126.0,Real Estate,Pune,731.0,10.0,0.0,4.0
Impulse,3.4,126.0,IT Services & Consulting,Gurugram,538.0,8.0,0.0,7.0
ams OSRAM,3.1,126.0,Electronics Manufacturing,Bengaluru,778.0,6.0,24.0,2.0
Bioworld Merchandising,3.5,126.0,Retail,Gurugram,661.0,2.0,0.0,9.0
Tasmed,3.4,126.0,Pharma,Chandigarh,260.0,6.0,0.0,35.0
Bharatiya Vidya Bhavan,3.9,126.0,Education & Training,Nagpur,318.0,2.0,2.0,17.0
Swami Rama Himalayan University,3.9,126.0,Education & Training,Dehradun,361.0,7.0,2.0,8.0
Atandra Energy,4.3,126.0,Electronics Manufacturing,Chennai,365.0,12.0,6.0,14.0
Modelyze Labs,4.8,126.0,,Bengaluru,36.0,56.0,5.0,38.0
DELLA LEADERS CLUB,4.6,125.0,IT Services & Consulting,Mumbai,123.0,4.0,21.0,25.0
Adnet Global,3.0,125.0,Animation & VFX,Mumbai,537.0,4.0,3.0,2.0
Bizbox Publishing,2.8,125.0,IT Services & Consulting,New Delhi,371.0,13.0,1.0,6.0
Information Evolution,3.7,125.0,IT Services & Consulting,Coimbatore,688.0,9.0,0.0,3.0
HirePro Consulting,3.7,125.0,Software Product,Bengaluru,691.0,12.0,0.0,22.0
GREEN POWER INTERNATIONAL,4.3,125.0,Oil & Gas,Noida,416.0,7.0,4.0,12.0
Edvoy,4.1,125.0,,Chennai,314.0,4.0,0.0,56.0
Hidoc Dr,4.7,126.0,Internet,Pune,111.0,37.0,4.0,3.0
Government Polytechnic Nagpur,3.9,125.0,Education & Training,Pune,314.0,5.0,2.0,9.0
Mahindra Agri Solutions,3.7,125.0,Agriculture,Mumbai,404.0,5.0,0.0,18.0
Sahara India Financial Corporation,3.9,125.0,Financial Services,Lucknow,348.0,0.0,0.0,12.0
Verificient Technologies,3.0,125.0,Emerging Technologies,Pune,672.0,16.0,20.0,9.0
Gram Panchayat,4.2,125.0,Government,Pune,347.0,3.0,0.0,4.0
Alstone Manufacturing,4.0,125.0,Building Material,New Delhi,260.0,12.0,1.0,2.0
ABS India,3.8,125.0,IT Services & Consulting,Bengaluru,1300.0,14.0,0.0,4.0
Oremus Corporate Services,3.7,126.0,Financial Services,Hyderabad,620.0,7.0,3.0,8.0
Hombale Constructions and Estates,4.5,125.0,Engineering & Construction,Bengaluru,465.0,2.0,0.0,24.0
Bellfast Management,4.2,125.0,Recruitment,Bengaluru,519.0,11.0,7.0,7.0
Guardian Healthcare Services,3.9,125.0,Fitness & Wellness,New Delhi,526.0,8.0,0.0,15.0
Mores Techno Private Limited,4.8,125.0,Real Estate,Noida,28.0,9.0,12.0,2.0
BACS HITECH ENGINEERING,3.1,125.0,Engineering & Construction,Bhilai Nagar,197.0,9.0,0.0,43.0
Ethara AI,3.3,125.0,,Gurugram,98.0,16.0,0.0,5.0
91 Springboard Business Hub,3.9,125.0,Real Estate,Bengaluru,547.0,11.0,18.0,11.0
Pharmalex,3.3,125.0,Medical Equipment,Noida,491.0,15.0,0.0,10.0
Prose Technologies,3.8,125.0,,Pune,598.0,5.0,1.0,2.0
Accentuate IT Solutions,3.9,125.0,IT Services & Consulting,Bengaluru,1300.0,33.0,0.0,1.0
Covenant Consultants,4.2,125.0,Recruitment,Chennai,676.0,11.0,0.0,12.0
Consort Builders,4.4,125.0,Real Estate,Chandigarh,412.0,12.0,7.0,8.0
Accubits Technologies,3.1,125.0,IT Services & Consulting,Thiruvananthapuram,562.0,16.0,0.0,7.0
Express Housekeeper,3.8,125.0,Facility Management Services,Kolkata,390.0,4.0,0.0,9.0
DEC Property Management,4.1,125.0,Facility Management Services,New Delhi,474.0,10.0,13.0,6.0
Chetak Enterprises,4.5,125.0,Engineering & Construction,Mumbai,443.0,0.0,0.0,14.0
JU Agri Sciences,4.3,125.0,Agro Chemicals,Noida,431.0,11.0,4.0,6.0
HERO ECOTECH,3.6,125.0,Automobile,Ludhiana,501.0,13.0,6.0,10.0
Kun Hyundai,4.0,125.0,Automobile,Chennai,603.0,6.0,1.0,7.0
Seneca Global IT Services,4.2,125.0,IT Services & Consulting,Hyderabad,876.0,11.0,9.0,9.0
Zeomega Infotech,3.5,125.0,IT Services & Consulting,Bengaluru,991.0,11.0,2.0,14.0
NETIMPACT SOLUTIONS PVT LTD,3.3,125.0,Analytics & KPO,Noida,470.0,9.0,4.0,2.0
Bijlipay,3.4,125.0,FinTech,Chennai,476.0,8.0,0.0,9.0
Drip Capital,3.5,125.0,FinTech,Mumbai,564.0,11.0,2.0,40.0
The Hi-tech Robotic Systemz,3.8,125.0,Emerging Technologies,Gurugram,533.0,13.0,8.0,11.0
Sparkline Equipments,4.2,125.0,Industrial Machinery,Pune,617.0,3.0,0.0,11.0
Neural IT,3.4,125.0,Financial Services,Mumbai,553.0,20.0,25.0,5.0
INTECH Creative Services Pvt. Ltd.,3.8,126.0,IT Services & Consulting,Gandhinagar,919.0,15.0,32.0,10.0
TVS Next,3.6,126.0,IT Services & Consulting,Chennai,1200.0,14.0,3.0,9.0
Sciative Solutions,3.8,125.0,Software Product,Navi Mumbai,283.0,38.0,63.0,14.0
TM International Logistics,3.6,125.0,Logistics,Kolkata,402.0,10.0,1.0,4.0
Centuary Fibre Plates,4.2,125.0,Furniture & Furnishing,Hyderabad,533.0,6.0,0.0,8.0
Tega McNally Minerals,2.8,125.0,Industrial Machinery,Bengaluru,591.0,4.0,1.0,12.0
Kanan International,3.1,125.0,Internet,Vadodara,576.0,12.0,1.0,5.0
Falabella,2.9,125.0,Retail,Bengaluru,882.0,16.0,0.0,11.0
InfinityLabs,3.9,125.0,IT Services & Consulting,Noida,831.0,14.0,3.0,12.0
Oncospark India Private Limited,3.7,125.0,Analytics & KPO,Chennai,603.0,9.0,10.0,6.0
Aster Pharmacy,3.6,125.0,Pharma,Bengaluru,454.0,9.0,0.0,4.0
Rippling,2.7,125.0,Internet,Bengaluru,1800.0,51.0,8.0,6.0
Numero Uno Clothing,4.1,125.0,Fashion & Textile,Gurugram,462.0,8.0,2.0,11.0
Sri Sai Power and Equipments,3.7,125.0,Industrial Machinery,Surat,403.0,7.0,0.0,6.0
Object Frontier Software,3.7,125.0,IT Services & Consulting,Chennai,1200.0,8.0,0.0,16.0
INFAC,3.8,125.0,Auto Components,Chennai,546.0,4.0,3.0,9.0
Sudisa Foundry,3.5,125.0,Auto Components,Jamshedpur,495.0,14.0,2.0,3.0
Performics,3.8,125.0,Marketing & Advertising,Mumbai,911.0,10.0,0.0,8.0
Dar Group,3.3,125.0,Architecture & Interior Design,Pune,640.0,10.0,0.0,15.0
ShipBob,3.9,125.0,Logistics,New Delhi,421.0,32.0,4.0,2.0
G.S.E.C,2.9,125.0,Logistics,Ahmedabad,391.0,2.0,0.0,24.0
IMARC Group,3.3,125.0,Analytics & KPO,New Delhi,423.0,21.0,1.0,3.0
TeamLease Staffing Solutions,3.3,124.0,Internet,Bengaluru,926.0,11.0,0.0,15.0
InnoEye Technologies,3.1,124.0,IT Services & Consulting,Indore,477.0,6.0,0.0,11.0
Migsun Group,3.2,124.0,Real Estate,Ghaziabad,594.0,7.0,0.0,4.0
Dewar's Garage,3.1,124.0,Automobile,Kolkata,380.0,3.0,0.0,5.0
Mawai Infotech,3.2,124.0,IT Services & Consulting,Noida,643.0,10.0,2.0,14.0
Bilt,4.3,124.0,Pulp & Paper,Yamunanagar,494.0,9.0,0.0,12.0
Lincoln Electric,4.0,124.0,Electrical Equipment,Chennai,696.0,7.0,0.0,18.0
Indira Gandhi National Open University,4.2,124.0,Education & Training,New Delhi,307.0,4.0,0.0,9.0
Jse Engineering Private Limited,3.4,124.0,Engineering & Construction,Chennai,426.0,3.0,0.0,3.0
Dentsu Global Services,3.4,124.0,Marketing & Advertising,Pune,1300.0,17.0,0.0,4.0
JBF Industries,3.5,124.0,Fashion & Textile,Dadra & Nagar Haveli,588.0,7.0,0.0,13.0
S10 Healthcare Solutions,3.6,124.0,Fitness & Wellness,Chennai,318.0,7.0,0.0,14.0
Retailio,3.8,124.0,Internet,Mumbai,311.0,8.0,2.0,2.0
Provab Technosoft,3.0,124.0,IT Services & Consulting,Bengaluru,645.0,6.0,10.0,2.0
Kamal Ced Solution,4.1,124.0,,Gurugram,401.0,8.0,1.0,5.0
Pearl Organisation,3.3,124.0,IT Services & Consulting,Dehradun,288.0,33.0,11.0,35.0
Biyani Technologies,3.6,124.0,Software Product,Kolhapur,256.0,33.0,5.0,3.0
Clinic Dermatech,3.0,124.0,Beauty & Personal Care,New Delhi,459.0,3.0,0.0,6.0
Suzlon Gujarat Wind Park,4.5,124.0,Power,Bhuj,330.0,9.0,0.0,27.0
Gojavas,4.7,124.0,Logistics,New Delhi,129.0,1.0,0.0,19.0
Bikayi,2.8,124.0,Marketing & Advertising,Bengaluru,351.0,10.0,0.0,20.0
Radiant Enterprise,3.7,124.0,Furniture & Furnishing,Kolkata,403.0,4.0,3.0,14.0
Mitratech,3.7,124.0,Software Product,Hyderabad,975.0,13.0,5.0,16.0
Religare Housing Development Finance Corporation,4.1,124.0,Financial Services,New Delhi,295.0,2.0,0.0,8.0
Indwell,3.6,124.0,Engineering & Construction,Vijayawada,449.0,10.0,0.0,9.0
House of Beauty,3.7,124.0,Internet,Gurugram,195.0,8.0,0.0,59.0
Galacon Infrastructure and Projects,3.3,124.0,Engineering & Construction,Hyderabad,269.0,9.0,5.0,5.0
NASSCOM,3.4,124.0,IT Services & Consulting,Noida,645.0,11.0,9.0,11.0
Skanray Technologies,2.5,124.0,Medical Equipment,Mysuru,662.0,5.0,0.0,9.0
Kaplan,3.9,124.0,EdTech,Bengaluru,957.0,15.0,5.0,6.0
Affordplan,3.1,124.0,FinTech,Gurugram,486.0,13.0,0.0,10.0
Avantel,3.6,124.0,Hardware & Networking,Visakhapatnam,611.0,15.0,0.0,9.0
TDS Group,4.1,124.0,Financial Services,New Delhi,480.0,8.0,0.0,5.0
Floating Numbers Digital Solutions,3.2,124.0,IT Services & Consulting,Kolkata,286.0,7.0,0.0,27.0
Prabhudas Lilladher,3.3,124.0,Financial Services,Mumbai,829.0,8.0,0.0,8.0
GALAXY OFFICE AUTOMATION,4.1,124.0,IT Services & Consulting,Mumbai,545.0,12.0,12.0,8.0
Marc Laboratories,3.2,124.0,Pharma,Lucknow,381.0,4.0,4.0,8.0
Zigly,4.2,124.0,Retail,New Delhi,91.0,20.0,0.0,28.0
Hi-Tech Arai,3.8,124.0,Auto Components,Madurai,527.0,3.0,0.0,13.0
Harsha Toyota,4.1,124.0,Automobile,Chennai,476.0,7.0,0.0,5.0
Applore Technologies,4.2,124.0,IT Services & Consulting,Noida,175.0,5.0,2.0,4.0
Wave Beverages,3.7,124.0,Beverage,Amritsar,409.0,6.0,0.0,8.0
Dormakaba India,3.8,124.0,Building Material,Chennai,616.0,2.0,0.0,14.0
Skyi Developers,4.4,124.0,Real Estate,Pune,391.0,20.0,1.0,4.0
National Public School,3.4,124.0,Education & Training,Bengaluru,616.0,7.0,9.0,5.0
Indian Institute of Commerce Lakshya,4.1,125.0,Education & Training,Bengaluru,328.0,35.0,18.0,6.0
Sicagen,3.7,124.0,Industrial Automation,Chennai,433.0,8.0,11.0,11.0
Saarloha Advanced Materials,3.2,124.0,Iron & Steel,Pune,606.0,7.0,1.0,5.0
Geekyants Software,3.2,124.0,IT Services & Consulting,Bengaluru,1100.0,32.0,15.0,15.0
Infotree Global Solutions,3.1,124.0,Recruitment,Jammu,426.0,8.0,0.0,7.0
Pipeline Infrastructure,4.1,124.0,Oil & Gas,Mumbai,490.0,7.0,1.0,7.0
ACPL Systems,3.4,124.0,Law Enforcement & Security,Gurugram,756.0,8.0,0.0,11.0
Caterpillar Signs,3.3,124.0,Printing & Publishing,Ahmedabad,520.0,5.0,25.0,3.0
Xome,4.2,124.0,Internet,Chennai,680.0,15.0,2.0,30.0
Local Company,4.1,124.0,Real Estate,New Delhi,2300.0,13.0,0.0,7.0
APPL Industries,3.7,124.0,Chemicals,Pune,599.0,4.0,0.0,10.0
Bird Group,2.8,124.0,Aviation,New Delhi,594.0,9.0,1.0,6.0
Ars Steels,3.6,124.0,Iron & Steel,Chennai,634.0,14.0,0.0,3.0
Badafinance S&P Services,4.1,124.0,,Mumbai,66.0,4.0,0.0,1.0
MPOnline,3.3,124.0,IT Services & Consulting,Bhopal,471.0,6.0,0.0,14.0
Oxane Partners,3.3,124.0,Financial Services,Gurugram,1400.0,34.0,24.0,8.0
Felix Generics,3.8,125.0,Pharma,Indore,578.0,7.0,3.0,11.0
NexWave Talent Management Solutions,3.4,124.0,Recruitment,Hyderabad,658.0,11.0,0.0,5.0
Shri Venkateshwara University,3.7,109.0,Education & Training,New Delhi,484.0,7.0,19.0,6.0
Government of Madhya Pradesh,3.9,123.0,Government,Bhopal,506.0,2.0,0.0,8.0
Everest Blowers & Vacuum Pumps,3.4,123.0,Industrial Machinery,New Delhi,557.0,4.0,0.0,11.0
NU Hospitals,3.8,123.0,Healthcare,Bengaluru,381.0,9.0,12.0,11.0
Digiperform,3.4,123.0,Education & Training,New Delhi,333.0,9.0,4.0,3.0
Cartrade.com,3.7,123.0,Internet,Mumbai,488.0,12.0,5.0,7.0
Dexian DISYS,3.2,123.0,IT Services & Consulting,Chennai,747.0,16.0,28.0,1.0
Saraswati Vidya Mandir,3.9,123.0,Education & Training,New Delhi,360.0,5.0,4.0,11.0
CNK & Associates,3.2,123.0,Accounting & Auditing,Mumbai,593.0,7.0,0.0,9.0
BML Munjal University,4.1,123.0,Education & Training,Gurugram,427.0,6.0,3.0,11.0
Ayushman Hospital & Health Services,3.8,123.0,Healthcare,New Delhi,524.0,4.0,6.0,4.0
Indus International School,3.3,123.0,Education & Training,Bengaluru,343.0,5.0,0.0,16.0
Wicked Ride Adventures,4.1,123.0,Internet,Bengaluru,630.0,1.0,0.0,11.0
Nimap Infotech,3.3,123.0,IT Services & Consulting,Mumbai,621.0,35.0,0.0,13.0
Arvog,4.6,123.0,Financial Services,Mumbai,100.0,73.0,13.0,21.0
MAHLE Holding (India),3.8,123.0,Auto Components,Pune,658.0,2.0,0.0,10.0
GO MO Group AB,4.0,123.0,Marketing & Advertising,Pune,206.0,9.0,4.0,34.0
Menzies Aviation Bobba,3.7,124.0,Aviation,Bengaluru,318.0,6.0,0.0,15.0
Xtrim Global Solutions,4.6,123.0,BPO,Indore,65.0,14.0,1.0,23.0
Bernhard Schulte Shipmanagement,4.2,123.0,Ports & Shipping,Mumbai,518.0,6.0,5.0,9.0
Shiv Nadar University,4.1,123.0,Education & Training,New Delhi,642.0,11.0,5.0,12.0
Midco,3.6,123.0,Telecom,Mumbai,208.0,0.0,1.0,17.0
iPlace,3.7,123.0,,Pune,603.0,4.0,0.0,9.0
CL MICROMED,4.0,123.0,Medical Equipment,New Delhi,224.0,13.0,0.0,8.0
DAS Offshore Engineering,3.8,123.0,Industrial Machinery,Mumbai,531.0,5.0,24.0,9.0
Scorg International,3.3,123.0,Recruitment,Bengaluru,690.0,12.0,0.0,6.0
ICG Medical,2.3,123.0,Recruitment,Gurugram,538.0,7.0,0.0,7.0
Government of Kerala,4.0,123.0,Government,Thiruvananthapuram,578.0,4.0,0.0,7.0
Jagannath Gupta Institute of Medical Sciences & Hospital,3.5,123.0,Healthcare,Kolkata,481.0,4.0,4.0,9.0
Paytm Mall,3.6,123.0,Internet,Noida,877.0,7.0,0.0,15.0
bluCognition,3.1,123.0,IT Services & Consulting,Pune,570.0,10.0,9.0,8.0
Kyocera Document Solutions India,3.5,123.0,Printing & Publishing,Gurugram,562.0,9.0,3.0,10.0
S.R. Batliboi & Associates,3.0,123.0,Accounting & Auditing,Bengaluru,1400.0,5.0,0.0,2.0
Union Mutual Fund,3.4,123.0,Financial Services,Mumbai,555.0,10.0,0.0,5.0
Vianaar Homes,3.9,123.0,Real Estate,New Delhi,498.0,9.0,2.0,6.0
Uttam Sugar Mills,3.9,123.0,Food Processing,Roorkee,408.0,5.0,1.0,8.0
MSP Group,3.8,123.0,,Raigarh,445.0,9.0,0.0,9.0
Shore Infotech India,2.9,123.0,IT Services & Consulting,Hyderabad,754.0,8.0,1.0,10.0
Vydehi Institute Of Medical Sciences And Research Centre,3.6,123.0,Healthcare,Bengaluru,501.0,6.0,20.0,18.0
Adyar Ananda Bhavan Sweets,4.0,123.0,Hospitality,Chennai,499.0,8.0,4.0,14.0
Maxvalue Credits & Investments,3.8,123.0,NBFC,Thrissur,585.0,10.0,1.0,5.0
The Digital Group Infotech,3.4,123.0,IT Services & Consulting,Pune,855.0,7.0,54.0,5.0
Creative Projects & Contracts,4.1,123.0,Engineering & Construction,Jaipur,423.0,10.0,3.0,4.0
Mendine Pharmaceuticals,4.5,123.0,Pharma,Kolkata,289.0,15.0,167.0,8.0
Nirmaan Organization,3.6,123.0,Financial Services,Hyderabad,398.0,8.0,1.0,6.0
LS Cable,4.4,123.0,Electrical Equipment,Gurugram,520.0,8.0,1.0,18.0
Global Group,4.0,123.0,Engineering & Construction,Pune,530.0,11.0,8.0,5.0
Cybernetik Technologies,4.0,123.0,Industrial Automation,Pune,673.0,7.0,0.0,11.0
Claritus Management Consulting,4.2,123.0,IT Services & Consulting,Noida,438.0,17.0,0.0,40.0
Stratogent Technology Services,3.1,123.0,IT Services & Consulting,Bengaluru,736.0,10.0,10.0,7.0
TekFriday Processing Solutions,3.5,123.0,Financial Services,Hyderabad,735.0,12.0,19.0,11.0
ITDOSE INFOSYSTEMS,3.2,123.0,IT Services & Consulting,Noida,506.0,17.0,21.0,8.0
Shreeja Mahila Milk Producer Company,4.3,123.0,Food Processing,Tirupati,317.0,7.0,0.0,18.0
Pinnacle Life Science,3.5,123.0,,Baddi,605.0,6.0,8.0,3.0
Viswaat Chemicals,3.7,123.0,Chemicals,Mumbai,720.0,5.0,6.0,14.0
Diversey India Hygiene,3.9,123.0,,Mumbai,632.0,9.0,0.0,22.0
R.k.industries,3.7,123.0,Industrial Machinery,Chennai,670.0,2.0,0.0,5.0
Gemba Concepts,3.1,123.0,Management Consulting,Bengaluru,436.0,17.0,7.0,7.0
Auxilo Finserve,3.7,123.0,NBFC,Mumbai,643.0,9.0,9.0,3.0
Raj Process Equipments And System,3.7,123.0,Industrial Machinery,Pune,412.0,15.0,25.0,3.0
South India Krishna Oil & Fat,4.2,123.0,Oil & Gas,Nellore,469.0,7.0,0.0,13.0
Platinum One,3.4,123.0,BPO,Mumbai,464.0,8.0,5.0,11.0
Rocket Software,4.1,123.0,IT Services & Consulting,Pune,1200.0,16.0,14.0,10.0
Sobha Projects and Trade,4.2,123.0,Engineering & Construction,Bengaluru,618.0,7.0,4.0,6.0
Chinmaya Vidyalaya,3.9,123.0,Education & Training,New Delhi,364.0,3.0,2.0,7.0
Sandip University,3.2,122.0,Education & Training,Nashik,408.0,8.0,0.0,10.0
Hitachi Rail STS,4.0,122.0,Railways,Bengaluru,492.0,6.0,0.0,7.0
Anna University,4.1,122.0,Education & Training,Chennai,664.0,12.0,0.0,12.0
Gadre Marine Export,3.7,122.0,Food Processing,Ratnagiri,548.0,7.0,6.0,9.0
Terminal Technologies (i),4.2,122.0,Telecom,Pune,528.0,8.0,0.0,8.0
Artson Engineering,4.0,122.0,Engineering & Construction,Hyderabad,549.0,13.0,7.0,17.0
TRACKS AND TOWERS INFRATECH,3.7,122.0,Engineering & Construction,Hyderabad,509.0,8.0,20.0,11.0
Integral University,3.5,122.0,Education & Training,Lucknow,391.0,3.0,0.0,6.0
Rotary Engineering,4.1,122.0,Oil & Gas,Chennai,328.0,4.0,0.0,8.0
Paladion Networks,3.7,122.0,Hardware & Networking,Bengaluru,645.0,6.0,0.0,16.0
INTERPLEX,4.1,122.0,Industrial Automation,Bengaluru,673.0,7.0,0.0,11.0
Smarter BIZ Technologies,3.1,122.0,IT Services & Consulting,Bengaluru,318.0,14.0,0.0,12.0
Chemtrols Industries,3.2,122.0,Industrial Automation,Mumbai,418.0,3.0,2.0,13.0
Futures Group,4.6,122.0,Retail,New Delhi,684.0,2.0,0.0,16.0
Chumbak Design,3.4,122.0,Retail,Bengaluru,457.0,7.0,0.0,11.0
Glowlogics Solutions,4.2,122.0,,Bengaluru,30.0,58.0,0.0,2.0
Total IT Global,3.7,122.0,IT Services & Consulting,New Delhi,666.0,17.0,4.0,11.0
Saboo RKS Motor,4.1,122.0,Automobile,Hyderabad,428.0,7.0,0.0,7.0
Udaan Technologies,3.8,122.0,IT Services & Consulting,Bengaluru,544.0,6.0,0.0,12.0
The Heritage School,3.7,122.0,Education & Training,New Delhi,357.0,13.0,0.0,15.0
Polmon Instruments,3.5,122.0,Industrial Automation,Hyderabad,486.0,7.0,1.0,7.0
Rds Project,3.4,122.0,Real Estate,New Delhi,549.0,5.0,0.0,13.0
SPS Hospitals,3.9,122.0,Healthcare,Ludhiana,299.0,6.0,11.0,5.0
DQ Entertainment,3.3,122.0,Animation & VFX,Hyderabad,282.0,1.0,0.0,13.0
Entra Solutions,3.3,122.0,Financial Services,Gurugram,521.0,11.0,0.0,17.0
Medhavi Skills University,4.4,122.0,Education & Training,Kolkata,208.0,27.0,83.0,1.0
EB1A Experts,4.4,123.0,,Hyderabad,150.0,38.0,0.0,24.0
Nova Techset,3.3,122.0,Printing & Publishing,Chennai,625.0,8.0,5.0,4.0
Pride Technologies,3.3,122.0,Recruitment,Chennai,1000.0,4.0,0.0,5.0
DentalKart,2.9,122.0,Internet,New Delhi,552.0,10.0,14.0,4.0
PalTech,4.0,122.0,IT Services & Consulting,Hyderabad,721.0,48.0,3.0,3.0
Customer Analytics,4.1,122.0,IT Services & Consulting,Chennai,902.0,8.0,0.0,17.0
Biomatrix Healthcare,3.6,122.0,,Ahmedabad,547.0,13.0,16.0,9.0
Parekh Group,3.6,122.0,Logistics,Mumbai,671.0,6.0,3.0,7.0
Glance,3.4,122.0,Internet,Bengaluru,918.0,19.0,25.0,2.0
Stridely Solutions,2.8,122.0,IT Services & Consulting,Ahmedabad,815.0,9.0,0.0,4.0
PGEIN,3.5,122.0,Accounting & Auditing,Chandigarh,214.0,5.0,0.0,56.0
NGRT Systems Private Limited,3.6,122.0,Retail,Nagpur,364.0,10.0,9.0,6.0
Expound Technivo,4.3,122.0,IT Services & Consulting,Mumbai,417.0,13.0,8.0,7.0
Vardhman Acrylics,3.6,122.0,Fashion & Textile,Bharuch,558.0,9.0,5.0,4.0
ATS Services,3.5,122.0,Analytics & KPO,New Delhi,445.0,12.0,6.0,10.0
Rij Engineering,4.1,122.0,Auto Components,Pune,496.0,6.0,1.0,9.0
BramhaCorp,3.5,123.0,Real Estate,Pune,627.0,12.0,3.0,10.0
Netxcell,3.4,122.0,Telecom,Hyderabad,651.0,7.0,4.0,10.0
MNR Solutions,4.1,122.0,Recruitment,Noida,279.0,18.0,30.0,23.0
Petron Engineering Construction,4.4,122.0,Engineering & Construction,Mumbai,357.0,2.0,0.0,14.0
AJ Hospital and Research Centre,3.7,122.0,Healthcare,Mangaluru,420.0,6.0,22.0,5.0
Biomerieux,3.2,122.0,Biotechnology,New Delhi,425.0,8.0,1.0,13.0
Travclan Technology India,3.4,122.0,Travel & Tourism,New Delhi,557.0,61.0,26.0,1.0
MSG Global Solutions,3.9,122.0,IT Services & Consulting,Bengaluru,868.0,25.0,3.0,29.0
Belden,3.4,122.0,Industrial Machinery,Pune,865.0,9.0,8.0,14.0
Iswarya Fertility Centre,3.2,122.0,Healthcare,Chennai,492.0,8.0,0.0,2.0
Oriental Rubber Industries,3.0,122.0,Petrochemicals,Pune,685.0,12.0,5.0,11.0
ElringKlinger AG,3.7,123.0,Auto Components,Pune,602.0,3.0,0.0,12.0
Citi Style,4.2,122.0,Retail,Kolkata,265.0,7.0,6.0,8.0
Elysium Pharmaceuticals,3.3,122.0,Pharma,Vadodara,505.0,4.0,0.0,3.0
Veoneer India,3.9,122.0,Auto Components,Bengaluru,1100.0,9.0,4.0,11.0
R M Chemicals,3.5,122.0,FMCG,Baddi,453.0,14.0,1.0,17.0
Accordion (India),2.7,122.0,Management Consulting,Hyderabad,849.0,19.0,23.0,3.0
Absolutelabs,4.3,122.0,IT Services & Consulting,Hyderabad,152.0,11.0,17.0,5.0
Steelcase Asia Pacific Holdings India,3.6,122.0,Furniture & Furnishing,Pune,758.0,7.0,0.0,14.0
Decision Minds,3.5,122.0,IT Services & Consulting,Bengaluru,589.0,9.0,0.0,5.0
Lyka Labs,3.8,122.0,Pharma,Ankleshwar,529.0,9.0,7.0,5.0
M.P. State Electronics Development Corporation,3.6,122.0,,Bhopal,520.0,8.0,0.0,1.0
Sher-I-Kashmir Institute of Medical Sciences,4.2,122.0,Healthcare,Srinagar,269.0,4.0,0.0,2.0
Electronica India Limited,4.6,122.0,,Pune,224.0,11.0,0.0,0.0
Net Business Solutions,3.7,122.0,IT Services & Consulting,Mumbai,672.0,4.0,0.0,4.0
The Web Plant,2.7,121.0,IT Services & Consulting,New Delhi,315.0,9.0,0.0,36.0
Government Polytechnic College,3.9,121.0,Education & Training,Bengaluru,337.0,6.0,0.0,8.0
Smpp,3.5,121.0,Defence & Aerospace,New Delhi,251.0,6.0,0.0,2.0
IBCC Industries,4.0,121.0,,Ahmedabad,417.0,12.0,2.0,5.0
IBN Technologies,3.6,121.0,Financial Services,Pune,610.0,10.0,25.0,6.0
Vistaprint,3.4,121.0,Internet,Mumbai,464.0,11.0,0.0,18.0
Kalpa Electrikal,3.6,121.0,Electrical Equipment,Bengaluru,661.0,14.0,2.0,9.0
HWASHIN Automotive,3.8,121.0,Auto Components,Chennai,530.0,4.0,3.0,15.0
Wizertech Informatics,4.3,121.0,IT Services & Consulting,Kolkata,512.0,2.0,3.0,9.0
DY Patil University,3.4,121.0,Education & Training,Pune,720.0,11.0,0.0,9.0
SKDRDP,4.3,121.0,Non-Profit,Bengaluru,200.0,9.0,0.0,11.0
Suhail Bahwan Automobiles,4.0,121.0,Auto Components,Muscat,292.0,3.0,0.0,22.0
Techwise Digital,4.7,121.0,IT Services & Consulting,Bengaluru,109.0,23.0,0.0,5.0
Keltron,4.2,121.0,Electronics Manufacturing,Thiruvananthapuram,340.0,7.0,0.0,11.0
Futuretech Factory One,4.5,121.0,IT Services & Consulting,Pune,27.0,49.0,0.0,2.0
EasyBuy Lifestyle,3.9,121.0,Retail,Bengaluru,412.0,5.0,16.0,10.0
Media NV,4.5,121.0,,Ahmedabad,129.0,48.0,0.0,2.0
Vectone Mobile,1.7,121.0,Telecom,Chennai,565.0,12.0,0.0,43.0
Bankedge,4.0,121.0,Education & Training,Mumbai,175.0,13.0,0.0,27.0
iLabz Technology,3.2,121.0,Recruitment,Bengaluru,749.0,7.0,0.0,5.0
Derewala Jewellery Industries,3.5,121.0,Jewellery,Jaipur,565.0,9.0,0.0,5.0
AFour Technologies,3.4,121.0,IT Services & Consulting,Pune,1300.0,13.0,6.0,11.0
HuntingCube Recruitment Solution,3.9,121.0,Recruitment,Noida,407.0,15.0,4.0,0.0
Accuster Technologies,2.2,121.0,Healthcare,New Delhi,355.0,13.0,9.0,28.0
Affordable Robotic and Automation,2.8,121.0,IT Services & Consulting,Pune,614.0,4.0,0.0,8.0
BetterPlace Select,4.2,121.0,Recruitment,Bengaluru,677.0,11.0,0.0,17.0
Maaden Phosphate Company,4.3,121.0,Metals & Mining,Chennai,291.0,11.0,0.0,18.0
Morarjee Textiles,3.8,121.0,Fashion & Textile,Nagpur,411.0,6.0,3.0,10.0
CoreEL Technologies,3.8,121.0,Electronics Manufacturing,Bengaluru,886.0,7.0,10.0,16.0
Finulent Solutions,4.1,121.0,Power,Mumbai,500.0,29.0,1.0,4.0
Mobikasa,3.8,121.0,IT Services & Consulting,New Delhi,506.0,17.0,0.0,10.0
Antier Solutions,2.8,121.0,IT Services & Consulting,Sahibzada Ajit Singh Nagar,795.0,15.0,107.0,4.0
L&T SuFin,3.2,121.0,Internet,Mumbai,357.0,17.0,0.0,8.0
Brahmaputra Cracker and Polymer,4.2,121.0,,Dibrugarh,671.0,4.0,0.0,7.0
INDI IT SOLUTIONS,4.4,121.0,IT Services & Consulting,Sahibzada Ajit Singh Nagar,104.0,2.0,0.0,2.0
Shreeyam Power And Steel Industries,4.0,121.0,Iron & Steel,Gandhidham,457.0,11.0,4.0,10.0
KLC CONSTRUCTION,3.8,121.0,Engineering & Construction,Hyderabad,488.0,9.0,0.0,8.0
Guru Amardass International,3.5,121.0,Electronics Manufacturing,Noida,357.0,7.0,5.0,7.0
Yingjia Communication Private Limited,4.4,121.0,Telecom,Kolkata,346.0,5.0,0.0,3.0
Reliable Spaces,2.7,121.0,Real Estate,Mumbai,434.0,11.0,0.0,5.0
Sentini,3.6,121.0,,Vijayawada,503.0,4.0,4.0,5.0
BARSYL,3.6,121.0,Railways,Hyderabad,370.0,10.0,0.0,14.0
Gandhar Oil Refinery India,3.2,121.0,Oil & Gas,Mumbai,518.0,8.0,2.0,5.0
Cigna,3.3,121.0,Internet,Bengaluru,964.0,10.0,0.0,7.0
Texport Syndicate India,3.8,121.0,Fashion & Textile,Bengaluru,496.0,3.0,1.0,7.0
MAHLE Engineering,3.9,121.0,,Pune,681.0,13.0,0.0,10.0
Mani Group,3.5,122.0,Real Estate,Kolkata,370.0,6.0,0.0,8.0
Indiana Gratings,3.4,121.0,Import & Export,Pune,466.0,7.0,32.0,35.0
Hindustan Copper,4.0,121.0,Metals & Mining,Kolkata,586.0,4.0,0.0,13.0
IndiQube,4.1,121.0,Real Estate,Bengaluru,960.0,13.0,0.0,6.0
RD Public School,3.9,121.0,Education & Training,Betul,509.0,6.0,5.0,5.0
Sarens Heavy Lift India,3.7,121.0,Industrial Machinery,New Delhi,478.0,2.0,0.0,7.0
Adarsh Group,4.5,121.0,,Bengaluru,630.0,1.0,0.0,2.0
Haridwar University,4.4,121.0,Education & Training,Roorkee,62.0,15.0,0.0,1.0
Spl Infrastructure,4.0,121.0,Engineering & Construction,Chennai,624.0,5.0,12.0,10.0
FiftyFive Technologies,4.2,121.0,IT Services & Consulting,Jaipur,451.0,52.0,8.0,17.0
CliniSys Group,3.2,121.0,IT Services & Consulting,Bengaluru,745.0,10.0,27.0,10.0
Shindengen,3.7,121.0,Semiconductors,Bengaluru,626.0,6.0,7.0,7.0
Paradigm IT,3.3,121.0,IT Services & Consulting,Hyderabad,651.0,5.0,26.0,7.0
Rolex Rings,3.8,121.0,Industrial Machinery,Rajkot,547.0,4.0,9.0,13.0
ABB GISL,3.9,121.0,Electrical Equipment,Bengaluru,809.0,10.0,0.0,24.0
BYD India,3.2,121.0,Automobile,Chennai,661.0,8.0,5.0,7.0
Orient Fashions,4.0,121.0,Fashion & Textile,New Delhi,416.0,3.0,0.0,11.0
KSB Tech,3.4,120.0,Industrial Machinery,Pune,581.0,13.0,0.0,17.0
GOOD,4.4,120.0,Marketing & Advertising,Bengaluru,256.0,76.0,0.0,12.0
Finolex Plasson Industries,3.9,120.0,Industrial Machinery,Pune,394.0,4.0,0.0,6.0
ProProfs,4.0,120.0,Software Product,Noida,536.0,7.0,0.0,8.0
Shj International,4.4,120.0,IT Services & Consulting,Indore,193.0,24.0,12.0,8.0
Quampetence Business Solutions,3.0,120.0,BPO,Gurugram,384.0,4.0,0.0,10.0
Emeritus,3.3,120.0,,Mumbai,629.0,8.0,7.0,5.0
uCertify,3.7,120.0,EdTech,Noida,382.0,20.0,0.0,8.0
Winsome Textile Industries,3.3,120.0,Fashion & Textile,Baddi,537.0,8.0,15.0,18.0
TEXILA AMERICAN UNIVERSITY,3.9,120.0,Education & Training,Coimbatore,225.0,6.0,5.0,50.0
Assurance Intl Limited,3.4,133.0,Auto Components,Gurugram,306.0,11.0,31.0,12.0
Simeio Solutions,3.8,120.0,IT Services & Consulting,Bengaluru,866.0,9.0,14.0,13.0
ADNH Compass,4.3,120.0,Hospitality,Abu Dhabi,153.0,10.0,0.0,24.0
Epicu Agro Products,3.1,120.0,Food Processing,Ambala,444.0,6.0,0.0,4.0
Bharat Intern,3.9,120.0,,Hyderabad,65.0,11.0,0.0,0.0
Amco Batteries,4.3,121.0,Auto Components,Chennai,392.0,5.0,0.0,24.0
Aayan Infotech,4.8,120.0,IT Services & Consulting,Lucknow,34.0,12.0,0.0,8.0
Upland Software,4.7,120.0,Software Product,Bengaluru,202.0,20.0,0.0,10.0
Jamkash Vehicleades,3.3,120.0,Automobile,Jammu,285.0,4.0,2.0,8.0
Gandour India Food Processing,4.2,120.0,Food Processing,Hyderabad,420.0,5.0,1.0,11.0
Ministry of Rural Development India,3.6,120.0,Government,New Delhi,530.0,6.0,11.0,10.0
Edukyu,3.8,120.0,EdTech,Noida,239.0,19.0,3.0,8.0
Twin Health,3.1,120.0,Healthcare,Bengaluru,563.0,11.0,15.0,12.0
Ramkrishna Care Hospital,3.6,120.0,Healthcare,Raipur,377.0,5.0,0.0,6.0
Pune Property Investor,4.7,120.0,Real Estate,Pune,28.0,13.0,1.0,1.0
Agilisium,3.1,120.0,IT Services & Consulting,Chennai,1100.0,15.0,16.0,9.0
Spack Automotives,3.3,120.0,,Greater Noida,496.0,14.0,1.0,7.0
Maithan Steel And Power,3.7,120.0,Building Material,Asansol,573.0,10.0,0.0,2.0
Dubai Electricity & Water Authority (DEWA),3.4,120.0,Power,Dubai,398.0,11.0,0.0,12.0
Rajasthan Antibiotics,3.6,120.0,Pharma,Bhiwadi,396.0,10.0,0.0,2.0
PVR PROJECTS,3.7,120.0,Engineering & Construction,Hyderabad,440.0,14.0,2.0,9.0
GlobalHunt,3.9,120.0,Recruitment,New Delhi,696.0,16.0,1.0,20.0
SEPC Limited,4.3,120.0,Oil & Gas,Chennai,442.0,5.0,0.0,17.0
Josh Software,3.0,120.0,IT Services & Consulting,Pune,1000.0,21.0,6.0,8.0
Acme Services,4.3,120.0,Recruitment,Mumbai,289.0,33.0,4.0,1.0
Netradyne Technology,3.1,120.0,Software Product,Bengaluru,1000.0,8.0,45.0,5.0
Honeywell Aerospace,3.5,120.0,,Bengaluru,941.0,14.0,0.0,4.0
IMA-PG,3.7,120.0,Medical Equipment,Indore,577.0,7.0,0.0,10.0
Centric Consulting,3.5,120.0,IT Services & Consulting,Gurugram,956.0,20.0,3.0,5.0
iQuest Management Consultants,3.4,120.0,Recruitment,Pune,441.0,13.0,2.0,11.0
SAIL Bokaro Steel Plant,4.0,120.0,Iron & Steel,Bokaro,396.0,18.0,0.0,5.0
Hemmersbach,3.2,120.0,IT Services & Consulting,Bengaluru,584.0,11.0,10.0,7.0
T&T Group,4.0,120.0,Real Estate,Noida,385.0,8.0,4.0,6.0
Nagravision,3.5,120.0,IT Services & Consulting,Bengaluru,806.0,18.0,0.0,12.0
Reliance Broadcast Network,3.3,120.0,Broadcasting,Mumbai,648.0,6.0,0.0,6.0
Ingenuity Gaming,2.8,120.0,Food Processing,Noida,944.0,18.0,1.0,7.0
KMK Ventures,4.0,120.0,Accounting & Auditing,Ahmedabad,386.0,8.0,3.0,1.0
EMDAD LLC,4.3,120.0,Oil & Gas,Mumbai,301.0,12.0,0.0,13.0
Highly Electrical Appliances India,3.4,121.0,Electrical Equipment,Ahmedabad,633.0,4.0,9.0,12.0
Ahlcon Parenterals,4.6,120.0,Pharma,Bhiwadi,390.0,6.0,0.0,16.0
IND-SPHINX PRECISION,4.1,120.0,Industrial Machinery,Solan,398.0,6.0,2.0,12.0
Lansum Properties,3.9,120.0,Real Estate,Hyderabad,468.0,8.0,7.0,9.0
Br.CAT International,3.8,120.0,Oil & Gas,Dammam,197.0,13.0,0.0,12.0
SAAB ENGINEERING,3.9,120.0,Auto Components,Bengaluru,525.0,4.0,4.0,7.0
Jeeva Organic,3.6,120.0,Pharma,Bhubaneswar,301.0,19.0,1.0,11.0
Patanjali Parivahan,3.7,120.0,Logistics,Haridwar,474.0,9.0,0.0,3.0
AL JABER GROUP,3.2,120.0,Engineering & Construction,Abu Dhabi,250.0,7.0,0.0,18.0
Minfy Technologies,3.0,120.0,IT Services & Consulting,Hyderabad,1100.0,8.0,48.0,2.0
Wealth Clinic,3.1,120.0,Real Estate,Noida,419.0,12.0,7.0,7.0
Detroit Engineered Products,3.3,120.0,Software Product,Chennai,935.0,13.0,21.0,10.0
Vasu Chemicals,3.8,121.0,Waste Management,Mumbai,438.0,14.0,0.0,9.0
ERD Technologies,3.5,120.0,Electronics Manufacturing,Noida,549.0,8.0,10.0,6.0
Acsia Technologies,3.0,120.0,Automobile,Thiruvananthapuram,799.0,13.0,12.0,9.0
ADA Tech Solutions Private Limited,3.6,120.0,BPO,Pune,346.0,10.0,3.0,1.0
Graphic Era Institute of Medical Sciences,3.6,120.0,,Dehradun,347.0,12.0,0.0,2.0
Kale Logistics Solutions,3.1,120.0,Software Product,Mumbai,832.0,16.0,13.0,8.0
JMD Group,3.9,119.0,Real Estate,Gurugram,579.0,4.0,0.0,4.0
Hipad Technology India,4.0,119.0,Electronics Manufacturing,Noida,385.0,3.0,0.0,20.0
Namaste Credit,3.1,119.0,FinTech,Bengaluru,591.0,10.0,0.0,11.0
Comed Chemicals,3.7,119.0,Pharma,Vadodara,471.0,13.0,5.0,6.0
MAMTA Health Institute for Mother and child,4.2,119.0,Healthcare,New Delhi,278.0,4.0,0.0,15.0
Abhyudaya Co-operative Bank,3.9,119.0,Banking,Mumbai,487.0,2.0,0.0,8.0
Municipal Corporation of Greater Mumbai,3.7,119.0,Government,Mumbai,495.0,4.0,0.0,15.0
PG Technoplast,3.9,119.0,,Pune,437.0,8.0,0.0,3.0
RED CHIEF,3.8,119.0,Retail,Kanpur,298.0,6.0,0.0,14.0
Eben Telecom,3.9,119.0,Telecom,Kochi,323.0,12.0,8.0,2.0
inTarvo Technologies,4.4,119.0,BPO,Noida,352.0,1.0,0.0,16.0
Fotografik Enterprises,3.6,119.0,Media & Entertainment,Chandigarh,356.0,5.0,0.0,8.0
Mersen,3.7,119.0,Industrial Machinery,Bengaluru,570.0,6.0,1.0,8.0
Seeh Al Sarya Engineering,3.6,119.0,Oil & Gas,Muscat,422.0,1.0,0.0,5.0
First Connect Health,4.5,119.0,Healthcare,Noida,80.0,47.0,0.0,8.0
Grohe,4.1,119.0,Architecture & Interior Design,Gurugram,442.0,9.0,0.0,8.0
Hotel Sahara Star,3.5,119.0,Hospitality,Mumbai,398.0,2.0,10.0,16.0
Digitas,3.6,119.0,Marketing & Advertising,Mumbai,903.0,6.0,0.0,10.0
KTM,3.8,119.0,Automobile,Pune,373.0,3.0,0.0,5.0
Wockhardt Biotech Park,3.9,119.0,Pharma,Chhatrapati Sambhajinagar,374.0,7.0,0.0,11.0
NDTV Network,3.0,119.0,Broadcasting,New Delhi,626.0,5.0,0.0,21.0
Success Pact Consulting,3.8,119.0,Recruitment,Noida,325.0,13.0,0.0,8.0
JK Organisation,3.9,119.0,Auto Components,New Delhi,610.0,7.0,0.0,2.0
Masters Management Consultants,4.0,119.0,Real Estate,Mumbai,392.0,4.0,0.0,7.0
iRISE India,3.3,120.0,Engineering & Construction,Mumbai,442.0,7.0,1.0,6.0
Seven Seas Hotel,2.9,119.0,Hospitality,New Delhi,388.0,5.0,0.0,6.0
Vaibhav Plasto Printing & Packaging,4.0,119.0,Packaging,Nagpur,443.0,13.0,3.0,5.0
India Ratings & Research,3.4,119.0,Financial Services,Mumbai,628.0,12.0,0.0,12.0
Sjr Prime Corporation,4.0,119.0,Real Estate,Bengaluru,320.0,14.0,0.0,7.0
Mobily Infotech,3.1,119.0,Telecom,Bengaluru,888.0,7.0,4.0,10.0
Adaequare,3.2,119.0,IT Services & Consulting,Hyderabad,790.0,9.0,7.0,30.0
Govt of Karnataka,3.8,119.0,Government,Bengaluru,584.0,3.0,0.0,11.0
ImpactQA,3.9,119.0,IT Services & Consulting,Noida,588.0,15.0,1.0,31.0
21K School,3.2,119.0,EdTech,Bengaluru,289.0,10.0,33.0,4.0
Learnbay,3.6,119.0,,Bengaluru,445.0,5.0,0.0,2.0
Quadlabs Technologies,2.9,119.0,Software Product,Gurugram,432.0,6.0,15.0,2.0
Saviynt,3.1,120.0,Software Product,Bengaluru,1100.0,24.0,47.0,14.0
Emerald Haven Realty,3.7,119.0,Real Estate,Chennai,591.0,12.0,3.0,9.0
Golcha Associated Group,3.8,119.0,Metals & Mining,Udaipur,421.0,9.0,13.0,11.0
Breach Candy Hospital Trust,4.0,119.0,Healthcare,Mumbai,378.0,7.0,8.0,13.0
Stonemen Crafts,3.8,119.0,Furniture & Furnishing,Agra,512.0,6.0,4.0,5.0
Integer Telecom Services,2.9,119.0,,Noida,350.0,22.0,0.0,3.0
Pavna Group of Industries,3.5,120.0,Auto Components,Aligarh,488.0,9.0,1.0,3.0
Nissan Digital,3.5,119.0,IT Services & Consulting,Thiruvananthapuram,756.0,9.0,0.0,6.0
VProtect,3.1,119.0,,Gurugram,361.0,10.0,2.0,4.0
Cinntra Info Tech Solutions,3.5,119.0,IT Services & Consulting,Noida,399.0,9.0,9.0,10.0
R K Construction,4.1,119.0,Engineering & Construction,Jamshedpur,594.0,5.0,0.0,7.0
Woxsen University,3.2,119.0,,Hyderabad,375.0,23.0,0.0,1.0
Mindspace Outsourcing Services,3.6,119.0,,Jaipur,292.0,5.0,3.0,14.0
Faze Three,3.4,119.0,Fashion & Textile,Dadra & Nagar Haveli,649.0,11.0,9.0,8.0
Appventurez,2.8,119.0,IT Services & Consulting,Noida,693.0,19.0,0.0,4.0
Kcm Appliances,3.6,119.0,Consumer Electronics & Appliances,Bengaluru,526.0,4.0,5.0,8.0
T.R. Sawhney Motors,3.8,119.0,Automobile,New Delhi,366.0,0.0,0.0,11.0
Senrysa Technologies,4.2,119.0,IT Services & Consulting,Kolkata,330.0,10.0,0.0,15.0
Featherlite,3.4,119.0,Furniture & Furnishing,Bengaluru,753.0,5.0,0.0,8.0
Manipal Global Education Services,3.6,119.0,Education & Training,Bengaluru,890.0,3.0,0.0,14.0
Advanz Pharma,4.1,119.0,Pharma,Mumbai,495.0,9.0,7.0,7.0
U K Paints,3.0,119.0,Building Material,New Delhi,388.0,13.0,0.0,10.0
Mitarsh Energy,4.4,120.0,Power,Ahmedabad,281.0,11.0,10.0,6.0
TopSource,3.6,119.0,Other,Pune,399.0,10.0,5.0,1.0
Syscom Corporation,4.4,119.0,IT Services & Consulting,Noida,381.0,4.0,0.0,21.0
Bnk Power Solution,3.7,119.0,Power,Nagpur,392.0,8.0,4.0,7.0
Central Board of Secondary Education,4.3,119.0,Government,New Delhi,564.0,5.0,0.0,7.0
Infomerica,3.2,119.0,IT Services & Consulting,Hyderabad,766.0,7.0,6.0,1.0
Gvr Technolabs,3.6,119.0,Engineering & Construction,Bengaluru,465.0,8.0,14.0,6.0
Woodkraft (India) Private Limited,3.3,119.0,Real Estate,Bengaluru,502.0,5.0,10.0,12.0
Ksk Energy Ventures,4.5,119.0,Oil & Gas,Hyderabad,399.0,5.0,2.0,18.0
Maharashtra State Power Generation Company,4.3,119.0,Power,Nagpur,220.0,0.0,0.0,9.0
Khosla Profil Private Limited,3.4,119.0,Fashion & Textile,Mumbai,561.0,20.0,1.0,6.0
Runwal Realty,3.6,119.0,Real Estate,Mumbai,552.0,6.0,65.0,6.0
Pratian Technologies,2.4,118.0,IT Services & Consulting,Bengaluru,557.0,9.0,0.0,7.0
Sofitel Luxury Hotel,4.1,118.0,Hospitality,Mumbai,349.0,9.0,1.0,13.0
HP Global e-Business Operations,4.2,118.0,BPO,Bengaluru,521.0,9.0,0.0,18.0
BITS Pilani,3.8,118.0,Education & Training,Hyderabad,585.0,12.0,0.0,15.0
2050 Healthcare,3.0,118.0,Healthcare,Bengaluru,338.0,1.0,0.0,3.0
BeeperMD,3.8,118.0,,Chandigarh,153.0,25.0,0.0,2.0
iB Hubs,4.1,118.0,IT Services & Consulting,Kurnool,218.0,6.0,0.0,73.0
Agile Capital Services,2.5,118.0,,New Delhi,71.0,18.0,0.0,1.0
Durovalves India,3.3,118.0,Auto Components,Chhatrapati Sambhajinagar,374.0,7.0,0.0,10.0
Central Electronics,3.8,118.0,Government,Ghaziabad,565.0,7.0,0.0,11.0
Acme Industries,4.0,118.0,,Guwahati,293.0,6.0,0.0,4.0
PaywithRING,4.1,118.0,FinTech,Mumbai,328.0,18.0,3.0,1.0
Windals Precision,3.4,118.0,Auto Components,Pune,528.0,5.0,1.0,9.0
iXceed Solutions,4.0,118.0,Recruitment,Noida,190.0,18.0,2.0,9.0
Trend Technologies,3.9,118.0,,Pune,468.0,13.0,0.0,13.0
MyOperator,3.7,118.0,Software Product,Noida,415.0,41.0,5.0,9.0
Suncity Projects,4.2,118.0,Real Estate,Gurugram,491.0,7.0,0.0,10.0
ACCE GLOBAL SOFTWARE,3.7,118.0,Software Product,Kolkata,154.0,13.0,1.0,23.0
SCOPE T&M,3.5,118.0,Import & Export,Pune,552.0,14.0,3.0,14.0
24seven,4.5,118.0,Retail,New Delhi,415.0,6.0,0.0,12.0
BAPS Shastriji Maharaj Hospital,4.4,118.0,Healthcare,Vadodara,134.0,0.0,0.0,1.0
Lark Laboratories (I),2.9,118.0,Pharma,Bhiwadi,349.0,9.0,0.0,7.0
Beetel Teletech,3.7,118.0,Telecom,Gurugram,508.0,5.0,0.0,8.0
Nath Bio - Genes,4.1,119.0,Agro Chemicals,Chhatrapati Sambhajinagar,349.0,7.0,3.0,14.0
Soffit Infrastructure Services,3.7,118.0,Real Estate,Kochi,324.0,6.0,23.0,4.0
Oswal Industries,3.3,118.0,Financial Services,Ahmedabad,478.0,5.0,3.0,10.0
Progression Infonet,4.2,118.0,IT Services & Consulting,Gurugram,550.0,6.0,1.0,8.0
anovIP,3.3,118.0,Legal,New Delhi,350.0,9.0,14.0,7.0
SKM Animal Feeds and Foods,3.2,119.0,Food Processing,Erode,585.0,5.0,0.0,5.0
Chevron,3.5,119.0,Oil & Gas,Bengaluru,917.0,22.0,1.0,7.0
Velvex,3.8,118.0,,Mumbai,456.0,15.0,0.0,3.0
Veena world,3.7,118.0,Travel & Tourism,Mumbai,467.0,1.0,106.0,16.0
Velan Info Services,3.4,118.0,IT Services & Consulting,Coimbatore,445.0,10.0,10.0,13.0
Vinsys IT Services India Limited,2.9,118.0,Education & Training,Pune,665.0,11.0,0.0,5.0
Room to Read,3.6,118.0,Non-Profit,New Delhi,297.0,14.0,105.0,11.0
Shubham Goldiee Masale,4.2,119.0,Food Processing,Kanpur,358.0,9.0,1.0,5.0
Sambhav Foundation,3.9,118.0,Non-Profit,Bengaluru,319.0,9.0,9.0,4.0
Gujarat Insecticides,4.0,118.0,Biotechnology,Ankleshwar,718.0,7.0,0.0,10.0
Newaco Grupo,3.2,118.0,,Luanda,325.0,12.0,0.0,14.0
ABK Imports,4.1,118.0,Import & Export,Pune,410.0,8.0,0.0,5.0
Pickyourtrail,3.0,118.0,Travel & Tourism,Chennai,590.0,25.0,9.0,2.0
Shrim Bhanu Construction,3.6,118.0,Engineering & Construction,Mumbai,509.0,5.0,0.0,3.0
AccioJob,3.6,118.0,EdTech,Gurugram,408.0,54.0,1.0,1.0
New Horizon College of Engineering,3.6,118.0,Education & Training,Bengaluru,338.0,10.0,0.0,13.0
Shiv Enterprises,3.8,118.0,Recruitment,New Delhi,677.0,5.0,7.0,4.0
Uralungal Labour Contract Cooperative Society,3.4,118.0,,Kozhikode,566.0,5.0,0.0,7.0
Richi Circuitronix,3.5,118.0,Electronics Manufacturing,Gurugram,408.0,15.0,11.0,15.0
Relinns Technologies,4.5,118.0,IT Services & Consulting,Sahibzada Ajit Singh Nagar,179.0,20.0,36.0,1.0
LA Technologies,3.9,118.0,IT Services & Consulting,Mumbai,365.0,30.0,11.0,17.0
Six Sails Technologies,4.1,118.0,IT Services & Consulting,New Delhi,413.0,8.0,0.0,4.0
The Walt Disney Company,4.3,118.0,Media & Entertainment,Mumbai,1100.0,13.0,3.0,12.0
Encore Healthcare,3.7,118.0,Pharma,Chhatrapati Sambhajinagar,386.0,1.0,4.0,4.0
Onsurity Technologies,2.2,118.0,Insurance,Bengaluru,724.0,16.0,3.0,15.0
Site Engineering,4.2,118.0,Engineering & Construction,Chennai,1000.0,8.0,0.0,9.0
Mondee,3.3,118.0,Internet,Hyderabad,446.0,5.0,3.0,2.0
Stallion Laboratories,3.3,118.0,Pharma,Ahmedabad,686.0,5.0,0.0,6.0
TEJRAJ PROMOTERS & BUILDERS,4.3,118.0,Real Estate,Pune,126.0,33.0,35.0,1.0
Axis Risk Consulting Services,3.4,118.0,,Gurugram,731.0,6.0,0.0,5.0
Medsource Ozone Biomedicals,3.4,118.0,Pharma,Faridabad,390.0,8.0,6.0,9.0
Career Point,3.8,118.0,Recruitment,Kota,739.0,16.0,3.0,22.0
Pena4 Tech Solutions,4.1,118.0,IT Services & Consulting,Visakhapatnam,574.0,8.0,11.0,15.0
Shree Shubham Logistics,4.1,118.0,Logistics,Mumbai,361.0,4.0,0.0,9.0
Pixis,3.7,118.0,Internet,Bengaluru,724.0,14.0,0.0,12.0
Vcommission Media Private,4.4,118.0,Marketing & Advertising,Gurugram,247.0,9.0,7.0,7.0
Analog Devices,4.0,118.0,Semiconductors,Bengaluru,1200.0,32.0,115.0,5.0
Oswal Woollen Mills,4.1,118.0,Fashion & Textile,Ludhiana,438.0,4.0,0.0,11.0
SunSource Energy,4.4,118.0,Power,Noida,546.0,6.0,0.0,11.0
ORIX Leasing & Financial Services,4.1,118.0,Financial Services,New Delhi,483.0,6.0,1.0,5.0
Apollo Global Management,3.1,118.0,Banking,Mumbai,1000.0,15.0,27.0,8.0
Mahabal Group of Industries,3.7,118.0,Auto Components,Sangli Miraj Kupwad,531.0,2.0,0.0,4.0
Bryka Electrosystems & Software,3.1,118.0,Semiconductors,Mumbai,187.0,16.0,17.0,5.0
VALEUR FABTEX,3.3,118.0,Education & Training,New Delhi,356.0,7.0,1.0,1.0
Gurit India,4.0,118.0,Internet,Chennai,538.0,13.0,0.0,5.0
Resmed,4.2,118.0,Medical Equipment,Bengaluru,697.0,28.0,6.0,13.0
Chemist Box Private Limited,3.9,118.0,,Patna,102.0,19.0,12.0,1.0
Colorshine Coated,3.8,118.0,Iron & Steel,Gudur,412.0,8.0,9.0,2.0
Concept Pharmaceuticals,3.0,118.0,Pharma,Mumbai,432.0,11.0,14.0,5.0
Vijay Raja Homes,4.3,118.0,Real Estate,Chennai,489.0,7.0,2.0,26.0
Oxigen Services,4.4,117.0,FinTech,Gurugram,404.0,3.0,0.0,18.0
Railrestro.com,4.4,117.0,Internet,Patna,62.0,8.0,0.0,29.0
Bhagyalaxmi Rolling mill,3.6,117.0,Iron & Steel,Jalna,444.0,3.0,3.0,8.0
Minda Silca Engineering,3.8,117.0,Industrial Automation,Greater Noida,516.0,10.0,13.0,12.0
Driver Logistics,4.1,117.0,Logistics,Bengaluru,493.0,5.0,1.0,1.0
India Kawasaki Motors Pvt. Ltd.,3.5,117.0,Automobile,Pune,721.0,10.0,0.0,8.0
Voltamp Transformers,4.0,117.0,Electrical Equipment,Vadodara,663.0,12.0,0.0,8.0
Lexmark International,3.9,117.0,IT Services & Consulting,Kolkata,715.0,10.0,0.0,11.0
Ministry Of Education,3.5,117.0,Government,New Delhi,376.0,4.0,0.0,15.0
SDG Software,3.8,117.0,IT Services & Consulting,Noida,553.0,11.0,15.0,15.0
Atulaya Healthcare,3.8,117.0,Healthcare,Chandigarh,391.0,5.0,7.0,3.0
Delta IoT Solutions,3.5,117.0,Software Product,Pune,380.0,22.0,0.0,2.0
Qualified Recruiter,4.2,117.0,Recruitment,Pune,315.0,17.0,0.0,2.0
Nureca Limited,4.1,117.0,Medical Equipment,Chandigarh,426.0,10.0,2.0,1.0
JSS Medical Research,3.1,117.0,Clinical Research,New Delhi,506.0,17.0,4.0,8.0
CISB,3.5,117.0,Law Enforcement & Security,Mumbai,400.0,5.0,1.0,6.0
Forever 21,3.8,117.0,Fashion & Textile,New Delhi,239.0,2.0,0.0,12.0
Bajaj Allianz Staffing Solutions,3.8,117.0,Recruitment,Pune,377.0,2.0,0.0,8.0
GlowTouch,2.8,117.0,,Mangaluru,759.0,8.0,0.0,0.0
K & J Project,2.9,117.0,Engineering & Construction,Nagpur,431.0,6.0,11.0,9.0
Unimark Remedies,3.5,117.0,Pharma,Vapi,345.0,6.0,0.0,13.0
Gram Tarang Employability Training Services,3.7,117.0,Recruitment,Bhubaneswar,346.0,6.0,1.0,16.0
Tolaram Group,4.2,117.0,FMCG,Lagos,256.0,6.0,0.0,8.0
Securitrans India,4.0,117.0,Financial Services,New Delhi,341.0,8.0,0.0,13.0
Teaching at home,4.4,117.0,Design,New Delhi,822.0,25.0,0.0,6.0
Srmb Steel,3.4,117.0,Iron & Steel,Kolkata,390.0,9.0,0.0,6.0
Shriji Polymers,3.9,117.0,Packaging,Ujjain,494.0,7.0,8.0,7.0
Hard Rock Cafe,4.3,117.0,Hospitality,Bengaluru,380.0,4.0,0.0,17.0
Glassdoor,4.2,117.0,Internet,Kolkata,29.0,18.0,0.0,4.0
Vibrant Infocom,2.6,117.0,Other,Kolkata,295.0,9.0,2.0,4.0
MSL Group,3.4,117.0,Education & Training,New Delhi,534.0,11.0,2.0,6.0
TDCX Digilab India,2.6,117.0,Telecom,Hyderabad,297.0,4.0,9.0,4.0
Mangalore Refinery and Petrochemicals,4.0,117.0,Oil & Gas,Mangaluru,625.0,0.0,0.0,11.0
CLSA,3.1,117.0,Investment Banking / Venture Capital / Private Equity,Pune,741.0,10.0,37.0,10.0
Telecomone Teleservices,4.0,117.0,Telecom,Bengaluru,508.0,7.0,0.0,9.0
Loylty Rewardz Mngt,3.7,117.0,Software Product,Mumbai,976.0,14.0,1.0,7.0
Jamshedpur Continuous Annealing and Processing Company,3.3,117.0,Metals & Mining,Jamshedpur,465.0,7.0,0.0,10.0
Seagate,3.3,117.0,Hardware & Networking,Pune,717.0,20.0,0.0,10.0
Tupperware,3.5,117.0,Retail,Dehradun,524.0,6.0,1.0,14.0
Finacus Solutions,2.5,117.0,IT Services & Consulting,Mumbai,719.0,15.0,21.0,7.0
IT Convergence,3.3,117.0,IT Services & Consulting,Hyderabad,889.0,10.0,0.0,8.0
National Dairy Development Board,3.9,117.0,Food Processing,Anand,452.0,3.0,0.0,10.0
Oman Pharmaceutical Products,2.9,117.0,Pharma,Salalah,366.0,20.0,0.0,11.0
Galaxy Toyota,3.3,117.0,Automobile,New Delhi,438.0,6.0,0.0,6.0
Paloma Turning,4.1,117.0,Industrial Machinery,Bengaluru,403.0,4.0,0.0,4.0
Gala Precision Engineering Limited,3.8,117.0,Engineering & Construction,Mumbai,498.0,8.0,4.0,17.0
Tulip Infratech,3.6,117.0,Real Estate,Gurugram,448.0,10.0,4.0,4.0
Tecosim Engineering Services,3.3,117.0,Industrial Machinery,Bengaluru,567.0,18.0,0.0,15.0
Markem Imaje,3.7,118.0,Industrial Automation,Bhiwadi,540.0,10.0,41.0,8.0
Omni Net Technologies,4.0,117.0,IT Services & Consulting,Lucknow,368.0,15.0,0.0,5.0
R. K. Associates Valuers & Techno Engineering Consultants,3.8,117.0,Management Consulting,New Delhi,496.0,7.0,4.0,7.0
Elevate,2.9,117.0,Internet,New Delhi,661.0,12.0,14.0,2.0
Le Marche,3.2,117.0,Retail,New Delhi,409.0,8.0,1.0,13.0
Go-Jek,3.7,117.0,Financial Services,Bengaluru,1300.0,31.0,2.0,8.0
Adani Defence and Aerospace,3.9,117.0,Defence & Aerospace,Hyderabad,564.0,17.0,3.0,2.0
Jaycee Punching Solution,4.1,117.0,Electronics Manufacturing,Faridabad,432.0,4.0,0.0,7.0
B Gauss,3.8,117.0,Automobile,Pune,525.0,9.0,0.0,2.0
Indorama Ventures Global Shared Services,3.2,117.0,Chemicals,Kolkata,430.0,9.0,1.0,5.0
Volvo Buses,3.1,117.0,Automobile,Bengaluru,474.0,6.0,0.0,17.0
Chandan Hospital,3.9,117.0,Healthcare,Lucknow,419.0,3.0,6.0,6.0
ADG Online Solutions,2.3,117.0,,New Delhi,545.0,6.0,2.0,1.0
VST Motors,3.8,117.0,Automobile,Chennai,484.0,7.0,3.0,5.0
Graphura India Private Limited,4.4,117.0,Marketing & Advertising,Gurugram,4.0,69.0,0.0,41.0
GOURMET INVESTMENTS,4.0,117.0,Hospitality,Mumbai,305.0,25.0,8.0,4.0
Dream India Schools,3.6,117.0,Education & Training,Lucknow,254.0,7.0,0.0,15.0
Choksi Laboratories,2.9,117.0,Pharma,Indore,492.0,3.0,2.0,6.0
Knowcraft Analytics,2.8,117.0,Financial Services,Ahmedabad,712.0,15.0,4.0,6.0
NICE Actimize,3.3,117.0,IT Services & Consulting,Pune,673.0,23.0,0.0,12.0
Svamaan Financial Services,3.4,117.0,Financial Services,Mumbai,363.0,18.0,6.0,6.0
Snabbit,3.8,117.0,Internet,Bengaluru,181.0,15.0,3.0,12.0
Seinumero Nirman,3.2,117.0,Industrial Machinery,Pune,488.0,13.0,7.0,7.0
Mobicule Technologies,3.0,117.0,Software Product,Mumbai,634.0,20.0,1.0,3.0
Xitadel CAE Technologies,3.4,117.0,Analytics & KPO,Bengaluru,448.0,12.0,5.0,19.0
Finnew Solutions,4.1,117.0,FinTech,Bengaluru,499.0,1.0,7.0,5.0
ANS Commerce,3.5,117.0,Internet,Gurugram,794.0,5.0,1.0,0.0
SAP Ariba,3.6,117.0,Software Product,Bengaluru,968.0,3.0,0.0,15.0
Fi,3.5,117.0,FinTech,Bengaluru,645.0,26.0,8.0,0.0
Waah Jobs,4.2,117.0,Internet,Bengaluru,458.0,7.0,0.0,16.0
Husky Injection Molding Systems,4.1,117.0,Industrial Machinery,Chennai,539.0,16.0,1.0,8.0
Palsons Derma,3.0,118.0,Fitness & Wellness,Kolkata,335.0,12.0,0.0,10.0
Trimed Solutions India,3.6,117.0,Medical Equipment,Hyderabad,285.0,7.0,9.0,16.0
Amogha Polymers,3.7,117.0,Building Material,Coimbatore,270.0,17.0,4.0,10.0
KORE.AI SOFTWARE INDIA,3.2,117.0,Emerging Technologies,Hyderabad,1500.0,14.0,1.0,12.0
First Quantum Minerals,4.2,116.0,Metals & Mining,Lusaka,26.0,14.0,0.0,23.0
6Sense,3.5,116.0,Software Product,Bengaluru,658.0,16.0,0.0,38.0
Hamad Medical Corporation,4.0,116.0,Healthcare,Doha,246.0,5.0,0.0,17.0
Citizens Specialty Hospital,4.3,116.0,Healthcare,Hyderabad,370.0,0.0,13.0,12.0
Modern Construction Company,3.4,116.0,Engineering & Construction,New Delhi,437.0,2.0,0.0,8.0
Stanley Engineered Fastening,3.9,116.0,Industrial Machinery,Chennai,548.0,7.0,0.0,6.0
Matangi Industries,3.2,116.0,Chemicals,Ahmedabad,569.0,8.0,39.0,7.0
J&K Bank,3.9,116.0,Banking,Srinagar,337.0,4.0,0.0,14.0
Outline Systems,3.5,116.0,IT Services & Consulting,Chandigarh,580.0,4.0,1.0,6.0
Parsvnath Developers,2.5,116.0,Real Estate,New Delhi,408.0,4.0,0.0,6.0
Quality Needles,3.6,116.0,Medical Equipment,Noida,469.0,15.0,0.0,5.0
Ashwini Hospital,3.0,116.0,Healthcare,Cuttack,435.0,1.0,0.0,9.0
Tatsuno India,3.3,116.0,Oil & Gas,Navi Mumbai,448.0,6.0,2.0,9.0
E-connect Solutions,3.1,116.0,IT Services & Consulting,Udaipur,624.0,8.0,4.0,5.0
Maybright Ventures,3.5,116.0,FinTech,Kolkata,442.0,10.0,24.0,12.0
GGK Technologies,3.8,116.0,IT Services & Consulting,Hyderabad,799.0,3.0,0.0,29.0
Strabag,4.1,116.0,Engineering & Construction,New Delhi,385.0,9.0,0.0,7.0
Privi Life Sciences,3.5,116.0,Agriculture,Mumbai,461.0,4.0,0.0,5.0
Shaze Luxury Retail,4.1,116.0,Retail,Mumbai,380.0,11.0,0.0,12.0
Han River Technology,3.5,116.0,IT Services & Consulting,Kolkata,308.0,5.0,11.0,10.0
Model Infra Corporation,3.4,116.0,Engineering & Construction,Pune,714.0,1.0,1.0,4.0
BMD Private Limited,3.9,117.0,Engineering & Construction,Banswara,462.0,4.0,0.0,11.0
Projects & Development India,4.2,116.0,Oil & Gas,Noida,527.0,5.0,0.0,9.0
Smart Software Services(I),4.8,116.0,Software Product,Pune,1100.0,4.0,2.0,4.0
XL Laboratories,3.5,116.0,Pharma,Bhiwadi,493.0,15.0,0.0,3.0
Information Dynamics,3.7,116.0,IT Services & Consulting,Chennai,1200.0,7.0,0.0,8.0
City Hospital,4.1,116.0,Healthcare,Nagpur,493.0,4.0,6.0,8.0
Concorde Group,4.2,116.0,Real Estate,Bengaluru,776.0,9.0,3.0,10.0
Reebok,3.9,116.0,Fashion & Textile,New Delhi,312.0,7.0,0.0,15.0
Navin Fluorine Advanced Sciences,3.7,116.0,,Bharuch,482.0,4.0,0.0,4.0
Y Equipment Services Pvt Ltd,4.0,116.0,Building Material,Greater Noida,625.0,18.0,0.0,5.0
Imark InfoTech,4.2,116.0,IT Services & Consulting,Chandigarh,437.0,50.0,0.0,14.0
Revv,3.9,116.0,Internet,Gurugram,515.0,6.0,0.0,12.0
DTCC,3.7,116.0,Financial Services,Chennai,1200.0,23.0,182.0,10.0
FinAGG Technologies,3.7,116.0,FinTech,Noida,336.0,13.0,3.0,9.0
Plan International,3.8,116.0,Non-Profit,New Delhi,372.0,5.0,6.0,8.0
Paix Services,3.9,117.0,Analytics & KPO,Chennai,171.0,15.0,5.0,20.0
Technocraze Computing Solution,2.7,116.0,,Noida,358.0,12.0,0.0,3.0
Hindusthan Microfinance,3.9,116.0,NBFC,Mumbai,256.0,6.0,0.0,5.0
Cemtics,3.6,116.0,Telecom,Gurugram,450.0,8.0,0.0,9.0
Radiant Polymers,4.1,116.0,Petrochemicals,Ahmedabad,539.0,7.0,2.0,11.0
Associated Power Structures,4.3,116.0,Oil & Gas,Vadodara,387.0,5.0,3.0,12.0
DP Chocolates,4.2,116.0,Food Processing,Baddi,496.0,6.0,1.0,5.0
Versa Drives,4.1,116.0,Electronics Manufacturing,Coimbatore,285.0,5.0,3.0,14.0
Optimus Pharma,3.6,116.0,Pharma,Hyderabad,586.0,9.0,0.0,10.0
Baazi Games,3.5,116.0,IT Services & Consulting,New Delhi,742.0,22.0,0.0,7.0
Sureminds Solutions,3.5,116.0,Recruitment,Hyderabad,847.0,8.0,33.0,1.0
Exl Technosolutions,3.7,116.0,IT Services & Consulting,New Delhi,904.0,6.0,0.0,4.0
Coldex Logistics,3.1,116.0,Logistics,New Delhi,557.0,5.0,0.0,4.0
Rishita Developers,4.0,116.0,Real Estate,Lucknow,404.0,5.0,1.0,12.0
ZaranTech,4.7,116.0,EdTech,Bengaluru,109.0,7.0,1.0,2.0
Finicity,3.6,116.0,Financial Services,Mumbai,715.0,10.0,31.0,12.0
Nirmiti Precision,3.5,116.0,Electronics Manufacturing,Nashik,514.0,8.0,0.0,1.0
Le Mei Plastic Manufacturing,3.4,116.0,Petrochemicals,Greater Noida,580.0,11.0,0.0,7.0
Maharashtra Feeds,3.1,116.0,Agriculture,New Delhi,401.0,7.0,3.0,4.0
Yellow Banana Food Company,3.3,116.0,Hospitality,Mumbai,429.0,8.0,0.0,14.0
Wacker Metroark Chemicals,3.0,116.0,Chemicals,Kolkata,581.0,7.0,0.0,6.0
Sunrise Biztech Systems,3.5,116.0,IT Services & Consulting,Bengaluru,475.0,12.0,31.0,10.0
Yes Germany,3.4,116.0,,Faridabad,298.0,5.0,9.0,3.0
E2E Networks,3.0,116.0,Hardware & Networking,New Delhi,537.0,12.0,8.0,21.0
Mojj Engineering Systems,3.7,116.0,Financial Services,Pune,464.0,7.0,1.0,5.0
We Win,3.1,116.0,BPO,Lucknow,535.0,8.0,0.0,1.0
The Good Glamm Group,3.1,116.0,IT Services & Consulting,New Delhi,630.0,7.0,0.0,1.0
Life Care Hospital,3.9,116.0,Healthcare,Mumbai,617.0,3.0,0.0,7.0
Affinity Global Advertising,2.8,116.0,Marketing & Advertising,Mumbai,705.0,10.0,24.0,6.0
WebPT,3.8,116.0,Software Product,Hyderabad,514.0,28.0,4.0,6.0
Avians Innovations Technology,3.7,116.0,Building Material,Pune,566.0,10.0,10.0,6.0
Jekson Vision,4.0,116.0,IT Services & Consulting,Ahmedabad,791.0,10.0,4.0,10.0
DNV GL,4.0,116.0,"Testing, Inspection and Certification (TIC)",Mumbai,491.0,6.0,0.0,12.0
Tricolite Electrical Industries,4.0,116.0,Electrical Equipment,New Delhi,493.0,10.0,4.0,8.0
EPACK Prefab,3.5,116.0,Engineering & Construction,Greater Noida,437.0,7.0,14.0,3.0
Hirotec,3.9,116.0,Auto Components,Coimbatore,697.0,10.0,3.0,11.0
Statcon Energiaa,4.0,116.0,Electronics Manufacturing,Noida,517.0,7.0,2.0,9.0
Sandberg Translation Partners,3.6,116.0,Chemicals,New Delhi,517.0,6.0,2.0,14.0
Indogulf Cropsciences Ltd,3.4,116.0,Agro Chemicals,New Delhi,509.0,3.0,0.0,5.0
Suspa Pneumatics,4.2,116.0,Automobile,Chennai,570.0,0.0,5.0,13.0
Tecno Mobile,3.8,116.0,Consumer Electronics & Appliances,Noida,330.0,12.0,0.0,15.0
Apac Housing Finance,4.1,116.0,Financial Services,Mumbai,287.0,3.0,0.0,2.0
Aagna Global Solutions,3.7,115.0,BPO,Chennai,254.0,4.0,0.0,9.0
Baidyanath Minerals,3.5,115.0,Metals & Mining,Mumbai,130.0,13.0,1.0,7.0
SHREE AMBA INDUSTRIES,3.7,115.0,Auto Components,Roorkee,432.0,4.0,12.0,10.0
Global Talent Track,3.2,115.0,Education & Training,Pune,502.0,11.0,7.0,13.0
Nirvana Solutions,2.9,115.0,IT Services & Consulting,Gurugram,654.0,26.0,0.0,8.0
Tristha Global,4.3,115.0,IT Services & Consulting,Chennai,751.0,9.0,1.0,8.0
Avant Garde Industries,4.6,115.0,Industrial Machinery,Mumbai,81.0,44.0,2.0,3.0
Huber Suhner Electronics,4.1,115.0,Electrical Equipment,Gurugram,522.0,8.0,2.0,12.0
Pentair Water India,3.6,115.0,Industrial Machinery,Noida,525.0,10.0,4.0,15.0
Blue Dart Aviation,3.3,115.0,Aviation,Chennai,306.0,5.0,0.0,18.0
Amalgamations Valeo Clutch,3.5,115.0,Auto Components,Chennai,626.0,5.0,3.0,11.0
Autocal Solutions,3.7,115.0,Clinical Research,Mumbai,373.0,4.0,0.0,9.0
Ashoka Builders,3.6,116.0,Real Estate,Hyderabad,624.0,17.0,5.0,7.0
ekincare,3.0,115.0,Healthcare,Hyderabad,617.0,12.0,1.0,7.0
Accu Pack Engineering,3.6,115.0,Engineering & Construction,Mumbai,492.0,7.0,5.0,19.0
Bop Realty,4.5,115.0,Real Estate,Noida,308.0,8.0,4.0,3.0
AGC Networks,3.1,115.0,IT Services & Consulting,Mumbai,618.0,4.0,0.0,6.0
Saudi Arabian Airlines,4.0,115.0,Aviation,Mumbai,276.0,5.0,0.0,8.0
Coastal Projects,3.9,115.0,Engineering & Construction,Hyderabad,301.0,6.0,0.0,18.0
SONATRACH,3.5,115.0,Oil & Gas,New Delhi,48.0,6.0,0.0,22.0
Piscesia Power Transmission,4.5,115.0,Power,Noida,69.0,1.0,0.0,3.0
Chetana Publications,2.9,115.0,Printing & Publishing,Mumbai,348.0,1.0,0.0,14.0
Logicash,3.7,115.0,Financial Services,Mumbai,305.0,1.0,0.0,11.0
Poddar Tyres,3.8,115.0,Auto Components,Ludhiana,375.0,6.0,0.0,10.0
SoftProdigy System Solutions,3.7,115.0,IT Services & Consulting,Sahibzada Ajit Singh Nagar,380.0,7.0,4.0,7.0
SWISS PARENTERALS,3.7,115.0,Pharma,Ahmedabad,467.0,9.0,0.0,11.0
GrayQuest Finance,3.3,116.0,,Mumbai,479.0,3.0,0.0,2.0
Dana Group,3.9,115.0,Pharma,Pune,563.0,0.0,0.0,8.0
Tag Corporation,3.4,115.0,Industrial Machinery,Chennai,665.0,10.0,2.0,8.0
TaeguTec,4.0,115.0,Industrial Machinery,Bengaluru,497.0,7.0,8.0,9.0
BBD University,3.6,115.0,Financial Services,Lucknow,309.0,11.0,7.0,3.0
Oswal Infrastructure,3.6,115.0,Real Estate,Ahmedabad,442.0,19.0,0.0,7.0
NatureNurture,4.4,115.0,Education & Training,New Delhi,99.0,8.0,0.0,4.0
Sage IT,3.5,115.0,IT Services & Consulting,Hyderabad,931.0,17.0,24.0,6.0
Relu Consultancy,3.3,115.0,IT Services & Consulting,Bhopal,55.0,25.0,2.0,8.0
Taural India,4.0,115.0,Industrial Machinery,Pune,586.0,18.0,13.0,6.0
Kapiva,3.5,115.0,Fitness & Wellness,Bengaluru,610.0,8.0,17.0,9.0
TechRBM,4.7,115.0,IT Services & Consulting,Sahibzada Ajit Singh Nagar,162.0,10.0,5.0,7.0
illumine-i,3.7,115.0,Emerging Technologies,Chennai,374.0,31.0,11.0,6.0
Brennan,3.7,115.0,IT Services & Consulting,Mumbai,545.0,3.0,6.0,7.0
Freshers Universe,4.2,115.0,IT Services & Consulting,Bengaluru,574.0,20.0,0.0,5.0
Kalki Fashion,3.1,115.0,Fashion & Textile,Mumbai,573.0,15.0,4.0,1.0
Teqfocus Consulting,3.8,115.0,IT Services & Consulting,Bengaluru,677.0,11.0,4.0,1.0
Arco Lab,4.2,115.0,Pharma,Bengaluru,1200.0,14.0,21.0,9.0
Arora Iron & Steel Rolling Mills,3.8,115.0,Iron & Steel,Ludhiana,481.0,7.0,0.0,5.0
Anand Mando E-Mobility,3.8,115.0,,Bhiwadi,294.0,7.0,0.0,4.0
Techjays,4.3,115.0,IT Services & Consulting,Coimbatore,256.0,21.0,1.0,42.0
Bhargava Phytolab,3.5,115.0,Pharma,Noida,341.0,10.0,0.0,3.0
Marwadi University,3.7,115.0,Education & Training,Rajkot,410.0,13.0,0.0,16.0
Mastech Digital,3.6,115.0,IT Services & Consulting,Noida,638.0,6.0,5.0,17.0
Ingram Micro India Ssc,3.6,115.0,IT Services & Consulting,Mumbai,918.0,5.0,86.0,15.0
Bal Bharati Public School,4.2,115.0,Education & Training,New Delhi,365.0,1.0,19.0,3.0
GoldenSource,3.2,115.0,Financial Services,Mumbai,924.0,13.0,9.0,12.0
Sharda Cropchem,3.9,115.0,Chemicals,Mumbai,422.0,6.0,6.0,21.0
Madhu Silica,3.8,115.0,Metals & Mining,Bhavnagar,574.0,8.0,13.0,8.0
Ebullient Securities,3.2,115.0,Financial Services,Gurugram,402.0,17.0,0.0,11.0
Rayat Bahra University,4.5,115.0,Education & Training,Chandigarh,166.0,8.0,0.0,11.0
Delta Exchange,4.8,115.0,Financial Services,Bengaluru,202.0,37.0,3.0,1.0
East West Seeds,4.4,115.0,FMCG,Chhatrapati Sambhajinagar,394.0,10.0,0.0,11.0
SPS Construction & Engineering Works,3.3,115.0,Engineering & Construction,Chennai,544.0,6.0,0.0,8.0
Hatch Associates India,3.9,115.0,Electronics Manufacturing,Gurugram,611.0,12.0,0.0,7.0
